# AXM compact hm08 head seed
# Derived from pinned MakeHuman CC0 base.obj; see seed-manifest.json
o axm_hm08_head
v -0.3492 7.3299 1.4076
v -0.311 7.3315 1.4107
v -0.3481 7.3465 1.4062
v -0.3095 7.3456 1.4117
v -0.3487 7.3574 1.4039
v -0.308 7.3566 1.4103
v -0.3835 7.3242 1.4009
v -0.3849 7.3413 1.3972
v -0.3886 7.3508 1.393
v -0.4099 7.3169 1.3895
v -0.4154 7.331 1.385
v -0.423 7.339 1.3777
v -0.4279 7.3066 1.3788
v -0.4363 7.3188 1.3727
v -0.4462 7.3246 1.365
v -0.4337 7.3008 1.3734
v -0.4473 7.3085 1.3624
v -0.4582 7.3114 1.3514
v -0.4385 7.2937 1.3653
v -0.4521 7.2991 1.3548
v -0.4638 7.3001 1.342
v -0.4394 7.2874 1.358
v -0.4531 7.2897 1.3462
v -0.4645 7.2899 1.3358
v -0.4367 7.2823 1.355
v -0.4513 7.281 1.3462
v -0.4631 7.2784 1.3355
v -0.4336 7.2755 1.3562
v -0.4463 7.2714 1.3465
v -0.4584 7.2665 1.3339
v -0.4249 7.2677 1.3656
v -0.4313 7.2544 1.3572
v -0.4422 7.2435 1.3469
v -0.4086 7.257 1.3768
v -0.4142 7.2427 1.3697
v -0.4237 7.2315 1.363
v -0.3865 7.2481 1.3873
v -0.3927 7.2332 1.3822
v -0.3976 7.2201 1.3774
v -0.3597 7.2113 1.3915
v -0.3536 7.2243 1.3969
v -0.3519 7.2406 1.4016
v -0.3161 7.2096 1.4009
v -0.3097 7.2215 1.3981
v -0.3109 7.2395 1.4046
v -0.2708 7.2133 1.3995
v -0.2696 7.224 1.3978
v -0.276 7.2434 1.3986
v -0.2322 7.2216 1.3934
v -0.2332 7.2327 1.3932
v -0.241 7.2478 1.3915
v -0.1856 7.2391 1.3849
v -0.1937 7.2438 1.3837
v -0.21 7.2549 1.3795
v -0.2725 7.3227 1.4055
v -0.2682 7.3372 1.4082
v -0.2655 7.3477 1.408
v -0.2353 7.3097 1.3949
v -0.2303 7.3232 1.4012
v -0.2265 7.3319 1.4044
v -0.2093 7.2945 1.3918
v -0.2016 7.3061 1.3992
v -0.1964 7.3135 1.402
v -0.1817 7.2799 1.3835
v -0.174 7.284 1.3989
v -0.1678 7.2859 1.4006
v -0.1752 7.2736 1.3807
v -0.1676 7.2761 1.3942
v -0.1612 7.2762 1.3998
v -0.1757 7.2671 1.3781
v -0.1651 7.2673 1.3918
v -0.1583 7.2656 1.3982
v -0.1846 7.2588 1.3761
v -0.1675 7.2576 1.3887
v -0.1602 7.2545 1.3936
v -0.4442 7.1992 1.3345
v -0.4129 7.1829 1.3539
v -0.3698 7.1722 1.3779
v -0.3179 7.1697 1.3913
v -0.2625 7.176 1.3983
v -0.2145 7.1901 1.3934
v -0.1632 7.2214 1.3891
v -0.4636 7.3308 1.3402
v -0.4784 7.3149 1.3273
v -0.4841 7.3014 1.3195
v -0.4865 7.2885 1.3154
v -0.4867 7.2742 1.3131
v -0.4841 7.2563 1.3099
v -0.4668 7.2202 1.3182
v -0.3502 7.3738 1.3999
v -0.3059 7.3734 1.4073
v -0.395 7.3657 1.3825
v -0.4351 7.3502 1.3646
v -0.2593 7.3638 1.4106
v -0.2157 7.3477 1.412
v -0.1821 7.3289 1.4127
v -0.1484 7.2937 1.4117
v -0.1422 7.2787 1.4114
v -0.1409 7.2631 1.4091
v -0.1454 7.2447 1.3996
v -0.185 7.2941 1.3984
v -0.1788 7.2987 1.4006
v -0.1952 7.2848 1.3878
v -0.1603 7.3103 1.4108
v -0.1293 7.2967 1.4247
v -0.123 7.2788 1.4229
v -0.1225 7.2601 1.4202
v -0.1299 7.2378 1.416
v -0.1424 7.3165 1.4256
v -0.1055 7.3001 1.4449
v -0.0994 7.2784 1.4428
v -0.1003 7.2567 1.4412
v -0.1089 7.23 1.4365
v -0.1185 7.3232 1.4463
v -0.0812 7.3069 1.47
v -0.0757 7.2801 1.4686
v -0.078 7.2537 1.4677
v -0.0886 7.2217 1.4606
v -0.0925 7.3326 1.4701
v -0.0645 7.1705 1.5077
v -0.055 7.312 1.491
v -0.0515 7.2837 1.4905
v -0.0546 7.2526 1.4908
v -0.0666 7.2112 1.4883
v -0.0635 7.3397 1.4918
v -0.0332 7.1876 1.5278
v -0.0285 7.3178 1.5032
v -0.0271 7.2876 1.5044
v -0.0286 7.2574 1.5094
v -0.032 7.227 1.5145
v -0.0325 7.3464 1.5046
v 0 7.3231 1.5057
v 0 7.2916 1.5075
v 0 7.2609 1.5139
v 0 7.233 1.5223
v 0 7.3512 1.5074
v -0.4629 7.1764 1.3244
v -0.4293 7.1566 1.3512
v -0.38 7.1439 1.379
v -0.3206 7.1429 1.401
v -0.2588 7.1514 1.4109
v -0.2058 7.1688 1.4096
v -0.1493 7.2102 1.4061
v -0.4751 7.3375 1.3299
v -0.4933 7.3189 1.3127
v -0.5023 7.3029 1.3045
v -0.5057 7.2873 1.2995
v -0.5062 7.2697 1.2954
v -0.5048 7.2491 1.2949
v -0.4867 7.2021 1.3059
v -0.3519 7.3856 1.4022
v -0.3021 7.3866 1.413
v -0.4008 7.3749 1.382
v -0.4443 7.3569 1.3554
v -0.2503 7.3772 1.4203
v -0.2023 7.359 1.4248
v -0.1654 7.338 1.4262
v -0.5241 7.3044 1.2854
v -0.514 7.3239 1.2961
v -0.4922 7.3462 1.3167
v -0.1712 6.9974 1.4719
v -0.1407 7.3489 1.446
v -0.1115 7.3603 1.47
v -0.078 7.3703 1.4932
v -0.0382 7.3767 1.5049
v 0 7.382 1.5092
v -0.3522 7.4063 1.4055
v -0.2928 7.409 1.4238
v -0.4086 7.3923 1.3801
v -0.4578 7.3693 1.3463
v -0.2324 7.3982 1.4402
v -0.1783 7.3762 1.4482
v -0.35 7.4301 1.4111
v -0.2774 7.4333 1.4379
v -0.4139 7.4161 1.3779
v -0.4688 7.3916 1.3399
v -0.2048 7.4222 1.4612
v -0.1485 7.3935 1.4693
v -0.1297 7.1108 1.468
v -0.4495 7.126 1.3467
v -0.2034 6.9603 1.4628
v -0.5289 7.2854 1.2797
v -0.5301 7.2637 1.2749
v -0.5283 7.2387 1.2727
v -0.5485 7.3092 1.2618
v -0.5349 7.3362 1.2779
v -0.5087 7.3639 1.3054
v -0.3942 7.1108 1.3816
v -0.4303 7.0406 1.3772
v -0.5543 7.2842 1.2539
v -0.5579 7.2557 1.2486
v -0.5538 7.2253 1.2462
v -0.5333 7.1598 1.2713
v -0.1577 6.9774 1.4854
v -0.1811 6.9431 1.4736
v -0.34 7.4636 1.4197
v -0.2558 7.4685 1.4553
v -0.4149 7.4468 1.3788
v -0.4771 7.4194 1.3337
v -0.1615 7.4572 1.4891
v -0.1063 7.41 1.4934
v -0.5678 7.3179 1.2363
v -0.5501 7.3521 1.2581
v -0.5244 7.3859 1.2923
v -0.4954 7.0618 1.3262
v -0.0974 7.1406 1.4862
v -0.5758 7.2838 1.2229
v -0.5823 7.2474 1.217
v -0.5814 7.2108 1.2177
v -0.5599 7.1351 1.2453
v -0.5278 7.0229 1.2994
v 0 7.4266 1.5172
v -0.0493 7.4194 1.5109
v -0.3373 7.5016 1.4232
v -0.2494 7.5124 1.4654
v -0.4188 7.4819 1.3766
v -0.4833 7.4515 1.3256
v -0.1703 8.1089 1.3046
v 0 7.4664 1.5241
v -0.0682 7.4647 1.5153
v -0.3382 7.5411 1.4241
v -0.247 7.5533 1.4692
v -0.423 7.5184 1.3726
v -0.4918 7.4836 1.3153
v -0.1537 7.5145 1.5027
v 0 7.5158 1.5294
v -0.0669 7.5153 1.5215
v -0.1475 7.558 1.5072
v -0.0636 7.5578 1.5258
v -0.3787 7.7833 1.3533
v -0.2693 7.8177 1.4145
v -0.4891 7.7355 1.2824
v -0.5776 7.6691 1.1867
v -0.1581 7.7103 1.4952
v 0 7.7191 1.5139
v -0.0601 7.7176 1.5103
v -0.4233 7.9395 1.2634
v -0.297 7.9828 1.3317
v -0.5406 7.8719 1.1777
v -0.6219 7.7734 1.0755
v -0.1623 7.8373 1.4528
v 0 7.8495 1.4727
v -0.0614 7.8478 1.4683
v -0.5859 7.3265 1.2062
v -0.5645 7.371 1.2353
v -0.534 7.4121 1.2771
v -0.5999 7.2851 1.1877
v -0.6036 7.2411 1.1786
v -0.6041 7.1961 1.1802
v -0.5864 7.1073 1.2137
v -0.6 7.3369 1.1691
v -0.5766 7.3882 1.2082
v -0.5411 7.4381 1.2573
v -0.6163 7.2857 1.1434
v -0.6675 7.3927 0.9465
v -0.6492 7.4938 1.0074
v -0.6246 7.5836 1.0922
v -0.6829 7.2872 0.903
v -0.6905 7.187 0.8833
v -0.6879 7.089 0.8745
v -0.6613 6.9044 0.9022
v -0.6802 7.5466 0.9105
v -0.6671 7.665 0.9799
v -0.6872 7.7052 0.9211
v -0.159 6.9502 1.5261
v -0.1592 6.9636 1.5117
v -0.1705 6.9265 1.5018
v -0.1394 6.8387 1.5004
v -0.1645 6.8614 1.4846
v -0.1582 6.8652 1.5081
v -0.13 6.8468 1.5104
v -0.1395 6.8588 1.5234
v -0.1512 6.8558 1.5226
v -0.1147 6.8247 1.5118
v -0.1137 6.836 1.5145
v -0.1687 6.881 1.5072
v -0.1694 6.9232 1.5139
v -0.1227 6.8527 1.5189
v -0.1263 6.8633 1.5292
v -0.1095 6.8441 1.5203
v -0.1509 6.8366 1.4881
v -0.1191 6.808 1.5131
v -0.2714 6.5934 1.4105
v -0.2427 6.6597 1.4614
v -0.2662 6.6353 1.4323
v -0.2745 6.6089 1.4133
v -0.1889 6.5242 1.465
v -0.2293 6.5555 1.4342
v -0.2121 6.752 1.4771
v -0.2515 6.573 1.4189
v -0.2083 6.7215 1.483
v -0.2087 6.6897 1.4875
v -0.2499 6.7048 1.4565
v -0.2454 6.6823 1.4611
v -0.2731 6.6485 1.4294
v -0.288 6.6087 1.4086
v -0.2886 6.5836 1.4023
v -0.2605 6.5474 1.4121
v -0.2348 6.5269 1.4279
v -0.1917 6.504 1.4544
v -0.2668 6.6089 1.4153
v -0.264 6.5973 1.4128
v -0.2484 6.5809 1.4202
v -0.228 6.5663 1.4363
v -0.1865 6.5429 1.4728
v -0.2599 6.6281 1.4354
v -0.2391 6.6458 1.4619
v -0.1787 6.687 1.5235
v -0.2108 6.667 1.4958
v -0.2343 6.6355 1.4617
v -0.2069 6.6549 1.4962
v -0.2296 6.6289 1.4632
v -0.2025 6.6447 1.4964
v -0.2209 6.6155 1.4585
v -0.1906 6.6245 1.4879
v -0.2117 6.6149 1.4488
v -0.1846 6.6147 1.4854
v -0.2073 6.6171 1.4402
v -0.1728 6.6165 1.4685
v -0.2589 6.6096 1.4172
v -0.2565 6.6022 1.4118
v -0.2538 6.6208 1.4374
v -0.2528 6.6087 1.4196
v -0.2528 6.6048 1.4139
v -0.2466 6.6167 1.4373
v -0.2463 6.6094 1.4174
v -0.2464 6.6078 1.4142
v -0.2335 6.6131 1.4352
v -0.2428 6.6108 1.4115
v -0.2439 6.6095 1.4072
v -0.2273 6.6132 1.4314
v -0.2409 6.6143 1.399
v -0.2441 6.612 1.3935
v -0.2221 6.6167 1.4227
v -0.2107 6.6062 1.4261
v -0.2117 6.6017 1.437
v -0.2197 6.5879 1.444
v -0.224 6.5787 1.4421
v -0.2426 6.5891 1.423
v -0.2379 6.5951 1.4249
v -0.2312 6.6041 1.4211
v -0.2294 6.6068 1.4117
v -0.2313 6.6077 1.3948
v -0.2174 6.6082 1.4041
v -0.1782 6.6749 1.5289
v -0.1755 6.6645 1.5267
v -0.1626 6.6307 1.5184
v -0.156 6.6146 1.5163
v -0.1638 6.6063 1.4586
v -0.1724 6.5999 1.4789
v -0.1824 6.5773 1.4785
v -0.1837 6.5617 1.4765
v -0.1297 6.475 1.4831
v -0.1296 6.5135 1.5116
v -0.1107 6.6043 1.517
v -0.1151 6.5928 1.5173
v -0.1234 6.5648 1.5253
v -0.1277 6.5406 1.5168
v -0.0534 6.4615 1.5001
v 0 6.4583 1.5032
v -0.196 6.6324 1.4904
v -0.2243 6.6214 1.4612
v -0.2391 6.6143 1.4354
v -0.2494 6.6089 1.4192
v -0.249 6.6067 1.4168
v -0.2148 6.5957 1.4419
v -0.2339 6.6002 1.4251
v -0.168 6.647 1.5218
v -0.1786 6.5903 1.4819
v -0.1196 6.5797 1.5248
v -0.0734 6.6198 1.5117
v -0.0949 6.6198 1.5073
v -0.1437 6.6183 1.4834
v -0.1044 6.607 1.5077
v -0.1587 6.6097 1.443
v 0 6.6149 1.5144
v -0.019 6.6182 1.5076
v -0.0423 6.6183 1.508
v -0.206 6.6242 1.4296
v -0.1667 6.6268 1.4544
v -0.2419 6.6201 1.3812
v -0.2496 6.615 1.3739
v -0.2188 6.6233 1.4103
v -0.2395 6.606 1.3714
v -0.2122 6.6045 1.388
v -0.0726 6.6296 1.5043
v -0.0932 6.6295 1.4988
v -0.1419 6.629 1.4737
v -0.0552 6.6022 1.5105
v -0.096 6.6069 1.492
v -0.18 6.6042 1.4117
v 0 6.6269 1.5109
v -0.0181 6.6293 1.5068
v -0.0432 6.629 1.5065
v 0 6.6025 1.5086
v -0.1935 6.6473 1.4142
v -0.1564 6.653 1.4395
v -0.2469 6.6278 1.3634
v -0.256 6.6169 1.3576
v -0.2095 6.6433 1.3952
v -0.2293 6.59 1.3595
v -0.2008 6.5821 1.3712
v -0.0641 6.6646 1.4964
v -0.0863 6.6632 1.4847
v -0.1293 6.6608 1.4602
v -0.0638 6.5879 1.4881
v -0.1087 6.5914 1.4663
v -0.1714 6.5851 1.3907
v 0 6.6497 1.507
v -0.0156 6.6555 1.5042
v -0.0386 6.661 1.5013
v 0 6.5769 1.4964
v -0.1866 6.6875 1.4128
v -0.1537 6.6972 1.4363
v -0.2483 6.6469 1.3563
v -0.2608 6.6206 1.3457
v -0.2064 6.6797 1.3937
v -0.2287 6.5644 1.3518
v -0.1979 6.5513 1.3674
v -0.0613 6.7079 1.4968
v -0.0826 6.7088 1.4842
v -0.1253 6.7047 1.4592
v -0.0618 6.5454 1.4851
v -0.1158 6.5529 1.4541
v -0.1658 6.5508 1.3916
v 0 6.6996 1.5078
v -0.0153 6.7031 1.5052
v -0.037 6.7051 1.5031
v 0 6.5366 1.506
v -0.1817 6.7275 1.4092
v -0.1462 6.736 1.4338
v -0.2529 6.6678 1.3467
v -0.2661 6.6258 1.334
v -0.2044 6.7166 1.3895
v -0.2283 6.5462 1.3437
v -0.195 6.5272 1.3617
v -0.0583 6.7531 1.4915
v -0.0785 6.7523 1.4802
v -0.1234 6.7486 1.4534
v -0.0588 6.5076 1.4783
v -0.1181 6.5138 1.4418
v -0.1605 6.521 1.3876
v 0 6.7438 1.4999
v -0.015 6.747 1.4997
v -0.0355 6.7511 1.4972
v 0 6.5078 1.4967
v -0.182 6.7751 1.3917
v -0.1482 6.79 1.4128
v -0.265 6.694 1.3273
v -0.2779 6.6315 1.3127
v -0.2082 6.7604 1.373
v -0.2324 6.5199 1.32
v -0.1967 6.4905 1.3374
v -0.0576 6.8087 1.4671
v -0.0787 6.8088 1.4566
v -0.122 6.8004 1.4259
v -0.0453 6.4514 1.4311
v -0.1245 6.4617 1.3916
v -0.1598 6.4756 1.3583
v 0 6.7929 1.4682
v -0.0139 6.7987 1.473
v -0.0325 6.8049 1.4722
v 0 6.4527 1.4237
v -0.1958 6.8384 1.3303
v -0.1605 6.8586 1.3405
v -0.2915 6.7249 1.2797
v -0.3041 6.6441 1.2665
v -0.2273 6.8172 1.3175
v -0.2526 6.499 1.2673
v -0.211 6.4574 1.2795
v -0.0589 6.8865 1.3799
v -0.0864 6.8853 1.3723
v -0.1317 6.8717 1.3506
v -0.0609 6.4006 1.3471
v -0.1239 6.4239 1.3224
v -0.1707 6.4336 1.2949
v 0 6.8644 1.3795
v -0.0117 6.8728 1.3849
v -0.0341 6.8815 1.3839
v 0 6.4046 1.3379
v -0.2107 6.8989 1.2153
v -0.1826 6.9165 1.2171
v -0.3168 6.7538 1.1754
v -0.3265 6.659 1.1653
v -0.2453 6.8739 1.2113
v -0.2722 6.4891 1.1623
v -0.2319 6.4651 1.1622
v -0.067 6.9602 1.2344
v -0.0955 6.9582 1.2311
v -0.1498 6.9338 1.2219
v -0.0629 6.395 1.1847
v -0.1384 6.4141 1.1784
v -0.1914 6.4407 1.1698
v 0 6.9294 1.2385
v -0.0131 6.9423 1.24
v -0.0399 6.954 1.2373
v 0 6.3689 1.1989
v -0.2536 6.9334 1.0263
v -0.2237 6.9525 1.0268
v -0.3579 6.7824 1.0112
v -0.3636 6.6746 1.0023
v -0.2892 6.9064 1.0237
v -0.2959 6.489 1.0158
v -0.2528 6.4658 1.0062
v -0.0861 6.9937 1.0308
v -0.1223 6.9938 1.0301
v -0.1889 6.9669 1.0251
v -0.0741 6.4084 1.021
v -0.1495 6.4225 1.0159
v -0.2122 6.4361 1.009
v 0 6.9572 1.0474
v -0.0145 6.9713 1.038
v -0.0501 6.9853 1.0334
v 0 6.3912 1.0281
v -0.2481 6.8989 0.8262
v -0.2153 6.9194 0.8276
v -0.3602 6.7525 0.8097
v -0.3507 6.6645 0.8067
v -0.2866 6.8691 0.823
v -0.298 6.4903 0.8227
v -0.2775 6.3915 0.8046
v -0.0834 6.9559 0.8306
v -0.1179 6.9555 0.8294
v -0.1814 6.9308 0.8245
v -0.0824 6.238 0.6836
v -0.1707 6.2753 0.7114
v -0.2452 6.3224 0.7469
v 0 6.9265 0.8525
v -0.016 6.9401 0.8449
v -0.0501 6.95 0.8341
v 0 6.2249 0.6917
v -0.2162 6.8013 0.656
v -0.1812 6.8158 0.661
v -0.3223 6.7 0.633
v -0.3085 6.644 0.6113
v -0.2557 6.7802 0.6489
v -0.215 6.5227 0.6022
v -0.2076 6.4366 0.603
v -0.0687 6.8409 0.6685
v -0.0933 6.8406 0.6676
v -0.146 6.8211 0.6726
v -0.0649 6.3166 0.6148
v -0.1129 6.3387 0.6082
v -0.1663 6.3775 0.61
v 0 6.8243 0.6889
v -0.0169 6.8296 0.6777
v -0.0378 6.8363 0.6715
v 0 6.3045 0.6199
v -0.1512 6.6758 0.5712
v -0.1411 6.6967 0.5686
v -0.2283 6.6487 0.5602
v -0.212 6.6136 0.5639
v -0.1668 6.6692 0.5692
v -0.1665 6.5672 0.5695
v -0.1497 6.5491 0.5734
v -0.0521 6.7037 0.5692
v -0.0733 6.6881 0.5722
v -0.1141 6.7036 0.5674
v -0.0445 6.5182 0.5744
v -0.0824 6.5298 0.5788
v -0.1233 6.5326 0.5696
v 0 6.6804 0.589
v -0.0174 6.684 0.5875
v -0.0315 6.701 0.5711
v 0 6.5256 0.5873
v -0.2815 6.6644 1.4263
v -0.3065 6.6044 1.397
v -0.2584 7.695 1.4579
v -0.3541 7.668 1.4028
v -0.4513 7.6307 1.3389
v -0.5313 7.5811 1.262
v -0.6451 7.3655 1.0419
v -0.6617 7.2822 1.0035
v -0.6221 7.4458 1.0994
v -0.5861 7.5163 1.1785
v -0.1923 6.4724 1.4401
v -0.1292 6.4472 1.4675
v -0.0537 6.4311 1.4834
v 0 6.4303 1.4908
v -0.3026 6.5761 1.3928
v -0.0638 6.168 1.341
v -0.1443 6.1869 1.3181
v -0.1309 6.4115 1.4639
v -0.2693 6.5259 1.4039
v -0.2374 6.5013 1.4219
v -0.0584 6.3945 1.4866
v 0 6.1683 1.3778
v 0 6.3877 1.4983
v -0.1941 6.4353 1.4294
v -0.5552 6.651 1.0493
v -0.6007 6.7262 0.9796
v -0.5091 6.5107 1.0424
v -0.5729 6.7387 0.6068
v -0.5527 6.5791 0.7813
v -0.5123 6.4917 0.8663
v -0.4745 6.4321 0.9384
v -0.4429 6.388 1.0012
v -0.3558 6.2998 1.1108
v -0.059 6.1675 1.2867
v -0.4884 6.5532 0.6252
v -0.1377 6.1857 1.2578
v -0.5059 6.6051 0.5364
v -0.4489 6.4929 0.5913
v -0.4674 6.5281 0.5065
v -0.4069 6.3838 0.5431
v -0.4411 6.4271 0.4679
v -0.4071 6.248 0.4841
v -0.4329 6.2985 0.4171
v -0.431 6.433 0.7762
v -0.4631 6.4903 0.7063
v -0.3857 6.3902 0.7128
v -0.4192 6.434 0.6585
v -0.3416 6.3137 0.6373
v -0.3742 6.3577 0.586
v -0.3353 6.1829 0.5737
v -0.3792 6.2132 0.5413
v -0.4001 6.3906 0.8362
v -0.0562 6.1744 1.1324
v -0.1238 6.1969 1.0977
v 0 6.1645 1.1405
v -0.3135 6.2867 0.9835
v -0.052 6.1791 1.011
v -0.1103 6.1937 0.9846
v 0 6.1687 1.0302
v -0.2707 6.2766 0.8815
v -0.0378 6.1645 0.8488
v -0.0815 6.1726 0.8335
v 0 6.1615 0.8517
v -0.2164 6.2046 0.7584
v -0.4881 6.5739 0.3906
v -0.4675 6.478 0.3607
v -0.4483 6.3518 0.3248
v -0.4482 6.1629 0.2527
v -0.4861 6.6045 0.2563
v -0.4668 6.5086 0.234
v -0.4445 6.3874 0.2129
v -0.4614 6.211 0.1545
v -0.4612 6.6199 0.1174
v -0.4501 6.529 0.1027
v -0.4497 6.413 0.084
v -0.459 6.2487 0.0492
v -0.4265 6.63 -0.0071
v -0.4218 6.5468 -0.0134
v -0.4175 6.4332 -0.0252
v -0.4217 6.2819 -0.0458
v -0.3563 6.6424 -0.0856
v -0.3475 6.5616 -0.085
v -0.3433 6.448 -0.0888
v -0.3438 6.2916 -0.1052
v -0.2494 6.6588 -0.1257
v -0.2393 6.5778 -0.1141
v -0.2339 6.4691 -0.1099
v -0.2362 6.3079 -0.1234
v 0 6.6897 -0.1335
v 0 6.6028 -0.1097
v 0 6.4862 -0.0875
v 0 6.3199 -0.0989
v -0.702 7.0583 0.7287
v -0.5408 8.1168 0.0604
v -0.4443 8.2145 0.0034
v -0.7313 7.7319 0.2937
v -0.6888 7.8574 0.2221
v -0.7329 7.4072 0.4543
v -0.6705 6.8377 0.6827
v -0.7011 7.1751 0.793
v -0.6982 7.0655 0.7778
v -0.6663 6.8461 0.7629
v -0.6964 7.2945 0.8158
v -0.6848 7.4204 0.8579
v -0.7342 7.442 0.5247
v -0.7278 7.3739 0.3993
v -0.7068 7.3033 0.3482
v -0.6488 7.0933 0.34
v -0.666 7.1544 0.332
v -0.6385 8.1058 0.3765
v -0.4362 8.3577 0.3138
v 0 8.4777 0.3158
v -0.5444 8.2459 0.343
v 0 8.4913 0.6961
v 0 8.4104 0.9715
v -0.3856 8.3294 0.924
v -0.5636 6.7716 0.5163
v -0.5103 6.6522 0.4254
v -0.5104 6.698 0.2849
v -0.4767 6.6956 0.1223
v -0.4283 6.6982 -0.0024
v -0.35 6.7098 -0.0919
v -0.2538 6.7217 -0.133
v -0.3553 6.3161 1.156
v -0.4581 6.4145 1.0499
v -0.5005 6.4694 0.9891
v -0.5378 6.5262 0.9089
v -0.5796 6.6127 0.8261
v -0.3415 7.5805 1.4212
v -0.2912 6.4928 1.3829
v -0.2483 6.463 1.4034
v -0.2948 6.7418 1.4282
v -0.5352 7.0969 1.2808
v -0.563 7.0636 1.2505
v -0.486 7.1506 1.3137
v -0.5093 7.1826 1.2903
v -0.4706 7.0947 1.3384
v -0.508 7.1263 1.3006
v -0.1678 7.083 1.4551
v -0.411 7.0777 1.387
v -0.1176 7.185 1.4415
v -0.632 6.8146 0.9334
v -0.6072 6.7005 0.6967
v -0.6364 6.7219 0.7674
v -0.2158 6.2152 1.217
v -0.2231 6.2312 1.3031
v -0.4562 6.4483 1.1001
v -0.2907 6.2829 1.2487
v -0.3521 6.3342 1.1948
v -0.1472 6.1926 1.3453
v -0.0649 6.1747 1.3653
v -0.292 6.2577 1.1631
v -0.2224 6.2224 1.2696
v -0.2946 6.2688 1.2118
v -0.2619 6.2578 1.0239
v -0.2275 6.2524 0.9168
v -0.172 6.2211 0.9528
v -0.1967 6.2261 1.0632
v -0.3749 6.3561 0.8903
v -0.6525 6.8231 0.5952
v -0.5637 6.8145 0.4445
v 0 6.7598 -0.1515
v -0.6041 7.0198 0.3002
v -0.5529 7.0052 0.1373
v -0.5109 6.9987 0.0314
v -0.4538 7.0034 -0.073
v -0.3779 7.0057 -0.157
v -0.2851 6.9941 -0.2139
v 0 6.989 -0.2571
v -0.6253 7.0908 0.2769
v -0.5724 7.1039 0.1115
v -0.5306 7.1107 0.0056
v -0.4702 7.121 -0.101
v -0.3952 7.1288 -0.1905
v -0.3079 7.1256 -0.2593
v 0 7.1164 -0.3296
v -0.6503 7.1656 0.2646
v -0.6032 7.2125 0.0747
v -0.5546 7.2321 -0.0295
v -0.491 7.2498 -0.1348
v -0.4148 7.2647 -0.2306
v -0.3265 7.2684 -0.3031
v 0 7.2663 -0.3791
v -0.7026 7.3519 0.2862
v -0.6513 7.4431 0.0729
v -0.5991 7.4904 -0.0452
v -0.5283 7.5315 -0.1531
v -0.4468 7.5647 -0.2584
v -0.3544 7.5913 -0.3295
v 0 7.6357 -0.391
v -0.729 7.4505 0.3421
v -0.7087 7.6416 0.1815
v -0.6615 7.7449 0.0846
v -0.5987 7.847 -0.0197
v -0.5124 7.9446 -0.1382
v -0.4048 8.011 -0.2012
v 0 8.0801 -0.2604
v -0.4128 8.3912 0.6644
v -0.5333 8.2829 0.6464
v -0.5129 8.2441 0.8799
v -0.6467 7.8305 1.0103
v -0.6326 8.142 0.6218
v -0.7073 7.9778 0.5941
v -0.5609 7.9428 1.1079
v -0.7067 7.9505 0.4073
v -0.4425 8.0225 1.195
v -0.3127 8.0778 1.265
v -0.1595 7.9979 1.3813
v 0 8.0143 1.3948
v -0.0616 8.0101 1.3911
v -0.692 7.9616 0.7468
v -0.6182 8.1187 0.8167
v -0.7306 7.8074 0.6939
v -0.055 6.166 1.2186
v -0.131 6.1866 1.1871
v -0.5362 6.7157 0.4753
v -0.2054 6.2166 1.1502
v -0.2808 6.2539 1.1008
v -0.339 6.2914 1.0529
v -0.5406 6.6689 0.5704
v -0.5394 6.6144 0.6584
v -0.5099 6.5342 0.7426
v -0.4398 6.4127 0.8904
v -0.4087 6.371 0.9502
v -0.4738 6.464 0.8222
v -0.5402 6.7637 0.3836
v -0.5853 7.0074 0.2297
v -0.6092 7.0964 0.197
v -0.6409 7.1844 0.1729
v -0.692 7.4 0.1884
v -0.7314 7.5409 0.2698
v -0.5975 8.0607 0.9572
v -0.6769 7.9237 0.864
v -0.7222 7.7849 0.7886
v -0.4851 8.1678 1.0415
v 0 8.2895 1.1671
v -0.0651 8.1239 1.3146
v 0 8.1256 1.3205
v -0.3535 8.2339 1.102
v -0.054 6.685 -0.1354
v -0.049 6.6005 -0.1164
v -0.0941 8.2749 1.1621
v -0.1497 8.0686 -0.2535
v -0.126 7.6282 -0.3872
v -0.0559 6.7532 -0.1475
v -0.1519 8.4771 0.6926
v -0.1747 8.4575 0.3073
v -0.1159 7.2609 -0.3713
v -0.102 7.1154 -0.3205
v -0.0762 6.991 -0.2536
v -0.1196 8.3974 0.9698
v -0.0475 6.3253 -0.1061
v -0.0461 6.4865 -0.0951
v -0.3554 6.3525 0.7607
v -0.3297 6.3282 0.8026
v -0.3058 6.271 0.6628
v -0.2751 6.2464 0.6972
v -0.1765 6.1908 0.7831
v -0.1323 6.1799 0.8137
v -0.1479 6.6761 -0.1324
v -0.2386 8.3787 0.9608
v -0.1519 6.7401 -0.1436
v -0.1794 6.9939 -0.2456
v -0.1372 6.477 -0.1098
v -0.2429 7.6127 -0.3705
v -0.2265 7.2627 -0.3541
v -0.209 7.1192 -0.305
v -0.279 8.0499 -0.2402
v -0.3019 8.4243 0.3057
v -0.1387 6.3132 -0.1207
v -0.2708 8.4542 0.6879
v -0.1409 6.5933 -0.118
v -0.2057 8.2615 1.147
v -0.3487 7.3318 1.389
v -0.3114 7.3316 1.3973
v -0.3806 7.3248 1.376
v -0.4067 7.3159 1.3602
v -0.4238 7.3088 1.3476
v -0.4297 7.3006 1.3437
v -0.434 7.2931 1.3409
v -0.435 7.2875 1.3389
v -0.4342 7.283 1.3386
v -0.4316 7.275 1.3412
v -0.4202 7.2676 1.3512
v -0.4009 7.2578 1.3647
v -0.3807 7.2493 1.3752
v -0.3497 7.2428 1.3877
v -0.3109 7.2415 1.3928
v -0.276 7.2442 1.3879
v -0.2438 7.2496 1.38
v -0.2178 7.2571 1.3676
v -0.272 7.3243 1.396
v -0.2353 7.3097 1.3848
v -0.2194 7.2952 1.3751
v -0.2087 7.2812 1.3697
v -0.203 7.2751 1.369
v -0.203 7.2683 1.3675
v -0.2108 7.2625 1.366
v -0.2139 7.2883 1.3724
v -0.3508 7.3255 1.3617
v -0.3141 7.325 1.368
v -0.3846 7.3209 1.3522
v -0.4066 7.317 1.3399
v -0.4217 7.3084 1.3277
v -0.428 7.3019 1.3218
v -0.4322 7.2943 1.3154
v -0.4335 7.2877 1.3109
v -0.4338 7.2816 1.3081
v -0.4347 7.2768 1.3077
v -0.4254 7.2662 1.3187
v -0.4017 7.2566 1.3362
v -0.3807 7.2519 1.3462
v -0.3528 7.2468 1.3554
v -0.3103 7.2467 1.3611
v -0.2774 7.2487 1.3573
v -0.2404 7.2546 1.3471
v -0.2222 7.2575 1.3421
v -0.2706 7.3184 1.3657
v -0.2354 7.3088 1.3574
v -0.2178 7.2988 1.348
v -0.2096 7.2827 1.3462
v -0.2048 7.2754 1.3457
v -0.2036 7.2715 1.3456
v -0.2081 7.265 1.3445
v -0.2146 7.2904 1.3461
v -0.3512 7.3748 1.3641
v -0.3087 7.3751 1.371
v -0.3865 7.3654 1.3528
v -0.4121 7.3522 1.3403
v -0.4298 7.3367 1.329
v -0.4407 7.3218 1.3209
v -0.4476 7.3071 1.3146
v -0.4513 7.2931 1.3105
v -0.4524 7.2794 1.3089
v -0.451 7.2665 1.31
v -0.4383 7.2406 1.3229
v -0.42 7.222 1.337
v -0.3939 7.205 1.3506
v -0.3555 7.1918 1.3629
v -0.3018 7.1882 1.3688
v -0.2597 7.1949 1.3643
v -0.2294 7.2057 1.3554
v -0.1983 7.2262 1.3405
v -0.2632 7.364 1.3704
v -0.2253 7.3443 1.362
v -0.2005 7.3228 1.3508
v -0.1794 7.2874 1.3326
v -0.1765 7.2731 1.3271
v -0.1776 7.2597 1.3273
v -0.1838 7.2438 1.3313
v -0.1867 7.3036 1.3411
v -0.3512 7.4102 1.3266
v -0.3044 7.4128 1.3329
v -0.3895 7.3968 1.3171
v -0.418 7.378 1.3066
v -0.4377 7.3573 1.2966
v -0.4504 7.337 1.2885
v -0.4582 7.3174 1.2822
v -0.4623 7.2984 1.278
v -0.4634 7.2793 1.2764
v -0.4617 7.2611 1.2775
v -0.4495 7.2261 1.2875
v -0.4325 7.2013 1.2981
v -0.4042 7.1763 1.31
v -0.3603 7.156 1.3217
v -0.3007 7.1498 1.3276
v -0.2524 7.16 1.3247
v -0.2209 7.1755 1.3185
v -0.1864 7.2069 1.3081
v -0.2545 7.4005 1.3335
v -0.2124 7.375 1.3279
v -0.1849 7.3449 1.3192
v -0.164 7.2937 1.3074
v -0.1625 7.2735 1.3056
v -0.1645 7.254 1.3036
v -0.1717 7.2316 1.3033
v -0.1703 7.3172 1.3112
v -0.3484 7.4299 1.2864
v -0.3004 7.4336 1.2908
v -0.3879 7.4151 1.2797
v -0.4177 7.3942 1.2718
v -0.4388 7.371 1.2639
v -0.4527 7.3476 1.257
v -0.4614 7.3248 1.2513
v -0.466 7.3021 1.2474
v -0.4672 7.2793 1.2456
v -0.4652 7.2575 1.2459
v -0.4528 7.2176 1.252
v -0.436 7.19 1.259
v -0.4069 7.1613 1.2678
v -0.3611 7.1375 1.2768
v -0.2991 7.1301 1.2827
v -0.2495 7.1417 1.2827
v -0.2176 7.159 1.2801
v -0.1809 7.1953 1.2753
v -0.2496 7.4215 1.2916
v -0.206 7.3944 1.2887
v -0.1768 7.3603 1.2838
v -0.1547 7.2993 1.2757
v -0.1536 7.2749 1.2735
v -0.1564 7.2515 1.2725
v -0.1647 7.2245 1.2732
v -0.1612 7.3275 1.2792
v -0.3444 7.437 1.2547
v -0.2975 7.4404 1.2575
v -0.3837 7.4225 1.25
v -0.4139 7.4016 1.2443
v -0.4357 7.3779 1.2382
v -0.4505 7.3534 1.2326
v -0.4598 7.329 1.2278
v -0.4648 7.3044 1.2243
v -0.466 7.2795 1.2223
v -0.4637 7.2561 1.2219
v -0.4508 7.2147 1.2251
v -0.434 7.1866 1.2293
v -0.405 7.1572 1.2352
v -0.3592 7.1327 1.2419
v -0.2976 7.125 1.2478
v -0.2489 7.1364 1.2502
v -0.2176 7.1535 1.2503
v -0.1801 7.1906 1.2494
v -0.2482 7.4286 1.2583
v -0.2055 7.4024 1.2571
v -0.1758 7.3684 1.2551
v -0.1518 7.3037 1.2515
v -0.1505 7.2769 1.2503
v -0.1536 7.2511 1.2495
v -0.1627 7.2217 1.2492
v -0.1591 7.3342 1.2531
v -0.3403 7.4379 1.23
v -0.1505 7.2794 1.2317
v -0.3788 7.4244 1.2269
v -0.1779 7.3721 1.2326
v -0.4312 7.3809 1.2183
v -0.4465 7.3563 1.214
v -0.4616 7.3061 1.2068
v -0.4628 7.2804 1.2047
v -0.2484 7.1373 1.2256
v -0.4472 7.2153 1.2048
v -0.4305 7.1877 1.2068
v -0.4017 7.1585 1.2103
v -0.3563 7.1342 1.2152
v -0.2959 7.1263 1.2212
v -0.4603 7.2565 1.2039
v -0.218 7.1537 1.2277
v -0.1807 7.1903 1.2291
v -0.4563 7.3314 1.2101
v -0.2073 7.4045 1.2328
v -0.2481 7.4292 1.2327
v -0.409 7.4043 1.2228
v -0.1524 7.3074 1.2321
v -0.2951 7.4406 1.2319
v -0.1536 7.2523 1.2311
v -0.1629 7.2219 1.23
v -0.1605 7.3385 1.2324
v -0.3362 7.4354 1.2077
v -0.1527 7.2822 1.214
v -0.3733 7.4232 1.2057
v -0.1819 7.3733 1.212
v -0.4254 7.3817 1.1998
v -0.4411 7.3577 1.1967
v -0.4566 7.3079 1.1905
v -0.4579 7.2821 1.1881
v -0.248 7.1419 1.2028
v -0.4422 7.2184 1.186
v -0.4256 7.1916 1.186
v -0.3971 7.1631 1.1875
v -0.3526 7.1395 1.1909
v -0.294 7.1317 1.1969
v -0.4554 7.2583 1.187
v -0.2186 7.1574 1.2067
v -0.1823 7.1928 1.21
v -0.4511 7.3332 1.1935
v -0.2102 7.4033 1.211
v -0.2488 7.4262 1.2097
v -0.403 7.4044 1.2029
v -0.1552 7.3105 1.2136
v -0.2931 7.4373 1.2087
v -0.1553 7.2548 1.2134
v -0.1645 7.2244 1.2117
v -0.1642 7.3413 1.2128
v -0.332 7.429 1.1846
v -0.1578 7.2851 1.1935
v -0.3666 7.4185 1.1834
v -0.1883 7.372 1.1898
v -0.4173 7.3801 1.1792
v -0.433 7.3573 1.1774
v -0.4483 7.3098 1.1717
v -0.4495 7.2845 1.1691
v -0.2488 7.1508 1.1782
v -0.4343 7.2238 1.1654
v -0.4178 7.1986 1.1637
v -0.3899 7.1715 1.1637
v -0.3477 7.1495 1.1659
v -0.2927 7.1419 1.1714
v -0.4472 7.2614 1.1679
v -0.2207 7.1648 1.1835
v -0.1859 7.1983 1.1882
v -0.443 7.3341 1.1749
v -0.2148 7.3988 1.188
v -0.2506 7.4194 1.1859
v -0.395 7.4014 1.1813
v -0.1611 7.3126 1.1924
v -0.2919 7.4299 1.1848
v -0.1599 7.2586 1.1929
v -0.1688 7.2291 1.1905
v -0.1708 7.3423 1.191
v -0.3278 7.4157 1.1573
v -0.1699 7.288 1.1655
v -0.358 7.4072 1.1566
v -0.2004 7.3665 1.1618
v -0.4042 7.3734 1.1534
v -0.4192 7.3533 1.1525
v -0.4329 7.3104 1.1473
v -0.4339 7.287 1.1448
v -0.2537 7.1668 1.1491
v -0.4199 7.2324 1.1408
v -0.4041 7.2103 1.1382
v -0.3784 7.1864 1.1373
v -0.3412 7.1672 1.1387
v -0.2931 7.1602 1.1428
v -0.432 7.2658 1.1438
v -0.2277 7.1783 1.1548
v -0.1958 7.2083 1.1595
v -0.4284 7.3326 1.1505
v -0.2241 7.3892 1.1601
v -0.2558 7.4065 1.1577
v -0.3834 7.3924 1.1548
v -0.174 7.3133 1.1641
v -0.2925 7.4158 1.1569
v -0.1715 7.2638 1.1649
v -0.1799 7.2367 1.162
v -0.184 7.3404 1.1626
v -0.3378 7.2421 1.0915
v -0.3306 7.2311 1.0938
v -0.3237 7.2209 1.0968
v -0.3037 7.2178 1.0975
v -0.3452 7.2735 1.088
v -0.2869 7.2318 1.0935
v -0.2758 7.2491 1.0906
v -0.3431 7.3156 1.0906
v -0.2835 7.3492 1.1001
v -0.2934 7.3575 1.1028
v -0.3289 7.35 1.0997
v -0.2654 7.3101 1.0918
v -0.3025 7.3647 1.1062
v -0.2638 7.2802 1.0899
v -0.2684 7.2645 1.0897
v -0.2699 7.325 1.0941
v -0.3455 7.2619 1.0892
v -0.2816 7.2391 1.092
v -0.2344 7.2114 1.1216
v -0.3983 7.2578 1.1136
v -0.2137 7.3333 1.1254
v -0.2091 7.2488 1.1234
v -0.2016 7.2709 1.1257
v -0.2965 7.3902 1.1257
v -0.2047 7.3115 1.1257
v -0.3634 7.3726 1.1231
v -0.2694 7.3828 1.1252
v -0.2454 7.3704 1.1258
v -0.3989 7.3257 1.1187
v -0.2221 7.2258 1.1221
v -0.2475 7.2023 1.12
v -0.4014 7.2713 1.1138
v -0.2971 7.19 1.1141
v -0.3329 7.1955 1.1119
v -0.3595 7.2101 1.1106
v -0.379 7.2281 1.1108
v -0.3918 7.2447 1.1125
v -0.2679 7.1944 1.117
v -0.4026 7.2886 1.1143
v -0.402 7.3077 1.1162
v -0.2498 6.2246 0.7236
v -0.3036 6.3007 0.8416
v -0.3488 6.3212 0.9364
v -0.377 6.3338 1.0023
v -0.4025 6.3443 1.0562
v -0.4109 6.3639 1.1033
v -0.4049 6.3886 1.145
v -0.3194 6.522 1.3701
v -0.2894 6.5526 1.3961
v -0.2795 6.5647 1.4033
v -0.2562 6.5891 1.4165
v -0.2496 6.5956 1.4174
v -0.2454 6.6 1.4194
v -0.2415 6.6034 1.421
v -0.2388 6.606 1.4176
v -0.2367 6.6081 1.4095
v -0.2377 6.6099 1.3942
v -0.2445 6.6105 1.3726
v -0.2427 6.6035 1.3585
v -0.2448 6.5925 1.3487
v -0.2472 6.586 1.3389
v -0.2552 6.5757 1.3164
v -0.2784 6.5716 1.2669
v -0.2994 6.574 1.1638
v -0.3297 6.5818 1.0091
v -0.3158 6.5835 0.8143
v -0.2617 6.5846 0.5995
v -0.1892 6.5904 0.5667
v -0.1975 6.659 0.5647
v -0.289 6.7401 0.641
v -0.3234 6.8108 0.8164
v -0.3235 6.8444 1.0174
v -0.281 6.8139 1.1934
v -0.2594 6.771 1.2986
v -0.2366 6.7272 1.3501
v -0.2286 6.6922 1.3681
v -0.2274 6.6633 1.375
v -0.2282 6.6356 1.3793
v -0.2304 6.6217 1.3957
v -0.2315 6.6155 1.4109
v -0.2351 6.612 1.4214
v -0.2399 6.6112 1.4263
v -0.2443 6.6116 1.4273
v -0.249 6.6119 1.4262
v -0.2575 6.6136 1.4252
v -0.2652 6.6148 1.422
v -0.2863 6.6273 1.4142
v -0.2997 6.6336 1.4075
v -0.6472 7.282 1.0577
v -0.6302 7.3541 1.0902
v -0.6054 7.424 1.1442
v -0.5714 7.4875 1.2133
v -0.5148 7.5462 1.2847
v -0.4384 7.5899 1.3549
v -0.3462 7.6214 1.4155
v -0.2505 7.6438 1.4644
v -0.1546 7.6553 1.5029
v -0.061 7.6578 1.5214
v 0 7.6611 1.5263
v -0.3096 7.3374 1.4127
v -0.3473 7.3383 1.4077
v -0.3824 7.3332 1.4005
v -0.4103 7.3242 1.3889
v -0.4295 7.3143 1.3781
v -0.4392 7.305 1.369
v -0.4438 7.2978 1.3612
v -0.4448 7.2899 1.355
v -0.4428 7.2826 1.3539
v -0.4388 7.2753 1.3548
v -0.425 7.2618 1.3647
v -0.4106 7.2512 1.3741
v -0.3905 7.2421 1.3858
v -0.3522 7.235 1.4001
v -0.3109 7.2338 1.4028
v -0.2738 7.2367 1.3983
v -0.2382 7.2423 1.392
v -0.2012 7.2507 1.3821
v -0.2701 7.3295 1.4076
v -0.2333 7.3164 1.3977
v -0.2067 7.3004 1.3967
v -0.1789 7.2826 1.3975
v -0.1717 7.2759 1.3885
v -0.1704 7.2676 1.3822
v -0.1756 7.2598 1.3816
v -0.1899 7.29 1.3965
v -0.1553 7.2505 1.3949
v -0.2217 7.3393 1.4072
v -0.1902 7.319 1.4045
v -0.3916 7.358 1.3859
v -0.4544 7.3279 1.3543
v -0.4678 7.3139 1.3414
v -0.4733 7.3013 1.3316
v -0.4747 7.2892 1.3264
v -0.4741 7.2764 1.3251
v -0.4529 7.2326 1.3344
v -0.4701 7.2621 1.3223
v -0.3642 7.1937 1.3842
v -0.4037 7.2032 1.3657
v -0.3178 7.192 1.3967
v -0.2672 7.1966 1.398
v -0.1764 7.2308 1.3853
v -0.2245 7.2075 1.3934
v -0.433 7.217 1.3521
v -0.1718 7.3036 1.4033
v -0.152 7.2646 1.4022
v -0.1606 7.2896 1.404
v -0.1542 7.2773 1.4045
v -0.2627 7.3555 1.4077
v -0.3499 7.3652 1.402
v -0.3073 7.3643 1.4084
v -0.4284 7.3444 1.3712
v -0.3489 6.9519 1.4254
v -0.1729 6.8944 1.489
v -0.1713 6.9033 1.509
v -0.2136 7.0547 1.4478
v -0.283 7.0134 1.4491
v -0.334 7.0395 1.4313
v -0.2425 7.0794 1.4417
v -0.4973 6.9449 1.317
v -0.5497 6.9821 1.2637
v -0.2374 6.9129 1.4551
v -0.2744 6.858 1.4431
v -0.171 6.9319 1.4881
v -0.2282 6.8445 1.4587
v -0.4518 7.2551 1.3376
v -0.4406 7.2629 1.3495
v -0.4295 7.2712 1.3613
v -0.212 7.2385 1.3875
v -0.2218 7.252 1.3842
v -0.2067 7.2296 1.3879
v -0.1851 7.2042 1.3889
v -0.4784 7.2394 1.3125
v -0.1743 7.1878 1.407
v -0.4995 7.2271 1.2985
v -0.1819 7.1079 1.4383
v -0.5467 7.1934 1.252
v -0.1362 7.004 1.5085
v -0.5763 7.1741 1.225
v -0.105 7.1691 1.4622
v -0.6007 7.1524 1.1912
v -0.6796 6.9961 0.8807
v -0.6924 6.9527 0.7108
v -0.6871 6.9589 0.7678
v -0.5223 7.2117 1.2758
v -0.1403 7.1364 1.4467
v -0.4267 7.2712 1.3461
v -0.227 7.2537 1.3727
v -0.43 7.2715 1.3132
v -0.2293 7.256 1.3435
v -0.4466 7.2544 1.3149
v -0.2123 7.2149 1.3478
v -0.4576 7.2448 1.281
v -0.2021 7.1897 1.3131
v -0.4608 7.2386 1.248
v -0.198 7.1752 1.2775
v -0.459 7.2362 1.2229
v -0.198 7.1698 1.2499
v -0.4555 7.2365 1.204
v -0.1987 7.1696 1.2286
v -0.4505 7.2388 1.1864
v -0.1999 7.1726 1.2087
v -0.4425 7.243 1.1669
v -0.2028 7.1788 1.1864
v -0.4278 7.2493 1.1429
v -0.2112 7.1904 1.158
v -0.3917 7.3422 1.1205
v -0.3796 7.358 1.1216
v -0.2269 7.3536 1.1259
v -0.3447 7.384 1.1251
v -0.2005 7.2908 1.1264
v -0.3232 7.3906 1.1264
v -0.4331 7.2685 1.3583
v -0.2179 7.2467 1.3863
v -0.4639 7.2475 1.3245
v -0.1971 7.218 1.3871
v -0.1618 7.1705 1.4211
v -0.4689 6.9935 1.3472
v -0.1222 6.7908 1.5171
v -0.1857 6.8348 1.4708
v -0.164 6.8001 1.4923
v -0.1757 6.8899 1.4694
v -0.3642 6.702 1.3771
v -0.3392 6.7543 1.4028
v -0.3301 6.5598 1.3716
v -0.3328 6.599 1.3782
v -0.3221 6.6394 1.3931
v -0.3005 6.6785 1.4164
v -0.2012 6.8982 1.4623
v -0.2881 6.9327 1.4479
v -0.3255 6.8759 1.4218
v -0.3253 6.6909 1.3973
v -0.3851 6.8959 1.3979
v -0.5396 6.8469 1.2375
v -0.5819 6.8923 1.1801
v -0.5503 6.7903 1.1837
v -0.5905 6.8425 1.1234
v -0.35 6.6443 1.3741
v -0.3607 6.5936 1.3544
v -0.0676 6.3331 1.4894
v -0.1362 6.3502 1.4619
v -0.199 6.3798 1.4203
v -0.258 6.4162 1.3825
v -0.3074 6.4555 1.3526
v 0 6.3268 1.499
v -0.3371 6.497 1.3416
v -0.3541 6.5439 1.3431
v -0.2806 6.3387 1.3327
v -0.2198 6.2877 1.3779
v -0.1512 6.2503 1.4211
v -0.0759 6.2327 1.4424
v -0.4012 6.5127 1.2651
v -0.3717 6.4489 1.269
v 0 6.2267 1.4548
v -0.3314 6.3918 1.2939
v -0.4203 6.6518 1.3134
v -0.4183 6.5831 1.2828
v -0.5853 7.0256 1.2159
v -0.6157 6.9493 1.1288
v -0.6238 6.9059 1.0719
v -0.6094 7.0755 1.1765
v -0.6369 7.0106 1.0872
v -0.6478 6.9751 1.0308
v -0.6221 7.1277 1.15
v -0.6486 7.0748 1.0587
v -0.6606 7.048 1.0028
v -0.6248 7.1799 1.1372
v -0.6539 7.1417 1.0447
v -0.6664 7.1234 0.9892
v -0.6232 7.2322 1.1362
v -0.6545 7.2113 1.045
v -0.6684 7.2016 0.9904
v -0.3674 7.722 1.387
v -0.5518 7.6212 1.2279
v 0 7.7705 1.4976
v -0.0605 7.7675 1.4941
v -0.16 7.7672 1.4763
v -0.6757 7.2836 0.9518
v -0.2608 7.7507 1.4389
v -0.4688 7.6793 1.3165
v -0.6595 7.3793 0.9949
v -0.6371 7.4697 1.0536
v -0.6063 7.5489 1.1373
v -0.6788 7.105 0.9307
v -0.6824 7.1932 0.9359
v -0.6718 7.0209 0.9421
v -0.6586 6.9395 0.9698
v -0.6306 6.8612 1.0068
v -0.5974 6.7871 1.0551
v -0.3877 6.5884 1.3243
v -0.5558 6.7241 1.1216
v -0.2546 7.1251 1.4238
v -0.2703 6.3698 1.3583
v 0 6.2711 1.4828
v -0.3779 6.5276 1.3063
v -0.21 6.3279 1.4032
v -0.0721 6.2773 1.4686
v -0.1467 6.2933 1.4487
v -0.3546 6.4719 1.3073
v -0.3184 6.4208 1.3262
v -0.3827 6.6489 1.3511
v -0.3236 7.1121 1.4116
v -0.0717 6.2082 1.4229
v -0.1506 6.2287 1.3991
v -0.2197 6.265 1.3568
v -0.2822 6.316 1.3088
v -0.342 6.3682 1.2606
v 0 6.2006 1.4344
v -0.388 6.4286 1.2295
v -0.4247 6.4983 1.2166
v -0.4555 6.5769 1.2187
v -0.513 7.7996 1.2336
v -0.5977 7.7181 1.1338
v -0.3979 7.8535 1.3143
v -0.2794 7.8928 1.3867
v -0.6637 7.519 0.9597
v -0.6439 7.6209 1.0421
v -0.6944 7.0747 0.831
v -0.6963 7.1793 0.8429
v -0.6875 7.2891 0.8658
v -0.6656 6.8737 0.831
v -0.6759 7.4083 0.8958
v -0.5537 6.5792 0.9688
v -0.5981 6.6629 0.8951
v -0.6339 6.7604 0.8453
v 0 7.9191 1.4454
v -0.0627 7.9172 1.4416
v -0.1569 7.9109 1.429
v -0.6824 6.973 0.8292
v -0.1339 7.1981 1.4261
v -0.1969 7.1465 1.4224
v -0.327 7.0815 1.42
v -0.2384 6.9838 1.455
v -0.1908 7.023 1.4578
v -0.1416 7.0264 1.4881
v -0.1531 7.0535 1.47
v -0.1171 7.0511 1.514
v -0.1227 7.0806 1.4911
v -0.0942 7.1055 1.5132
v -0.2657 6.7257 1.4455
v -0.4284 7.5534 1.3656
v -0.5016 7.5142 1.3026
v -0.5562 7.4629 1.2394
v -0.5906 7.4069 1.1789
v -0.6143 7.3462 1.132
v -0.6313 7.284 1.1039
v -0.1529 7.605 1.5063
v 0 6.8467 -0.1843
v -0.0601 6.8474 -0.1831
v -0.1596 6.8457 -0.1787
v -0.2663 6.8354 -0.1629
v -0.3585 6.8314 -0.1106
v -0.4374 6.8259 -0.0366
v -0.491 6.8269 0.0789
v -0.5313 6.837 0.2001
v -0.5565 6.8685 0.2919
v -0.5737 6.9028 0.3597
v -0.5715 6.8531 0.3925
v -0.5466 6.8114 0.3331
v -0.4852 6.7613 0.1028
v -0.4363 6.7613 -0.0135
v -0.3541 6.768 -0.0985
v -0.2592 6.7787 -0.1467
v -0.1566 6.7957 -0.1603
v -0.0579 6.8029 -0.1661
v 0 6.8046 -0.1684
v -0.519 6.7708 0.2394
v -0.3904 6.768 1.3746
v -0.4396 6.7861 1.339
v -0.4105 6.7113 1.3456
v -0.4561 6.726 1.3001
v -0.4627 6.6568 1.2581
v -0.0671 6.186 1.3931
v -0.1479 6.2047 1.3714
v -0.2223 6.2432 1.3276
v -0.2882 6.2966 1.276
v -0.3489 6.3506 1.2285
v 0 6.1769 1.403
v -0.3992 6.4105 1.1874
v -0.4451 6.482 1.1575
v -0.4984 6.5782 1.1305
v -0.5072 6.6769 1.1904
v -0.5038 6.7494 1.2464
v -0.4929 6.8105 1.2936
v -0.2505 7.1026 1.4335
v -0.4415 6.9187 1.3619
v -0.4001 6.9741 1.3914
v -0.1922 7.1282 1.4315
v -0.1505 7.1544 1.4326
v -0.3434 7.2524 1.0903
v -0.2947 7.2247 1.0952
v -0.3446 7.2873 1.0876
v -0.3441 7.3018 1.0885
v -0.3403 7.3284 1.0933
v -0.3352 7.3399 1.0963
v -0.2757 7.3384 1.0971
v -0.3228 7.3581 1.103
v -0.263 7.2951 1.0906
v -0.3174 7.3651 1.1066
v -0.2474 7.5971 1.4697
v -0.0625 7.6057 1.5264
v 0 7.6081 1.5311
v -0.2605 6.7911 1.4444
v -0.309 6.805 1.4232
v -0.5174 6.8972 1.2747
v -0.5673 6.9391 1.2261
v -0.6047 6.9888 1.1778
v -0.6255 7.0434 1.1377
v -0.6351 7.1014 1.1077
v -0.6387 7.1609 1.0956
v -0.6383 7.2218 1.0939
v -0.2297 6.7759 1.4643
v -0.4158 6.8411 1.3714
v -0.3629 6.8226 1.4008
v -0.4691 6.8653 1.3304
v -0.1311 6.4969 1.4946
v -0.0536 6.4841 1.5131
v 0 6.4872 1.5161
v -0.2614 6.5832 1.4147
v -0.2715 6.6198 1.4203
v -0.1731 6.7153 1.5094
v -0.1678 6.7546 1.5023
v -0.0928 6.8064 1.4486
v -0.0922 6.7507 1.4718
v -0.0963 6.7072 1.4758
v -0.1004 6.6617 1.4764
v -0.148 6.941 0.8298
v -0.1556 6.9802 1.0279
v -0.1108 6.9531 1.2282
v -0.1008 6.8816 1.3669
v -0.1085 6.629 1.4911
v -0.1094 6.6193 1.5003
v -0.1291 6.7639 1.5213
v -0.1358 6.734 1.528
v -0.0904 6.688 0.5716
v -0.1199 6.8306 0.6701
v -0.6387 7.9999 0.1434
v 0 8.3209 -0.0432
v -0.1696 8.2975 -0.045
v -0.3043 8.2673 -0.0299
v -0.7194 7.341 0.3701
v -0.379 7.7872 -0.2993
v -0.4796 7.7443 -0.2261
v -0.6808 7.5439 0.1073
v -0.7175 7.408 0.3081
v -0.5616 7.6829 -0.1067
v -0.6301 7.6164 0.0013
v 0 7.8499 -0.3605
v -0.7104 7.472 0.2224
v -0.1389 7.8254 -0.3578
v -0.2621 7.813 -0.3436
v -0.6917 7.2526 0.3318
v -0.6288 7.3377 0.0561
v -0.6826 7.2912 0.2601
v -0.4284 7.4129 -0.2642
v -0.5082 7.3928 -0.1662
v -0.5759 7.3667 -0.0559
v -0.336 7.4254 -0.3279
v -0.6705 7.3175 0.1632
v -0.1142 7.4354 -0.3882
v -0.2278 7.4298 -0.3715
v -0.6951 7.5771 0.8545
v -0.7399 7.6635 0.661
v -0.7274 7.6428 0.7364
v -0.6984 7.4427 0.807
v -0.74 7.5479 0.5746
v -0.7343 7.5406 0.6403
v -0.7213 7.5164 0.7061
v -0.7048 7.2982 0.7574
v -0.7322 7.4481 0.577
v -0.7281 7.4384 0.6269
v -0.7192 7.4112 0.6785
v -0.6226 6.8372 0.5262
v -0.6058 6.8684 0.4731
v -0.6328 7.036 0.3577
v -0.6108 6.9378 0.4058
v -0.6042 6.8973 0.439
v -0.7037 7.1669 0.7447
v -0.7092 7.0446 0.6429
v -0.7204 6.9045 0.6128
v -0.7084 6.9745 0.6333
v -0.7141 7.1672 0.6576
v -0.7275 7.2882 0.6077
v -0.7227 7.2537 0.6335
v -0.7123 7.1093 0.654
v -0.7296 7.0492 0.6189
v -0.726 6.9307 0.5986
v -0.7381 6.8988 0.567
v -0.7316 6.9908 0.617
v -0.7213 7.1519 0.6305
v -0.7397 7.2332 0.6156
v -0.7199 7.1027 0.6275
v -0.7284 6.9529 0.5871
v -0.7385 6.927 0.56
v -0.729 7.141 0.6129
v -0.728 7.0973 0.609
v -0.7178 7.0609 0.582
v -0.6874 6.9946 0.5713
v -0.7386 6.9659 0.5504
v -0.6989 7.0263 0.5791
v -0.736 7.1289 0.5941
v -0.7257 7.0947 0.5897
v -0.6865 7.0837 0.5632
v -0.6872 7.052 0.5323
v -0.7013 7.0358 0.5178
v -0.6811 7.0668 0.5501
v -0.7324 7.1199 0.5738
v -0.7344 7.1664 0.5626
v -0.7256 7.026 0.5066
v -0.7109 7.1001 0.5688
v -0.7399 7.1341 0.5631
v -0.7093 7.1014 0.5558
v -0.7142 7.0478 0.4924
v -0.7334 7.1519 0.553
v -0.7332 7.1734 0.5431
v -0.7314 7.1159 0.5646
v -0.6922 7.0764 0.5351
v -0.7053 7.0541 0.5089
v 0 6.8981 -0.2041
v -0.064 6.9013 -0.2039
v -0.1627 6.9047 -0.2003
v -0.2706 6.9041 -0.1804
v -0.5759 8.0001 1.0417
v -0.4583 8.0922 1.1298
v -0.3646 6.9074 -0.1303
v -0.6613 7.8798 0.9444
v -0.7051 7.7485 0.8607
v -0.4432 6.9044 -0.0508
v 0 8.2119 1.2542
v -0.3301 8.1536 1.1938
v -0.0796 8.2067 1.2477
v -0.4987 6.9081 0.0566
v -0.5698 6.9348 0.2576
v -0.5867 6.9589 0.3259
v -0.1848 8.1866 1.2343
v -0.5392 6.9134 0.174
v -0.7131 7.6112 0.7985
v -0.7095 7.4826 0.7575
v -0.7108 7.3681 0.7193
v -0.6216 6.9859 0.3787
v -0.7169 7.2151 0.6499
v -0.7281 7.1954 0.6272
v -0.7368 7.181 0.6126
v -0.7398 7.1428 0.5717
v -0.696 7.0637 0.5226
v -0.6926 7.0893 0.5454
v -0.7137 7.0979 0.5786
v -0.6851 7.0758 0.5748
v -0.675 7.0536 0.5631
v -0.717 7.0067 0.5361
v -0.7334 7.1229 0.5816
v -0.6816 7.0303 0.5493
v -0.7249 7.0971 0.53
v -0.7266 7.1375 0.5211
v -0.7306 7.0954 0.5963
v -0.7394 7.1695 0.5242
v -0.7333 7.1101 0.5545
v -0.739 6.9485 0.5557
v -0.7326 7.0623 0.4924
v -0.7018 7.0924 0.5258
v -0.7088 7.1018 0.5407
v -0.7325 7.1375 0.5427
v -0.7262 7.1511 0.5303
v -0.7059 7.0852 0.5203
v -0.722 7.0694 0.5021
v -0.7343 7.0882 0.5182
v -0.7139 7.0774 0.5125
v -0.7277 7.0927 0.5246
v -0.7133 6.9817 0.5758
v -0.7345 7.1335 0.6016
v -0.7341 7.1541 0.5151
v -0.7374 7.107 0.541
v -0.7161 7.0153 0.5872
v -0.7361 7.1424 0.4947
v -0.7314 7.1254 0.4987
v -0.7297 7.1302 0.5112
v -0.733 7.1458 0.5048
v -0.7193 7.0959 0.5843
v -0.7364 6.9848 0.5463
v -0.6985 7.0682 0.5785
v -0.6822 7.04 0.5712
v -0.735 7.1256 0.5878
v -0.6819 7.015 0.5616
v -0.7065 7.0453 0.6631
v -0.7008 6.9657 0.6492
v -0.7122 6.8928 0.6269
v -0.7278 6.8229 0.5791
v -0.7058 6.8698 0.4887
v -0.6993 6.9424 0.482
v -0.7098 7.1212 0.6763
v -0.7115 7.1913 0.6809
v -0.7104 6.9839 0.4567
v -0.7279 7.3134 0.6133
v -0.7203 7.2832 0.6455
v -0.7335 7.3259 0.5839
v -0.7137 6.8396 0.52
v -0.7294 7.055 0.421
v -0.7148 7.2444 0.6682
v -0.7175 7.0272 0.4364
v -0.7054 7.1693 0.3865
v -0.7374 7.3125 0.4435
v -0.682 7.1006 0.3947
v -0.7036 7.05 0.6915
v -0.7361 7.2546 0.4039
v -0.6904 6.8783 0.6416
v -0.6538 6.894 0.4989
v -0.7081 7.2287 0.7093
v -0.7263 7.359 0.6186
v -0.7309 7.3662 0.5311
v -0.6718 7.052 0.4073
v -0.7325 7.3479 0.4668
v -0.697 6.9594 0.6723
v -0.738 7.2867 0.4201
v -0.6952 6.8252 0.5854
v -0.6511 6.9297 0.4734
v -0.7078 7.14 0.7061
v -0.6578 6.9691 0.448
v -0.7185 7.3321 0.6586
v -0.7239 7.2201 0.3929
v -0.731 7.3694 0.5817
v -0.6691 6.8585 0.5442
v -0.7128 7.2911 0.6885
v -0.6668 7.0124 0.4247
v -0.3112 7.3315 1.404
v -0.349 7.3309 1.3983
v -0.4385 7.293 1.3556
v -0.4343 7.3011 1.3614
v -0.4287 7.3075 1.3664
v -0.4104 7.3179 1.3778
v -0.3833 7.325 1.39
v -0.2723 7.3235 1.4007
v -0.1851 7.2669 1.3746
v -0.197 7.2598 1.3673
v -0.2123 7.256 1.3723
v -0.1934 7.2802 1.3747
v -0.2018 7.2875 1.3795
v -0.1847 7.274 1.3768
v -0.4248 7.2676 1.3613
v -0.2424 7.2487 1.3858
v -0.276 7.2434 1.3936
v -0.2116 7.2952 1.3827
v -0.3114 7.2398 1.3999
v -0.2353 7.3097 1.3898
v -0.3519 7.2408 1.3967
v -0.3848 7.2478 1.3835
v -0.4071 7.2569 1.3739
v -0.4342 7.275 1.3509
v -0.4377 7.2824 1.3492
v -0.4394 7.2875 1.3509
v -0.2244 7.2529 1.3785
v -0.4296 7.2711 1.3557
v 0.3492 7.3299 1.4076
v 0.311 7.3315 1.4107
v 0.3481 7.3465 1.4062
v 0.3095 7.3456 1.4117
v 0.3487 7.3574 1.4039
v 0.308 7.3566 1.4103
v 0.3835 7.3242 1.4009
v 0.3849 7.3413 1.3972
v 0.3886 7.3508 1.393
v 0.4099 7.3169 1.3895
v 0.4154 7.331 1.385
v 0.423 7.339 1.3777
v 0.4279 7.3066 1.3788
v 0.4363 7.3188 1.3727
v 0.4462 7.3246 1.365
v 0.4337 7.3008 1.3734
v 0.4473 7.3085 1.3624
v 0.4582 7.3114 1.3514
v 0.4385 7.2937 1.3653
v 0.4521 7.2991 1.3548
v 0.4638 7.3001 1.342
v 0.4394 7.2874 1.358
v 0.4531 7.2897 1.3462
v 0.4645 7.2899 1.3358
v 0.4367 7.2823 1.355
v 0.4513 7.281 1.3462
v 0.4631 7.2784 1.3355
v 0.4336 7.2755 1.3562
v 0.4463 7.2714 1.3465
v 0.4584 7.2665 1.3339
v 0.4249 7.2677 1.3656
v 0.4313 7.2544 1.3572
v 0.4422 7.2435 1.3469
v 0.4086 7.257 1.3768
v 0.4142 7.2427 1.3697
v 0.4237 7.2315 1.363
v 0.3865 7.2481 1.3873
v 0.3927 7.2332 1.3822
v 0.3976 7.2201 1.3774
v 0.3597 7.2113 1.3915
v 0.3536 7.2243 1.3969
v 0.3519 7.2406 1.4016
v 0.3161 7.2096 1.4009
v 0.3097 7.2215 1.3981
v 0.3109 7.2395 1.4046
v 0.2708 7.2133 1.3995
v 0.2696 7.224 1.3978
v 0.276 7.2434 1.3986
v 0.2322 7.2216 1.3934
v 0.2332 7.2327 1.3932
v 0.241 7.2478 1.3915
v 0.1856 7.2391 1.3849
v 0.1937 7.2438 1.3837
v 0.21 7.2549 1.3795
v 0.2725 7.3227 1.4055
v 0.2682 7.3372 1.4082
v 0.2655 7.3477 1.408
v 0.2353 7.3097 1.3949
v 0.2303 7.3232 1.4012
v 0.2265 7.3319 1.4044
v 0.2093 7.2945 1.3918
v 0.2016 7.3061 1.3992
v 0.1964 7.3135 1.402
v 0.1817 7.2799 1.3835
v 0.174 7.284 1.3989
v 0.1678 7.2859 1.4006
v 0.1752 7.2736 1.3807
v 0.1676 7.2761 1.3942
v 0.1612 7.2762 1.3998
v 0.1757 7.2671 1.3781
v 0.1651 7.2673 1.3918
v 0.1583 7.2656 1.3982
v 0.1846 7.2588 1.3761
v 0.1675 7.2576 1.3887
v 0.1602 7.2545 1.3936
v 0.4442 7.1992 1.3345
v 0.4129 7.1829 1.3539
v 0.3698 7.1722 1.3779
v 0.3179 7.1697 1.3913
v 0.2625 7.176 1.3983
v 0.2145 7.1901 1.3934
v 0.1632 7.2214 1.3891
v 0.4636 7.3308 1.3402
v 0.4784 7.3149 1.3273
v 0.4841 7.3014 1.3195
v 0.4865 7.2885 1.3154
v 0.4867 7.2742 1.3131
v 0.4841 7.2563 1.3099
v 0.4668 7.2202 1.3182
v 0.3502 7.3738 1.3999
v 0.3059 7.3734 1.4073
v 0.395 7.3657 1.3825
v 0.4351 7.3502 1.3646
v 0.2593 7.3638 1.4106
v 0.2157 7.3477 1.412
v 0.1821 7.3289 1.4127
v 0.1484 7.2937 1.4117
v 0.1422 7.2787 1.4114
v 0.1409 7.2631 1.4091
v 0.1454 7.2447 1.3996
v 0.185 7.2941 1.3984
v 0.1788 7.2987 1.4006
v 0.1952 7.2848 1.3878
v 0.1603 7.3103 1.4108
v 0.1293 7.2967 1.4247
v 0.123 7.2788 1.4229
v 0.1225 7.2601 1.4202
v 0.1299 7.2378 1.416
v 0.1424 7.3165 1.4256
v 0.1055 7.3001 1.4449
v 0.0994 7.2784 1.4428
v 0.1003 7.2567 1.4412
v 0.1089 7.23 1.4365
v 0.1185 7.3232 1.4463
v 0.0812 7.3069 1.47
v 0.0757 7.2801 1.4686
v 0.078 7.2537 1.4677
v 0.0886 7.2217 1.4606
v 0.0925 7.3326 1.4701
v 0.0645 7.1705 1.5077
v 0.055 7.312 1.491
v 0.0515 7.2837 1.4905
v 0.0546 7.2526 1.4908
v 0.0666 7.2112 1.4883
v 0.0635 7.3397 1.4918
v 0.0332 7.1876 1.5278
v 0.0285 7.3178 1.5032
v 0.0271 7.2876 1.5044
v 0.0286 7.2574 1.5094
v 0.032 7.227 1.5145
v 0.0325 7.3464 1.5046
v 0.4629 7.1764 1.3244
v 0.4293 7.1566 1.3512
v 0.38 7.1439 1.379
v 0.3206 7.1429 1.401
v 0.2588 7.1514 1.4109
v 0.2058 7.1688 1.4096
v 0.1493 7.2102 1.4061
v 0.4751 7.3375 1.3299
v 0.4933 7.3189 1.3127
v 0.5023 7.3029 1.3045
v 0.5057 7.2873 1.2995
v 0.5062 7.2697 1.2954
v 0.5048 7.2491 1.2949
v 0.4867 7.2021 1.3059
v 0.3519 7.3856 1.4022
v 0.3021 7.3866 1.413
v 0.4008 7.3749 1.382
v 0.4443 7.3569 1.3554
v 0.2503 7.3772 1.4203
v 0.2023 7.359 1.4248
v 0.1654 7.338 1.4262
v 0.5241 7.3044 1.2854
v 0.514 7.3239 1.2961
v 0.4922 7.3462 1.3167
v 0.1712 6.9974 1.4719
v 0.1407 7.3489 1.446
v 0.1115 7.3603 1.47
v 0.078 7.3703 1.4932
v 0.0382 7.3767 1.5049
v 0.3522 7.4063 1.4055
v 0.2928 7.409 1.4238
v 0.4086 7.3923 1.3801
v 0.4578 7.3693 1.3463
v 0.2324 7.3982 1.4402
v 0.1783 7.3762 1.4482
v 0.35 7.4301 1.4111
v 0.2774 7.4333 1.4379
v 0.4139 7.4161 1.3779
v 0.4688 7.3916 1.3399
v 0.2048 7.4222 1.4612
v 0.1485 7.3935 1.4693
v 0.1297 7.1108 1.468
v 0.4495 7.126 1.3467
v 0.2034 6.9603 1.4628
v 0.5289 7.2854 1.2797
v 0.5301 7.2637 1.2749
v 0.5283 7.2387 1.2727
v 0.5485 7.3092 1.2618
v 0.5349 7.3362 1.2779
v 0.5087 7.3639 1.3054
v 0.3942 7.1108 1.3816
v 0.4303 7.0406 1.3772
v 0.5543 7.2842 1.2539
v 0.5579 7.2557 1.2486
v 0.5538 7.2253 1.2462
v 0.5333 7.1598 1.2713
v 0.1577 6.9774 1.4854
v 0.1811 6.9431 1.4736
v 0.34 7.4636 1.4197
v 0.2558 7.4685 1.4553
v 0.4149 7.4468 1.3788
v 0.4771 7.4194 1.3337
v 0.1615 7.4572 1.4891
v 0.1063 7.41 1.4934
v 0.5678 7.3179 1.2363
v 0.5501 7.3521 1.2581
v 0.5244 7.3859 1.2923
v 0.4954 7.0618 1.3262
v 0.0974 7.1406 1.4862
v 0.5758 7.2838 1.2229
v 0.5823 7.2474 1.217
v 0.5814 7.2108 1.2177
v 0.5599 7.1351 1.2453
v 0.5278 7.0229 1.2994
v 0.0493 7.4194 1.5109
v 0.3373 7.5016 1.4232
v 0.2494 7.5124 1.4654
v 0.4188 7.4819 1.3766
v 0.4833 7.4515 1.3256
v 0.1703 8.1089 1.3046
v 0.0682 7.4647 1.5153
v 0.3382 7.5411 1.4241
v 0.247 7.5533 1.4692
v 0.423 7.5184 1.3726
v 0.4918 7.4836 1.3153
v 0.1537 7.5145 1.5027
v 0.0669 7.5153 1.5215
v 0.1475 7.558 1.5072
v 0.0636 7.5578 1.5258
v 0.3787 7.7833 1.3533
v 0.2693 7.8177 1.4145
v 0.4891 7.7355 1.2824
v 0.5776 7.6691 1.1867
v 0.1581 7.7103 1.4952
v 0.0601 7.7176 1.5103
v 0.4233 7.9395 1.2634
v 0.297 7.9828 1.3317
v 0.5406 7.8719 1.1777
v 0.6219 7.7734 1.0755
v 0.1623 7.8373 1.4528
v 0.0614 7.8478 1.4683
v 0.5859 7.3265 1.2062
v 0.5645 7.371 1.2353
v 0.534 7.4121 1.2771
v 0.5999 7.2851 1.1877
v 0.6036 7.2411 1.1786
v 0.6041 7.1961 1.1802
v 0.5864 7.1073 1.2137
v 0.6 7.3369 1.1691
v 0.5766 7.3882 1.2082
v 0.5411 7.4381 1.2573
v 0.6163 7.2857 1.1434
v 0.6675 7.3927 0.9465
v 0.6492 7.4938 1.0074
v 0.6246 7.5836 1.0922
v 0.6829 7.2872 0.903
v 0.6905 7.187 0.8833
v 0.6879 7.089 0.8745
v 0.6613 6.9044 0.9022
v 0.6802 7.5466 0.9105
v 0.6671 7.665 0.9799
v 0.6872 7.7052 0.9211
v 0.159 6.9502 1.5261
v 0.1592 6.9636 1.5117
v 0.1705 6.9265 1.5018
v 0.1394 6.8387 1.5004
v 0.1645 6.8614 1.4846
v 0.1582 6.8652 1.5081
v 0.13 6.8468 1.5104
v 0.1395 6.8588 1.5234
v 0.1512 6.8558 1.5226
v 0.1147 6.8247 1.5118
v 0.1137 6.836 1.5145
v 0.1687 6.881 1.5072
v 0.1694 6.9232 1.5139
v 0.1227 6.8527 1.5189
v 0.1263 6.8633 1.5292
v 0.1095 6.8441 1.5203
v 0.1509 6.8366 1.4881
v 0.1191 6.808 1.5131
v 0.2714 6.5934 1.4105
v 0.2427 6.6597 1.4614
v 0.2662 6.6353 1.4323
v 0.2745 6.6089 1.4133
v 0.1889 6.5242 1.465
v 0.2293 6.5555 1.4342
v 0.2121 6.752 1.4771
v 0.2515 6.573 1.4189
v 0.2083 6.7215 1.483
v 0.2087 6.6897 1.4875
v 0.2499 6.7048 1.4565
v 0.2454 6.6823 1.4611
v 0.2731 6.6485 1.4294
v 0.288 6.6087 1.4086
v 0.2886 6.5836 1.4023
v 0.2605 6.5474 1.4121
v 0.2348 6.5269 1.4279
v 0.1917 6.504 1.4544
v 0.2668 6.6089 1.4153
v 0.264 6.5973 1.4128
v 0.2484 6.5809 1.4202
v 0.228 6.5663 1.4363
v 0.1865 6.5429 1.4728
v 0.2599 6.6281 1.4354
v 0.2391 6.6458 1.4619
v 0.1787 6.687 1.5235
v 0.2108 6.667 1.4958
v 0.2343 6.6355 1.4617
v 0.2069 6.6549 1.4962
v 0.2296 6.6289 1.4632
v 0.2025 6.6447 1.4964
v 0.2209 6.6155 1.4585
v 0.1906 6.6245 1.4879
v 0.2117 6.6149 1.4488
v 0.1846 6.6147 1.4854
v 0.2073 6.6171 1.4402
v 0.1728 6.6165 1.4685
v 0.2589 6.6096 1.4172
v 0.2565 6.6022 1.4118
v 0.2538 6.6208 1.4374
v 0.2528 6.6087 1.4196
v 0.2528 6.6048 1.4139
v 0.2466 6.6167 1.4373
v 0.2463 6.6094 1.4174
v 0.2464 6.6078 1.4142
v 0.2335 6.6131 1.4352
v 0.2428 6.6108 1.4115
v 0.2439 6.6095 1.4072
v 0.2273 6.6132 1.4314
v 0.2409 6.6143 1.399
v 0.2441 6.612 1.3935
v 0.2221 6.6167 1.4227
v 0.2107 6.6062 1.4261
v 0.2117 6.6017 1.437
v 0.2197 6.5879 1.444
v 0.224 6.5787 1.4421
v 0.2426 6.5891 1.423
v 0.2379 6.5951 1.4249
v 0.2312 6.6041 1.4211
v 0.2294 6.6068 1.4117
v 0.2313 6.6077 1.3948
v 0.2174 6.6082 1.4041
v 0.1782 6.6749 1.5289
v 0.1755 6.6645 1.5267
v 0.1626 6.6307 1.5184
v 0.156 6.6146 1.5163
v 0.1638 6.6063 1.4586
v 0.1724 6.5999 1.4789
v 0.1824 6.5773 1.4785
v 0.1837 6.5617 1.4765
v 0.1297 6.475 1.4831
v 0.1296 6.5135 1.5116
v 0.1107 6.6043 1.517
v 0.1151 6.5928 1.5173
v 0.1234 6.5648 1.5253
v 0.1277 6.5406 1.5168
v 0.0534 6.4615 1.5001
v 0.196 6.6324 1.4904
v 0.2243 6.6214 1.4612
v 0.2391 6.6143 1.4354
v 0.2494 6.6089 1.4192
v 0.249 6.6067 1.4168
v 0.2148 6.5957 1.4419
v 0.2339 6.6002 1.4251
v 0.168 6.647 1.5218
v 0.1786 6.5903 1.4819
v 0.1196 6.5797 1.5248
v 0.0734 6.6198 1.5117
v 0.0949 6.6198 1.5073
v 0.1437 6.6183 1.4834
v 0.1044 6.607 1.5077
v 0.1587 6.6097 1.443
v 0.019 6.6182 1.5076
v 0.0423 6.6183 1.508
v 0.206 6.6242 1.4296
v 0.1667 6.6268 1.4544
v 0.2419 6.6201 1.3812
v 0.2496 6.615 1.3739
v 0.2188 6.6233 1.4103
v 0.2395 6.606 1.3714
v 0.2122 6.6045 1.388
v 0.0726 6.6296 1.5043
v 0.0932 6.6295 1.4988
v 0.1419 6.629 1.4737
v 0.0552 6.6022 1.5105
v 0.096 6.6069 1.492
v 0.18 6.6042 1.4117
v 0.0181 6.6293 1.5068
v 0.0432 6.629 1.5065
v 0.1935 6.6473 1.4142
v 0.1564 6.653 1.4395
v 0.2469 6.6278 1.3634
v 0.256 6.6169 1.3576
v 0.2095 6.6433 1.3952
v 0.2293 6.59 1.3595
v 0.2008 6.5821 1.3712
v 0.0641 6.6646 1.4964
v 0.0863 6.6632 1.4847
v 0.1293 6.6608 1.4602
v 0.0638 6.5879 1.4881
v 0.1087 6.5914 1.4663
v 0.1714 6.5851 1.3907
v 0.0156 6.6555 1.5042
v 0.0386 6.661 1.5013
v 0.1866 6.6875 1.4128
v 0.1537 6.6972 1.4363
v 0.2483 6.6469 1.3563
v 0.2608 6.6206 1.3457
v 0.2064 6.6797 1.3937
v 0.2287 6.5644 1.3518
v 0.1979 6.5513 1.3674
v 0.0613 6.7079 1.4968
v 0.0826 6.7088 1.4842
v 0.1253 6.7047 1.4592
v 0.0618 6.5454 1.4851
v 0.1158 6.5529 1.4541
v 0.1658 6.5508 1.3916
v 0.0153 6.7031 1.5052
v 0.037 6.7051 1.5031
v 0.1817 6.7275 1.4092
v 0.1462 6.736 1.4338
v 0.2529 6.6678 1.3467
v 0.2661 6.6258 1.334
v 0.2044 6.7166 1.3895
v 0.2283 6.5462 1.3437
v 0.195 6.5272 1.3617
v 0.0583 6.7531 1.4915
v 0.0785 6.7523 1.4802
v 0.1234 6.7486 1.4534
v 0.0588 6.5076 1.4783
v 0.1181 6.5138 1.4418
v 0.1605 6.521 1.3876
v 0.015 6.747 1.4997
v 0.0355 6.7511 1.4972
v 0.182 6.7751 1.3917
v 0.1482 6.79 1.4128
v 0.265 6.694 1.3273
v 0.2779 6.6315 1.3127
v 0.2082 6.7604 1.373
v 0.2324 6.5199 1.32
v 0.1967 6.4905 1.3374
v 0.0576 6.8087 1.4671
v 0.0787 6.8088 1.4566
v 0.122 6.8004 1.4259
v 0.0453 6.4514 1.4311
v 0.1245 6.4617 1.3916
v 0.1598 6.4756 1.3583
v 0.0139 6.7987 1.473
v 0.0325 6.8049 1.4722
v 0.1958 6.8384 1.3303
v 0.1605 6.8586 1.3405
v 0.2915 6.7249 1.2797
v 0.3041 6.6441 1.2665
v 0.2273 6.8172 1.3175
v 0.2526 6.499 1.2673
v 0.211 6.4574 1.2795
v 0.0589 6.8865 1.3799
v 0.0864 6.8853 1.3723
v 0.1317 6.8717 1.3506
v 0.0609 6.4006 1.3471
v 0.1239 6.4239 1.3224
v 0.1707 6.4336 1.2949
v 0.0117 6.8728 1.3849
v 0.0341 6.8815 1.3839
v 0.2107 6.8989 1.2153
v 0.1826 6.9165 1.2171
v 0.3168 6.7538 1.1754
v 0.3265 6.659 1.1653
v 0.2453 6.8739 1.2113
v 0.2722 6.4891 1.1623
v 0.2319 6.4651 1.1622
v 0.067 6.9602 1.2344
v 0.0955 6.9582 1.2311
v 0.1498 6.9338 1.2219
v 0.0629 6.395 1.1847
v 0.1384 6.4141 1.1784
v 0.1914 6.4407 1.1698
v 0.0131 6.9423 1.24
v 0.0399 6.954 1.2373
v 0.2536 6.9334 1.0263
v 0.2237 6.9525 1.0268
v 0.3579 6.7824 1.0112
v 0.3636 6.6746 1.0023
v 0.2892 6.9064 1.0237
v 0.2959 6.489 1.0158
v 0.2528 6.4658 1.0062
v 0.0861 6.9937 1.0308
v 0.1223 6.9938 1.0301
v 0.1889 6.9669 1.0251
v 0.0741 6.4084 1.021
v 0.1495 6.4225 1.0159
v 0.2122 6.4361 1.009
v 0.0145 6.9713 1.038
v 0.0501 6.9853 1.0334
v 0.2481 6.8989 0.8262
v 0.2153 6.9194 0.8276
v 0.3602 6.7525 0.8097
v 0.3507 6.6645 0.8067
v 0.2866 6.8691 0.823
v 0.298 6.4903 0.8227
v 0.2775 6.3915 0.8046
v 0.0834 6.9559 0.8306
v 0.1179 6.9555 0.8294
v 0.1814 6.9308 0.8245
v 0.0824 6.238 0.6836
v 0.1707 6.2753 0.7114
v 0.2452 6.3224 0.7469
v 0.016 6.9401 0.8449
v 0.0501 6.95 0.8341
v 0.2162 6.8013 0.656
v 0.1812 6.8158 0.661
v 0.3223 6.7 0.633
v 0.3085 6.644 0.6113
v 0.2557 6.7802 0.6489
v 0.215 6.5227 0.6022
v 0.2076 6.4366 0.603
v 0.0687 6.8409 0.6685
v 0.0933 6.8406 0.6676
v 0.146 6.8211 0.6726
v 0.0649 6.3166 0.6148
v 0.1129 6.3387 0.6082
v 0.1663 6.3775 0.61
v 0.0169 6.8296 0.6777
v 0.0378 6.8363 0.6715
v 0.1512 6.6758 0.5712
v 0.1411 6.6967 0.5686
v 0.2283 6.6487 0.5602
v 0.212 6.6136 0.5639
v 0.1668 6.6692 0.5692
v 0.1665 6.5672 0.5695
v 0.1497 6.5491 0.5734
v 0.0521 6.7037 0.5692
v 0.0733 6.6881 0.5722
v 0.1141 6.7036 0.5674
v 0.0445 6.5182 0.5744
v 0.0824 6.5298 0.5788
v 0.1233 6.5326 0.5696
v 0.0174 6.684 0.5875
v 0.0315 6.701 0.5711
v 0.2815 6.6644 1.4263
v 0.3065 6.6044 1.397
v 0.2584 7.695 1.4579
v 0.3541 7.668 1.4028
v 0.4513 7.6307 1.3389
v 0.5313 7.5811 1.262
v 0.6451 7.3655 1.0419
v 0.6617 7.2822 1.0035
v 0.6221 7.4458 1.0994
v 0.5861 7.5163 1.1785
v 0.1923 6.4724 1.4401
v 0.1292 6.4472 1.4675
v 0.0537 6.4311 1.4834
v 0.3026 6.5761 1.3928
v 0.0638 6.168 1.341
v 0.1443 6.1869 1.3181
v 0.1309 6.4115 1.4639
v 0.2693 6.5259 1.4039
v 0.2374 6.5013 1.4219
v 0.0584 6.3945 1.4866
v 0.1941 6.4353 1.4294
v 0.5552 6.651 1.0493
v 0.6007 6.7262 0.9796
v 0.5091 6.5107 1.0424
v 0.5729 6.7387 0.6068
v 0.5527 6.5791 0.7813
v 0.5123 6.4917 0.8663
v 0.4745 6.4321 0.9384
v 0.4429 6.388 1.0012
v 0.3558 6.2998 1.1108
v 0.059 6.1675 1.2867
v 0.4884 6.5532 0.6252
v 0.1377 6.1857 1.2578
v 0.5059 6.6051 0.5364
v 0.4489 6.4929 0.5913
v 0.4674 6.5281 0.5065
v 0.4069 6.3838 0.5431
v 0.4411 6.4271 0.4679
v 0.4071 6.248 0.4841
v 0.4329 6.2985 0.4171
v 0.431 6.433 0.7762
v 0.4631 6.4903 0.7063
v 0.3857 6.3902 0.7128
v 0.4192 6.434 0.6585
v 0.3416 6.3137 0.6373
v 0.3742 6.3577 0.586
v 0.3353 6.1829 0.5737
v 0.3792 6.2132 0.5413
v 0.4001 6.3906 0.8362
v 0.0562 6.1744 1.1324
v 0.1238 6.1969 1.0977
v 0.3135 6.2867 0.9835
v 0.052 6.1791 1.011
v 0.1103 6.1937 0.9846
v 0.2707 6.2766 0.8815
v 0.0378 6.1645 0.8488
v 0.0815 6.1726 0.8335
v 0.2164 6.2046 0.7584
v 0.4881 6.5739 0.3906
v 0.4675 6.478 0.3607
v 0.4483 6.3518 0.3248
v 0.4482 6.1629 0.2527
v 0.4861 6.6045 0.2563
v 0.4668 6.5086 0.234
v 0.4445 6.3874 0.2129
v 0.4614 6.211 0.1545
v 0.4612 6.6199 0.1174
v 0.4501 6.529 0.1027
v 0.4497 6.413 0.084
v 0.459 6.2487 0.0492
v 0.4265 6.63 -0.0071
v 0.4218 6.5468 -0.0134
v 0.4175 6.4332 -0.0252
v 0.4217 6.2819 -0.0458
v 0.3563 6.6424 -0.0856
v 0.3475 6.5616 -0.085
v 0.3433 6.448 -0.0888
v 0.3438 6.2916 -0.1052
v 0.2494 6.6588 -0.1257
v 0.2393 6.5778 -0.1141
v 0.2339 6.4691 -0.1099
v 0.2362 6.3079 -0.1234
v 0.702 7.0583 0.7287
v 0.5408 8.1168 0.0604
v 0.4443 8.2145 0.0034
v 0.7313 7.7319 0.2937
v 0.6888 7.8574 0.2221
v 0.7329 7.4072 0.4543
v 0.6705 6.8377 0.6827
v 0.7011 7.1751 0.793
v 0.6982 7.0655 0.7778
v 0.6663 6.8461 0.7629
v 0.6964 7.2945 0.8158
v 0.6848 7.4204 0.8579
v 0.7342 7.442 0.5247
v 0.7278 7.3739 0.3993
v 0.7068 7.3033 0.3482
v 0.6488 7.0933 0.34
v 0.666 7.1544 0.332
v 0.6385 8.1058 0.3765
v 0.4362 8.3577 0.3138
v 0.5444 8.2459 0.343
v 0.3856 8.3294 0.924
v 0.5636 6.7716 0.5163
v 0.5103 6.6522 0.4254
v 0.5104 6.698 0.2849
v 0.4767 6.6956 0.1223
v 0.4283 6.6982 -0.0024
v 0.35 6.7098 -0.0919
v 0.2538 6.7217 -0.133
v 0.3553 6.3161 1.156
v 0.4581 6.4145 1.0499
v 0.5005 6.4694 0.9891
v 0.5378 6.5262 0.9089
v 0.5796 6.6127 0.8261
v 0.3415 7.5805 1.4212
v 0.2912 6.4928 1.3829
v 0.2483 6.463 1.4034
v 0.2948 6.7418 1.4282
v 0.5352 7.0969 1.2808
v 0.563 7.0636 1.2505
v 0.486 7.1506 1.3137
v 0.5093 7.1826 1.2903
v 0.4706 7.0947 1.3384
v 0.508 7.1263 1.3006
v 0.1678 7.083 1.4551
v 0.411 7.0777 1.387
v 0.1176 7.185 1.4415
v 0.632 6.8146 0.9334
v 0.6072 6.7005 0.6967
v 0.6364 6.7219 0.7674
v 0.2158 6.2152 1.217
v 0.2231 6.2312 1.3031
v 0.4562 6.4483 1.1001
v 0.2907 6.2829 1.2487
v 0.3521 6.3342 1.1948
v 0.1472 6.1926 1.3453
v 0.0649 6.1747 1.3653
v 0.292 6.2577 1.1631
v 0.2224 6.2224 1.2696
v 0.2946 6.2688 1.2118
v 0.2619 6.2578 1.0239
v 0.2275 6.2524 0.9168
v 0.172 6.2211 0.9528
v 0.1967 6.2261 1.0632
v 0.3749 6.3561 0.8903
v 0.6525 6.8231 0.5952
v 0.5637 6.8145 0.4445
v 0.6041 7.0198 0.3002
v 0.5529 7.0052 0.1373
v 0.5109 6.9987 0.0314
v 0.4538 7.0034 -0.073
v 0.3779 7.0057 -0.157
v 0.2851 6.9941 -0.2139
v 0.6253 7.0908 0.2769
v 0.5724 7.1039 0.1115
v 0.5306 7.1107 0.0056
v 0.4702 7.121 -0.101
v 0.3952 7.1288 -0.1905
v 0.3079 7.1256 -0.2593
v 0.6503 7.1656 0.2646
v 0.6032 7.2125 0.0747
v 0.5546 7.2321 -0.0295
v 0.491 7.2498 -0.1348
v 0.4148 7.2647 -0.2306
v 0.3265 7.2684 -0.3031
v 0.7026 7.3519 0.2862
v 0.6513 7.4431 0.0729
v 0.5991 7.4904 -0.0452
v 0.5283 7.5315 -0.1531
v 0.4468 7.5647 -0.2584
v 0.3544 7.5913 -0.3295
v 0.729 7.4505 0.3421
v 0.7087 7.6416 0.1815
v 0.6615 7.7449 0.0846
v 0.5987 7.847 -0.0197
v 0.5124 7.9446 -0.1382
v 0.4048 8.011 -0.2012
v 0.4128 8.3912 0.6644
v 0.5333 8.2829 0.6464
v 0.5129 8.2441 0.8799
v 0.6467 7.8305 1.0103
v 0.6326 8.142 0.6218
v 0.7073 7.9778 0.5941
v 0.5609 7.9428 1.1079
v 0.7067 7.9505 0.4073
v 0.4425 8.0225 1.195
v 0.3127 8.0778 1.265
v 0.1595 7.9979 1.3813
v 0.0616 8.0101 1.3911
v 0.692 7.9616 0.7468
v 0.6182 8.1187 0.8167
v 0.7306 7.8074 0.6939
v 0.055 6.166 1.2186
v 0.131 6.1866 1.1871
v 0.5362 6.7157 0.4753
v 0.2054 6.2166 1.1502
v 0.2808 6.2539 1.1008
v 0.339 6.2914 1.0529
v 0.5406 6.6689 0.5704
v 0.5394 6.6144 0.6584
v 0.5099 6.5342 0.7426
v 0.4398 6.4127 0.8904
v 0.4087 6.371 0.9502
v 0.4738 6.464 0.8222
v 0.5402 6.7637 0.3836
v 0.5853 7.0074 0.2297
v 0.6092 7.0964 0.197
v 0.6409 7.1844 0.1729
v 0.692 7.4 0.1884
v 0.7314 7.5409 0.2698
v 0.5975 8.0607 0.9572
v 0.6769 7.9237 0.864
v 0.7222 7.7849 0.7886
v 0.4851 8.1678 1.0415
v 0.0651 8.1239 1.3146
v 0.3535 8.2339 1.102
v 0.054 6.685 -0.1354
v 0.049 6.6005 -0.1164
v 0.0941 8.2749 1.1621
v 0.1497 8.0686 -0.2535
v 0.126 7.6282 -0.3872
v 0.0559 6.7532 -0.1475
v 0.1519 8.4771 0.6926
v 0.1747 8.4575 0.3073
v 0.1159 7.2609 -0.3713
v 0.102 7.1154 -0.3205
v 0.0762 6.991 -0.2536
v 0.1196 8.3974 0.9698
v 0.0475 6.3253 -0.1061
v 0.0461 6.4865 -0.0951
v 0.3554 6.3525 0.7607
v 0.3297 6.3282 0.8026
v 0.3058 6.271 0.6628
v 0.2751 6.2464 0.6972
v 0.1765 6.1908 0.7831
v 0.1323 6.1799 0.8137
v 0.1479 6.6761 -0.1324
v 0.2386 8.3787 0.9608
v 0.1519 6.7401 -0.1436
v 0.1794 6.9939 -0.2456
v 0.1372 6.477 -0.1098
v 0.2429 7.6127 -0.3705
v 0.2265 7.2627 -0.3541
v 0.209 7.1192 -0.305
v 0.279 8.0499 -0.2402
v 0.3019 8.4243 0.3057
v 0.1387 6.3132 -0.1207
v 0.2708 8.4542 0.6879
v 0.1409 6.5933 -0.118
v 0.2057 8.2615 1.147
v 0.3487 7.3318 1.389
v 0.3114 7.3316 1.3973
v 0.3806 7.3248 1.376
v 0.4067 7.3159 1.3602
v 0.4238 7.3088 1.3476
v 0.4297 7.3006 1.3437
v 0.434 7.2931 1.3409
v 0.435 7.2875 1.3389
v 0.4342 7.283 1.3386
v 0.4316 7.275 1.3412
v 0.4202 7.2676 1.3512
v 0.4009 7.2578 1.3647
v 0.3807 7.2493 1.3752
v 0.3497 7.2428 1.3877
v 0.3109 7.2415 1.3928
v 0.276 7.2442 1.3879
v 0.2438 7.2496 1.38
v 0.2178 7.2571 1.3676
v 0.272 7.3243 1.396
v 0.2353 7.3097 1.3848
v 0.2194 7.2952 1.3751
v 0.2087 7.2812 1.3697
v 0.203 7.2751 1.369
v 0.203 7.2683 1.3675
v 0.2108 7.2625 1.366
v 0.2139 7.2883 1.3724
v 0.3508 7.3255 1.3617
v 0.3141 7.325 1.368
v 0.3846 7.3209 1.3522
v 0.4066 7.317 1.3399
v 0.4217 7.3084 1.3277
v 0.428 7.3019 1.3218
v 0.4322 7.2943 1.3154
v 0.4335 7.2877 1.3109
v 0.4338 7.2816 1.3081
v 0.4347 7.2768 1.3077
v 0.4254 7.2662 1.3187
v 0.4017 7.2566 1.3362
v 0.3807 7.2519 1.3462
v 0.3528 7.2468 1.3554
v 0.3103 7.2467 1.3611
v 0.2774 7.2487 1.3573
v 0.2404 7.2546 1.3471
v 0.2222 7.2575 1.3421
v 0.2706 7.3184 1.3657
v 0.2354 7.3088 1.3574
v 0.2178 7.2988 1.348
v 0.2096 7.2827 1.3462
v 0.2048 7.2754 1.3457
v 0.2036 7.2715 1.3456
v 0.2081 7.265 1.3445
v 0.2146 7.2904 1.3461
v 0.3512 7.3748 1.3641
v 0.3087 7.3751 1.371
v 0.3865 7.3654 1.3528
v 0.4121 7.3522 1.3403
v 0.4298 7.3367 1.329
v 0.4407 7.3218 1.3209
v 0.4476 7.3071 1.3146
v 0.4513 7.2931 1.3105
v 0.4524 7.2794 1.3089
v 0.451 7.2665 1.31
v 0.4383 7.2406 1.3229
v 0.42 7.222 1.337
v 0.3939 7.205 1.3506
v 0.3555 7.1918 1.3629
v 0.3018 7.1882 1.3688
v 0.2597 7.1949 1.3643
v 0.2294 7.2057 1.3554
v 0.1983 7.2262 1.3405
v 0.2632 7.364 1.3704
v 0.2253 7.3443 1.362
v 0.2005 7.3228 1.3508
v 0.1794 7.2874 1.3326
v 0.1765 7.2731 1.3271
v 0.1776 7.2597 1.3273
v 0.1838 7.2438 1.3313
v 0.1867 7.3036 1.3411
v 0.3512 7.4102 1.3266
v 0.3044 7.4128 1.3329
v 0.3895 7.3968 1.3171
v 0.418 7.378 1.3066
v 0.4377 7.3573 1.2966
v 0.4504 7.337 1.2885
v 0.4582 7.3174 1.2822
v 0.4623 7.2984 1.278
v 0.4634 7.2793 1.2764
v 0.4617 7.2611 1.2775
v 0.4495 7.2261 1.2875
v 0.4325 7.2013 1.2981
v 0.4042 7.1763 1.31
v 0.3603 7.156 1.3217
v 0.3007 7.1498 1.3276
v 0.2524 7.16 1.3247
v 0.2209 7.1755 1.3185
v 0.1864 7.2069 1.3081
v 0.2545 7.4005 1.3335
v 0.2124 7.375 1.3279
v 0.1849 7.3449 1.3192
v 0.164 7.2937 1.3074
v 0.1625 7.2735 1.3056
v 0.1645 7.254 1.3036
v 0.1717 7.2316 1.3033
v 0.1703 7.3172 1.3112
v 0.3484 7.4299 1.2864
v 0.3004 7.4336 1.2908
v 0.3879 7.4151 1.2797
v 0.4177 7.3942 1.2718
v 0.4388 7.371 1.2639
v 0.4527 7.3476 1.257
v 0.4614 7.3248 1.2513
v 0.466 7.3021 1.2474
v 0.4672 7.2793 1.2456
v 0.4652 7.2575 1.2459
v 0.4528 7.2176 1.252
v 0.436 7.19 1.259
v 0.4069 7.1613 1.2678
v 0.3611 7.1375 1.2768
v 0.2991 7.1301 1.2827
v 0.2495 7.1417 1.2827
v 0.2176 7.159 1.2801
v 0.1809 7.1953 1.2753
v 0.2496 7.4215 1.2916
v 0.206 7.3944 1.2887
v 0.1768 7.3603 1.2838
v 0.1547 7.2993 1.2757
v 0.1536 7.2749 1.2735
v 0.1564 7.2515 1.2725
v 0.1647 7.2245 1.2732
v 0.1612 7.3275 1.2792
v 0.3444 7.437 1.2547
v 0.2975 7.4404 1.2575
v 0.3837 7.4225 1.25
v 0.4139 7.4016 1.2443
v 0.4357 7.3779 1.2382
v 0.4505 7.3534 1.2326
v 0.4598 7.329 1.2278
v 0.4648 7.3044 1.2243
v 0.466 7.2795 1.2223
v 0.4637 7.2561 1.2219
v 0.4508 7.2147 1.2251
v 0.434 7.1866 1.2293
v 0.405 7.1572 1.2352
v 0.3592 7.1327 1.2419
v 0.2976 7.125 1.2478
v 0.2489 7.1364 1.2502
v 0.2176 7.1535 1.2503
v 0.1801 7.1906 1.2494
v 0.2482 7.4286 1.2583
v 0.2055 7.4024 1.2571
v 0.1758 7.3684 1.2551
v 0.1518 7.3037 1.2515
v 0.1505 7.2769 1.2503
v 0.1536 7.2511 1.2495
v 0.1627 7.2217 1.2492
v 0.1591 7.3342 1.2531
v 0.3403 7.4379 1.23
v 0.1505 7.2794 1.2317
v 0.3788 7.4244 1.2269
v 0.1779 7.3721 1.2326
v 0.4312 7.3809 1.2183
v 0.4465 7.3563 1.214
v 0.4616 7.3061 1.2068
v 0.4628 7.2804 1.2047
v 0.2484 7.1373 1.2256
v 0.4472 7.2153 1.2048
v 0.4305 7.1877 1.2068
v 0.4017 7.1585 1.2103
v 0.3563 7.1342 1.2152
v 0.2959 7.1263 1.2212
v 0.4603 7.2565 1.2039
v 0.218 7.1537 1.2277
v 0.1807 7.1903 1.2291
v 0.4563 7.3314 1.2101
v 0.2073 7.4045 1.2328
v 0.2481 7.4292 1.2327
v 0.409 7.4043 1.2228
v 0.1524 7.3074 1.2321
v 0.2951 7.4406 1.2319
v 0.1536 7.2523 1.2311
v 0.1629 7.2219 1.23
v 0.1605 7.3385 1.2324
v 0.3362 7.4354 1.2077
v 0.1527 7.2822 1.214
v 0.3733 7.4232 1.2057
v 0.1819 7.3733 1.212
v 0.4254 7.3817 1.1998
v 0.4411 7.3577 1.1967
v 0.4566 7.3079 1.1905
v 0.4579 7.2821 1.1881
v 0.248 7.1419 1.2028
v 0.4422 7.2184 1.186
v 0.4256 7.1916 1.186
v 0.3971 7.1631 1.1875
v 0.3526 7.1395 1.1909
v 0.294 7.1317 1.1969
v 0.4554 7.2583 1.187
v 0.2186 7.1574 1.2067
v 0.1823 7.1928 1.21
v 0.4511 7.3332 1.1935
v 0.2102 7.4033 1.211
v 0.2488 7.4262 1.2097
v 0.403 7.4044 1.2029
v 0.1552 7.3105 1.2136
v 0.2931 7.4373 1.2087
v 0.1553 7.2548 1.2134
v 0.1645 7.2244 1.2117
v 0.1642 7.3413 1.2128
v 0.332 7.429 1.1846
v 0.1578 7.2851 1.1935
v 0.3666 7.4185 1.1834
v 0.1883 7.372 1.1898
v 0.4173 7.3801 1.1792
v 0.433 7.3573 1.1774
v 0.4483 7.3098 1.1717
v 0.4495 7.2845 1.1691
v 0.2488 7.1508 1.1782
v 0.4343 7.2238 1.1654
v 0.4178 7.1986 1.1637
v 0.3899 7.1715 1.1637
v 0.3477 7.1495 1.1659
v 0.2927 7.1419 1.1714
v 0.4472 7.2614 1.1679
v 0.2207 7.1648 1.1835
v 0.1859 7.1983 1.1882
v 0.443 7.3341 1.1749
v 0.2148 7.3988 1.188
v 0.2506 7.4194 1.1859
v 0.395 7.4014 1.1813
v 0.1611 7.3126 1.1924
v 0.2919 7.4299 1.1848
v 0.1599 7.2586 1.1929
v 0.1688 7.2291 1.1905
v 0.1708 7.3423 1.191
v 0.3278 7.4157 1.1573
v 0.1699 7.288 1.1655
v 0.358 7.4072 1.1566
v 0.2004 7.3665 1.1618
v 0.4042 7.3734 1.1534
v 0.4192 7.3533 1.1525
v 0.4329 7.3104 1.1473
v 0.4339 7.287 1.1448
v 0.2537 7.1668 1.1491
v 0.4199 7.2324 1.1408
v 0.4041 7.2103 1.1382
v 0.3784 7.1864 1.1373
v 0.3412 7.1672 1.1387
v 0.2931 7.1602 1.1428
v 0.432 7.2658 1.1438
v 0.2277 7.1783 1.1548
v 0.1958 7.2083 1.1595
v 0.4284 7.3326 1.1505
v 0.2241 7.3892 1.1601
v 0.2558 7.4065 1.1577
v 0.3834 7.3924 1.1548
v 0.174 7.3133 1.1641
v 0.2925 7.4158 1.1569
v 0.1715 7.2638 1.1649
v 0.1799 7.2367 1.162
v 0.184 7.3404 1.1626
v 0.3378 7.2421 1.0915
v 0.3306 7.2311 1.0938
v 0.3237 7.2209 1.0968
v 0.3037 7.2178 1.0975
v 0.3452 7.2735 1.088
v 0.2869 7.2318 1.0935
v 0.2758 7.2491 1.0906
v 0.3431 7.3156 1.0906
v 0.2835 7.3492 1.1001
v 0.2934 7.3575 1.1028
v 0.3289 7.35 1.0997
v 0.2654 7.3101 1.0918
v 0.3025 7.3647 1.1062
v 0.2638 7.2802 1.0899
v 0.2684 7.2645 1.0897
v 0.2699 7.325 1.0941
v 0.3455 7.2619 1.0892
v 0.2816 7.2391 1.092
v 0.2344 7.2114 1.1216
v 0.3983 7.2578 1.1136
v 0.2137 7.3333 1.1254
v 0.2091 7.2488 1.1234
v 0.2016 7.2709 1.1257
v 0.2965 7.3902 1.1257
v 0.2047 7.3115 1.1257
v 0.3634 7.3726 1.1231
v 0.2694 7.3828 1.1252
v 0.2454 7.3704 1.1258
v 0.3989 7.3257 1.1187
v 0.2221 7.2258 1.1221
v 0.2475 7.2023 1.12
v 0.4014 7.2713 1.1138
v 0.2971 7.19 1.1141
v 0.3329 7.1955 1.1119
v 0.3595 7.2101 1.1106
v 0.379 7.2281 1.1108
v 0.3918 7.2447 1.1125
v 0.2679 7.1944 1.117
v 0.4026 7.2886 1.1143
v 0.402 7.3077 1.1162
v 0.2498 6.2246 0.7236
v 0.3036 6.3007 0.8416
v 0.3488 6.3212 0.9364
v 0.377 6.3338 1.0023
v 0.4025 6.3443 1.0562
v 0.4109 6.3639 1.1033
v 0.4049 6.3886 1.145
v 0.3194 6.522 1.3701
v 0.2894 6.5526 1.3961
v 0.2795 6.5647 1.4033
v 0.2562 6.5891 1.4165
v 0.2496 6.5956 1.4174
v 0.2454 6.6 1.4194
v 0.2415 6.6034 1.421
v 0.2388 6.606 1.4176
v 0.2367 6.6081 1.4095
v 0.2377 6.6099 1.3942
v 0.2445 6.6105 1.3726
v 0.2427 6.6035 1.3585
v 0.2448 6.5925 1.3487
v 0.2472 6.586 1.3389
v 0.2552 6.5757 1.3164
v 0.2784 6.5716 1.2669
v 0.2994 6.574 1.1638
v 0.3297 6.5818 1.0091
v 0.3158 6.5835 0.8143
v 0.2617 6.5846 0.5995
v 0.1892 6.5904 0.5667
v 0.1975 6.659 0.5647
v 0.289 6.7401 0.641
v 0.3234 6.8108 0.8164
v 0.3235 6.8444 1.0174
v 0.281 6.8139 1.1934
v 0.2594 6.771 1.2986
v 0.2366 6.7272 1.3501
v 0.2286 6.6922 1.3681
v 0.2274 6.6633 1.375
v 0.2282 6.6356 1.3793
v 0.2304 6.6217 1.3957
v 0.2315 6.6155 1.4109
v 0.2351 6.612 1.4214
v 0.2399 6.6112 1.4263
v 0.2443 6.6116 1.4273
v 0.249 6.6119 1.4262
v 0.2575 6.6136 1.4252
v 0.2652 6.6148 1.422
v 0.2863 6.6273 1.4142
v 0.2997 6.6336 1.4075
v 0.6472 7.282 1.0577
v 0.6302 7.3541 1.0902
v 0.6054 7.424 1.1442
v 0.5714 7.4875 1.2133
v 0.5148 7.5462 1.2847
v 0.4384 7.5899 1.3549
v 0.3462 7.6214 1.4155
v 0.2505 7.6438 1.4644
v 0.1546 7.6553 1.5029
v 0.061 7.6578 1.5214
v 0.3096 7.3374 1.4127
v 0.3473 7.3383 1.4077
v 0.3824 7.3332 1.4005
v 0.4103 7.3242 1.3889
v 0.4295 7.3143 1.3781
v 0.4392 7.305 1.369
v 0.4438 7.2978 1.3612
v 0.4448 7.2899 1.355
v 0.4428 7.2826 1.3539
v 0.4388 7.2753 1.3548
v 0.425 7.2618 1.3647
v 0.4106 7.2512 1.3741
v 0.3905 7.2421 1.3858
v 0.3522 7.235 1.4001
v 0.3109 7.2338 1.4028
v 0.2738 7.2367 1.3983
v 0.2382 7.2423 1.392
v 0.2012 7.2507 1.3821
v 0.2701 7.3295 1.4076
v 0.2333 7.3164 1.3977
v 0.2067 7.3004 1.3967
v 0.1789 7.2826 1.3975
v 0.1717 7.2759 1.3885
v 0.1704 7.2676 1.3822
v 0.1756 7.2598 1.3816
v 0.1899 7.29 1.3965
v 0.1553 7.2505 1.3949
v 0.2217 7.3393 1.4072
v 0.1902 7.319 1.4045
v 0.3916 7.358 1.3859
v 0.4544 7.3279 1.3543
v 0.4678 7.3139 1.3414
v 0.4733 7.3013 1.3316
v 0.4747 7.2892 1.3264
v 0.4741 7.2764 1.3251
v 0.4529 7.2326 1.3344
v 0.4701 7.2621 1.3223
v 0.3642 7.1937 1.3842
v 0.4037 7.2032 1.3657
v 0.3178 7.192 1.3967
v 0.2672 7.1966 1.398
v 0.1764 7.2308 1.3853
v 0.2245 7.2075 1.3934
v 0.433 7.217 1.3521
v 0.1718 7.3036 1.4033
v 0.152 7.2646 1.4022
v 0.1606 7.2896 1.404
v 0.1542 7.2773 1.4045
v 0.2627 7.3555 1.4077
v 0.3499 7.3652 1.402
v 0.3073 7.3643 1.4084
v 0.4284 7.3444 1.3712
v 0.3489 6.9519 1.4254
v 0.1729 6.8944 1.489
v 0.1713 6.9033 1.509
v 0.2136 7.0547 1.4478
v 0.283 7.0134 1.4491
v 0.334 7.0395 1.4313
v 0.2425 7.0794 1.4417
v 0.4973 6.9449 1.317
v 0.5497 6.9821 1.2637
v 0.2374 6.9129 1.4551
v 0.2744 6.858 1.4431
v 0.171 6.9319 1.4881
v 0.2282 6.8445 1.4587
v 0.4518 7.2551 1.3376
v 0.4406 7.2629 1.3495
v 0.4295 7.2712 1.3613
v 0.212 7.2385 1.3875
v 0.2218 7.252 1.3842
v 0.2067 7.2296 1.3879
v 0.1851 7.2042 1.3889
v 0.4784 7.2394 1.3125
v 0.1743 7.1878 1.407
v 0.4995 7.2271 1.2985
v 0.1819 7.1079 1.4383
v 0.5467 7.1934 1.252
v 0.1362 7.004 1.5085
v 0.5763 7.1741 1.225
v 0.105 7.1691 1.4622
v 0.6007 7.1524 1.1912
v 0.6796 6.9961 0.8807
v 0.6924 6.9527 0.7108
v 0.6871 6.9589 0.7678
v 0.5223 7.2117 1.2758
v 0.1403 7.1364 1.4467
v 0.4267 7.2712 1.3461
v 0.227 7.2537 1.3727
v 0.43 7.2715 1.3132
v 0.2293 7.256 1.3435
v 0.4466 7.2544 1.3149
v 0.2123 7.2149 1.3478
v 0.4576 7.2448 1.281
v 0.2021 7.1897 1.3131
v 0.4608 7.2386 1.248
v 0.198 7.1752 1.2775
v 0.459 7.2362 1.2229
v 0.198 7.1698 1.2499
v 0.4555 7.2365 1.204
v 0.1987 7.1696 1.2286
v 0.4505 7.2388 1.1864
v 0.1999 7.1726 1.2087
v 0.4425 7.243 1.1669
v 0.2028 7.1788 1.1864
v 0.4278 7.2493 1.1429
v 0.2112 7.1904 1.158
v 0.3917 7.3422 1.1205
v 0.3796 7.358 1.1216
v 0.2269 7.3536 1.1259
v 0.3447 7.384 1.1251
v 0.2005 7.2908 1.1264
v 0.3232 7.3906 1.1264
v 0.4331 7.2685 1.3583
v 0.2179 7.2467 1.3863
v 0.4639 7.2475 1.3245
v 0.1971 7.218 1.3871
v 0.1618 7.1705 1.4211
v 0.4689 6.9935 1.3472
v 0.1222 6.7908 1.5171
v 0.1857 6.8348 1.4708
v 0.164 6.8001 1.4923
v 0.1757 6.8899 1.4694
v 0.3642 6.702 1.3771
v 0.3392 6.7543 1.4028
v 0.3301 6.5598 1.3716
v 0.3328 6.599 1.3782
v 0.3221 6.6394 1.3931
v 0.3005 6.6785 1.4164
v 0.2012 6.8982 1.4623
v 0.2881 6.9327 1.4479
v 0.3255 6.8759 1.4218
v 0.3253 6.6909 1.3973
v 0.3851 6.8959 1.3979
v 0.5396 6.8469 1.2375
v 0.5819 6.8923 1.1801
v 0.5503 6.7903 1.1837
v 0.5905 6.8425 1.1234
v 0.35 6.6443 1.3741
v 0.3607 6.5936 1.3544
v 0.0676 6.3331 1.4894
v 0.1362 6.3502 1.4619
v 0.199 6.3798 1.4203
v 0.258 6.4162 1.3825
v 0.3074 6.4555 1.3526
v 0.3371 6.497 1.3416
v 0.3541 6.5439 1.3431
v 0.2806 6.3387 1.3327
v 0.2198 6.2877 1.3779
v 0.1512 6.2503 1.4211
v 0.0759 6.2327 1.4424
v 0.4012 6.5127 1.2651
v 0.3717 6.4489 1.269
v 0.3314 6.3918 1.2939
v 0.4203 6.6518 1.3134
v 0.4183 6.5831 1.2828
v 0.5853 7.0256 1.2159
v 0.6157 6.9493 1.1288
v 0.6238 6.9059 1.0719
v 0.6094 7.0755 1.1765
v 0.6369 7.0106 1.0872
v 0.6478 6.9751 1.0308
v 0.6221 7.1277 1.15
v 0.6486 7.0748 1.0587
v 0.6606 7.048 1.0028
v 0.6248 7.1799 1.1372
v 0.6539 7.1417 1.0447
v 0.6664 7.1234 0.9892
v 0.6232 7.2322 1.1362
v 0.6545 7.2113 1.045
v 0.6684 7.2016 0.9904
v 0.3674 7.722 1.387
v 0.5518 7.6212 1.2279
v 0.0605 7.7675 1.4941
v 0.16 7.7672 1.4763
v 0.6757 7.2836 0.9518
v 0.2608 7.7507 1.4389
v 0.4688 7.6793 1.3165
v 0.6595 7.3793 0.9949
v 0.6371 7.4697 1.0536
v 0.6063 7.5489 1.1373
v 0.6788 7.105 0.9307
v 0.6824 7.1932 0.9359
v 0.6718 7.0209 0.9421
v 0.6586 6.9395 0.9698
v 0.6306 6.8612 1.0068
v 0.5974 6.7871 1.0551
v 0.3877 6.5884 1.3243
v 0.5558 6.7241 1.1216
v 0.2546 7.1251 1.4238
v 0.2703 6.3698 1.3583
v 0.3779 6.5276 1.3063
v 0.21 6.3279 1.4032
v 0.0721 6.2773 1.4686
v 0.1467 6.2933 1.4487
v 0.3546 6.4719 1.3073
v 0.3184 6.4208 1.3262
v 0.3827 6.6489 1.3511
v 0.3236 7.1121 1.4116
v 0.0717 6.2082 1.4229
v 0.1506 6.2287 1.3991
v 0.2197 6.265 1.3568
v 0.2822 6.316 1.3088
v 0.342 6.3682 1.2606
v 0.388 6.4286 1.2295
v 0.4247 6.4983 1.2166
v 0.4555 6.5769 1.2187
v 0.513 7.7996 1.2336
v 0.5977 7.7181 1.1338
v 0.3979 7.8535 1.3143
v 0.2794 7.8928 1.3867
v 0.6637 7.519 0.9597
v 0.6439 7.6209 1.0421
v 0.6944 7.0747 0.831
v 0.6963 7.1793 0.8429
v 0.6875 7.2891 0.8658
v 0.6656 6.8737 0.831
v 0.6759 7.4083 0.8958
v 0.5537 6.5792 0.9688
v 0.5981 6.6629 0.8951
v 0.6339 6.7604 0.8453
v 0.0627 7.9172 1.4416
v 0.1569 7.9109 1.429
v 0.6824 6.973 0.8292
v 0.1339 7.1981 1.4261
v 0.1969 7.1465 1.4224
v 0.327 7.0815 1.42
v 0.2384 6.9838 1.455
v 0.1908 7.023 1.4578
v 0.1416 7.0264 1.4881
v 0.1531 7.0535 1.47
v 0.1171 7.0511 1.514
v 0.1227 7.0806 1.4911
v 0.0942 7.1055 1.5132
v 0.2657 6.7257 1.4455
v 0.4284 7.5534 1.3656
v 0.5016 7.5142 1.3026
v 0.5562 7.4629 1.2394
v 0.5906 7.4069 1.1789
v 0.6143 7.3462 1.132
v 0.6313 7.284 1.1039
v 0.1529 7.605 1.5063
v 0.0601 6.8474 -0.1831
v 0.1596 6.8457 -0.1787
v 0.2663 6.8354 -0.1629
v 0.3585 6.8314 -0.1106
v 0.4374 6.8259 -0.0366
v 0.491 6.8269 0.0789
v 0.5313 6.837 0.2001
v 0.5565 6.8685 0.2919
v 0.5737 6.9028 0.3597
v 0.5715 6.8531 0.3925
v 0.5466 6.8114 0.3331
v 0.4852 6.7613 0.1028
v 0.4363 6.7613 -0.0135
v 0.3541 6.768 -0.0985
v 0.2592 6.7787 -0.1467
v 0.1566 6.7957 -0.1603
v 0.0579 6.8029 -0.1661
v 0.519 6.7708 0.2394
v 0.3904 6.768 1.3746
v 0.4396 6.7861 1.339
v 0.4105 6.7113 1.3456
v 0.4561 6.726 1.3001
v 0.4627 6.6568 1.2581
v 0.0671 6.186 1.3931
v 0.1479 6.2047 1.3714
v 0.2223 6.2432 1.3276
v 0.2882 6.2966 1.276
v 0.3489 6.3506 1.2285
v 0.3992 6.4105 1.1874
v 0.4451 6.482 1.1575
v 0.4984 6.5782 1.1305
v 0.5072 6.6769 1.1904
v 0.5038 6.7494 1.2464
v 0.4929 6.8105 1.2936
v 0.2505 7.1026 1.4335
v 0.4415 6.9187 1.3619
v 0.4001 6.9741 1.3914
v 0.1922 7.1282 1.4315
v 0.1505 7.1544 1.4326
v 0.3434 7.2524 1.0903
v 0.2947 7.2247 1.0952
v 0.3446 7.2873 1.0876
v 0.3441 7.3018 1.0885
v 0.3403 7.3284 1.0933
v 0.3352 7.3399 1.0963
v 0.2757 7.3384 1.0971
v 0.3228 7.3581 1.103
v 0.263 7.2951 1.0906
v 0.3174 7.3651 1.1066
v 0.2474 7.5971 1.4697
v 0.0625 7.6057 1.5264
v 0.2605 6.7911 1.4444
v 0.309 6.805 1.4232
v 0.5174 6.8972 1.2747
v 0.5673 6.9391 1.2261
v 0.6047 6.9888 1.1778
v 0.6255 7.0434 1.1377
v 0.6351 7.1014 1.1077
v 0.6387 7.1609 1.0956
v 0.6383 7.2218 1.0939
v 0.2297 6.7759 1.4643
v 0.4158 6.8411 1.3714
v 0.3629 6.8226 1.4008
v 0.4691 6.8653 1.3304
v 0.1311 6.4969 1.4946
v 0.0536 6.4841 1.5131
v 0.2614 6.5832 1.4147
v 0.2715 6.6198 1.4203
v 0.1731 6.7153 1.5094
v 0.1678 6.7546 1.5023
v 0.0928 6.8064 1.4486
v 0.0922 6.7507 1.4718
v 0.0963 6.7072 1.4758
v 0.1004 6.6617 1.4764
v 0.148 6.941 0.8298
v 0.1556 6.9802 1.0279
v 0.1108 6.9531 1.2282
v 0.1008 6.8816 1.3669
v 0.1085 6.629 1.4911
v 0.1094 6.6193 1.5003
v 0.1291 6.7639 1.5213
v 0.1358 6.734 1.528
v 0.0904 6.688 0.5716
v 0.1199 6.8306 0.6701
v 0.6387 7.9999 0.1434
v 0.1696 8.2975 -0.045
v 0.3043 8.2673 -0.0299
v 0.7194 7.341 0.3701
v 0.379 7.7872 -0.2993
v 0.4796 7.7443 -0.2261
v 0.6808 7.5439 0.1073
v 0.7175 7.408 0.3081
v 0.5616 7.6829 -0.1067
v 0.6301 7.6164 0.0013
v 0.7104 7.472 0.2224
v 0.1389 7.8254 -0.3578
v 0.2621 7.813 -0.3436
v 0.6917 7.2526 0.3318
v 0.6288 7.3377 0.0561
v 0.6826 7.2912 0.2601
v 0.4284 7.4129 -0.2642
v 0.5082 7.3928 -0.1662
v 0.5759 7.3667 -0.0559
v 0.336 7.4254 -0.3279
v 0.6705 7.3175 0.1632
v 0.1142 7.4354 -0.3882
v 0.2278 7.4298 -0.3715
v 0.6951 7.5771 0.8545
v 0.7399 7.6635 0.661
v 0.7274 7.6428 0.7364
v 0.6984 7.4427 0.807
v 0.74 7.5479 0.5746
v 0.7343 7.5406 0.6403
v 0.7213 7.5164 0.7061
v 0.7048 7.2982 0.7574
v 0.7322 7.4481 0.577
v 0.7281 7.4384 0.6269
v 0.7192 7.4112 0.6785
v 0.6226 6.8372 0.5262
v 0.6058 6.8684 0.4731
v 0.6328 7.036 0.3577
v 0.6108 6.9378 0.4058
v 0.6042 6.8973 0.439
v 0.7037 7.1669 0.7447
v 0.7092 7.0446 0.6429
v 0.7204 6.9045 0.6128
v 0.7084 6.9745 0.6333
v 0.7141 7.1672 0.6576
v 0.7275 7.2882 0.6077
v 0.7227 7.2537 0.6335
v 0.7123 7.1093 0.654
v 0.7296 7.0492 0.6189
v 0.726 6.9307 0.5986
v 0.7381 6.8988 0.567
v 0.7316 6.9908 0.617
v 0.7213 7.1519 0.6305
v 0.7397 7.2332 0.6156
v 0.7199 7.1027 0.6275
v 0.7284 6.9529 0.5871
v 0.7385 6.927 0.56
v 0.729 7.141 0.6129
v 0.728 7.0973 0.609
v 0.7178 7.0609 0.582
v 0.6874 6.9946 0.5713
v 0.7386 6.9659 0.5504
v 0.6989 7.0263 0.5791
v 0.736 7.1289 0.5941
v 0.7257 7.0947 0.5897
v 0.6865 7.0837 0.5632
v 0.6872 7.052 0.5323
v 0.7013 7.0358 0.5178
v 0.6811 7.0668 0.5501
v 0.7324 7.1199 0.5738
v 0.7344 7.1664 0.5626
v 0.7256 7.026 0.5066
v 0.7109 7.1001 0.5688
v 0.7399 7.1341 0.5631
v 0.7093 7.1014 0.5558
v 0.7142 7.0478 0.4924
v 0.7334 7.1519 0.553
v 0.7332 7.1734 0.5431
v 0.7314 7.1159 0.5646
v 0.6922 7.0764 0.5351
v 0.7053 7.0541 0.5089
v 0.064 6.9013 -0.2039
v 0.1627 6.9047 -0.2003
v 0.2706 6.9041 -0.1804
v 0.5759 8.0001 1.0417
v 0.4583 8.0922 1.1298
v 0.3646 6.9074 -0.1303
v 0.6613 7.8798 0.9444
v 0.7051 7.7485 0.8607
v 0.4432 6.9044 -0.0508
v 0.3301 8.1536 1.1938
v 0.0796 8.2067 1.2477
v 0.4987 6.9081 0.0566
v 0.5698 6.9348 0.2576
v 0.5867 6.9589 0.3259
v 0.1848 8.1866 1.2343
v 0.5392 6.9134 0.174
v 0.7131 7.6112 0.7985
v 0.7095 7.4826 0.7575
v 0.7108 7.3681 0.7193
v 0.6216 6.9859 0.3787
v 0.7169 7.2151 0.6499
v 0.7281 7.1954 0.6272
v 0.7368 7.181 0.6126
v 0.7398 7.1428 0.5717
v 0.696 7.0637 0.5226
v 0.6926 7.0893 0.5454
v 0.7137 7.0979 0.5786
v 0.6851 7.0758 0.5748
v 0.675 7.0536 0.5631
v 0.717 7.0067 0.5361
v 0.7334 7.1229 0.5816
v 0.6816 7.0303 0.5493
v 0.7249 7.0971 0.53
v 0.7266 7.1375 0.5211
v 0.7306 7.0954 0.5963
v 0.7394 7.1695 0.5242
v 0.7333 7.1101 0.5545
v 0.739 6.9485 0.5557
v 0.7326 7.0623 0.4924
v 0.7018 7.0924 0.5258
v 0.7088 7.1018 0.5407
v 0.7325 7.1375 0.5427
v 0.7262 7.1511 0.5303
v 0.7059 7.0852 0.5203
v 0.722 7.0694 0.5021
v 0.7343 7.0882 0.5182
v 0.7139 7.0774 0.5125
v 0.7277 7.0927 0.5246
v 0.7133 6.9817 0.5758
v 0.7345 7.1335 0.6016
v 0.7341 7.1541 0.5151
v 0.7374 7.107 0.541
v 0.7161 7.0153 0.5872
v 0.7361 7.1424 0.4947
v 0.7314 7.1254 0.4987
v 0.7297 7.1302 0.5112
v 0.733 7.1458 0.5048
v 0.7193 7.0959 0.5843
v 0.7364 6.9848 0.5463
v 0.6985 7.0682 0.5785
v 0.6822 7.04 0.5712
v 0.735 7.1256 0.5878
v 0.6819 7.015 0.5616
v 0.7065 7.0453 0.6631
v 0.7008 6.9657 0.6492
v 0.7122 6.8928 0.6269
v 0.7278 6.8229 0.5791
v 0.7058 6.8698 0.4887
v 0.6993 6.9424 0.482
v 0.7098 7.1212 0.6763
v 0.7115 7.1913 0.6809
v 0.7104 6.9839 0.4567
v 0.7279 7.3134 0.6133
v 0.7203 7.2832 0.6455
v 0.7335 7.3259 0.5839
v 0.7137 6.8396 0.52
v 0.7294 7.055 0.421
v 0.7148 7.2444 0.6682
v 0.7175 7.0272 0.4364
v 0.7054 7.1693 0.3865
v 0.7374 7.3125 0.4435
v 0.682 7.1006 0.3947
v 0.7036 7.05 0.6915
v 0.7361 7.2546 0.4039
v 0.6904 6.8783 0.6416
v 0.6538 6.894 0.4989
v 0.7081 7.2287 0.7093
v 0.7263 7.359 0.6186
v 0.7309 7.3662 0.5311
v 0.6718 7.052 0.4073
v 0.7325 7.3479 0.4668
v 0.697 6.9594 0.6723
v 0.738 7.2867 0.4201
v 0.6952 6.8252 0.5854
v 0.6511 6.9297 0.4734
v 0.7078 7.14 0.7061
v 0.6578 6.9691 0.448
v 0.7185 7.3321 0.6586
v 0.7239 7.2201 0.3929
v 0.731 7.3694 0.5817
v 0.6691 6.8585 0.5442
v 0.7128 7.2911 0.6885
v 0.6668 7.0124 0.4247
v 0.3112 7.3315 1.404
v 0.349 7.3309 1.3983
v 0.4385 7.293 1.3556
v 0.4343 7.3011 1.3614
v 0.4287 7.3075 1.3664
v 0.4104 7.3179 1.3778
v 0.3833 7.325 1.39
v 0.2723 7.3235 1.4007
v 0.1851 7.2669 1.3746
v 0.197 7.2598 1.3673
v 0.2123 7.256 1.3723
v 0.1934 7.2802 1.3747
v 0.2018 7.2875 1.3795
v 0.1847 7.274 1.3768
v 0.4248 7.2676 1.3613
v 0.2424 7.2487 1.3858
v 0.276 7.2434 1.3936
v 0.2116 7.2952 1.3827
v 0.3114 7.2398 1.3999
v 0.2353 7.3097 1.3898
v 0.3519 7.2408 1.3967
v 0.3848 7.2478 1.3835
v 0.4071 7.2569 1.3739
v 0.4342 7.275 1.3509
v 0.4377 7.2824 1.3492
v 0.4394 7.2875 1.3509
v 0.2244 7.2529 1.3785
v 0.4296 7.2711 1.3557
vt 0.833218 0.448147
vt 0.834363 0.447974
vt 0.834501 0.450931
vt 0.833504 0.451106
vt 0.83064 0.447989
vt 0.832059 0.448069
vt 0.832342 0.451187
vt 0.830924 0.45139
vt 0.833492 0.445394
vt 0.832425 0.445084
vt 0.831206 0.444629
vt 0.833358 0.442531
vt 0.832306 0.441554
vt 0.834282 0.443118
vt 0.83441 0.440582
vt 0.833735 0.439326
vt 0.834986 0.441425
vt 0.835445 0.439252
vt 0.83506 0.43758
vt 0.83583 0.44036
vt 0.836482 0.438421
vt 0.836308 0.436445
vt 0.836669 0.439611
vt 0.837695 0.437691
vt 0.837503 0.435888
vt 0.837722 0.439213
vt 0.838723 0.437866
vt 0.838796 0.435951
vt 0.838722 0.4394
vt 0.839948 0.438237
vt 0.840215 0.436137
vt 0.839764 0.439762
vt 0.841031 0.438783
vt 0.841562 0.436816
vt 0.84077 0.440279
vt 0.844623 0.443512
vt 0.84358 0.441536
vt 0.844462 0.44024
vt 0.845799 0.442721
vt 0.843755 0.444018
vt 0.842864 0.44224
vt 0.844262 0.452459
vt 0.844464 0.449796
vt 0.845745 0.449912
vt 0.845459 0.452913
vt 0.84699 0.449449
vt 0.846549 0.452945
vt 0.843761 0.455021
vt 0.844583 0.455604
vt 0.84557 0.455924
vt 0.843164 0.456612
vt 0.843812 0.457296
vt 0.84453 0.457951
vt 0.834408 0.454133
vt 0.835434 0.453841
vt 0.832042 0.454778
vt 0.833337 0.454407
vt 0.833813 0.45774
vt 0.834842 0.457235
vt 0.835752 0.456819
vt 0.836632 0.456504
vt 0.835669 0.459964
vt 0.836358 0.459319
vt 0.836882 0.458727
vt 0.837476 0.458295
vt 0.837234 0.461214
vt 0.837599 0.460529
vt 0.837941 0.459977
vt 0.838565 0.459144
vt 0.839635 0.462427
vt 0.838582 0.461979
vt 0.838651 0.46133
vt 0.839677 0.461567
vt 0.839817 0.460889
vt 0.838665 0.460848
vt 0.839513 0.459882
vt 0.840197 0.460199
vt 0.840723 0.462543
vt 0.84061 0.461595
vt 0.840681 0.460582
vt 0.840722 0.460029
vt 0.841844 0.462122
vt 0.841582 0.461237
vt 0.841394 0.460186
vt 0.841379 0.459171
vt 0.847427 0.441465
vt 0.845705 0.438663
vt 0.845422 0.458992
vt 0.846753 0.456823
vt 0.84815 0.453426
vt 0.848738 0.449287
vt 0.851007 0.44922
vt 0.850136 0.454056
vt 0.842148 0.434795
vt 0.840507 0.434271
vt 0.838864 0.434243
vt 0.837452 0.434334
vt 0.8361 0.434867
vt 0.834712 0.436042
vt 0.833224 0.43792
vt 0.831441 0.440711
vt 0.830016 0.444068
vt 0.829471 0.447854
vt 0.829758 0.4515
vt 0.830971 0.455137
vt 0.832915 0.458333
vt 0.835153 0.460668
vt 0.830539 0.439696
vt 0.832736 0.436091
vt 0.83829 0.462806
vt 0.83954 0.463275
vt 0.84081 0.463286
vt 0.842217 0.462615
vt 0.83684 0.46199
vt 0.837948 0.464224
vt 0.836251 0.463334
vt 0.834129 0.461768
vt 0.835693 0.465513
vt 0.837761 0.466439
vt 0.839449 0.464629
vt 0.839555 0.466771
vt 0.840972 0.464546
vt 0.841346 0.466582
vt 0.842737 0.463634
vt 0.843421 0.465704
vt 0.833994 0.472061
vt 0.835014 0.468555
vt 0.83746 0.469476
vt 0.836729 0.472992
vt 0.839558 0.47328
vt 0.839674 0.469745
vt 0.841783 0.469492
vt 0.842267 0.47292
vt 0.844312 0.468433
vt 0.845373 0.471408
vt 0.833188 0.475818
vt 0.8362 0.476554
vt 0.839296 0.47677
vt 0.842633 0.476321
vt 0.846828 0.474782
vt 0.832489 0.479391
vt 0.835621 0.479766
vt 0.851233 0.475587
vt 0.850122 0.479509
vt 0.845779 0.479471
vt 0.839005 0.479906
vt 0.842422 0.479816
vt 0.831957 0.483168
vt 0.835037 0.483168
vt 0.845354 0.483168
vt 0.838583 0.483168
vt 0.842117 0.483168
vt 0.853556 0.449226
vt 0.852507 0.454748
vt 0.850352 0.459224
vt 0.848202 0.457998
vt 0.84823 0.461738
vt 0.846477 0.460213
vt 0.851804 0.438162
vt 0.849363 0.439888
vt 0.847381 0.436456
vt 0.849453 0.43411
vt 0.837444 0.429918
vt 0.837417 0.432577
vt 0.836024 0.433093
vt 0.835812 0.430587
vt 0.841491 0.429452
vt 0.840938 0.432208
vt 0.838965 0.432336
vt 0.83931 0.429511
vt 0.834545 0.434111
vt 0.83415 0.431894
vt 0.832143 0.434469
vt 0.82996 0.438396
vt 0.828826 0.443596
vt 0.828012 0.443063
vt 0.828587 0.456696
vt 0.829827 0.455581
vt 0.831906 0.459094
vt 0.830819 0.460734
vt 0.828153 0.447784
vt 0.827086 0.44773
vt 0.827272 0.452208
vt 0.828475 0.451683
vt 0.833306 0.463756
vt 0.831024 0.47042
vt 0.832251 0.466748
vt 0.829909 0.474514
vt 0.829278 0.478813
vt 0.828692 0.483168
vt 0.824249 0.462103
vt 0.826496 0.458948
vt 0.829034 0.463731
vt 0.827389 0.467192
vt 0.822958 0.455215
vt 0.825212 0.453393
vt 0.824275 0.44172
vt 0.826448 0.442301
vt 0.825212 0.447843
vt 0.823036 0.448252
vt 0.826719 0.435444
vt 0.828839 0.436738
vt 0.840337 0.4222
vt 0.839743 0.426186
vt 0.837498 0.42673
vt 0.837449 0.423001
vt 0.835562 0.427574
vt 0.834933 0.424111
vt 0.843505 0.422129
vt 0.842354 0.426012
vt 0.833588 0.429146
vt 0.832253 0.42635
vt 0.831308 0.432241
vt 0.829519 0.43024
vt 0.824061 0.434409
vt 0.821446 0.441652
vt 0.827315 0.428249
vt 0.819734 0.457719
vt 0.820998 0.466881
vt 0.825776 0.471903
vt 0.840985 0.41807
vt 0.837301 0.419145
vt 0.833909 0.4209
vt 0.844751 0.417957
vt 0.830563 0.423878
vt 0.819997 0.449438
vt 0.848582 0.418634
vt 0.84685 0.422865
vt 0.824867 0.477797
vt 0.82404 0.483168
vt 0.82097 0.433462
vt 0.818202 0.441246
vt 0.816531 0.449852
vt 0.815702 0.458704
vt 0.820397 0.476051
vt 0.820112 0.483168
vt 0.815634 0.468046
vt 0.815595 0.476236
vt 0.812921 0.449878
vt 0.811985 0.459105
vt 0.817871 0.43227
vt 0.814816 0.440763
vt 0.815406 0.483168
vt 0.81167 0.468739
vt 0.811663 0.476551
vt 0.793761 0.414156
vt 0.79912 0.418878
vt 0.794004 0.431643
vt 0.787405 0.427342
vt 0.790113 0.443994
vt 0.783087 0.440797
vt 0.787471 0.455691
vt 0.780167 0.453963
vt 0.84598 0.413361
vt 0.841352 0.413532
vt 0.83693 0.414821
vt 0.832858 0.41739
vt 0.828545 0.421252
vt 0.824692 0.426571
vt 0.850543 0.41423
vt 0.826629 0.418393
vt 0.821996 0.424696
vt 0.831511 0.413454
vt 0.836525 0.410027
vt 0.810839 0.393178
vt 0.81402 0.397892
vt 0.806143 0.407754
vt 0.801811 0.402978
vt 0.787637 0.408912
vt 0.796545 0.397116
vt 0.804121 0.423019
vt 0.810082 0.412134
vt 0.821335 0.385052
vt 0.807295 0.388325
vt 0.819576 0.381156
vt 0.718699 0.351207
vt 0.725453 0.382823
vt 0.709928 0.391367
vt 0.701241 0.35303
vt 0.866036 0.468995
vt 0.868256 0.466282
vt 0.871518 0.464213
vt 0.872491 0.465879
vt 0.86978 0.468217
vt 0.876592 0.468151
vt 0.878003 0.468817
vt 0.88219 0.472043
vt 0.883563 0.471809
vt 0.880873 0.469707
vt 0.881304 0.472253
vt 0.880273 0.47102
vt 0.878653 0.471154
vt 0.878306 0.470296
vt 0.870948 0.469261
vt 0.872932 0.46713
vt 0.873161 0.468164
vt 0.881108 0.468198
vt 0.87477 0.458849
vt 0.873188 0.453922
vt 0.878989 0.449982
vt 0.880345 0.455542
vt 0.879854 0.471938
vt 0.878798 0.472278
vt 0.880692 0.472774
vt 0.897883 0.462182
vt 0.902785 0.459047
vt 0.904263 0.460476
vt 0.900338 0.46317
vt 0.91666 0.464538
vt 0.917769 0.463862
vt 0.92201 0.467878
vt 0.920201 0.468818
vt 0.913933 0.462248
vt 0.914795 0.461437
vt 0.917595 0.459313
vt 0.920669 0.462241
vt 0.924064 0.466739
vt 0.904996 0.461741
vt 0.901841 0.464092
vt 0.902956 0.464985
vt 0.900731 0.467572
vt 0.899463 0.466811
vt 0.903643 0.465814
vt 0.901809 0.468321
vt 0.9045 0.466597
vt 0.905247 0.467177
vt 0.904071 0.469706
vt 0.903178 0.469016
vt 0.906429 0.467917
vt 0.905054 0.470486
vt 0.907384 0.468341
vt 0.906404 0.47132
vt 0.908915 0.462986
vt 0.908916 0.461723
vt 0.910382 0.461818
vt 0.910129 0.462653
vt 0.909066 0.463753
vt 0.909918 0.463841
vt 0.909503 0.465701
vt 0.909235 0.464581
vt 0.909918 0.46489
vt 0.909826 0.466093
vt 0.909572 0.466753
vt 0.90965 0.466973
vt 0.914889 0.466692
vt 0.912816 0.464621
vt 0.913242 0.463552
vt 0.915619 0.465794
vt 0.910886 0.467954
vt 0.9101 0.467382
vt 0.911083 0.466795
vt 0.912375 0.46808
vt 0.905699 0.462964
vt 0.906195 0.464034
vt 0.906686 0.465021
vt 0.906923 0.465734
vt 0.907433 0.466454
vt 0.908243 0.467021
vt 0.90881 0.458967
vt 0.91124 0.45909
vt 0.910869 0.460424
vt 0.908916 0.460296
vt 0.914155 0.467413
vt 0.912445 0.465481
vt 0.9119 0.466109
vt 0.91339 0.467874
vt 0.898885 0.470291
vt 0.899937 0.470812
vt 0.901305 0.471469
vt 0.902639 0.472169
vt 0.893039 0.472058
vt 0.894751 0.468732
vt 0.897636 0.469537
vt 0.917119 0.470228
vt 0.918503 0.469623
vt 0.913333 0.471833
vt 0.915085 0.471631
vt 0.916059 0.471011
vt 0.923172 0.473819
vt 0.920723 0.474307
vt 0.918638 0.475086
vt 0.917209 0.475475
vt 0.915731 0.47574
vt 0.914495 0.476191
vt 0.927019 0.478906
vt 0.925192 0.472866
vt 0.92763 0.472318
vt 0.929571 0.478532
vt 0.913217 0.476533
vt 0.912073 0.472035
vt 0.905296 0.476999
vt 0.905137 0.478493
vt 0.905366 0.480519
vt 0.905585 0.475954
vt 0.911458 0.476898
vt 0.910731 0.47083
vt 0.905417 0.481945
vt 0.905022 0.483166
vt 0.909419 0.467071
vt 0.90954 0.46708
vt 0.90665 0.481916
vt 0.906642 0.483162
vt 0.908638 0.468582
vt 0.909006 0.467375
vt 0.906716 0.477199
vt 0.906701 0.478475
vt 0.909662 0.467283
vt 0.9099 0.468497
vt 0.8257 0.02715
vt 0.824506 0.031431
vt 0.816647 0.040494
vt 0.814875 0.037576
vt 0.906753 0.48047
vt 0.906734 0.476077
vt 0.907547 0.471774
vt 0.780206 0.013682
vt 0.777768 0.016527
vt 0.776449 0.01456
vt 0.778281 0.011863
vt 0.786609 0.018293
vt 0.782541 0.021789
vt 0.779942 0.019093
vt 0.783185 0.015695
vt 0.831886 0.024899
vt 0.830797 0.028769
vt 0.790781 0.022033
vt 0.786981 0.025611
vt 0.785255 0.024105
vt 0.789012 0.020287
vt 0.810768 0.046046
vt 0.807993 0.044493
vt 0.811092 0.041095
vt 0.814059 0.043665
vt 0.797892 0.037055
vt 0.801692 0.03481
vt 0.802853 0.038003
vt 0.799709 0.040063
vt 0.793786 0.032221
vt 0.797367 0.029583
vt 0.819814 0.042734
vt 0.825986 0.036356
vt 0.803865 0.045835
vt 0.804851 0.04309
vt 0.805935 0.044493
vt 0.805609 0.047052
vt 0.816834 0.045955
vt 0.801485 0.047135
vt 0.805139 0.048766
vt 0.773811 0.021802
vt 0.772343 0.020189
vt 0.778384 0.026039
vt 0.776033 0.023724
vt 0.832714 0.033845
vt 0.782282 0.029544
vt 0.780673 0.028248
vt 0.813313 0.048145
vt 0.792806 0.039152
vt 0.795242 0.041796
vt 0.788965 0.035542
vt 0.827635 0.040457
vt 0.822241 0.04489
vt 0.824576 0.049553
vt 0.828372 0.047182
vt 0.818806 0.047694
vt 0.79925 0.048861
vt 0.804502 0.050343
vt 0.770595 0.026706
vt 0.769084 0.025385
vt 0.774735 0.03035
vt 0.772555 0.028508
vt 0.834018 0.037754
vt 0.778361 0.033243
vt 0.77687 0.032075
vt 0.8149 0.049642
vt 0.7885 0.041504
vt 0.791294 0.043906
vt 0.784782 0.037965
vt 0.834586 0.097267
vt 0.840687 0.0969
vt 0.840687 0.101891
vt 0.834536 0.102177
vt 0.784571 0.045533
vt 0.787677 0.047579
vt 0.780758 0.043105
vt 0.833379 0.076251
vt 0.840687 0.075983
vt 0.77334 0.037943
vt 0.771401 0.036305
vt 0.829159 0.053781
vt 0.825395 0.056036
vt 0.820929 0.051433
vt 0.834081 0.06445
vt 0.840687 0.063468
vt 0.797033 0.051944
vt 0.803915 0.053095
vt 0.767359 0.033108
vt 0.765685 0.032182
vt 0.834541 0.052315
vt 0.840687 0.052882
vt 0.769127 0.034554
vt 0.835494 0.044411
vt 0.774768 0.038961
vt 0.816548 0.05276
vt 0.76265 0.045321
vt 0.760964 0.044845
vt 0.840687 0.044737
vt 0.767349 0.047934
vt 0.764977 0.046608
vt 0.77139 0.049919
vt 0.76995 0.049262
vt 0.816831 0.058221
vt 0.821663 0.057248
vt 0.781332 0.053877
vt 0.784835 0.055157
vt 0.777516 0.052756
vt 0.840687 0.036802
vt 0.823856 0.065797
vt 0.828332 0.064988
vt 0.840687 0.033835
vt 0.795366 0.057886
vt 0.802884 0.058396
vt 0.82026 0.066555
vt 0.840687 0.028812
vt 0.794547 0.067403
vt 0.802324 0.06741
vt 0.759568 0.062297
vt 0.757634 0.061881
vt 0.840687 0.02499
vt 0.765135 0.063836
vt 0.76248 0.063163
vt 0.76929 0.064551
vt 0.767801 0.064311
vt 0.816643 0.066856
vt 0.779252 0.065374
vt 0.782834 0.065651
vt 0.776411 0.065276
vt 0.828078 0.076932
vt 0.8235 0.078004
vt 0.830402 0.096335
vt 0.826409 0.095066
vt 0.819845 0.078458
vt 0.794775 0.080335
vt 0.802296 0.080079
vt 0.760329 0.082815
vt 0.75817 0.082193
vt 0.767296 0.082303
vt 0.764002 0.082619
vt 0.773275 0.081617
vt 0.770332 0.081889
vt 0.816212 0.07799
vt 0.781573 0.080655
vt 0.784818 0.080473
vt 0.778941 0.080944
vt 0.765775 0.100732
vt 0.763653 0.101406
vt 0.77195 0.098762
vt 0.76915 0.099904
vt 0.777274 0.096969
vt 0.774672 0.097667
vt 0.816286 0.091659
vt 0.822479 0.092353
vt 0.785241 0.094819
vt 0.788694 0.094237
vt 0.782444 0.095432
vt 0.831701 0.102748
vt 0.828039 0.103373
vt 0.798139 0.093699
vt 0.804137 0.093552
vt 0.791884 0.108186
vt 0.795127 0.106979
vt 0.78903 0.109356
vt 0.78177 0.112887
vt 0.779944 0.114157
vt 0.82372 0.105058
vt 0.802458 0.105587
vt 0.806354 0.107271
vt 0.775822 0.117393
vt 0.773883 0.118236
vt 0.777657 0.115992
vt 0.783972 0.111778
vt 0.818552 0.109545
vt 0.819901 0.117929
vt 0.822585 0.116898
vt 0.82985 0.117531
vt 0.825891 0.116559
vt 0.840687 0.118141
vt 0.833529 0.117152
vt 0.798715 0.122007
vt 0.800261 0.121263
vt 0.796171 0.12136
vt 0.786098 0.110545
vt 0.793934 0.122849
vt 0.805896 0.117095
vt 0.811007 0.118294
vt 0.786371 0.130818
vt 0.785102 0.132118
vt 0.788725 0.126647
vt 0.787288 0.127915
vt 0.793023 0.125793
vt 0.791741 0.126883
vt 0.816745 0.131773
vt 0.815087 0.130236
vt 0.785851 0.46618
vt 0.778648 0.466063
vt 0.933022 0.477915
vt 0.93078 0.471495
vt 0.909306 0.453812
vt 0.913072 0.453912
vt 0.912266 0.456237
vt 0.90875 0.45682
vt 0.919918 0.457506
vt 0.92344 0.461177
vt 0.927427 0.465481
vt 0.962263 0.475622
vt 0.961067 0.466373
vt 0.96785 0.464027
vt 0.96853 0.474996
vt 0.939363 0.39239
vt 0.93162 0.397581
vt 0.924991 0.385193
vt 0.931804 0.380447
vt 0.342486 0.949612
vt 0.343712 0.95344
vt 0.33936 0.95577
vt 0.337824 0.951413
vt 0.340656 0.942293
vt 0.335583 0.945351
vt 0.33647 0.932713
vt 0.331554 0.936982
vt 0.350759 0.945096
vt 0.352377 0.949444
vt 0.348136 0.951138
vt 0.346811 0.946906
vt 0.348587 0.937914
vt 0.344125 0.940442
vt 0.345625 0.926882
vt 0.341333 0.929707
vt 0.913639 0.372373
vt 0.920116 0.366633
vt 0.977064 0.460238
vt 0.99014 0.45184
vt 0.992106 0.468958
vt 0.977804 0.473694
vt 0.376699 0.950586
vt 0.376188 0.944152
vt 0.378366 0.945153
vt 0.378508 0.951394
vt 0.375706 0.932303
vt 0.378175 0.93248
vt 0.367343 0.931919
vt 0.363307 0.932426
vt 0.38053 0.932436
vt 0.38053 0.945988
vt 0.944182 0.402931
vt 0.938151 0.407948
vt 0.779893 0.422401
vt 0.331883 0.954541
vt 0.329375 0.949293
vt 0.317191 0.929322
vt 0.325669 0.941736
vt 0.927132 0.301515
vt 0.917496 0.279389
vt 0.933628 0.272221
vt 0.942956 0.293106
vt 0.954236 0.264676
vt 0.963771 0.282878
vt 0.319061 0.945938
vt 0.310978 0.935257
vt 0.910785 0.255341
vt 0.926169 0.24982
vt 0.94575 0.243287
vt 0.311902 0.950454
vt 0.304889 0.941105
vt 0.905451 0.23321
vt 0.919666 0.229507
vt 0.939038 0.224217
vt 0.306161 0.954986
vt 0.299731 0.946952
vt 0.900192 0.215427
vt 0.914073 0.211917
vt 0.933672 0.207803
vt 0.301764 0.959214
vt 0.294977 0.951824
vt 0.894077 0.196215
vt 0.908155 0.192759
vt 0.926956 0.189146
vt 0.297619 0.964413
vt 0.290906 0.9576
vt 0.884936 0.162965
vt 0.882943 0.153731
vt 0.898472 0.151554
vt 0.899801 0.160093
vt 0.918968 0.148696
vt 0.919796 0.1568
vt 0.29099 0.97219
vt 0.289345 0.973856
vt 0.283213 0.968308
vt 0.28492 0.966516
vt 0.713974 0.282909
vt 0.704892 0.31501
vt 0.686883 0.311036
vt 0.698941 0.274989
vt 0.668606 0.307311
vt 0.68329 0.26669
vt 0.746457 0.299071
vt 0.739062 0.32272
vt 0.721123 0.317899
vt 0.728926 0.28975
vt 0.792019 0.319302
vt 0.772835 0.328631
vt 0.777861 0.313363
vt 0.756964 0.325404
vt 0.762578 0.306587
vt 0.85576 0.374439
vt 0.844793 0.376702
vt 0.844741 0.371374
vt 0.856162 0.368683
vt 0.833449 0.380329
vt 0.832327 0.37501
vt 0.757613 0.36607
vt 0.754528 0.347154
vt 0.866873 0.373225
vt 0.867639 0.36616
vt 0.852349 0.276388
vt 0.837743 0.277881
vt 0.831919 0.262987
vt 0.848724 0.259976
vt 0.736851 0.349392
vt 0.741245 0.374355
vt 0.824757 0.246755
vt 0.842713 0.242859
vt 0.916564 0.391797
vt 0.905735 0.380839
vt 0.334198 0.958422
vt 0.914393 0.310305
vt 0.904733 0.287321
vt 0.899868 0.259287
vt 0.894047 0.23677
vt 0.887554 0.216827
vt 0.88215 0.199088
vt 0.864391 0.426625
vt 0.860773 0.430911
vt 0.856924 0.425157
vt 0.860031 0.420833
vt 0.842788 0.432708
vt 0.843847 0.42995
vt 0.851872 0.431392
vt 0.854708 0.436057
vt 0.845204 0.4265
vt 0.84835 0.428294
vt 0.846567 0.431267
vt 0.857663 0.433718
vt 0.854157 0.428685
vt 0.897582 0.363801
vt 0.901988 0.353901
vt 0.892866 0.373933
vt 0.95964 0.4759
vt 0.958195 0.467185
vt 0.955918 0.456737
vt 0.951791 0.444568
vt 0.955457 0.441129
vt 0.959342 0.454614
vt 0.960366 0.436513
vt 0.965205 0.451175
vt 0.950238 0.428777
vt 0.946312 0.432824
vt 0.954608 0.423891
vt 0.366081 0.949479
vt 0.364507 0.943506
vt 0.368249 0.943499
vt 0.369631 0.94961
vt 0.371789 0.932218
vt 0.372449 0.943634
vt 0.373263 0.949928
vt 0.966981 0.43
vt 0.97317 0.445621
vt 0.960827 0.417699
vt 0.968866 0.409273
vt 0.975526 0.420305
vt 0.932433 0.413482
vt 0.924788 0.403219
vt 0.35774 0.943591
vt 0.359555 0.948921
vt 0.356141 0.948815
vt 0.35448 0.943886
vt 0.946355 0.386703
vt 0.939381 0.375032
vt 0.94822 0.369133
vt 0.954696 0.379759
vt 0.917865 0.34793
vt 0.910544 0.33389
vt 0.922067 0.328466
vt 0.930363 0.34305
vt 0.951497 0.397335
vt 0.959328 0.389714
vt 0.92952 0.361664
vt 0.93973 0.356865
vt 0.903768 0.31892
vt 0.804633 0.32392
vt 0.815504 0.327837
vt 0.813398 0.335433
vt 0.867277 0.359625
vt 0.856304 0.363446
vt 0.643204 0.30392
vt 0.662865 0.255739
vt 0.8811 0.363912
vt 0.880812 0.353272
vt 0.772307 0.266788
vt 0.758672 0.280985
vt 0.744232 0.269063
vt 0.761166 0.253513
vt 0.895369 0.305051
vt 0.863528 0.166317
vt 0.862047 0.156257
vt 0.870412 0.155382
vt 0.872755 0.165014
vt 0.846832 0.186404
vt 0.830179 0.190824
vt 0.82791 0.173392
vt 0.845317 0.169321
vt 0.849916 0.204996
vt 0.834104 0.208657
vt 0.87749 0.218812
vt 0.872003 0.200964
vt 0.883038 0.238444
vt 0.888133 0.259101
vt 0.891295 0.282089
vt 0.888701 0.179003
vt 0.876851 0.181555
vt 0.814371 0.266168
vt 0.806209 0.251377
vt 0.804849 0.181146
vt 0.780688 0.189089
vt 0.773625 0.17075
vt 0.800678 0.163929
vt 0.821823 0.279795
vt 0.817819 0.23093
vt 0.797875 0.236446
vt 0.791235 0.221616
vt 0.812665 0.21484
vt 0.841874 0.289913
vt 0.829306 0.291814
vt 0.812885 0.297183
vt 0.804427 0.304046
vt 0.794559 0.291818
vt 0.805822 0.284459
vt 0.787321 0.256976
vt 0.77809 0.242932
vt 0.796831 0.271074
vt 0.78337 0.279348
vt 0.75431 0.199048
vt 0.728721 0.215411
vt 0.716101 0.199117
vt 0.750943 0.241688
vt 0.770221 0.229715
vt 0.73168 0.25882
vt 0.797725 0.311115
vt 0.785067 0.300924
vt 0.772073 0.291397
vt 0.70617 0.235764
vt 0.687931 0.222737
vt 0.702582 0.443697
vt 0.690115 0.457404
vt 0.660913 0.421668
vt 0.680666 0.409965
vt 0.736517 0.404615
vt 0.724828 0.416851
vt 0.774343 0.436495
vt 0.765132 0.431382
vt 0.772036 0.416827
vt 0.781164 0.403167
vt 0.79161 0.391693
vt 0.694494 0.401835
vt 0.683639 0.356204
vt 0.837096 0.226036
vt 0.777714 0.474991
vt 0.78466 0.475601
vt 0.784338 0.483168
vt 0.777294 0.483168
vt 0.77065 0.450369
vt 0.759897 0.446053
vt 0.775257 0.397685
vt 0.765312 0.41155
vt 0.786274 0.386326
vt 0.808348 0.198366
vt 0.776954 0.371075
vt 0.763078 0.380392
vt 0.74905 0.392327
vt 0.757058 0.426348
vt 0.983347 0.434787
vt 0.898936 0.339267
vt 0.894603 0.325739
vt 0.887908 0.315226
vt 0.886949 0.298205
vt 0.845594 0.300055
vt 0.835497 0.302104
vt 0.820043 0.307498
vt 0.813895 0.313401
vt 0.808234 0.318349
vt 0.769429 0.390786
vt 0.757908 0.404398
vt 0.781282 0.379837
vt 0.826218 0.160223
vt 0.748049 0.418656
vt 0.741177 0.468783
vt 0.753179 0.472298
vt 0.752724 0.483168
vt 0.739903 0.483168
vt 0.294042 0.968422
vt 0.287463 0.962192
vt 0.641249 0.365449
vt 0.666748 0.359717
vt 0.866463 0.290918
vt 0.865012 0.301236
vt 0.85585 0.300024
vt 0.855271 0.289964
vt 0.713168 0.431509
vt 0.739961 0.43296
vt 0.733428 0.449577
vt 0.767429 0.474203
vt 0.766813 0.483168
vt 0.786024 0.205875
vt 0.903154 0.175904
vt 0.923325 0.172603
vt 0.71925 0.247776
vt 0.727882 0.463274
vt 0.722239 0.483168
vt 0.762606 0.214721
vt 0.740139 0.229003
vt 0.750479 0.440755
vt 0.930204 0.483166
vt 0.927213 0.483164
vt 0.933476 0.483168
vt 0.38053 0.952212
vt 0.959584 0.483168
vt 0.84991 0.46332
vt 0.851461 0.464702
vt 0.84861 0.467824
vt 0.847262 0.465825
vt 0.942962 0.436223
vt 0.948856 0.446855
vt 0.953225 0.458114
vt 0.955402 0.467945
vt 0.956678 0.476089
vt 0.355837 0.933852
vt 0.35203 0.935051
vt 0.847052 0.30851
vt 0.839235 0.310053
vt 0.827371 0.31451
vt 0.821997 0.318784
vt 0.755756 0.461114
vt 0.769221 0.464546
vt 0.745037 0.45668
vt 0.835586 0.447908
vt 0.837004 0.447869
vt 0.837023 0.450538
vt 0.835555 0.450797
vt 0.837298 0.441324
vt 0.836263 0.441089
vt 0.837067 0.440462
vt 0.837964 0.440861
vt 0.83688 0.441849
vt 0.835841 0.441687
vt 0.836576 0.443232
vt 0.835244 0.44325
vt 0.83581 0.445294
vt 0.834575 0.445344
vt 0.836302 0.453681
vt 0.841065 0.457875
vt 0.840673 0.459155
vt 0.838778 0.458245
vt 0.838943 0.457127
vt 0.839445 0.457329
vt 0.839605 0.458627
vt 0.840099 0.459343
vt 0.842216 0.455802
vt 0.842703 0.456146
vt 0.842208 0.457092
vt 0.84164 0.456714
vt 0.842576 0.451946
vt 0.843491 0.452185
vt 0.843235 0.454629
vt 0.842324 0.454341
vt 0.837988 0.4577
vt 0.842696 0.449795
vt 0.843718 0.449792
vt 0.837345 0.456243
vt 0.841781 0.443203
vt 0.842362 0.442706
vt 0.843127 0.44454
vt 0.842277 0.44486
vt 0.840292 0.441263
vt 0.840761 0.440951
vt 0.841292 0.441351
vt 0.840967 0.441589
vt 0.838972 0.440995
vt 0.838976 0.440301
vt 0.839937 0.440559
vt 0.839643 0.441111
vt 0.83854 0.440915
vt 0.838091 0.440164
vt 0.839288 0.449867
vt 0.841498 0.449735
vt 0.84152 0.451929
vt 0.839607 0.451985
vt 0.839783 0.443946
vt 0.840968 0.443671
vt 0.841286 0.445246
vt 0.839835 0.445128
vt 0.838902 0.44263
vt 0.838749 0.441881
vt 0.838934 0.441814
vt 0.838989 0.442585
vt 0.838371 0.447587
vt 0.837193 0.445417
vt 0.838658 0.445224
vt 0.839603 0.455496
vt 0.838563 0.45675
vt 0.838236 0.455713
vt 0.839392 0.455042
vt 0.841491 0.453992
vt 0.84011 0.454244
vt 0.839056 0.441796
vt 0.839081 0.442598
vt 0.837722 0.443665
vt 0.838778 0.443971
vt 0.839747 0.455736
vt 0.839892 0.455942
vt 0.840209 0.454991
vt 0.841382 0.455371
vt 0.841316 0.456138
vt 0.840228 0.45548
vt 0.839405 0.441815
vt 0.839172 0.44267
vt 0.838293 0.442646
vt 0.838836 0.443092
vt 0.839973 0.456059
vt 0.839937 0.457508
vt 0.839231 0.44278
vt 0.839803 0.441938
vt 0.840328 0.442375
vt 0.839325 0.442932
vt 0.838502 0.442162
vt 0.838848 0.442773
vt 0.840143 0.456076
vt 0.840432 0.457337
vt 0.83871 0.452971
vt 0.837434 0.453377
vt 0.838277 0.45016
vt 0.84023 0.455877
vt 0.84094 0.456738
vt 0.064011 0.600965
vt 0.076822 0.599128
vt 0.074352 0.616041
vt 0.059879 0.608573
vt 0.041719 0.566625
vt 0.041797 0.547391
vt 0.055891 0.551327
vt 0.047936 0.568049
vt 0.023252 0.576141
vt 0.011809 0.571181
vt 0.014971 0.561919
vt 0.027436 0.571398
vt 0.021091 0.59973
vt 0.01383 0.599323
vt 0.013442 0.595923
vt 0.020167 0.595914
vt 0.044181 0.615721
vt 0.04194 0.632858
vt 0.026629 0.626557
vt 0.036391 0.614846
vt 0.06473 0.594028
vt 0.073747 0.589692
vt 0.065818 0.564817
vt 0.052598 0.570703
vt 0.013328 0.593275
vt 0.01977 0.592365
vt 0.019531 0.617443
vt 0.030257 0.611797
vt 0.072889 0.586239
vt 0.063417 0.589336
vt 0.061567 0.586256
vt 0.071237 0.583094
vt 0.054865 0.573314
vt 0.066488 0.568809
vt 0.066498 0.571167
vt 0.056632 0.575931
vt 0.013632 0.59142
vt 0.019889 0.589117
vt 0.015593 0.608627
vt 0.025738 0.607821
vt 0.059941 0.584064
vt 0.069065 0.580762
vt 0.020034 0.585756
vt 0.012347 0.588029
vt 0.011809 0.584484
vt 0.020706 0.581731
vt 0.014451 0.604052
vt 0.022902 0.603788
vt 0.059006 0.58199
vt 0.068276 0.579764
vt 0.059876 0.63154
vt 0.052384 0.613671
vt 0.058052 0.579379
vt 0.06782 0.577067
vt 0.055518 0.583534
vt 0.056531 0.585423
vt 0.053632 0.603101
vt 0.04879 0.606299
vt 0.029285 0.599839
vt 0.027998 0.597086
vt 0.043484 0.607451
vt 0.054142 0.581501
vt 0.056913 0.598573
vt 0.041339 0.573483
vt 0.045937 0.574344
vt 0.028698 0.580933
vt 0.031522 0.577488
vt 0.027297 0.594451
vt 0.038503 0.606969
vt 0.05802 0.593948
vt 0.048992 0.575913
vt 0.026932 0.591875
vt 0.034345 0.605198
vt 0.057817 0.59029
vt 0.057275 0.587558
vt 0.050849 0.577424
vt 0.052481 0.579135
vt 0.026769 0.589451
vt 0.031282 0.602643
vt 0.026862 0.587213
vt 0.027272 0.584506
vt 0.043214 0.602897
vt 0.039653 0.602699
vt 0.054149 0.593515
vt 0.052873 0.596799
vt 0.0448 0.57798
vt 0.047162 0.578906
vt 0.030806 0.593608
vt 0.030455 0.591518
vt 0.036586 0.60157
vt 0.054443 0.590631
vt 0.05417 0.588333
vt 0.048709 0.579889
vt 0.050181 0.581119
vt 0.030413 0.589523
vt 0.034203 0.599831
vt 0.053629 0.586474
vt 0.030533 0.587775
vt 0.030964 0.585822
vt 0.032513 0.597817
vt 0.052856 0.584812
vt 0.050349 0.599856
vt 0.046923 0.601944
vt 0.031479 0.5957
vt 0.051767 0.582978
vt 0.041373 0.577623
vt 0.03206 0.583301
vt 0.034107 0.580749
vt 0.043122 0.600459
vt 0.046011 0.599657
vt 0.050381 0.583892
vt 0.05143 0.585525
vt 0.05079 0.595753
vt 0.04872 0.598074
vt 0.041484 0.579851
vt 0.044279 0.579998
vt 0.033898 0.584534
vt 0.035569 0.582494
vt 0.033324 0.594924
vt 0.032704 0.593118
vt 0.040296 0.600378
vt 0.052023 0.5932
vt 0.046236 0.580618
vt 0.0324 0.591282
vt 0.037808 0.599576
vt 0.052495 0.590809
vt 0.052441 0.588774
vt 0.047569 0.581322
vt 0.048892 0.582304
vt 0.032368 0.589559
vt 0.035812 0.598258
vt 0.052066 0.587072
vt 0.032558 0.588097
vt 0.032958 0.586531
vt 0.034332 0.596655
vt 0.036812 0.59723
vt 0.035467 0.595897
vt 0.034519 0.594404
vt 0.033924 0.592807
vt 0.033623 0.589627
vt 0.033622 0.591161
vt 0.0495 0.584564
vt 0.050459 0.58606
vt 0.034186 0.587029
vt 0.033798 0.588357
vt 0.036499 0.583615
vt 0.035035 0.585349
vt 0.04404 0.581307
vt 0.041618 0.581275
vt 0.04308 0.598911
vt 0.040702 0.5989
vt 0.045741 0.581761
vt 0.047747 0.596888
vt 0.049527 0.595037
vt 0.051021 0.587505
vt 0.051212 0.590903
vt 0.051277 0.589084
vt 0.04692 0.58232
vt 0.048114 0.583158
vt 0.050674 0.592942
vt 0.045506 0.59823
vt 0.038571 0.598288
vt 0.037609 0.596364
vt 0.039177 0.597227
vt 0.050134 0.590945
vt 0.050277 0.589325
vt 0.049594 0.592686
vt 0.046442 0.583208
vt 0.045401 0.582741
vt 0.043891 0.582416
vt 0.041761 0.582456
vt 0.047005 0.595932
vt 0.048557 0.594419
vt 0.034667 0.589733
vt 0.034685 0.591091
vt 0.041018 0.5977
vt 0.043042 0.597673
vt 0.034834 0.588629
vt 0.036389 0.595249
vt 0.045104 0.597067
vt 0.050106 0.587881
vt 0.04963 0.586557
vt 0.037273 0.584547
vt 0.035972 0.586051
vt 0.035521 0.593968
vt 0.048765 0.585208
vt 0.034958 0.592562
vt 0.035196 0.587494
vt 0.03591 0.588921
vt 0.035773 0.58985
vt 0.037303 0.594553
vt 0.038383 0.595458
vt 0.046313 0.595004
vt 0.04764 0.593783
vt 0.048743 0.587089
vt 0.047984 0.585909
vt 0.049128 0.588245
vt 0.038059 0.585453
vt 0.036928 0.586751
vt 0.036542 0.593493
vt 0.04298 0.596491
vt 0.044705 0.59596
vt 0.049221 0.589513
vt 0.04505 0.583774
vt 0.043736 0.583546
vt 0.03606 0.592295
vt 0.049042 0.590921
vt 0.048543 0.592383
vt 0.036235 0.587969
vt 0.035811 0.591019
vt 0.039746 0.596158
vt 0.041298 0.596536
vt 0.04596 0.584141
vt 0.041887 0.583632
vt 0.047862 0.588644
vt 0.047572 0.58771
vt 0.038969 0.586443
vt 0.038049 0.587485
vt 0.037744 0.592848
vt 0.038355 0.593664
vt 0.04285 0.595164
vt 0.0442 0.594728
vt 0.047894 0.589678
vt 0.044564 0.584986
vt 0.043476 0.584841
vt 0.037384 0.591888
vt 0.047711 0.590824
vt 0.047298 0.591981
vt 0.037469 0.588451
vt 0.037186 0.590862
vt 0.040335 0.594896
vt 0.04155 0.595202
vt 0.046571 0.593057
vt 0.045313 0.585264
vt 0.041978 0.584947
vt 0.037113 0.589933
vt 0.039234 0.594349
vt 0.045501 0.593993
vt 0.037191 0.5892
vt 0.046951 0.586748
vt 0.040904 0.588885
vt 0.039047 0.588871
vt 0.039431 0.588208
vt 0.041019 0.588512
vt 0.038878 0.589387
vt 0.040899 0.589212
vt 0.040987 0.589591
vt 0.038851 0.589905
vt 0.045155 0.592214
vt 0.043545 0.591648
vt 0.043696 0.591226
vt 0.045646 0.591485
vt 0.041785 0.591731
vt 0.040314 0.592972
vt 0.039718 0.592496
vt 0.041528 0.591376
vt 0.042005 0.586409
vt 0.041955 0.587496
vt 0.041334 0.587719
vt 0.04084 0.586818
vt 0.042075 0.592034
vt 0.041048 0.593359
vt 0.043013 0.586355
vt 0.042284 0.587678
vt 0.040025 0.587477
vt 0.04118 0.588106
vt 0.043305 0.592011
vt 0.044439 0.592841
vt 0.043579 0.593342
vt 0.043079 0.592346
vt 0.039308 0.591933
vt 0.04134 0.590965
vt 0.042594 0.592492
vt 0.042667 0.593634
vt 0.041836 0.593603
vt 0.042349 0.592274
vt 0.043028 0.588366
vt 0.044791 0.587072
vt 0.045412 0.587753
vt 0.043358 0.588807
vt 0.043759 0.586462
vt 0.042574 0.587868
vt 0.045865 0.588442
vt 0.04361 0.589272
vt 0.039069 0.591269
vt 0.041212 0.590512
vt 0.042785 0.588077
vt 0.044271 0.58667
vt 0.038922 0.590555
vt 0.041098 0.590039
vt 0.046061 0.589119
vt 0.043742 0.589739
vt 0.045926 0.590681
vt 0.043762 0.590743
vt 0.043781 0.590233
vt 0.046066 0.589864
vt 0.040263 0.58552
vt 0.852747 0.421052
vt 0.855326 0.416671
vt 0.878458 0.372501
vt 0.881629 0.340418
vt 0.850477 0.425011
vt 0.844932 0.433846
vt 0.842973 0.438054
vt 0.84387 0.436185
vt 0.842181 0.439833
vt 0.84173 0.441016
vt 0.359049 0.932893
vt 0.361025 0.943405
vt 0.362717 0.949106
vt 0.95588 0.407134
vt 0.963795 0.398978
vt 0.949401 0.41302
vt 0.9443 0.41793
vt 0.939918 0.422653
vt 0.935916 0.427358
vt 0.91495 0.457083
vt 0.916263 0.455351
vt 0.913036 0.460386
vt 0.911818 0.462769
vt 0.912433 0.461436
vt 0.91148 0.463809
vt 0.911422 0.46473
vt 0.911088 0.465431
vt 0.910515 0.466315
vt 0.909881 0.467104
vt 0.909619 0.467166
vt 0.806973 0.044477
vt 0.808191 0.046461
vt 0.809351 0.048075
vt 0.8099 0.049441
vt 0.810501 0.052313
vt 0.80992 0.057724
vt 0.809525 0.066831
vt 0.809155 0.078893
vt 0.810194 0.092839
vt 0.812018 0.109788
vt 0.815858 0.119285
vt 0.811648 0.127532
vt 0.803059 0.119253
vt 0.798901 0.106431
vt 0.793482 0.093984
vt 0.789824 0.080325
vt 0.788773 0.066324
vt 0.790184 0.056291
vt 0.792467 0.049556
vt 0.795411 0.046158
vt 0.798499 0.044299
vt 0.801895 0.042822
vt 0.803913 0.040518
vt 0.909272 0.467137
vt 0.908962 0.466547
vt 0.908322 0.465798
vt 0.907849 0.46504
vt 0.907712 0.464379
vt 0.907777 0.463646
vt 0.907571 0.462239
vt 0.907579 0.46086
vt 0.906937 0.459662
vt 0.906074 0.457189
vt 0.905359 0.455039
vt 0.8082 0.124812
vt 0.811904 0.121153
vt 0.900964 0.457542
vt 0.874795 0.467924
vt 0.836369 0.405698
vt 0.830259 0.409497
vt 0.829081 0.405016
vt 0.836163 0.400673
vt 0.824532 0.415266
vt 0.82252 0.411621
vt 0.819446 0.422535
vt 0.816842 0.419753
vt 0.814903 0.430859
vt 0.811547 0.440054
vt 0.808114 0.438829
vt 0.811746 0.428905
vt 0.809319 0.449563
vt 0.805569 0.449026
vt 0.808021 0.459156
vt 0.803789 0.458784
vt 0.807419 0.468271
vt 0.802896 0.46806
vt 0.807324 0.476598
vt 0.802621 0.476592
vt 0.80696 0.483168
vt 0.80218 0.483168
vt 0.875802 0.466401
vt 0.87647 0.464826
vt 0.863452 0.449025
vt 0.865685 0.454015
vt 0.861368 0.460012
vt 0.859322 0.457141
vt 0.853287 0.466101
vt 0.855985 0.467842
vt 0.853556 0.471501
vt 0.850422 0.469836
vt 0.856097 0.462333
vt 0.858543 0.464143
vt 0.878865 0.46677
vt 0.857189 0.456158
vt 0.854264 0.461157
vt 0.852491 0.460427
vt 0.855052 0.455498
vt 0.796854 0.483168
vt 0.79716 0.476446
vt 0.797947 0.467579
vt 0.799151 0.457995
vt 0.801228 0.44794
vt 0.885039 0.47188
vt 0.881579 0.464622
vt 0.88461 0.467646
vt 0.89535 0.461045
vt 0.842513 0.458012
vt 0.843047 0.458849
vt 0.843403 0.459692
vt 0.844078 0.460607
vt 0.845928 0.463664
vt 0.844823 0.461848
vt 0.804236 0.437138
vt 0.87586 0.462405
vt 0.859422 0.449241
vt 0.047507 0.583935
vt 0.046887 0.584781
vt 0.046059 0.58581
vt 0.808255 0.426458
vt 0.936024 0.477448
vt 0.936948 0.483168
vt 0.856516 0.449268
vt 0.843338 0.398599
vt 0.842668 0.403997
vt 0.933955 0.471023
vt 0.881201 0.460384
vt 0.931065 0.464406
vt 0.927437 0.458494
vt 0.923506 0.453565
vt 0.866486 0.464615
vt 0.870087 0.461795
vt 0.919699 0.450173
vt 0.914956 0.449384
vt 0.910044 0.449591
vt 0.904903 0.451512
vt 0.899718 0.454659
vt 0.893622 0.458489
vt 0.88603 0.452115
vt 0.891691 0.448861
vt 0.892473 0.454573
vt 0.886858 0.457638
vt 0.813707 0.416308
vt 0.819898 0.407027
vt 0.827442 0.399968
vt 0.835623 0.394893
vt 0.875959 0.40046
vt 0.88091 0.393186
vt 0.889705 0.399445
vt 0.883162 0.406946
vt 0.843863 0.392668
vt 0.852046 0.391936
vt 0.850566 0.398035
vt 0.860138 0.392913
vt 0.857669 0.399127
vt 0.868155 0.395719
vt 0.864604 0.401993
vt 0.871306 0.406639
vt 0.877567 0.412974
vt 0.927041 0.420165
vt 0.945925 0.476275
vt 0.946385 0.483168
vt 0.941769 0.483168
vt 0.94104 0.476833
vt 0.904178 0.442385
vt 0.911632 0.440098
vt 0.910794 0.445011
vt 0.904544 0.447256
vt 0.857363 0.472874
vt 0.944575 0.469751
vt 0.949003 0.468849
vt 0.950341 0.475783
vt 0.91925 0.439616
vt 0.916973 0.444823
vt 0.93228 0.446703
vt 0.936249 0.443153
vt 0.941935 0.451308
vt 0.937959 0.453637
vt 0.941956 0.46204
vt 0.946552 0.460424
vt 0.926167 0.441864
vt 0.921518 0.434025
vt 0.929501 0.437147
vt 0.953169 0.475997
vt 0.953587 0.483168
vt 0.950742 0.483168
vt 0.951842 0.468366
vt 0.949648 0.459634
vt 0.872645 0.418026
vt 0.867242 0.411944
vt 0.871735 0.388789
vt 0.861404 0.407525
vt 0.855214 0.404594
vt 0.859131 0.469365
vt 0.86133 0.465905
vt 0.848964 0.40369
vt 0.853492 0.385463
vt 0.844232 0.386719
vt 0.844381 0.381077
vt 0.854679 0.379266
vt 0.834962 0.389353
vt 0.834063 0.384244
vt 0.841943 0.408688
vt 0.84732 0.408349
vt 0.852779 0.409322
vt 0.85832 0.412013
vt 0.863662 0.416474
vt 0.868321 0.42233
vt 0.862609 0.386099
vt 0.86481 0.37915
vt 0.792409 0.476136
vt 0.791964 0.483168
vt 0.792573 0.466958
vt 0.796204 0.44633
vt 0.793892 0.457179
vt 0.799555 0.434809
vt 0.825529 0.395072
vt 0.823579 0.39018
vt 0.816999 0.402427
vt 0.875404 0.381042
vt 0.886377 0.384728
vt 0.897276 0.390877
vt 0.896957 0.408503
vt 0.888972 0.414933
vt 0.904154 0.436057
vt 0.912647 0.433911
vt 0.939443 0.470588
vt 0.927956 0.449674
vt 0.932615 0.456091
vt 0.936606 0.463447
vt 0.922809 0.446228
vt 0.945319 0.449655
vt 0.864189 0.462394
vt 0.868134 0.458313
vt 0.871618 0.447744
vt 0.877208 0.44357
vt 0.898764 0.450742
vt 0.897805 0.445526
vt 0.939834 0.43958
vt 0.932673 0.432304
vt 0.923962 0.427627
vt 0.957045 0.483168
vt 0.914123 0.425039
vt 0.914977 0.413193
vt 0.906511 0.400875
vt 0.882506 0.420509
vt 0.863889 0.467533
vt 0.862111 0.470807
vt 0.887852 0.461468
vt 0.844575 0.158136
vt 0.85419 0.157089
vt 0.855272 0.167567
vt 0.866805 0.183366
vt 0.857598 0.18478
vt 0.861917 0.203018
vt 0.853433 0.222553
vt 0.866506 0.220602
vt 0.858616 0.240124
vt 0.871531 0.238103
vt 0.863196 0.258801
vt 0.876642 0.258323
vt 0.867023 0.27748
vt 0.8794 0.278501
vt 0.877222 0.293593
vt 0.881306 0.308235
vt 0.873753 0.304276
vt 0.897025 0.439063
vt 0.890555 0.442408
vt 0.888838 0.435796
vt 0.895719 0.431734
vt 0.884579 0.445982
vt 0.904051 0.42788
vt 0.893349 0.423666
vt 0.886313 0.428306
vt 0.875021 0.436885
vt 0.869593 0.441848
vt 0.867574 0.433947
vt 0.872306 0.42974
vt 0.902277 0.418353
vt 0.863171 0.438784
vt 0.85974 0.44094
vt 0.856482 0.442222
vt 0.853338 0.443457
vt 0.850718 0.444422
vt 0.848567 0.445239
vt 0.846817 0.445951
vt 0.845532 0.44667
vt 0.844427 0.446962
vt 0.039725 0.584327
vt 0.039226 0.583237
vt 0.038724 0.58212
vt 0.038136 0.580766
vt 0.037269 0.578644
vt 0.035803 0.574718
vt 0.033593 0.567773
vt 0.024039 0.552881
vt 0.841483 0.447399
vt 0.839549 0.446954
vt 0.842673 0.447334
vt 0.843736 0.447129
vt 0.87725 0.425069
vt 0.882873 0.439685
vt 0.88048 0.432717
vt 0.889787 0.463953
vt 0.894025 0.464953
vt 0.896653 0.465803
vt 0.890552 0.468305
vt 0.903809 0.473037
vt 0.905887 0.473425
vt 0.889466 0.47189
vt 0.907036 0.473694
vt 0.794522 0.026005
vt 0.790174 0.028986
vt 0.785405 0.03246
vt 0.781478 0.036106
vt 0.777821 0.041555
vt 0.7745 0.051659
vt 0.773179 0.064949
vt 0.776082 0.081441
vt 0.779973 0.096464
vt 0.82485 0.135553
vt 0.826921 0.135995
vt 0.834947 0.13644
vt 0.840687 0.136067
vt 0.818358 0.323066
vt 0.798798 0.37756
vt 0.803302 0.382919
vt 0.794365 0.371702
vt 0.790609 0.364386
vt 0.800774 0.352678
vt 0.803047 0.359578
vt 0.811506 0.371194
vt 0.816507 0.375924
vt 0.806988 0.366212
vt 0.811905 0.350676
vt 0.814017 0.356094
vt 0.823285 0.365376
vt 0.83129 0.368733
vt 0.817953 0.361427
vt 0.874716 0.315944
vt 0.868749 0.312154
vt 0.861808 0.309779
vt 0.854837 0.308595
vt 0.882174 0.328957
vt 0.878783 0.320618
vt 0.811337 0.344572
vt 0.845142 0.366198
vt 0.820867 0.335208
vt 0.824318 0.33116
vt 0.838979 0.318347
vt 0.84723 0.316259
vt 0.865509 0.355617
vt 0.856628 0.35952
vt 0.875763 0.339969
vt 0.873873 0.349115
vt 0.868836 0.322244
vt 0.872825 0.32625
vt 0.84205 0.359648
vt 0.844394 0.357062
vt 0.850226 0.356327
vt 0.849233 0.358682
vt 0.864651 0.3261
vt 0.8598 0.324172
vt 0.826555 0.358116
vt 0.822989 0.353764
vt 0.847581 0.361907
vt 0.826546 0.348922
vt 0.872501 0.339761
vt 0.871208 0.335315
vt 0.831227 0.352127
vt 0.828357 0.352521
vt 0.853212 0.316338
vt 0.869181 0.331815
vt 0.836332 0.358579
vt 0.839371 0.35647
vt 0.826673 0.327563
vt 0.864019 0.353433
vt 0.862501 0.352047
vt 0.868406 0.346536
vt 0.870505 0.347556
vt 0.85505 0.322617
vt 0.851626 0.322603
vt 0.837461 0.352161
vt 0.83514 0.354732
vt 0.86649 0.341673
vt 0.864984 0.346211
vt 0.855426 0.352096
vt 0.85635 0.354703
vt 0.850635 0.353544
vt 0.859866 0.350283
vt 0.841345 0.353775
vt 0.845777 0.354126
vt 0.846726 0.352144
vt 0.851026 0.351543
vt 0.863758 0.342161
vt 0.862193 0.345918
vt 0.842713 0.352009
vt 0.847792 0.350094
vt 0.847372 0.350855
vt 0.856655 0.347713
vt 0.855526 0.346879
vt 0.856676 0.345642
vt 0.858572 0.345605
vt 0.851287 0.349474
vt 0.851219 0.350256
vt 0.861679 0.342479
vt 0.859958 0.342435
vt 0.853353 0.347356
vt 0.853873 0.348369
vt 0.851238 0.348728
vt 0.854523 0.346206
vt 0.858092 0.342301
vt 0.855586 0.34544
vt 0.852789 0.343225
vt 0.851604 0.34278
vt 0.851611 0.34182
vt 0.852769 0.34228
vt 0.846999 0.347072
vt 0.849082 0.346182
vt 0.848869 0.347141
vt 0.852672 0.344171
vt 0.85153 0.343625
vt 0.851524 0.344329
vt 0.852335 0.344967
vt 0.85191 0.345616
vt 0.851427 0.344783
vt 0.843748 0.344218
vt 0.84628 0.347963
vt 0.848594 0.34803
vt 0.844118 0.347189
vt 0.845264 0.346357
vt 0.853871 0.343327
vt 0.854174 0.341738
vt 0.853061 0.345558
vt 0.852465 0.346305
vt 0.84359 0.345637
vt 0.851002 0.347271
vt 0.850871 0.34639
vt 0.853423 0.344546
vt 0.831907 0.356261
vt 0.856042 0.342968
vt 0.848375 0.348818
vt 0.848118 0.349453
vt 0.853799 0.345951
vt 0.854675 0.345057
vt 0.85118 0.348056
vt 0.845136 0.344703
vt 0.850872 0.345486
vt 0.8462 0.345418
vt 0.845841 0.344054
vt 0.849125 0.345109
vt 0.850237 0.344559
vt 0.850281 0.344119
vt 0.850165 0.343533
vt 0.84479 0.343718
vt 0.845266 0.343158
vt 0.846144 0.343418
vt 0.846269 0.342748
vt 0.845394 0.342581
vt 0.85295 0.346673
vt 0.856637 0.356644
vt 0.829918 0.324616
vt 0.838308 0.362945
vt 0.863805 0.319474
vt 0.820363 0.343515
vt 0.82114 0.349635
vt 0.876342 0.333087
vt 0.831385 0.361134
vt 0.833352 0.321575
vt 0.858198 0.31757
vt 0.833218 0.518189
vt 0.833504 0.51523
vt 0.834501 0.515404
vt 0.834363 0.518361
vt 0.83064 0.518347
vt 0.830924 0.514946
vt 0.832342 0.515149
vt 0.832059 0.518267
vt 0.833492 0.520941
vt 0.832425 0.521251
vt 0.831206 0.521706
vt 0.833358 0.523804
vt 0.832306 0.524781
vt 0.834283 0.523217
vt 0.83441 0.525753
vt 0.833735 0.527009
vt 0.834986 0.52491
vt 0.835445 0.527082
vt 0.835059 0.528755
vt 0.83583 0.525975
vt 0.836482 0.527913
vt 0.836308 0.52989
vt 0.836668 0.526723
vt 0.837694 0.528643
vt 0.837503 0.530446
vt 0.837721 0.52712
vt 0.838723 0.528467
vt 0.838795 0.530383
vt 0.838722 0.526933
vt 0.839947 0.528095
vt 0.840215 0.530197
vt 0.839764 0.526569
vt 0.841031 0.527548
vt 0.841562 0.529517
vt 0.84077 0.526051
vt 0.84462 0.522817
vt 0.845797 0.52361
vt 0.844462 0.526092
vt 0.843579 0.524794
vt 0.843752 0.52231
vt 0.842863 0.524089
vt 0.844206 0.513854
vt 0.845419 0.513407
vt 0.845722 0.516398
vt 0.844436 0.516504
vt 0.846523 0.51338
vt 0.846976 0.516871
vt 0.843724 0.511317
vt 0.844557 0.510733
vt 0.845552 0.510412
vt 0.843143 0.509726
vt 0.843796 0.509041
vt 0.844519 0.508386
vt 0.834407 0.512203
vt 0.835434 0.512494
vt 0.832041 0.511557
vt 0.833337 0.511928
vt 0.833813 0.508595
vt 0.834842 0.509101
vt 0.835752 0.509516
vt 0.836632 0.509831
vt 0.835669 0.506371
vt 0.836357 0.507016
vt 0.836882 0.507609
vt 0.837475 0.50804
vt 0.837233 0.505121
vt 0.837598 0.505806
vt 0.837939 0.506358
vt 0.838563 0.507192
vt 0.839634 0.503909
vt 0.839675 0.504769
vt 0.838649 0.505005
vt 0.838581 0.504356
vt 0.839815 0.505447
vt 0.840193 0.506137
vt 0.839511 0.506453
vt 0.838664 0.505487
vt 0.840721 0.503793
vt 0.840608 0.50474
vt 0.840678 0.505754
vt 0.840718 0.506307
vt 0.841842 0.504214
vt 0.84158 0.505099
vt 0.84139 0.50615
vt 0.841373 0.507166
vt 0.847427 0.524867
vt 0.845704 0.527671
vt 0.845416 0.507344
vt 0.846744 0.509513
vt 0.848137 0.512904
vt 0.850136 0.512279
vt 0.851007 0.517115
vt 0.848731 0.517041
vt 0.842148 0.531539
vt 0.840507 0.532064
vt 0.838864 0.532091
vt 0.837452 0.532
vt 0.8361 0.531468
vt 0.834712 0.530293
vt 0.833224 0.528415
vt 0.831441 0.525624
vt 0.830016 0.522267
vt 0.829471 0.518482
vt 0.829758 0.514836
vt 0.830971 0.511198
vt 0.832914 0.508002
vt 0.835152 0.505667
vt 0.832736 0.530245
vt 0.830539 0.526639
vt 0.838289 0.50353
vt 0.839539 0.50306
vt 0.84081 0.503049
vt 0.842216 0.50372
vt 0.836839 0.504345
vt 0.836251 0.503001
vt 0.837948 0.502111
vt 0.834129 0.504567
vt 0.835693 0.500823
vt 0.837761 0.499896
vt 0.839555 0.499564
vt 0.839449 0.501707
vt 0.841346 0.499753
vt 0.840972 0.501789
vt 0.843421 0.500631
vt 0.842737 0.502701
vt 0.833994 0.494274
vt 0.836729 0.493343
vt 0.83746 0.496859
vt 0.835014 0.49778
vt 0.839558 0.493055
vt 0.842267 0.493415
vt 0.841783 0.496843
vt 0.839674 0.49659
vt 0.845373 0.494928
vt 0.844312 0.497902
vt 0.833188 0.490518
vt 0.8362 0.489781
vt 0.839296 0.489565
vt 0.842633 0.490014
vt 0.846828 0.491553
vt 0.832489 0.486944
vt 0.835621 0.486569
vt 0.851233 0.490748
vt 0.845779 0.486864
vt 0.850122 0.486826
vt 0.839005 0.486429
vt 0.842422 0.486519
vt 0.852507 0.511587
vt 0.853556 0.517109
vt 0.850352 0.507111
vt 0.848202 0.508337
vt 0.84823 0.504597
vt 0.846477 0.506123
vt 0.851804 0.528174
vt 0.849453 0.532225
vt 0.847381 0.529879
vt 0.849363 0.526447
vt 0.837444 0.536417
vt 0.835812 0.535748
vt 0.836024 0.533242
vt 0.837417 0.533758
vt 0.841491 0.536883
vt 0.83931 0.536825
vt 0.838965 0.533999
vt 0.840938 0.534127
vt 0.83415 0.534441
vt 0.834545 0.532224
vt 0.832143 0.531866
vt 0.82996 0.527939
vt 0.828012 0.523272
vt 0.828826 0.522739
vt 0.828587 0.509639
vt 0.830819 0.505601
vt 0.831906 0.507241
vt 0.829827 0.510754
vt 0.827086 0.518605
vt 0.828153 0.518552
vt 0.827272 0.514128
vt 0.828475 0.514653
vt 0.833306 0.50258
vt 0.832251 0.499587
vt 0.831024 0.495915
vt 0.829909 0.491821
vt 0.829278 0.487522
vt 0.824249 0.504232
vt 0.827389 0.499143
vt 0.829034 0.502604
vt 0.826496 0.507387
vt 0.822958 0.511121
vt 0.825212 0.512942
vt 0.824275 0.524615
vt 0.823036 0.518084
vt 0.825212 0.518492
vt 0.826448 0.524034
vt 0.826719 0.530891
vt 0.828839 0.529598
vt 0.840337 0.544135
vt 0.837449 0.543335
vt 0.837498 0.539606
vt 0.839743 0.540149
vt 0.834933 0.542224
vt 0.835562 0.538761
vt 0.843505 0.544206
vt 0.842354 0.540323
vt 0.832253 0.539985
vt 0.833588 0.537189
vt 0.829519 0.536095
vt 0.831308 0.534094
vt 0.824061 0.531927
vt 0.821446 0.524683
vt 0.827315 0.538087
vt 0.819734 0.508617
vt 0.820998 0.499454
vt 0.825776 0.494432
vt 0.840985 0.548265
vt 0.837301 0.54719
vt 0.833909 0.545435
vt 0.844751 0.548378
vt 0.830563 0.542457
vt 0.819997 0.516897
vt 0.848582 0.547701
vt 0.84685 0.54347
vt 0.824867 0.488539
vt 0.82097 0.532874
vt 0.818202 0.525089
vt 0.816531 0.516483
vt 0.815702 0.507631
vt 0.815634 0.49829
vt 0.815595 0.490099
vt 0.820397 0.490284
vt 0.812921 0.516457
vt 0.811985 0.50723
vt 0.817871 0.534065
vt 0.814816 0.525573
vt 0.81167 0.497596
vt 0.811663 0.489784
vt 0.793761 0.552179
vt 0.787405 0.538993
vt 0.794004 0.534692
vt 0.79912 0.547457
vt 0.783087 0.525538
vt 0.790113 0.522341
vt 0.780167 0.512372
vt 0.787471 0.510644
vt 0.84598 0.552974
vt 0.841352 0.552803
vt 0.83693 0.551514
vt 0.832858 0.548945
vt 0.828545 0.545084
vt 0.824692 0.539765
vt 0.850543 0.552105
vt 0.826629 0.547942
vt 0.821996 0.541639
vt 0.831511 0.552882
vt 0.836525 0.556308
vt 0.810839 0.573157
vt 0.801811 0.563357
vt 0.806143 0.558582
vt 0.81402 0.568443
vt 0.796545 0.569219
vt 0.787637 0.557423
vt 0.804121 0.543316
vt 0.810082 0.554201
vt 0.821335 0.581283
vt 0.819576 0.585179
vt 0.807295 0.57801
vt 0.718699 0.615128
vt 0.701241 0.613305
vt 0.709928 0.574969
vt 0.725453 0.583512
vt 0.866036 0.49734
vt 0.868256 0.500053
vt 0.86978 0.498119
vt 0.872491 0.500456
vt 0.871518 0.502122
vt 0.878003 0.497519
vt 0.876592 0.498184
vt 0.88219 0.494292
vt 0.883563 0.494526
vt 0.880873 0.496628
vt 0.880273 0.495316
vt 0.881304 0.494083
vt 0.878653 0.495181
vt 0.878306 0.496039
vt 0.870948 0.497074
vt 0.873161 0.498171
vt 0.872932 0.499205
vt 0.881108 0.498137
vt 0.87477 0.507487
vt 0.880345 0.510793
vt 0.878989 0.516353
vt 0.873188 0.512413
vt 0.878798 0.494057
vt 0.879854 0.494397
vt 0.880692 0.493561
vt 0.897823 0.504127
vt 0.900273 0.503125
vt 0.904276 0.505847
vt 0.902787 0.50728
vt 0.916689 0.501839
vt 0.920203 0.497546
vt 0.92201 0.498476
vt 0.917786 0.502502
vt 0.913974 0.504121
vt 0.914824 0.504923
vt 0.920675 0.504107
vt 0.917605 0.507033
vt 0.924064 0.499605
vt 0.902323 0.502205
vt 0.905019 0.504583
vt 0.899198 0.499428
vt 0.900486 0.498706
vt 0.903448 0.501318
vt 0.901584 0.497996
vt 0.904136 0.500503
vt 0.905008 0.499726
vt 0.902994 0.497309
vt 0.903925 0.496635
vt 0.905774 0.499156
vt 0.904947 0.495863
vt 0.906975 0.49841
vt 0.906084 0.49507
vt 0.90741 0.497983
vt 0.908987 0.503361
vt 0.910199 0.503704
vt 0.910439 0.504537
vt 0.90897 0.504623
vt 0.909155 0.502596
vt 0.910011 0.50252
vt 0.909655 0.500662
vt 0.910001 0.500277
vt 0.910039 0.501476
vt 0.909345 0.501773
vt 0.909817 0.499609
vt 0.909923 0.49941
vt 0.91494 0.499714
vt 0.91566 0.500598
vt 0.913301 0.502829
vt 0.912892 0.501771
vt 0.911066 0.498512
vt 0.912483 0.498368
vt 0.911239 0.499625
vt 0.91033 0.499044
vt 0.905737 0.503359
vt 0.906245 0.50229
vt 0.906747 0.501304
vt 0.907783 0.499563
vt 0.906989 0.500593
vt 0.908348 0.499287
vt 0.908838 0.507375
vt 0.908956 0.506048
vt 0.91091 0.505927
vt 0.911268 0.507258
vt 0.914218 0.499006
vt 0.912539 0.500923
vt 0.91347 0.498558
vt 0.912018 0.500303
vt 0.899311 0.495631
vt 0.898213 0.49605
vt 0.902364 0.494191
vt 0.900936 0.494891
vt 0.892363 0.494389
vt 0.896985 0.496678
vt 0.894179 0.497574
vt 0.917126 0.49616
vt 0.918507 0.496752
vt 0.913348 0.494608
vt 0.915094 0.494777
vt 0.916065 0.495387
vt 0.923159 0.492519
vt 0.920701 0.492033
vt 0.918603 0.491253
vt 0.917164 0.49086
vt 0.915672 0.490592
vt 0.91442 0.490133
vt 0.927014 0.487424
vt 0.929569 0.487801
vt 0.927626 0.494019
vt 0.925184 0.493472
vt 0.912101 0.494439
vt 0.913127 0.489781
vt 0.905105 0.487855
vt 0.905237 0.489352
vt 0.905354 0.48582
vt 0.905509 0.490386
vt 0.910862 0.495711
vt 0.911341 0.489411
vt 0.905418 0.484387
vt 0.909795 0.49932
vt 0.909879 0.499326
vt 0.908675 0.497741
vt 0.90916 0.49889
vt 0.906658 0.487579
vt 0.9068 0.488908
vt 0.909994 0.499144
vt 0.91013 0.497995
vt 0.855674 0.02715
vt 0.8665 0.037576
vt 0.864728 0.040494
vt 0.856868 0.031431
vt 0.90676 0.484264
vt 0.906706 0.485575
vt 0.906694 0.490268
vt 0.907541 0.494498
vt 0.894766 0.018293
vt 0.89819 0.015695
vt 0.901432 0.019093
vt 0.898834 0.021789
vt 0.901169 0.013682
vt 0.903607 0.016527
vt 0.850578 0.028769
vt 0.849489 0.024899
vt 0.890594 0.022033
vt 0.892363 0.020287
vt 0.89612 0.024105
vt 0.894394 0.025611
vt 0.870606 0.046046
vt 0.867315 0.043665
vt 0.870282 0.041095
vt 0.873382 0.044493
vt 0.883482 0.037055
vt 0.881666 0.040063
vt 0.878522 0.038003
vt 0.879683 0.03481
vt 0.884008 0.029583
vt 0.887588 0.032221
vt 0.86156 0.042734
vt 0.855388 0.036356
vt 0.877509 0.045835
vt 0.875765 0.047052
vt 0.87544 0.044493
vt 0.876523 0.04309
vt 0.864541 0.045955
vt 0.87989 0.047135
vt 0.876235 0.048766
vt 0.904926 0.01456
vt 0.909031 0.020189
vt 0.907563 0.021802
vt 0.905342 0.023724
vt 0.90299 0.026039
vt 0.848661 0.033845
vt 0.900702 0.028248
vt 0.899092 0.029544
vt 0.868061 0.048145
vt 0.888568 0.039152
vt 0.886132 0.041796
vt 0.89241 0.035542
vt 0.859134 0.04489
vt 0.85374 0.040457
vt 0.856798 0.049553
vt 0.853003 0.047182
vt 0.862569 0.047694
vt 0.882125 0.048861
vt 0.876872 0.050343
vt 0.912291 0.025385
vt 0.91078 0.026706
vt 0.90882 0.028508
vt 0.906639 0.03035
vt 0.847357 0.037754
vt 0.904504 0.032075
vt 0.903014 0.033243
vt 0.866474 0.049642
vt 0.892874 0.041504
vt 0.890081 0.043906
vt 0.896593 0.037965
vt 0.846788 0.097267
vt 0.846839 0.102177
vt 0.896804 0.045533
vt 0.893698 0.047579
vt 0.900617 0.043105
vt 0.847995 0.076251
vt 0.909973 0.036305
vt 0.908035 0.037943
vt 0.85598 0.056036
vt 0.852216 0.053781
vt 0.860446 0.051433
vt 0.847293 0.06445
vt 0.884341 0.051944
vt 0.87746 0.053095
vt 0.91569 0.032182
vt 0.914015 0.033108
vt 0.846833 0.052315
vt 0.912247 0.034554
vt 0.84588 0.044411
vt 0.906606 0.038961
vt 0.864827 0.05276
vt 0.92041 0.044845
vt 0.918724 0.045321
vt 0.916398 0.046608
vt 0.914026 0.047934
vt 0.911424 0.049262
vt 0.909985 0.049919
vt 0.864544 0.058221
vt 0.859712 0.057248
vt 0.900043 0.053877
vt 0.89654 0.055157
vt 0.903858 0.052756
vt 0.857519 0.065797
vt 0.853042 0.064988
vt 0.886009 0.057886
vt 0.878491 0.058396
vt 0.861115 0.066555
vt 0.886827 0.067403
vt 0.879051 0.06741
vt 0.92374 0.061881
vt 0.921807 0.062297
vt 0.918895 0.063163
vt 0.91624 0.063836
vt 0.913573 0.064311
vt 0.912085 0.064551
vt 0.864732 0.066856
vt 0.902123 0.065374
vt 0.89854 0.065651
vt 0.904963 0.065276
vt 0.857874 0.078004
vt 0.853296 0.076932
vt 0.850972 0.096335
vt 0.854965 0.095066
vt 0.86153 0.078458
vt 0.8866 0.080335
vt 0.879078 0.080079
vt 0.923205 0.082193
vt 0.921046 0.082815
vt 0.917372 0.082619
vt 0.914078 0.082303
vt 0.911043 0.081889
vt 0.9081 0.081617
vt 0.865162 0.07799
vt 0.899801 0.080655
vt 0.896557 0.080473
vt 0.902434 0.080944
vt 0.917721 0.101406
vt 0.915599 0.100732
vt 0.912225 0.099904
vt 0.909424 0.098762
vt 0.906702 0.097667
vt 0.9041 0.096969
vt 0.865089 0.091659
vt 0.858895 0.092353
vt 0.896134 0.094819
vt 0.89268 0.094237
vt 0.898931 0.095432
vt 0.849674 0.102748
vt 0.853335 0.103373
vt 0.883235 0.093699
vt 0.877237 0.093552
vt 0.889491 0.108186
vt 0.886248 0.106979
vt 0.892345 0.109356
vt 0.901431 0.114157
vt 0.899605 0.112887
vt 0.857654 0.105058
vt 0.878917 0.105587
vt 0.87502 0.107271
vt 0.907492 0.118236
vt 0.905552 0.117393
vt 0.903718 0.115992
vt 0.897403 0.111778
vt 0.862823 0.109545
vt 0.861474 0.117929
vt 0.858789 0.116898
vt 0.851525 0.117531
vt 0.855483 0.116559
vt 0.847845 0.117152
vt 0.88266 0.122007
vt 0.881114 0.121263
vt 0.885204 0.12136
vt 0.895277 0.110545
vt 0.887441 0.122849
vt 0.875478 0.117095
vt 0.870367 0.118294
vt 0.896272 0.132118
vt 0.895003 0.130818
vt 0.894086 0.127915
vt 0.89265 0.126647
vt 0.889633 0.126883
vt 0.888352 0.125793
vt 0.866287 0.130236
vt 0.864629 0.131773
vt 0.778648 0.500272
vt 0.785851 0.500156
vt 0.933022 0.48842
vt 0.93078 0.49484
vt 0.909306 0.512524
vt 0.908764 0.509518
vt 0.912277 0.510103
vt 0.913072 0.512424
vt 0.92344 0.505158
vt 0.919918 0.508829
vt 0.927427 0.500854
vt 0.962263 0.490713
vt 0.96853 0.491339
vt 0.96785 0.502309
vt 0.961067 0.499963
vt 0.939363 0.573945
vt 0.931804 0.585888
vt 0.924991 0.581142
vt 0.93162 0.568754
vt 0.418574 0.949612
vt 0.423237 0.951413
vt 0.421701 0.95577
vt 0.417349 0.95344
vt 0.420404 0.942293
vt 0.425478 0.945351
vt 0.424591 0.932713
vt 0.429507 0.936982
vt 0.410301 0.945096
vt 0.414249 0.946906
vt 0.412925 0.951138
vt 0.408684 0.949444
vt 0.412474 0.937914
vt 0.416935 0.940442
vt 0.415436 0.926882
vt 0.419727 0.929707
vt 0.920116 0.599702
vt 0.913639 0.593962
vt 0.977064 0.506097
vt 0.977804 0.492641
vt 0.992106 0.497377
vt 0.99014 0.514495
vt 0.384361 0.950586
vt 0.382552 0.951394
vt 0.382695 0.945153
vt 0.384872 0.944152
vt 0.382886 0.93248
vt 0.385354 0.932303
vt 0.397754 0.932426
vt 0.393717 0.931919
vt 0.944182 0.563404
vt 0.938151 0.558387
vt 0.779893 0.543934
vt 0.431686 0.949293
vt 0.429177 0.954541
vt 0.443869 0.929322
vt 0.435392 0.941736
vt 0.92713 0.664811
vt 0.942957 0.673213
vt 0.933638 0.694102
vt 0.917502 0.686941
vt 0.963777 0.683433
vt 0.954248 0.701639
vt 0.450083 0.935257
vt 0.442 0.945938
vt 0.926188 0.716506
vt 0.910801 0.710992
vt 0.945772 0.723031
vt 0.456172 0.941105
vt 0.449159 0.950454
vt 0.919693 0.736822
vt 0.905476 0.733125
vt 0.939067 0.742104
vt 0.461329 0.946952
vt 0.454899 0.954986
vt 0.914107 0.754414
vt 0.900224 0.750909
vt 0.933708 0.75852
vt 0.466083 0.951824
vt 0.459297 0.959214
vt 0.908196 0.773574
vt 0.894116 0.770124
vt 0.926999 0.77718
vt 0.470155 0.9576
vt 0.463441 0.964413
vt 0.884989 0.803378
vt 0.899856 0.806244
vt 0.89853 0.814783
vt 0.883 0.812613
vt 0.919852 0.809529
vt 0.919027 0.817634
vt 0.47007 0.97219
vt 0.476141 0.966516
vt 0.477847 0.968308
vt 0.471715 0.973856
vt 0.713974 0.683426
vt 0.698941 0.691346
vt 0.686883 0.6553
vt 0.704892 0.651325
vt 0.68329 0.699645
vt 0.668606 0.659024
vt 0.746457 0.667264
vt 0.728926 0.676585
vt 0.721123 0.648436
vt 0.739062 0.643615
vt 0.792019 0.647033
vt 0.777861 0.652973
vt 0.772835 0.637704
vt 0.762578 0.659748
vt 0.756964 0.640931
vt 0.85576 0.591896
vt 0.856162 0.597652
vt 0.844741 0.594961
vt 0.844793 0.589633
vt 0.832327 0.591326
vt 0.833449 0.586006
vt 0.757613 0.600265
vt 0.754528 0.619181
vt 0.866873 0.59311
vt 0.867639 0.600175
vt 0.852349 0.689948
vt 0.848724 0.706359
vt 0.831919 0.703348
vt 0.837743 0.688454
vt 0.736851 0.616944
vt 0.741245 0.59198
vt 0.842713 0.723476
vt 0.824757 0.719581
vt 0.916564 0.574538
vt 0.905735 0.585496
vt 0.426863 0.958422
vt 0.904733 0.679014
vt 0.914393 0.65603
vt 0.899868 0.707048
vt 0.894047 0.729565
vt 0.887554 0.749508
vt 0.88215 0.767247
vt 0.864391 0.539711
vt 0.860031 0.545502
vt 0.856924 0.541178
vt 0.860773 0.535425
vt 0.842788 0.533627
vt 0.843847 0.536385
vt 0.854708 0.530278
vt 0.851872 0.534943
vt 0.845204 0.539835
vt 0.846567 0.535068
vt 0.84835 0.538042
vt 0.857663 0.532617
vt 0.854157 0.537651
vt 0.901988 0.612434
vt 0.897582 0.602534
vt 0.892866 0.592402
vt 0.958195 0.49915
vt 0.95964 0.490435
vt 0.955918 0.509598
vt 0.959342 0.511721
vt 0.955457 0.525206
vt 0.951791 0.521767
vt 0.960366 0.529822
vt 0.965205 0.51516
vt 0.950238 0.537559
vt 0.946312 0.533511
vt 0.954608 0.542444
vt 0.39498 0.949479
vt 0.39143 0.94961
vt 0.392812 0.943499
vt 0.396554 0.943506
vt 0.389272 0.932218
vt 0.387798 0.949928
vt 0.388612 0.943634
vt 0.966981 0.536335
vt 0.97317 0.520714
vt 0.975526 0.54603
vt 0.968866 0.557062
vt 0.960827 0.548636
vt 0.932433 0.552853
vt 0.924788 0.563116
vt 0.40332 0.943591
vt 0.406581 0.943886
vt 0.40492 0.948815
vt 0.401506 0.948921
vt 0.946355 0.579632
vt 0.954696 0.586576
vt 0.94822 0.597202
vt 0.939381 0.591303
vt 0.917865 0.618405
vt 0.930363 0.623285
vt 0.922067 0.63787
vt 0.910544 0.632445
vt 0.951497 0.569
vt 0.959328 0.576622
vt 0.92952 0.604671
vt 0.93973 0.60947
vt 0.903768 0.647415
vt 0.804633 0.642415
vt 0.815504 0.638499
vt 0.813398 0.630903
vt 0.867277 0.60671
vt 0.856304 0.602889
vt 0.662865 0.710597
vt 0.643204 0.662415
vt 0.880812 0.613063
vt 0.8811 0.602423
vt 0.772307 0.699547
vt 0.761166 0.712823
vt 0.744232 0.697272
vt 0.758672 0.68535
vt 0.895369 0.661285
vt 0.863528 0.800018
vt 0.872755 0.801321
vt 0.870412 0.810953
vt 0.862047 0.810078
vt 0.846832 0.779931
vt 0.845317 0.797014
vt 0.82791 0.792943
vt 0.830179 0.775511
vt 0.849916 0.761339
vt 0.834104 0.757678
vt 0.87749 0.747523
vt 0.872003 0.765371
vt 0.883038 0.727891
vt 0.888133 0.707235
vt 0.891295 0.684246
vt 0.888748 0.787338
vt 0.876851 0.78478
vt 0.806209 0.714958
vt 0.814371 0.700167
vt 0.804849 0.785189
vt 0.800678 0.802406
vt 0.773625 0.795585
vt 0.780688 0.777246
vt 0.821823 0.68654
vt 0.817819 0.735405
vt 0.812665 0.751495
vt 0.791235 0.744719
vt 0.797875 0.729889
vt 0.841874 0.676422
vt 0.829306 0.674521
vt 0.812885 0.669153
vt 0.805822 0.681876
vt 0.794559 0.674518
vt 0.804427 0.662289
vt 0.787321 0.709359
vt 0.77809 0.723404
vt 0.796831 0.695261
vt 0.78337 0.686987
vt 0.75431 0.767287
vt 0.716101 0.767219
vt 0.728721 0.750924
vt 0.770221 0.73662
vt 0.750943 0.724647
vt 0.73168 0.707515
vt 0.797725 0.65522
vt 0.785067 0.665411
vt 0.772073 0.674939
vt 0.70617 0.730571
vt 0.687931 0.743599
vt 0.702582 0.522638
vt 0.680666 0.55637
vt 0.660913 0.544667
vt 0.690115 0.508931
vt 0.736517 0.56172
vt 0.724828 0.549484
vt 0.772036 0.549508
vt 0.765132 0.534953
vt 0.774343 0.52984
vt 0.781164 0.563168
vt 0.79161 0.574642
vt 0.694494 0.5645
vt 0.683639 0.610131
vt 0.837096 0.740299
vt 0.777714 0.491345
vt 0.78466 0.490734
vt 0.759897 0.520283
vt 0.77065 0.515967
vt 0.775257 0.56865
vt 0.765312 0.554785
vt 0.786274 0.580009
vt 0.808348 0.767969
vt 0.776954 0.59526
vt 0.763078 0.585943
vt 0.74905 0.574008
vt 0.757058 0.539987
vt 0.983347 0.531549
vt 0.898936 0.627068
vt 0.894603 0.640596
vt 0.887908 0.651109
vt 0.886949 0.66813
vt 0.845594 0.666281
vt 0.835497 0.664231
vt 0.820043 0.658837
vt 0.813895 0.652934
vt 0.808234 0.647987
vt 0.757908 0.561937
vt 0.769429 0.575549
vt 0.781282 0.586498
vt 0.826218 0.806112
vt 0.748049 0.54768
vt 0.741177 0.497553
vt 0.753179 0.494037
vt 0.467018 0.968422
vt 0.473598 0.962192
vt 0.666748 0.606618
vt 0.641249 0.600887
vt 0.866463 0.675417
vt 0.855271 0.676371
vt 0.85585 0.666312
vt 0.865012 0.665099
vt 0.713168 0.534826
vt 0.733428 0.516758
vt 0.739961 0.533375
vt 0.767429 0.492132
vt 0.786024 0.76046
vt 0.903202 0.790432
vt 0.923375 0.793725
vt 0.71925 0.718559
vt 0.727882 0.503061
vt 0.762606 0.751615
vt 0.740139 0.737333
vt 0.750479 0.52558
vt 0.936024 0.488887
vt 0.84991 0.503015
vt 0.847262 0.50051
vt 0.84861 0.498511
vt 0.851461 0.501633
vt 0.942962 0.530112
vt 0.948856 0.51948
vt 0.953225 0.508221
vt 0.955402 0.49839
vt 0.956678 0.490247
vt 0.405223 0.933852
vt 0.40903 0.935051
vt 0.839235 0.656282
vt 0.847052 0.657825
vt 0.827371 0.651825
vt 0.821997 0.647551
vt 0.769221 0.501789
vt 0.755756 0.505221
vt 0.745037 0.509655
vt 0.835586 0.518427
vt 0.835555 0.515538
vt 0.837013 0.515746
vt 0.837007 0.518337
vt 0.837298 0.525011
vt 0.837963 0.525473
vt 0.837066 0.525872
vt 0.836263 0.525246
vt 0.83688 0.524487
vt 0.835841 0.524648
vt 0.836576 0.523103
vt 0.835244 0.523085
vt 0.835788 0.521032
vt 0.834575 0.520992
vt 0.836302 0.512655
vt 0.841056 0.508462
vt 0.840668 0.507181
vt 0.838777 0.50809
vt 0.839602 0.507708
vt 0.839443 0.509006
vt 0.838942 0.509208
vt 0.840096 0.506993
vt 0.842187 0.510541
vt 0.841715 0.509777
vt 0.842192 0.509246
vt 0.842677 0.510194
vt 0.842404 0.514206
vt 0.842264 0.512137
vt 0.843185 0.511712
vt 0.843414 0.51412
vt 0.837988 0.508635
vt 0.842537 0.516405
vt 0.843686 0.516492
vt 0.837345 0.510092
vt 0.841797 0.523102
vt 0.842211 0.521452
vt 0.843125 0.521785
vt 0.842361 0.52362
vt 0.840292 0.525064
vt 0.840968 0.524737
vt 0.841293 0.524976
vt 0.840762 0.525377
vt 0.838971 0.525337
vt 0.839642 0.525219
vt 0.839936 0.52577
vt 0.838976 0.526031
vt 0.838539 0.525417
vt 0.838091 0.526169
vt 0.839274 0.51636
vt 0.839385 0.514294
vt 0.841256 0.51435
vt 0.841309 0.516412
vt 0.839625 0.522481
vt 0.839835 0.521207
vt 0.841157 0.521059
vt 0.84094 0.522646
vt 0.839127 0.523468
vt 0.839176 0.523542
vt 0.838932 0.524518
vt 0.838748 0.524453
vt 0.838252 0.51847
vt 0.838658 0.521112
vt 0.837276 0.520978
vt 0.839822 0.510652
vt 0.839392 0.511294
vt 0.838358 0.510713
vt 0.838563 0.509585
vt 0.840003 0.511999
vt 0.841385 0.512368
vt 0.839238 0.523569
vt 0.839054 0.524536
vt 0.838915 0.522531
vt 0.837721 0.52267
vt 0.840043 0.51043
vt 0.83988 0.510569
vt 0.840209 0.511447
vt 0.840306 0.511158
vt 0.841298 0.510201
vt 0.841414 0.51115
vt 0.83933 0.52355
vt 0.839403 0.524514
vt 0.83908 0.523266
vt 0.838293 0.523689
vt 0.840197 0.510355
vt 0.839932 0.508827
vt 0.839419 0.523455
vt 0.839463 0.52329
vt 0.840329 0.523946
vt 0.839802 0.524389
vt 0.839114 0.523391
vt 0.838501 0.524172
vt 0.840301 0.510411
vt 0.840424 0.508999
vt 0.838451 0.513318
vt 0.83817 0.516107
vt 0.83737 0.512981
vt 0.840382 0.510646
vt 0.840928 0.509599
vt 0.098954 0.600965
vt 0.103086 0.608573
vt 0.088613 0.616041
vt 0.086143 0.599128
vt 0.121246 0.566625
vt 0.115029 0.568049
vt 0.107075 0.551327
vt 0.121168 0.547391
vt 0.139713 0.576141
vt 0.135529 0.571398
vt 0.147994 0.561919
vt 0.151156 0.571181
vt 0.141874 0.59973
vt 0.142798 0.595914
vt 0.149523 0.595923
vt 0.149135 0.599323
vt 0.118785 0.615721
vt 0.126574 0.614846
vt 0.136337 0.626557
vt 0.121025 0.632858
vt 0.098235 0.594028
vt 0.089218 0.589692
vt 0.110367 0.570703
vt 0.097147 0.564817
vt 0.143195 0.592365
vt 0.149637 0.593275
vt 0.132708 0.611797
vt 0.143434 0.617443
vt 0.090076 0.586239
vt 0.091728 0.583094
vt 0.101398 0.586256
vt 0.099548 0.589336
vt 0.1081 0.573314
vt 0.106333 0.575931
vt 0.096467 0.571167
vt 0.096477 0.568809
vt 0.143076 0.589117
vt 0.149333 0.59142
vt 0.137227 0.607821
vt 0.147372 0.608627
vt 0.103024 0.584064
vt 0.0939 0.580762
vt 0.142932 0.585756
vt 0.142259 0.581731
vt 0.151156 0.584484
vt 0.150618 0.588029
vt 0.140063 0.603788
vt 0.148514 0.604052
vt 0.103959 0.58199
vt 0.094689 0.579764
vt 0.110581 0.613671
vt 0.103089 0.63154
vt 0.104913 0.579379
vt 0.095145 0.577067
vt 0.107447 0.583534
vt 0.106434 0.585423
vt 0.109333 0.603101
vt 0.114175 0.606299
vt 0.13368 0.599839
vt 0.134967 0.597086
vt 0.119482 0.607451
vt 0.108823 0.581501
vt 0.106052 0.598573
vt 0.121626 0.573483
vt 0.117028 0.574344
vt 0.134267 0.580933
vt 0.131444 0.577488
vt 0.135668 0.594451
vt 0.124462 0.606969
vt 0.104945 0.593948
vt 0.113973 0.575913
vt 0.136033 0.591875
vt 0.12862 0.605198
vt 0.10569 0.587558
vt 0.105149 0.59029
vt 0.112116 0.577424
vt 0.110484 0.579135
vt 0.136196 0.589451
vt 0.131683 0.602643
vt 0.136103 0.587213
vt 0.135693 0.584506
vt 0.119751 0.602897
vt 0.123313 0.602699
vt 0.108816 0.593515
vt 0.110092 0.596799
vt 0.118165 0.57798
vt 0.115803 0.578906
vt 0.132159 0.593608
vt 0.13251 0.591518
vt 0.126379 0.60157
vt 0.108795 0.588333
vt 0.108522 0.590631
vt 0.114256 0.579889
vt 0.112784 0.581119
vt 0.132552 0.589523
vt 0.128763 0.599831
vt 0.109336 0.586474
vt 0.132432 0.587775
vt 0.132001 0.585822
vt 0.130452 0.597817
vt 0.110109 0.584812
vt 0.112616 0.599856
vt 0.116042 0.601944
vt 0.131486 0.5957
vt 0.111198 0.582978
vt 0.121593 0.577623
vt 0.130906 0.583301
vt 0.128858 0.580749
vt 0.116954 0.599657
vt 0.119843 0.600459
vt 0.112584 0.583892
vt 0.111535 0.585525
vt 0.112175 0.595753
vt 0.114244 0.598074
vt 0.121481 0.579851
vt 0.118686 0.579998
vt 0.129067 0.584534
vt 0.127396 0.582494
vt 0.129641 0.594924
vt 0.13026 0.593118
vt 0.122669 0.600378
vt 0.110943 0.5932
vt 0.116729 0.580618
vt 0.130565 0.591282
vt 0.125157 0.599576
vt 0.110524 0.588774
vt 0.11047 0.590809
vt 0.115396 0.581322
vt 0.114073 0.582304
vt 0.130597 0.589559
vt 0.127153 0.598258
vt 0.110899 0.587072
vt 0.130407 0.588097
vt 0.130007 0.586531
vt 0.128633 0.596655
vt 0.126153 0.59723
vt 0.127498 0.595897
vt 0.128446 0.594404
vt 0.129041 0.592807
vt 0.129343 0.591161
vt 0.129342 0.589627
vt 0.113465 0.584564
vt 0.112506 0.58606
vt 0.129167 0.588357
vt 0.128779 0.587029
vt 0.12793 0.585349
vt 0.126466 0.583615
vt 0.121347 0.581275
vt 0.118925 0.581307
vt 0.119885 0.598911
vt 0.122263 0.5989
vt 0.117224 0.581761
vt 0.113438 0.595037
vt 0.115218 0.596888
vt 0.111944 0.587505
vt 0.111688 0.589084
vt 0.111753 0.590903
vt 0.116045 0.58232
vt 0.114851 0.583158
vt 0.112291 0.592942
vt 0.117459 0.59823
vt 0.124394 0.598288
vt 0.123788 0.597227
vt 0.125356 0.596364
vt 0.112687 0.589325
vt 0.112831 0.590945
vt 0.113371 0.592686
vt 0.117563 0.582741
vt 0.116523 0.583208
vt 0.121204 0.582456
vt 0.119074 0.582416
vt 0.114408 0.594419
vt 0.11596 0.595932
vt 0.12828 0.591091
vt 0.128299 0.589733
vt 0.119922 0.597673
vt 0.121947 0.5977
vt 0.128131 0.588629
vt 0.126576 0.595249
vt 0.117861 0.597067
vt 0.113335 0.586557
vt 0.112859 0.587881
vt 0.126993 0.586051
vt 0.125692 0.584547
vt 0.127444 0.593968
vt 0.1142 0.585208
vt 0.128007 0.592562
vt 0.127769 0.587494
vt 0.127192 0.58985
vt 0.127055 0.588921
vt 0.124582 0.595458
vt 0.125662 0.594553
vt 0.115325 0.593783
vt 0.116653 0.595004
vt 0.114981 0.585909
vt 0.114222 0.587089
vt 0.113837 0.588245
vt 0.126037 0.586751
vt 0.124906 0.585453
vt 0.126423 0.593493
vt 0.11826 0.59596
vt 0.119985 0.596491
vt 0.113744 0.589513
vt 0.119229 0.583546
vt 0.117915 0.583774
vt 0.126905 0.592295
vt 0.113922 0.590921
vt 0.114422 0.592383
vt 0.12673 0.587969
vt 0.127154 0.591019
vt 0.121667 0.596536
vt 0.123219 0.596158
vt 0.117005 0.584141
vt 0.121078 0.583632
vt 0.115393 0.58771
vt 0.115103 0.588644
vt 0.124916 0.587485
vt 0.123996 0.586443
vt 0.12461 0.593664
vt 0.125221 0.592848
vt 0.118765 0.594728
vt 0.120115 0.595164
vt 0.115071 0.589678
vt 0.119489 0.584841
vt 0.118401 0.584986
vt 0.125582 0.591888
vt 0.115254 0.590824
vt 0.115667 0.591981
vt 0.125496 0.588451
vt 0.125779 0.590862
vt 0.121415 0.595202
vt 0.122631 0.594896
vt 0.116394 0.593057
vt 0.117652 0.585264
vt 0.120987 0.584947
vt 0.125852 0.589933
vt 0.123731 0.594349
vt 0.117465 0.593993
vt 0.125774 0.5892
vt 0.116014 0.586748
vt 0.122061 0.588885
vt 0.121946 0.588512
vt 0.123534 0.588208
vt 0.123918 0.588871
vt 0.124087 0.589387
vt 0.124115 0.589905
vt 0.121978 0.589591
vt 0.122066 0.589212
vt 0.11781 0.592214
vt 0.117319 0.591485
vt 0.11927 0.591226
vt 0.11942 0.591648
vt 0.12118 0.591731
vt 0.121438 0.591376
vt 0.123247 0.592496
vt 0.122651 0.592972
vt 0.12096 0.586409
vt 0.122125 0.586818
vt 0.121631 0.587719
vt 0.12101 0.587496
vt 0.121917 0.593359
vt 0.12089 0.592034
vt 0.120681 0.587678
vt 0.119952 0.586355
vt 0.121785 0.588106
vt 0.12294 0.587477
vt 0.11966 0.592011
vt 0.119887 0.592346
vt 0.119387 0.593342
vt 0.118527 0.592841
vt 0.121625 0.590965
vt 0.123657 0.591933
vt 0.120371 0.592492
vt 0.120616 0.592274
vt 0.121129 0.593603
vt 0.120299 0.593634
vt 0.119937 0.588366
vt 0.119607 0.588807
vt 0.117553 0.587753
vt 0.118174 0.587072
vt 0.120391 0.587868
vt 0.119206 0.586462
vt 0.119355 0.589272
vt 0.1171 0.588442
vt 0.123896 0.591269
vt 0.121753 0.590512
vt 0.12018 0.588077
vt 0.118694 0.58667
vt 0.121867 0.590039
vt 0.124043 0.590555
vt 0.119223 0.589739
vt 0.116904 0.589119
vt 0.117039 0.590681
vt 0.116899 0.589864
vt 0.119185 0.590233
vt 0.119203 0.590743
vt 0.122702 0.58552
vt 0.852747 0.545283
vt 0.855326 0.549664
vt 0.878458 0.593835
vt 0.881629 0.625917
vt 0.850477 0.541324
vt 0.844932 0.53249
vt 0.84387 0.530149
vt 0.842973 0.528279
vt 0.842181 0.526498
vt 0.84173 0.525313
vt 0.402012 0.932893
vt 0.400036 0.943405
vt 0.398344 0.949106
vt 0.95588 0.559201
vt 0.963795 0.567357
vt 0.949401 0.553316
vt 0.9443 0.548405
vt 0.939918 0.543682
vt 0.935916 0.538977
vt 0.91496 0.50926
vt 0.916263 0.510984
vt 0.913069 0.505969
vt 0.911882 0.503599
vt 0.912479 0.504925
vt 0.911562 0.502566
vt 0.911522 0.501655
vt 0.911211 0.500961
vt 0.910678 0.500082
vt 0.910129 0.499302
vt 0.909974 0.499229
vt 0.874401 0.044477
vt 0.873184 0.046461
vt 0.872023 0.048075
vt 0.871475 0.049441
vt 0.870873 0.052313
vt 0.871455 0.057724
vt 0.871849 0.066831
vt 0.872219 0.078893
vt 0.87118 0.092839
vt 0.869357 0.109788
vt 0.865516 0.119285
vt 0.869726 0.127532
vt 0.878315 0.119253
vt 0.882474 0.106431
vt 0.887893 0.093984
vt 0.891551 0.080325
vt 0.892601 0.066324
vt 0.89119 0.056291
vt 0.888907 0.049556
vt 0.885963 0.046158
vt 0.882875 0.044299
vt 0.879479 0.042822
vt 0.877462 0.040518
vt 0.909567 0.499148
vt 0.909132 0.499772
vt 0.908656 0.500315
vt 0.907939 0.501294
vt 0.90779 0.501956
vt 0.907847 0.502689
vt 0.907625 0.504098
vt 0.90762 0.505477
vt 0.906965 0.506673
vt 0.906085 0.509145
vt 0.905359 0.511297
vt 0.873174 0.124812
vt 0.86947 0.121153
vt 0.900964 0.508793
vt 0.874795 0.498411
vt 0.836369 0.560637
vt 0.836163 0.565662
vt 0.829081 0.561319
vt 0.830259 0.556839
vt 0.82252 0.554714
vt 0.824532 0.55107
vt 0.816842 0.546582
vt 0.819446 0.5438
vt 0.814903 0.535476
vt 0.811746 0.53743
vt 0.808114 0.527506
vt 0.811547 0.526282
vt 0.805569 0.517309
vt 0.809319 0.516773
vt 0.803789 0.507551
vt 0.808021 0.507179
vt 0.802896 0.498275
vt 0.807419 0.498064
vt 0.802621 0.489743
vt 0.807324 0.489737
vt 0.875802 0.499934
vt 0.87647 0.501509
vt 0.863452 0.51731
vt 0.859322 0.509195
vt 0.861368 0.506323
vt 0.865685 0.512321
vt 0.853287 0.500235
vt 0.850422 0.496499
vt 0.853556 0.494834
vt 0.855985 0.498494
vt 0.856097 0.504003
vt 0.858543 0.502192
vt 0.878865 0.499566
vt 0.857189 0.510177
vt 0.855052 0.510837
vt 0.852491 0.505908
vt 0.854264 0.505178
vt 0.79716 0.48989
vt 0.797947 0.498756
vt 0.799151 0.50834
vt 0.801228 0.518395
vt 0.885039 0.494456
vt 0.881579 0.501713
vt 0.88461 0.498689
vt 0.89535 0.505291
vt 0.8425 0.508324
vt 0.843037 0.507487
vt 0.843397 0.506643
vt 0.844075 0.505728
vt 0.845928 0.502671
vt 0.844823 0.504487
vt 0.804236 0.529197
vt 0.87586 0.50393
vt 0.859422 0.517094
vt 0.115458 0.583935
vt 0.116078 0.584781
vt 0.116906 0.58581
vt 0.808255 0.539877
vt 0.945925 0.49006
vt 0.94104 0.489502
vt 0.856516 0.517067
vt 0.843338 0.567736
vt 0.842668 0.562338
vt 0.933955 0.495312
vt 0.881201 0.505951
vt 0.931065 0.501929
vt 0.927437 0.507842
vt 0.923506 0.51277
vt 0.866486 0.50172
vt 0.870087 0.50454
vt 0.919699 0.516162
vt 0.914956 0.516951
vt 0.910044 0.516744
vt 0.904903 0.514823
vt 0.899718 0.511676
vt 0.893622 0.507846
vt 0.88603 0.51422
vt 0.886858 0.508697
vt 0.892473 0.511762
vt 0.891691 0.517475
vt 0.813707 0.550027
vt 0.819898 0.559308
vt 0.827442 0.566367
vt 0.835623 0.571442
vt 0.875959 0.565875
vt 0.883162 0.559389
vt 0.889705 0.56689
vt 0.88091 0.57315
vt 0.843863 0.573667
vt 0.852046 0.574399
vt 0.850566 0.568301
vt 0.857669 0.567208
vt 0.860138 0.573422
vt 0.864604 0.564342
vt 0.868155 0.570616
vt 0.871306 0.559696
vt 0.877567 0.553361
vt 0.927041 0.546171
vt 0.953169 0.490338
vt 0.950341 0.490552
vt 0.904178 0.52395
vt 0.904544 0.51908
vt 0.910794 0.521324
vt 0.911632 0.526237
vt 0.857363 0.493461
vt 0.944575 0.496584
vt 0.949003 0.497486
vt 0.916973 0.521512
vt 0.91925 0.526719
vt 0.93228 0.519632
vt 0.937959 0.512698
vt 0.941935 0.515028
vt 0.936249 0.523183
vt 0.941956 0.504295
vt 0.946552 0.505911
vt 0.926167 0.524471
vt 0.929501 0.529189
vt 0.921518 0.53231
vt 0.951842 0.497969
vt 0.949648 0.506701
vt 0.872645 0.548309
vt 0.867242 0.554392
vt 0.871735 0.577546
vt 0.861404 0.558811
vt 0.855214 0.561742
vt 0.859131 0.49697
vt 0.86133 0.50043
vt 0.848964 0.562645
vt 0.853492 0.580872
vt 0.854679 0.587069
vt 0.844381 0.585258
vt 0.844232 0.579616
vt 0.834063 0.582091
vt 0.834962 0.576982
vt 0.841943 0.557647
vt 0.84732 0.557986
vt 0.852779 0.557013
vt 0.85832 0.554322
vt 0.863662 0.549861
vt 0.868321 0.544005
vt 0.862609 0.580236
vt 0.86481 0.587185
vt 0.792409 0.490199
vt 0.792573 0.499377
vt 0.793892 0.509156
vt 0.796204 0.520005
vt 0.799555 0.531526
vt 0.823579 0.576155
vt 0.825529 0.571263
vt 0.816999 0.563908
vt 0.875404 0.585293
vt 0.886377 0.581607
vt 0.897276 0.575458
vt 0.888972 0.551402
vt 0.896957 0.557832
vt 0.904154 0.530278
vt 0.912647 0.532424
vt 0.939443 0.495747
vt 0.927956 0.516661
vt 0.932615 0.510244
vt 0.936606 0.502888
vt 0.922809 0.520107
vt 0.945319 0.51668
vt 0.864189 0.503941
vt 0.868134 0.508023
vt 0.871618 0.518591
vt 0.877208 0.522765
vt 0.897805 0.52081
vt 0.898764 0.515593
vt 0.939834 0.526755
vt 0.932673 0.534031
vt 0.923962 0.538708
vt 0.914123 0.541296
vt 0.914977 0.553142
vt 0.906511 0.56546
vt 0.882506 0.545826
vt 0.863889 0.498802
vt 0.862111 0.495529
vt 0.887852 0.504868
vt 0.855272 0.798768
vt 0.85419 0.809246
vt 0.844575 0.808199
vt 0.866805 0.782969
vt 0.857598 0.781555
vt 0.861917 0.763317
vt 0.853433 0.743782
vt 0.866506 0.745733
vt 0.858616 0.726212
vt 0.871531 0.728232
vt 0.863196 0.707534
vt 0.876642 0.708012
vt 0.867023 0.688855
vt 0.8794 0.687834
vt 0.877222 0.672742
vt 0.873753 0.662059
vt 0.881306 0.6581
vt 0.897025 0.527272
vt 0.895719 0.534602
vt 0.888838 0.530539
vt 0.890555 0.523927
vt 0.884579 0.520353
vt 0.904051 0.538455
vt 0.886313 0.538029
vt 0.893349 0.542669
vt 0.875021 0.52945
vt 0.872306 0.536595
vt 0.867574 0.532388
vt 0.869593 0.524487
vt 0.902277 0.547982
vt 0.863171 0.527551
vt 0.85974 0.525396
vt 0.856482 0.524114
vt 0.853338 0.522878
vt 0.850718 0.521913
vt 0.848565 0.521091
vt 0.846812 0.520375
vt 0.845523 0.519652
vt 0.844417 0.519355
vt 0.12324 0.584327
vt 0.12374 0.583237
vt 0.124241 0.58212
vt 0.124829 0.580766
vt 0.125697 0.578644
vt 0.127162 0.574718
vt 0.129372 0.567773
vt 0.138927 0.552881
vt 0.839501 0.518673
vt 0.841238 0.518841
vt 0.842553 0.51897
vt 0.843727 0.519182
vt 0.87725 0.541267
vt 0.882873 0.52665
vt 0.88048 0.533618
vt 0.889787 0.502382
vt 0.893811 0.501349
vt 0.896378 0.500457
vt 0.890253 0.498038
vt 0.903618 0.493317
vt 0.905804 0.492902
vt 0.889184 0.494487
vt 0.907012 0.492618
vt 0.886852 0.026005
vt 0.8912 0.028986
vt 0.895969 0.03246
vt 0.899896 0.036106
vt 0.903553 0.041555
vt 0.906875 0.051659
vt 0.908195 0.064949
vt 0.905293 0.081441
vt 0.901402 0.096464
vt 0.856525 0.135553
vt 0.854454 0.135995
vt 0.846427 0.13644
vt 0.818358 0.643269
vt 0.803302 0.583416
vt 0.798798 0.588775
vt 0.794365 0.594633
vt 0.790609 0.601949
vt 0.803047 0.606757
vt 0.800774 0.613657
vt 0.816507 0.590411
vt 0.811506 0.595141
vt 0.806988 0.600123
vt 0.814017 0.610241
vt 0.811905 0.615659
vt 0.83129 0.597602
vt 0.823285 0.600959
vt 0.817953 0.604908
vt 0.868749 0.654182
vt 0.874716 0.650391
vt 0.854837 0.657741
vt 0.861808 0.656556
vt 0.878783 0.645718
vt 0.882174 0.637378
vt 0.811337 0.621764
vt 0.845142 0.600137
vt 0.820867 0.631127
vt 0.824318 0.635175
vt 0.838979 0.647988
vt 0.84723 0.650076
vt 0.865509 0.610718
vt 0.856628 0.606815
vt 0.875763 0.626366
vt 0.873873 0.61722
vt 0.868836 0.644091
vt 0.872825 0.640086
vt 0.84205 0.606687
vt 0.849233 0.607654
vt 0.850226 0.610008
vt 0.844394 0.609274
vt 0.864651 0.640235
vt 0.8598 0.642163
vt 0.826555 0.60822
vt 0.822989 0.612571
vt 0.847581 0.604428
vt 0.826546 0.617414
vt 0.872501 0.626575
vt 0.871208 0.63102
vt 0.828357 0.613814
vt 0.831227 0.614209
vt 0.853212 0.649998
vt 0.869181 0.63452
vt 0.836332 0.607757
vt 0.839371 0.609866
vt 0.826673 0.638773
vt 0.864019 0.612902
vt 0.870505 0.61878
vt 0.868406 0.619799
vt 0.862501 0.614289
vt 0.85505 0.643718
vt 0.851626 0.643732
vt 0.837461 0.614174
vt 0.83514 0.611603
vt 0.86649 0.624663
vt 0.864984 0.620124
vt 0.855426 0.614239
vt 0.850635 0.612791
vt 0.85635 0.611633
vt 0.859866 0.616052
vt 0.845777 0.612209
vt 0.841345 0.61256
vt 0.851026 0.614792
vt 0.846726 0.614191
vt 0.863758 0.624174
vt 0.862193 0.620417
vt 0.842713 0.614326
vt 0.847372 0.61548
vt 0.847792 0.616241
vt 0.856655 0.618622
vt 0.858572 0.620731
vt 0.856676 0.620693
vt 0.855526 0.619456
vt 0.851219 0.616079
vt 0.851287 0.616861
vt 0.861679 0.623856
vt 0.859958 0.623901
vt 0.853353 0.61898
vt 0.851238 0.617607
vt 0.853873 0.617966
vt 0.854523 0.620129
vt 0.858092 0.624034
vt 0.855586 0.620895
vt 0.852789 0.62311
vt 0.852769 0.624056
vt 0.851611 0.624515
vt 0.851604 0.623555
vt 0.846999 0.619264
vt 0.848869 0.619194
vt 0.849082 0.620153
vt 0.85153 0.62271
vt 0.852672 0.622164
vt 0.851524 0.622007
vt 0.851427 0.621553
vt 0.85191 0.620719
vt 0.852335 0.621369
vt 0.843748 0.622117
vt 0.84628 0.618372
vt 0.848594 0.618306
vt 0.845264 0.619978
vt 0.844118 0.619146
vt 0.853871 0.623008
vt 0.854174 0.624597
vt 0.852465 0.62003
vt 0.853061 0.620777
vt 0.84359 0.620698
vt 0.850871 0.619945
vt 0.851002 0.619064
vt 0.853423 0.62179
vt 0.831907 0.610074
vt 0.856042 0.623368
vt 0.848118 0.616882
vt 0.848375 0.617518
vt 0.854675 0.621278
vt 0.853799 0.620385
vt 0.85118 0.618279
vt 0.845136 0.621632
vt 0.850872 0.620849
vt 0.8462 0.620917
vt 0.845841 0.622282
vt 0.849125 0.621227
vt 0.850237 0.621776
vt 0.850281 0.622216
vt 0.850165 0.622803
vt 0.84479 0.622617
vt 0.845266 0.623177
vt 0.846144 0.622917
vt 0.846269 0.623588
vt 0.845394 0.623755
vt 0.85295 0.619662
vt 0.856637 0.609691
vt 0.829918 0.641719
vt 0.838308 0.60339
vt 0.863805 0.646862
vt 0.820363 0.62282
vt 0.82114 0.6167
vt 0.876342 0.633248
vt 0.831385 0.605201
vt 0.833352 0.64476
vt 0.858198 0.648765
vt 0.903094 0.011863
f 1199/1 1/2 2/3 1198/4
f 1200/9 1199/1 3/6 8/10
f 3/6 1199/1 1198/4 4/7
f 7/967 1/2 1199/1 1200/9
f 1722/954 1/2 7/967 1727/966
f 1/2 1722/954 1721/957 2/3
f 1216/54 1198/4 2/3 55/55
f 1728/968 55/55 2/3 1721/957
f 56/57 4/7 1198/4 1216/54
f 1201/14 1200/9 8/10 11/12
f 10/965 7/967 1200/9 1201/14
f 5/5 3/6 4/7 6/8
f 8/10 3/6 5/5 9/11
f 11/12 8/10 9/11 12/13
f 57/56 6/8 4/7 56/57
f 1727/966 7/967 10/965 1726/964
f 1722/954 839/955 840/956 1721/957
f 839/955 1722/954 1727/966 841/1015
f 841/1015 1727/966 1726/964 842/1025
f 857/1048 1728/968 1721/957 840/956
f 1217/60 1216/54 55/55 58/61
f 59/59 56/57 1216/54 1217/60
f 1740/987 58/61 55/55 1728/968
f 858/1019 1740/987 1728/968 857/1048
f 60/58 57/56 56/57 59/59
f 1202/17 1201/14 11/12 14/15
f 13/963 10/965 1201/14 1202/17
f 14/15 11/12 12/13 15/16
f 1726/964 10/965 13/963 1725/962
f 1247/103 5/5 6/8 1248/104
f 1227/102 9/11 5/5 1247/103
f 1248/104 6/8 57/56 1246/105
f 1249/101 12/13 9/11 1227/102
f 15/16 12/13 1249/101 1228/100
f 1246/105 57/56 60/58 1225/106
f 842/1025 1726/964 1725/962 843/1035
f 865/1014 839/955 841/1015 867/1016
f 839/955 865/1014 866/1049 840/956
f 883/1047 857/1048 840/956 866/1049
f 867/1016 841/1015 842/1025 868/1026
f 868/1026 842/1025 843/1035 869/1036
f 884/1020 858/1019 857/1048 883/1047
f 1218/64 1217/60 58/61 61/65
f 62/63 59/59 1217/60 1218/64
f 1738/984 61/65 58/61 1740/987
f 63/62 60/58 59/59 62/63
f 859/1018 1738/984 1740/987 858/1019
f 885/1017 859/1018 858/1019 884/1020
f 1225/106 60/58 63/62 1226/107
f 1203/20 1202/17 14/15 17/18
f 16/959 13/963 1202/17 1203/20
f 17/18 14/15 15/16 18/19
f 1725/962 13/963 16/959 1724/958
f 1229/99 18/19 15/16 1228/100
f 843/1035 1725/962 1724/958 844/1043
f 92/175 1227/102 1247/103 90/181
f 90/181 1247/103 1248/104 91/184
f 91/184 1248/104 1246/105 94/178
f 93/108 1249/101 1227/102 92/175
f 94/178 1246/105 1225/106 95/179
f 1228/100 1249/101 93/108 83/109
f 84/171 1229/99 1228/100 83/109
f 95/179 1225/106 1226/107 96/117
f 869/1036 843/1035 844/1043 870/1044
f 891/1068 865/1069 867/1070 893/1071
f 865/1069 891/1068 892/1103 866/1102
f 893/1071 867/1070 868/1078 894/1079
f 909/1055 883/1054 866/1102 892/1103
f 910/1052 884/1053 883/1054 909/1055
f 894/1079 868/1078 869/1090 895/1091
f 895/1091 869/1090 870/1098 896/1099
f 911/1072 885/1073 884/1053 910/1052
f 1223/68 1218/64 61/65 103/69
f 101/67 62/63 1218/64 1223/68
f 1733/971 103/69 61/65 1738/984
f 102/66 63/62 62/63 101/67
f 864/972 1733/971 1738/984 859/1018
f 63/62 102/66 1242/114 1226/107
f 890/1027 864/972 859/1018 885/1017
f 916/1081 890/1080 885/1073 911/1072
f 1226/107 1242/114 104/116 96/117
f 1204/23 1203/20 17/18 20/21
f 19/960 16/959 1203/20 1204/23
f 20/21 17/18 18/19 21/22
f 1724/958 16/959 19/960 1723/961
f 1230/98 21/22 18/19 1229/99
f 844/1043 1724/958 1723/961 845/1011
f 85/165 1230/98 1229/99 84/171
f 870/1044 844/1043 845/1011 871/1010
f 154/174 93/108 92/175 153/176
f 153/176 92/175 90/181 151/182
f 151/182 90/181 91/184 152/183
f 152/183 91/184 94/178 155/177
f 155/177 94/178 95/179 156/180
f 83/109 93/108 154/174 144/173
f 156/180 95/179 96/117 157/185
f 145/172 84/171 83/109 144/173
f 146/166 85/165 84/171 145/172
f 109/118 157/185 96/117 104/116
f 896/1099 870/1098 871/1065 897/1064
f 891/1068 917/1112 918/1109 892/1103
f 917/1112 891/1068 893/1071 919/1120
f 919/1120 893/1071 894/1079 920/1124
f 935/1108 909/1055 892/1103 918/1109
f 920/1124 894/1079 895/1091 921/1130
f 936/1114 910/1052 909/1055 935/1108
f 937/1121 911/1072 910/1052 936/1114
f 921/1130 895/1091 896/1099 922/1110
f 922/1110 896/1099 897/1064 923/1111
f 942/1125 916/1081 911/1072 937/1121
f 1219/75 1223/68 103/69 64/76
f 65/72 101/67 1223/68 1219/75
f 103/69 1733/971 1732/974 64/76
f 66/71 102/66 101/67 65/72
f 1733/971 864/972 860/973 1732/974
f 102/66 66/71 1244/110 1242/114
f 864/972 890/1027 886/1028 860/973
f 1242/114 1244/110 97/115 104/116
f 890/1080 916/1081 912/1082 886/1083
f 916/1081 942/1125 938/1126 912/1082
f 109/118 104/116 97/115 105/119
f 1205/26 1204/23 20/21 23/24
f 22/1001 19/960 1204/23 1205/26
f 23/24 20/21 21/22 24/25
f 1723/961 19/960 22/1001 1746/1000
f 1231/97 24/25 21/22 1230/98
f 845/1011 1723/961 1746/1000 846/1012
f 86/164 1231/97 1230/98 85/165
f 871/1010 845/1011 846/1012 872/1013
f 147/163 86/164 85/165 146/166
f 897/1064 871/1065 872/1066 898/1067
f 144/173 154/174 170/202 160/213
f 154/174 153/176 169/198 170/202
f 153/176 151/182 167/199 169/198
f 151/182 152/183 168/196 167/199
f 152/183 155/177 171/192 168/196
f 155/177 156/180 172/193 171/192
f 156/180 157/185 162/187 172/193
f 145/172 144/173 160/213 159/211
f 114/127 162/187 157/185 109/118
f 146/166 145/172 159/211 158/207
f 147/163 146/166 158/207 182/205
f 109/118 105/119 110/128 114/127
f 923/1111 897/1064 898/1067 924/1119
f 943/1133 917/1112 919/1120 945/1134
f 917/1112 943/1133 944/1154 918/1109
f 961/1153 935/1108 918/1109 944/1154
f 945/1134 919/1120 920/1124 946/1141
f 946/1141 920/1124 921/1130 947/1147
f 962/1136 936/1114 935/1108 961/1153
f 947/1147 921/1130 922/1110 948/1151
f 963/1135 937/1121 936/1114 962/1136
f 968/1142 942/1125 937/1121 963/1135
f 948/1151 922/1110 923/1111 949/1155
f 949/1155 923/1111 924/1119 950/1139
f 942/1125 968/1142 964/1143 938/1126
f 1220/74 1219/75 64/76 67/77
f 68/73 65/72 1219/75 1220/74
f 1734/975 67/77 64/76 1732/974
f 69/70 66/71 65/72 68/73
f 861/1038 1734/975 1732/974 860/973
f 1244/110 66/71 69/70 1245/111
f 887/1037 861/1038 860/973 886/1028
f 97/115 1244/110 1245/111 98/120
f 913/1092 887/1093 886/1083 912/1082
f 105/119 97/115 98/120 106/121
f 939/1107 913/1092 912/1082 938/1126
f 965/1148 939/1107 938/1126 964/1143
f 105/119 106/121 111/131 110/128
f 1206/29 1205/26 23/24 26/27
f 25/997 22/1001 1205/26 1206/29
f 26/27 23/24 24/25 27/28
f 1746/1000 22/1001 25/997 1745/996
f 1232/96 27/28 24/25 1231/97
f 846/1012 1746/1000 1745/996 847/1023
f 87/169 1232/96 1231/97 86/164
f 872/1013 846/1012 847/1023 873/1024
f 148/170 87/169 86/164 147/163
f 898/1067 872/1066 873/1076 899/1077
f 148/170 147/163 182/205 183/204
f 924/1119 898/1067 899/1077 925/1123
f 176/201 170/202 169/198 175/197
f 170/202 176/201 187/214 160/213
f 186/212 159/211 160/213 187/214
f 175/197 169/198 167/199 173/200
f 173/200 167/199 168/196 174/195
f 174/195 168/196 171/192 177/191
f 177/191 171/192 172/193 178/194
f 162/187 163/186 178/194 172/193
f 114/127 119/126 163/186 162/187
f 185/208 158/207 159/211 186/212
f 119/126 114/127 110/128 115/129
f 190/206 182/205 158/207 185/208
f 191/203 183/204 182/205 190/206
f 115/129 110/128 111/131 116/130
f 950/1139 924/1119 925/1123 951/1140
f 943/1133 969/1160 970/1161 944/1154
f 969/1160 943/1133 945/1134 971/1172
f 971/1172 945/1134 946/1141 972/1176
f 987/1165 961/1153 944/1154 970/1161
f 988/1164 962/1136 961/1153 987/1165
f 972/1176 946/1141 947/1147 973/1182
f 973/1182 947/1147 948/1151 974/1186
f 989/1173 963/1135 962/1136 988/1164
f 974/1186 948/1151 949/1155 975/1170
f 994/1177 968/1142 963/1135 989/1173
f 968/1142 994/1177 990/1178 964/1143
f 975/1170 949/1155 950/1139 976/1171
f 976/1171 950/1139 951/1140 977/1175
f 991/1183 965/1148 964/1143 990/1178
f 1221/80 1220/74 67/77 70/81
f 71/79 68/73 1220/74 1221/80
f 1729/970 70/81 67/77 1734/975
f 72/78 69/70 68/73 71/79
f 862/1046 1729/970 1734/975 861/1038
f 1245/111 69/70 72/78 1243/112
f 888/1045 862/1046 861/1038 887/1037
f 98/120 1245/111 1243/112 99/122
f 914/1100 888/1101 887/1093 913/1092
f 106/121 98/120 99/122 107/123
f 940/1106 914/1100 913/1092 939/1107
f 106/121 107/123 112/132 111/131
f 966/1152 940/1106 939/1107 965/1148
f 992/1163 966/1152 965/1148 991/1183
f 116/130 111/131 112/132 117/133
f 1207/32 1206/29 26/27 29/30
f 28/998 25/997 1206/29 1207/32
f 29/30 26/27 27/28 30/31
f 1745/996 25/997 28/998 1744/999
f 1234/95 30/31 27/28 1232/96
f 847/1023 1745/996 1744/999 848/1033
f 88/168 1234/95 1232/96 87/169
f 873/1024 847/1023 848/1033 874/1034
f 149/167 88/168 87/169 148/170
f 899/1077 873/1076 874/1088 900/1089
f 149/167 148/170 183/204 184/210
f 925/1123 899/1077 900/1089 926/1129
f 192/209 184/210 183/204 191/203
f 951/1140 925/1123 926/1129 952/1146
f 199/215 176/201 175/197 198/216
f 176/201 199/215 204/217 187/214
f 198/216 175/197 173/200 196/226
f 203/225 186/212 187/214 204/217
f 202/223 185/208 186/212 203/225
f 196/226 173/200 174/195 197/218
f 197/218 174/195 177/191 200/219
f 200/219 177/191 178/194 201/220
f 163/186 164/188 201/220 178/194
f 119/126 125/136 164/188 163/186
f 125/136 119/126 115/129 121/137
f 207/222 190/206 185/208 202/223
f 121/137 115/129 116/130 122/138
f 208/221 191/203 190/206 207/222
f 209/224 192/209 191/203 208/221
f 122/138 116/130 117/133 123/139
f 977/1175 951/1140 952/1146 978/1181
f 995/1201 969/1160 971/1172 997/1202
f 995/1201 1017/1212 970/1161 969/1160
f 987/1165 970/1161 1017/1212 1014/1204
f 971/1172 972/1176 1015/1213 997/1202
f 972/1176 973/1182 999/1187 1015/1213
f 987/1165 1014/1204 1013/1205 988/1164
f 989/1173 988/1164 1013/1205 998/1211
f 999/1187 973/1182 974/1186 1000/1188
f 974/1186 975/1170 1012/1189 1000/1188
f 994/1177 989/1173 998/1211 1020/1207
f 975/1170 976/1171 1001/1190 1012/1189
f 994/1177 1020/1207 1016/1208 990/1178
f 991/1183 990/1178 1016/1208 996/1206
f 1001/1190 976/1171 977/1175 1002/1192
f 977/1175 978/1181 1009/1191 1002/1192
f 992/1163 991/1183 996/1206 1018/1194
f 1222/84 1221/80 70/81 73/85
f 74/83 71/79 1221/80 1222/84
f 1730/969 73/85 70/81 1729/970
f 75/82 72/78 71/79 74/83
f 863/1051 1730/969 1729/970 862/1046
f 1243/112 72/78 75/82 1224/113
f 889/1050 863/1051 862/1046 888/1045
f 99/122 1243/112 1224/113 100/124
f 915/1104 889/1105 888/1101 914/1100
f 107/123 99/122 100/124 108/125
f 941/1113 915/1104 914/1100 940/1106
f 107/123 108/125 113/134 112/132
f 967/1156 941/1113 940/1106 966/1152
f 117/133 112/132 113/134 118/135
f 993/1162 967/1156 966/1152 992/1163
f 1019/1193 993/1162 992/1163 1018/1194
f 123/139 117/133 118/135 124/140
f 1310/35 1207/32 29/30 1264/33
f 1265/993 28/998 1207/32 1310/35
f 1264/33 29/30 30/31 1263/34
f 1744/999 28/998 1265/993 1748/992
f 1312/94 1263/34 30/31 1234/95
f 848/1033 1744/999 1748/992 1284/1040
f 1270/745 1312/94 1234/95 88/168
f 874/1034 848/1033 1284/1040 1286/1039
f 1270/745 88/168 149/167 1272/746
f 900/1089 874/1088 1286/1095 1288/1094
f 184/210 1282/749 1272/746 149/167
f 926/1129 900/1089 1288/1094 1290/1131
f 1282/749 184/210 192/209 1274/228
f 952/1146 926/1129 1290/1131 1292/1149
f 1276/227 1274/228 192/209 209/224
f 978/1181 952/1146 1292/1149 1294/1184
f 217/231 199/215 198/216 216/232
f 217/231 246/259 204/217 199/215
f 216/232 198/216 196/226 214/233
f 245/258 203/225 204/217 246/259
f 214/233 196/226 197/218 215/234
f 244/257 202/223 203/225 245/258
f 247/256 207/222 202/223 244/257
f 197/218 200/219 225/237 215/234
f 225/237 200/219 220/235 227/238
f 200/219 201/220 213/229 220/235
f 164/188 165/189 213/229 201/220
f 125/136 131/141 165/189 164/188
f 131/141 125/136 121/137 127/142
f 127/142 121/137 122/138 128/146
f 248/255 208/221 207/222 247/256
f 128/146 122/138 123/139 129/147
f 249/254 209/224 208/221 248/255
f 1278/260 1276/227 209/224 249/254
f 129/147 123/139 124/140 130/145
f 978/1181 1294/1184 1296/1196 1009/1191
f 997/1202 1023/1227 1021/1228 995/1201
f 995/1201 1021/1228 1043/1231 1017/1212
f 1015/1213 1041/1215 1023/1227 997/1202
f 1017/1212 1043/1231 1040/1223 1014/1204
f 1014/1204 1040/1223 1039/1224 1013/1205
f 999/1187 1025/1214 1041/1215 1015/1213
f 1000/1188 1026/1230 1025/1214 999/1187
f 1013/1205 1039/1224 1024/1218 998/1211
f 998/1211 1024/1218 1046/1216 1020/1207
f 1012/1189 1038/1236 1026/1230 1000/1188
f 1001/1190 1027/1238 1038/1236 1012/1189
f 1020/1207 1046/1216 1042/1217 1016/1208
f 1002/1192 1028/1226 1027/1238 1001/1190
f 1016/1208 1042/1217 1022/1232 996/1206
f 996/1206 1022/1232 1044/1233 1018/1194
f 1009/1191 1035/1225 1028/1226 1002/1192
f 1296/1196 1298/1229 1035/1225 1009/1191
f 1018/1194 1044/1233 1045/1237 1019/1193
f 1215/1465 53/1466 74/83 1222/84
f 1222/84 73/85 54/978 1215/1465
f 73/85 1730/969 1731/979 54/978
f 53/1466 52/1467 75/82 74/83
f 1730/969 863/1051 856/1031 1731/979
f 1224/113 75/82 52/1467 1239/1468
f 882/1032 856/1031 863/1051 889/1050
f 1239/1468 82/1470 100/124 1224/113
f 908/1087 882/1086 889/1105 915/1104
f 82/1470 143/1469 108/125 100/124
f 915/1104 941/1113 934/1128 908/1087
f 143/1469 1427/939 113/134 108/125
f 960/1145 934/1128 941/1113 967/1156
f 1427/939 706/938 118/135 113/134
f 967/1156 993/1162 986/1180 960/1145
f 706/938 1277/1448 124/140 118/135
f 993/1162 1019/1193 1011/1210 986/1180
f 1037/1474 1011/1210 1019/1193 1045/1237
f 120/143 126/144 130/145 124/140
f 120/143 124/140 1277/1448 206/1447
f 1208/1358 1310/35 1264/33 32/1357
f 31/994 1265/993 1310/35 1208/1358
f 32/1357 1264/33 1263/34 33/1355
f 1748/992 1265/993 31/994 1735/995
f 1233/1356 33/1355 1263/34 1312/94
f 1284/1040 1748/992 1735/995 849/1041
f 89/1354 1233/1356 1312/94 1270/745
f 1286/1039 1284/1040 849/1041 875/1042
f 89/1354 1270/745 1272/746 150/751
f 1288/1094 1286/1095 875/1096 901/1097
f 1282/749 701/750 150/751 1272/746
f 1290/1131 1288/1094 901/1097 927/1132
f 701/750 1282/749 1274/228 193/1353
f 1292/1149 1290/1131 927/1132 953/1150
f 210/1349 193/1353 1274/228 1276/227
f 1294/1184 1292/1149 953/1150 979/1185
f 250/1350 210/1349 1276/227 1278/260
f 1294/1184 979/1185 1004/1195 1296/1196
f 224/241 217/231 216/232 223/242
f 217/231 224/241 253/262 246/259
f 223/242 216/232 214/233 221/239
f 252/261 245/258 246/259 253/262
f 221/239 214/233 215/234 222/240
f 251/263 244/257 245/258 252/261
f 222/240 215/234 225/237 228/244
f 254/264 247/256 244/257 251/263
f 248/255 247/256 254/264 1367/1560
f 228/244 225/237 227/238 229/245
f 220/235 213/229 212/230 219/236
f 227/238 220/235 219/236 226/243
f 165/189 166/190 212/230 213/229
f 131/141 136/148 166/190 165/189
f 136/148 131/141 127/142 132/149
f 132/149 127/142 128/146 133/151
f 133/151 128/146 129/147 134/152
f 249/254 248/255 1367/1560 1364/1561
f 134/152 129/147 130/145 135/150
f 1278/260 249/254 1364/1561 1361/1562
f 1361/1562 1358/1563 250/1350 1278/260
f 1004/1195 1030/1239 1298/1229 1296/1196
f 1041/1215 1067/1262 1049/1263 1023/1227
f 1023/1227 1049/1263 1047/1252 1021/1228
f 1021/1228 1047/1252 1069/1253 1043/1231
f 1043/1231 1069/1253 1066/1244 1040/1223
f 1025/1214 1051/1243 1067/1262 1041/1215
f 1040/1223 1066/1244 1065/1245 1039/1224
f 1039/1224 1065/1245 1050/1259 1024/1218
f 1026/1230 1052/1242 1051/1243 1025/1214
f 1038/1236 1064/1251 1052/1242 1026/1230
f 1024/1218 1050/1259 1072/1258 1046/1216
f 1046/1216 1072/1258 1068/1254 1042/1217
f 1027/1238 1053/1257 1064/1251 1038/1236
f 1028/1226 1054/1261 1053/1257 1027/1238
f 1042/1217 1068/1254 1048/1248 1022/1232
f 1035/1225 1061/1241 1054/1261 1028/1226
f 1022/1232 1048/1248 1070/1246 1044/1233
f 1044/1233 1070/1246 1071/1247 1045/1237
f 1298/1229 1300/1240 1061/1241 1035/1225
f 1030/1239 1056/1260 1300/1240 1298/1229
f 1045/1237 1071/1247 1063/1475 1037/1474
f 1215/1465 1311/51 1266/52 53/1466
f 54/978 1267/977 1311/51 1215/1465
f 53/1466 1266/52 1268/53 52/1467
f 1747/976 1267/977 54/978 1731/979
f 1285/1030 1747/976 1731/979 856/1031
f 1239/1468 52/1467 1268/53 1313/88
f 1287/1029 1285/1030 856/1031 882/1032
f 82/1470 1239/1468 1313/88 1269/158
f 1289/1084 1287/1085 882/1086 908/1087
f 143/1469 82/1470 1269/158 1271/157
f 1291/1127 1289/1084 908/1087 934/1128
f 1271/157 1314/936 1427/939 143/1469
f 1293/1144 1291/1127 934/1128 960/1145
f 1314/936 1486/937 706/938 1427/939
f 1295/1179 1293/1144 960/1145 986/1180
f 1486/937 1283/1445 1277/1448 706/938
f 1297/1209 1295/1179 986/1180 1011/1210
f 1283/1445 179/1446 206/1447 1277/1448
f 1011/1210 1037/1474 1299/1219 1297/1209
f 1037/1474 1063/1475 1301/1264 1299/1219
f 1435/1551 1436/1526 206/1447 179/1446
f 1208/1358 32/1357 35/37 1209/41
f 31/994 1208/1358 1209/41 34/989
f 32/1357 33/1355 36/38 35/37
f 34/989 1743/988 1735/995 31/994
f 1241/87 36/38 33/1355 1233/1356
f 1743/988 850/1007 849/1041 1735/995
f 76/161 1241/87 1233/1356 89/1354
f 850/1007 876/1006 875/1042 849/1041
f 89/1354 150/751 137/162 76/161
f 876/1061 902/1060 901/1097 875/1096
f 700/747 137/162 150/751 701/750
f 927/1132 901/1097 902/1060 928/1117
f 703/753 700/747 701/750 193/1353
f 928/1117 954/1158 953/1150 927/1132
f 193/1353 210/1349 698/743 703/753
f 954/1158 980/1168 979/1185 953/1150
f 210/1349 250/1350 699/744 698/743
f 979/1185 980/1168 1005/1198 1004/1195
f 1358/1563 1355/1564 699/744 250/1350
f 1005/1198 1031/1235 1030/1239 1004/1195
f 1439/1425 1440/1423 253/262 224/241
f 224/241 223/242 1438/1426 1439/1425
f 223/242 221/239 694/1429 1438/1426
f 252/261 253/262 1440/1423 1441/1421
f 221/239 222/240 1497/1431 694/1429
f 251/263 252/261 1441/1421 1442/1418
f 222/240 228/244 1444/1433 1497/1431
f 254/264 251/263 1442/1418 1443/1417
f 228/244 229/245 1498/1435 1444/1433
f 1443/1417 1508/1482 1367/1560 254/264
f 1508/1482 1507/1553 1364/1561 1367/1560
f 1908/2011 1954/2050 212/230 166/190
f 1960/2057 219/236 212/230 1954/2050
f 1966/2056 226/243 219/236 1960/2057
f 1879/1968 1908/2011 166/190 136/148
f 136/148 132/149 1875/1969 1879/1968
f 132/149 133/151 1876/1973 1875/1969
f 133/151 134/152 1877/1974 1876/1973
f 134/152 135/150 1878/1971 1877/1974
f 1507/1553 1506/1550 1361/1562 1364/1561
f 1506/1550 1505/1549 1358/1563 1361/1562
f 1505/1549 1504/1547 1355/1564 1358/1563
f 1031/1235 1057/1250 1056/1260 1030/1239
f 1067/1262 1093/1282 1075/1283 1049/1263
f 1051/1243 1077/1288 1093/1282 1067/1262
f 1049/1263 1075/1283 1073/1272 1047/1252
f 1047/1252 1073/1272 1095/1273 1069/1253
f 1069/1253 1095/1273 1092/1289 1066/1244
f 1066/1244 1092/1289 1091/1284 1065/1245
f 1052/1242 1078/1271 1077/1288 1051/1243
f 1065/1245 1091/1284 1076/1279 1050/1259
f 1050/1259 1076/1279 1098/1278 1072/1258
f 1064/1251 1090/1270 1078/1271 1052/1242
f 1053/1257 1079/1277 1090/1270 1064/1251
f 1072/1258 1098/1278 1094/1274 1068/1254
f 1068/1254 1094/1274 1074/1266 1048/1248
f 1054/1261 1080/1281 1079/1277 1053/1257
f 1061/1241 1087/1287 1080/1281 1054/1261
f 1048/1248 1074/1266 1096/1267 1070/1246
f 1300/1240 1302/1290 1087/1287 1061/1241
f 1070/1246 1096/1267 1097/1291 1071/1247
f 1071/1247 1097/1291 1089/1476 1063/1475
f 1056/1260 1082/1280 1302/1290 1300/1240
f 1057/1250 1083/1269 1082/1280 1056/1260
f 1063/1475 1089/1476 1303/1285 1301/1264
f 1311/51 1214/48 50/49 1266/52
f 1267/977 51/982 1214/48 1311/51
f 1266/52 50/49 49/50 1268/53
f 1736/983 51/982 1267/977 1747/976
f 1313/88 1268/53 49/50 1240/89
f 855/1021 1736/983 1747/976 1285/1030
f 881/1022 855/1021 1285/1030 1287/1029
f 1269/158 1313/88 1240/89 81/156
f 907/1075 881/1074 1287/1085 1289/1084
f 1271/157 1269/158 81/156 142/155
f 933/1122 907/1075 1289/1084 1291/1127
f 142/155 1428/1454 1314/936 1271/157
f 959/1138 933/1122 1291/1127 1293/1144
f 1428/1454 1485/1453 1486/937 1314/936
f 985/1174 959/1138 1293/1144 1295/1179
f 1485/1453 1273/1449 1283/1445 1486/937
f 1010/1203 985/1174 1295/1179 1297/1209
f 1273/1449 704/1450 179/1446 1283/1445
f 1297/1209 1299/1219 1036/1220 1010/1203
f 179/1446 704/1450 1433/1552 1435/1551
f 1299/1219 1301/1264 1062/1255 1036/1220
f 1301/1264 1303/1285 1088/1275 1062/1255
f 1432/1604 1434/1605 1435/1551 1433/1552
f 38/36 35/37 36/38 39/39
f 1210/40 1209/41 35/37 38/36
f 37/990 34/989 1209/41 1210/40
f 1743/988 34/989 37/990 1742/991
f 1236/86 39/39 36/38 1241/87
f 850/1007 1743/988 1742/991 851/1008
f 77/160 1236/86 1241/87 76/161
f 876/1006 850/1007 851/1008 877/1009
f 138/159 77/160 76/161 137/162
f 902/1060 876/1061 877/1062 903/1063
f 138/159 137/162 700/747 180/748
f 928/1117 902/1060 903/1063 929/1118
f 702/752 180/748 700/747 703/753
f 954/1158 928/1117 929/1118 955/1159
f 698/743 205/742 702/752 703/753
f 980/1168 954/1158 955/1159 981/1169
f 211/741 205/742 698/743 699/744
f 980/1168 981/1169 1006/1197 1005/1198
f 1355/1564 1258/1565 211/741 699/744
f 1006/1197 1032/1234 1031/1235 1005/1198
f 1504/1547 1503/1546 1258/1565 1355/1564
f 1032/1234 1058/1249 1057/1250 1031/1235
f 1439/1425 1438/1426 1192/1427 1191/1428
f 1191/1428 1190/1424 1440/1423 1439/1425
f 1441/1421 1440/1423 1190/1424 1189/1422
f 1438/1426 694/1429 1193/1430 1192/1427
f 694/1429 1497/1431 1194/1432 1193/1430
f 1442/1418 1441/1421 1189/1422 1188/1419
f 1497/1431 1444/1433 1195/1434 1194/1432
f 1443/1417 1442/1418 1188/1419 1187/1420
f 1444/1433 1498/1435 1196/1436 1195/1434
f 1368/1481 1508/1482 1443/1417 1187/1420
f 1498/1435 1499/1437 1197/1438 1196/1436
f 1507/1553 1508/1482 1368/1481 1365/1510
f 1506/1550 1507/1553 1365/1510 1362/1512
f 1873/1963 1907/2010 1908/2011 1879/1968
f 1907/2010 1943/2041 1954/2050 1908/2011
f 1942/2040 1960/2057 1954/2050 1943/2041
f 1965/2055 1966/2056 1960/2057 1942/2040
f 1967/2062 1968/2063 1966/2056 1965/2055
f 1879/1968 1875/1969 1869/1964 1873/1963
f 1875/1969 1876/1973 1870/1965 1869/1964
f 1876/1973 1877/1974 1871/1966 1870/1965
f 1877/1974 1878/1971 1872/1967 1871/1966
f 1868/1970 1872/1967 1878/1971 1874/1972
f 1505/1549 1506/1550 1362/1512 1359/1514
f 1504/1547 1505/1549 1359/1514 1356/1515
f 1503/1546 1504/1547 1356/1515 1332/1516
f 1058/1249 1084/1268 1083/1269 1057/1250
f 1307/1326 1075/1283 1093/1282 1124/1313
f 1077/1288 1305/1305 1124/1313 1093/1282
f 1309/1325 1073/1272 1075/1283 1307/1326
f 1305/1305 1077/1288 1078/1271 1304/1306
f 1073/1272 1309/1325 1122/1320 1095/1273
f 1125/1319 1092/1289 1095/1273 1122/1320
f 1126/1300 1091/1284 1092/1289 1125/1319
f 1091/1284 1126/1300 1306/1303 1076/1279
f 1304/1306 1078/1271 1090/1270 1127/1322
f 1076/1279 1306/1303 1119/1344 1098/1278
f 1098/1278 1119/1344 1123/1347 1094/1274
f 1079/1277 1138/1336 1127/1322 1090/1270
f 1138/1336 1079/1277 1080/1281 1137/1340
f 1308/1342 1074/1266 1094/1274 1123/1347
f 1121/1334 1096/1267 1074/1266 1308/1342
f 1087/1287 1130/1299 1137/1340 1080/1281
f 1302/1290 1118/1296 1130/1299 1087/1287
f 1120/1330 1097/1291 1096/1267 1121/1334
f 1118/1296 1302/1290 1082/1280 1135/1293
f 1128/1329 1089/1476 1097/1291 1120/1330
f 1117/1339 1303/1285 1089/1476 1128/1329
f 1135/1293 1082/1280 1083/1269 1134/1294
f 1134/1294 1083/1269 1084/1268 1133/1316
f 1303/1285 1117/1339 1129/1332 1088/1275
f 1214/48 1213/42 47/45 50/49
f 51/982 48/981 1213/42 1214/48
f 50/49 47/45 46/47 49/50
f 1737/980 48/981 51/982 1736/983
f 1240/89 49/50 46/47 1238/90
f 854/1004 1737/980 1736/983 855/1021
f 81/156 1240/89 1238/90 80/93
f 880/1005 854/1004 855/1021 881/1022
f 906/1059 880/1058 881/1074 907/1075
f 142/155 81/156 80/93 141/154
f 932/1116 906/1059 907/1075 933/1122
f 142/155 141/154 1389/1455 1428/1454
f 958/1137 932/1116 933/1122 959/1138
f 1482/1452 1485/1453 1428/1454 1389/1455
f 984/1167 958/1137 959/1138 985/1174
f 1256/1444 1273/1449 1485/1453 1482/1452
f 984/1167 985/1174 1010/1203 1003/1199
f 1256/1444 1253/1443 704/1450 1273/1449
f 1010/1203 1036/1220 1029/1221 1003/1199
f 1431/1590 1433/1552 704/1450 1253/1443
f 1036/1220 1062/1255 1055/1256 1029/1221
f 161/1488 1432/1604 1433/1552 1431/1590
f 1062/1255 1088/1275 1081/1276 1055/1256
f 1136/1314 1081/1276 1088/1275 1129/1332
f 1275/280 1432/1604 161/1488 194/281
f 38/36 39/39 40/1643 41/1644
f 1210/40 38/36 41/1644 1211/1645
f 1235/1642 40/1643 39/39 1236/86
f 1211/1645 42/1657 37/990 1210/40
f 42/1657 1741/1656 1742/991 37/990
f 1741/1656 852/1654 851/1008 1742/991
f 1236/86 77/160 78/1641 1235/1642
f 877/1009 851/1008 852/1654 878/1655
f 139/1640 78/1641 77/160 138/159
f 903/1063 877/1062 878/1653 904/1652
f 138/159 180/748 188/1639 139/1640
f 929/1118 903/1063 904/1652 930/1651
f 705/1638 188/1639 180/748 702/752
f 955/1159 929/1118 930/1651 956/1650
f 189/1637 705/1638 702/752 205/742
f 981/1169 955/1159 956/1650 982/1649
f 205/742 211/741 1315/1634 189/1637
f 982/1649 1007/1648 1006/1197 981/1169
f 1257/1635 1315/1634 211/741 1258/1565
f 1007/1648 1033/1647 1032/1234 1006/1197
f 1257/1635 1258/1565 1503/1546 1502/1658
f 1058/1249 1032/1234 1033/1647 1059/1646
f 1331/1603 1502/1658 1503/1546 1332/1516
f 1084/1268 1058/1249 1059/1646 1085/1348
f 569/1460 570/1471 1192/1427 1193/1430
f 570/1471 571/1477 1191/1428 1192/1427
f 1190/1424 1191/1428 571/1477 575/1500
f 575/1500 574/1501 1189/1422 1190/1424
f 574/1501 572/1502 1188/1419 1189/1422
f 568/1459 569/1460 1193/1430 1194/1432
f 1194/1432 1195/1434 234/1458 568/1459
f 572/1502 573/1503 1187/1420 1188/1419
f 1195/1434 1196/1436 236/1457 234/1458
f 1187/1420 573/1503 1369/1508 1368/1481
f 1196/1436 1197/1438 235/1456 236/1457
f 1366/1509 1365/1510 1368/1481 1369/1508
f 3179/3228 2887/3227 1197/1438 1499/1437
f 2887/3227 1974/3246 235/1456 1197/1438
f 1365/1510 1366/1509 1363/1511 1362/1512
f 1362/1512 1363/1511 1360/1513 1359/1514
f 1873/1963 1869/1964 1863/1954 1867/1953
f 1867/1953 1906/2009 1907/2010 1873/1963
f 1906/2009 1920/2013 1943/2041 1907/2010
f 1942/2040 1943/2041 1920/2013 1919/2012
f 1939/2039 1942/2040 1919/2012 1916/2016
f 1939/2039 1956/2054 1965/2055 1942/2040
f 1962/2059 1967/2062 1965/2055 1956/2054
f 1962/2059 3178/3224 3128/3226 1967/2062
f 1967/2062 3128/3226 3179/3228 1968/2063
f 1869/1964 1870/1965 1864/1957 1863/1954
f 1870/1965 1871/1966 1865/1958 1864/1957
f 1871/1966 1872/1967 1866/1961 1865/1958
f 2406/2730 1866/1961 1872/1967 2967/3236
f 1868/1970 1948/3237 2967/3236 1872/1967
f 1357/1504 1356/1515 1359/1514 1360/1513
f 1332/1516 1356/1515 1357/1504 1334/1507
f 1332/1516 1334/1507 1333/1581 1331/1603
f 1133/1316 1084/1268 1085/1348 1132/1311
f 1496/1324 1309/1325 1307/1326 1494/1327
f 1494/1327 1307/1326 1124/1313 1109/1312
f 1305/1305 1492/1304 1109/1312 1124/1313
f 1492/1304 1305/1305 1304/1306 1491/1307
f 1309/1325 1496/1324 1111/1321 1122/1320
f 1491/1307 1304/1306 1127/1322 1106/1323
f 1108/1318 1125/1319 1122/1320 1111/1321
f 1107/1301 1126/1300 1125/1319 1108/1318
f 1126/1300 1107/1301 1493/1302 1306/1303
f 1306/1303 1493/1302 1114/1345 1119/1344
f 1138/1336 1490/1337 1106/1323 1127/1322
f 1119/1344 1114/1345 1110/1346 1123/1347
f 1495/1343 1308/1342 1123/1347 1110/1346
f 1490/1337 1138/1336 1137/1340 1489/1341
f 1130/1299 1103/1298 1489/1341 1137/1340
f 1112/1335 1121/1334 1308/1342 1495/1343
f 1113/1331 1120/1330 1121/1334 1112/1335
f 1118/1296 1115/1297 1103/1298 1130/1299
f 1115/1297 1118/1296 1135/1293 1487/1292
f 1105/1328 1128/1329 1120/1330 1113/1331
f 1487/1292 1135/1293 1134/1294 1099/1295
f 1116/1338 1117/1339 1128/1329 1105/1328
f 1117/1339 1116/1338 1104/1333 1129/1332
f 1099/1295 1134/1294 1133/1316 1100/1317
f 1100/1317 1133/1316 1132/1311 1101/1310
f 1488/1315 1136/1314 1129/1332 1104/1333
f 1213/42 1212/43 44/44 47/45
f 48/981 45/986 1212/43 1213/42
f 47/45 44/44 43/46 46/47
f 1739/985 45/986 48/981 1737/980
f 46/47 43/46 1237/91 1238/90
f 853/1003 1739/985 1737/980 854/1004
f 1238/90 1237/91 79/92 80/93
f 879/1002 853/1003 854/1004 880/1005
f 79/92 140/153 141/154 80/93
f 905/1056 879/1057 880/1058 906/1059
f 931/1115 905/1056 906/1059 932/1116
f 140/153 1399/1480 1389/1455 141/154
f 957/1157 931/1115 932/1116 958/1137
f 1399/1480 1429/1473 1482/1452 1389/1455
f 983/1166 957/1157 958/1137 984/1167
f 1429/1473 1255/1441 1256/1444 1482/1452
f 983/1166 984/1167 1003/1199 1008/1200
f 1255/1441 1254/1442 1253/1443 1256/1444
f 1003/1199 1029/1221 1034/1222 1008/1200
f 1430/1591 1431/1590 1253/1443 1254/1442
f 1029/1221 1055/1256 1060/1265 1034/1222
f 1431/1590 1430/1591 181/1489 161/1488
f 1055/1256 1081/1276 1086/1286 1060/1265
f 161/1488 181/1489 195/282 194/281
f 1131/1308 1086/1286 1081/1276 1136/1314
f 1102/1309 1131/1308 1136/1314 1488/1315
f 194/281 195/282 1261/283 266/284
f 41/1644 40/1643 43/46 44/44
f 1237/91 43/46 40/1643 1235/1642
f 1211/1645 41/1644 44/44 1212/43
f 1212/43 45/986 42/1657 1211/1645
f 1235/1642 78/1641 79/92 1237/91
f 45/986 1739/985 1741/1656 42/1657
f 1739/985 853/1003 852/1654 1741/1656
f 853/1003 879/1002 878/1655 852/1654
f 140/153 79/92 78/1641 139/1640
f 879/1057 905/1056 904/1652 878/1653
f 139/1640 188/1639 1399/1480 140/153
f 930/1651 904/1652 905/1056 931/1115
f 1429/1473 1399/1480 188/1639 705/1638
f 956/1650 930/1651 931/1115 957/1157
f 705/1638 189/1637 1255/1441 1429/1473
f 957/1157 983/1166 982/1649 956/1650
f 1484/1633 1255/1441 189/1637 1315/1634
f 1007/1648 982/1649 983/1166 1008/1200
f 1483/1632 1484/1633 1315/1634 1257/1635
f 1008/1200 1034/1222 1033/1647 1007/1648
f 1502/1658 1512/1660 1483/1632 1257/1635
f 1059/1646 1033/1647 1034/1222 1060/1265
f 1481/1631 1512/1660 1502/1658 1331/1603
f 1085/1348 1059/1646 1060/1265 1086/1286
f 1331/1603 1333/1581 1480/1630 1481/1631
f 1086/1286 1131/1308 1132/1311 1085/1348
f 1370/1571 1377/1573 570/1471 569/1460
f 1376/1572 1370/1571 569/1460 568/1459
f 1377/1573 1371/271 571/1477 570/1471
f 575/1500 571/1477 1371/271 1380/272
f 1380/272 1379/1576 574/1501 575/1500
f 1379/1576 1378/1574 572/1502 574/1501
f 1378/1574 1375/1558 573/1503 572/1502
f 568/1459 234/1458 1374/1570 1376/1572
f 234/1458 236/1457 1373/1568 1374/1570
f 1375/1558 1382/1555 1369/1508 573/1503
f 236/1457 235/1456 1372/1569 1373/1568
f 1366/1509 1369/1508 1382/1555 1381/1554
f 1974/3246 3060/3351 1372/1569 235/1456
f 1363/1511 1366/1509 1381/1554 1383/1566
f 3128/3226 2886/3225 2887/3227 3179/3228
f 2886/3225 1973/3247 1974/3246 2887/3227
f 1973/3247 3061/3352 3060/3351 1974/3246
f 1363/1511 1383/1566 1384/1548 1360/1513
f 1360/1513 1384/1548 1385/1505 1357/1504
f 1867/1953 1863/1954 1858/1955 1862/1956
f 1863/1954 1864/1957 1859/1960 1858/1955
f 1862/1956 1905/2008 1906/2009 1867/1953
f 1905/2008 1914/2014 1920/2013 1906/2009
f 1919/2012 1920/2013 1914/2014 1913/2015
f 1916/2016 1919/2012 1913/2015 1910/2017
f 1938/2047 1939/2039 1916/2016 1915/2019
f 1955/2053 1956/2054 1939/2039 1938/2047
f 1915/2019 1916/2016 1910/2017 1909/2020
f 1961/2058 1962/2059 1956/2054 1955/2053
f 1961/2058 2394/3222 3178/3224 1962/2059
f 2394/3222 2884/3221 2885/3223 3178/3224
f 3178/3224 2885/3223 2886/3225 3128/3226
f 1864/1957 1865/1958 1860/1959 1859/1960
f 1865/1958 1866/1961 1861/1962 1860/1959
f 3111/2729 1861/1962 1866/1961 2406/2730
f 3004/2728 3111/2729 2406/2730 3167/2731
f 3167/2731 2406/2730 2967/3236 2973/3235
f 2973/3235 2967/3236 1948/3237 1921/3238
f 3119/3334 1921/3238 1948/3237 3120/3313
f 1357/1504 1385/1505 1386/1506 1334/1507
f 1334/1507 1386/1506 1388/1580 1333/1581
f 1479/1636 1480/1630 1333/1581 1388/1580
f 1131/1308 1102/1309 1101/1310 1132/1311
f 1496/1324 1494/1327 1108/1318 1111/1321
f 1494/1327 1109/1312 1107/1301 1108/1318
f 1109/1312 1492/1304 1493/1302 1107/1301
f 1492/1304 1491/1307 1114/1345 1493/1302
f 1491/1307 1106/1323 1110/1346 1114/1345
f 1495/1343 1110/1346 1106/1323 1490/1337
f 1490/1337 1489/1341 1112/1335 1495/1343
f 1113/1331 1112/1335 1489/1341 1103/1298
f 1105/1328 1113/1331 1103/1298 1115/1297
f 1116/1338 1105/1328 1115/1297 1487/1292
f 1487/1292 1099/1295 1104/1333 1116/1338
f 1099/1295 1100/1317 1488/1315 1104/1333
f 1102/1309 1488/1315 1100/1317 1101/1310
f 1255/1441 1484/1633 1250/1592 1254/1442
f 1250/1592 1327/299 1430/1591 1254/1442
f 1327/299 1259/298 181/1489 1430/1591
f 1326/1472 195/282 181/1489 1259/298
f 195/282 1326/1472 1319/1440 1261/283
f 265/294 266/284 1261/283 267/295
f 1261/283 1319/1440 1251/1439 267/295
f 1250/1592 1484/1633 1483/1632 1330/1593
f 1330/1593 1483/1632 1512/1660 1510/1659
f 1481/1631 1466/1626 1510/1659 1512/1660
f 1480/1630 1468/1627 1466/1626 1481/1631
f 1468/1627 1480/1630 1479/1636 1469/1629
f 230/250 1370/1571 1376/1572 231/252
f 232/248 1377/1573 1370/1571 230/250
f 233/247 1371/271 1377/1573 232/248
f 231/252 1376/1572 1374/1570 241/603
f 1371/271 233/247 257/267 1380/272
f 256/266 1379/1576 1380/272 257/267
f 255/1575 1378/1574 1379/1576 256/266
f 258/1559 1375/1558 1378/1574 255/1575
f 1382/1555 1375/1558 258/1559 259/1556
f 241/603 1374/1570 1373/1568 243/877
f 243/877 1373/1568 1372/1569 242/878
f 1381/1554 1382/1555 259/1556 260/1557
f 1980/2679 242/878 1372/1569 3060/3351
f 1383/1566 1381/1554 260/1557 1279/1567
f 1979/2408 1980/2679 3060/3351 3061/3352
f 1279/1567 261/1577 1384/1548 1383/1566
f 2885/3223 2281/3248 1973/3247 2886/3225
f 2281/3248 3063/3353 3061/3352 1973/3247
f 1970/2071 1979/2408 3061/3352 3063/3353
f 261/1577 707/1578 1385/1505 1384/1548
f 707/1578 591/1579 1386/1506 1385/1505
f 1857/1945 1862/1956 1858/1955 1853/1946
f 1853/1946 1858/1955 1859/1960 1854/1947
f 1862/1956 1857/1945 1900/2007 1905/2008
f 1854/1947 1859/1960 1860/1959 1855/1949
f 1899/2000 1914/2014 1905/2008 1900/2007
f 1898/1999 1913/2015 1914/2014 1899/2000
f 1895/2005 1910/2017 1913/2015 1898/1999
f 1894/2003 1909/2020 1910/2017 1895/2005
f 1940/2037 1938/2047 1915/2019 1917/2018
f 1957/2052 1955/2053 1938/2047 1940/2037
f 1917/2018 1915/2019 1909/2020 1911/2021
f 1963/2061 1961/2058 1955/2053 1957/2052
f 1896/1997 1911/2021 1909/2020 1894/2003
f 1963/2061 3122/3220 2394/3222 1961/2058
f 3122/3220 2883/3219 2884/3221 2394/3222
f 2281/3248 2885/3223 2884/3221 2282/3249
f 2282/3249 2884/3221 2883/3219 2283/3260
f 1855/1949 1860/1959 1861/1962 1856/1951
f 1886/3258 1856/1951 1861/1962 3111/2729
f 2961/1979 1886/3258 3111/2729 3004/2728
f 1885/1977 2961/1979 3004/2728 3112/3244
f 3112/3244 3004/2728 3167/2731 3166/3245
f 3166/3245 3167/2731 2973/3235 2963/3239
f 2963/3239 2973/3235 1921/3238 2404/3240
f 1921/3238 3119/3334 3117/3335 2404/3240
f 3116/3385 3117/3335 3119/3334 3118/3386
f 1388/1580 1386/1506 591/1579 590/1602
f 1478/1601 1479/1636 1388/1580 590/1602
f 1478/1601 1408/1600 1469/1629 1479/1636
f 1250/1592 1330/1593 1328/300 1327/299
f 1259/298 1327/299 1328/300 1260/301
f 1326/1472 1259/298 1260/301 1262/1484
f 1319/1440 1326/1472 1262/1484 1317/1462
f 1317/1462 269/1451 1251/1439 1319/1440
f 1251/1439 1252/1416 277/296 267/295
f 269/1451 276/285 1252/1416 1251/1439
f 1328/300 1330/1593 1510/1659 1511/1628
f 1465/1625 1511/1628 1510/1659 1466/1626
f 1467/1624 1465/1625 1466/1626 1468/1627
f 1467/1624 1468/1627 1469/1629 1353/1582
f 1469/1629 1408/1600 1354/1583 1353/1582
f 1409/249 232/248 230/250 1411/251
f 1411/251 230/250 231/252 1412/253
f 1412/253 231/252 241/603 1425/604
f 1410/246 233/247 232/248 1409/249
f 233/247 1410/246 1414/268 257/267
f 1425/604 241/603 243/877 1424/876
f 1413/265 256/266 257/267 1414/268
f 255/1575 256/266 1413/265 1419/273
f 258/1559 255/1575 1419/273 1417/718
f 259/1556 258/1559 1417/718 1416/715
f 260/1557 259/1556 1416/715 1415/714
f 1424/876 243/877 242/878 1423/879
f 3108/2678 1423/879 242/878 1980/2679
f 1279/1567 260/1557 1415/714 1426/722
f 3109/2407 3108/2678 1980/2679 1979/2408
f 261/1577 1279/1567 1426/722 1418/1351
f 3097/2070 3109/2407 1979/2408 1970/2071
f 261/1577 1418/1351 1422/756 707/1578
f 3063/3353 2281/3248 2282/3249 3058/3354
f 1969/2069 1970/2071 3063/3353 3058/3354
f 3096/2068 3097/2070 1970/2071 1969/2069
f 591/1579 707/1578 1422/756 1421/733
f 590/1602 591/1579 1421/733 1420/732
f 1857/1945 1853/1946 1845/1943 1852/1942
f 1857/1945 1852/1942 1844/1944 1900/2007
f 1853/1946 1854/1947 1846/1948 1845/1943
f 1854/1947 1855/1949 1847/1950 1846/1948
f 1899/2000 1900/2007 1844/1944 1843/2001
f 1855/1949 1856/1951 1848/1952 1847/1950
f 1898/1999 1899/2000 1843/2001 1842/2002
f 1895/2005 1898/1999 1842/2002 1839/2006
f 1894/2003 1895/2005 1839/2006 1838/2004
f 1896/1997 1894/2003 1838/2004 1840/1998
f 1941/2036 1940/2037 1917/2018 1918/2022
f 1958/2051 1957/2052 1940/2037 1941/2036
f 1918/2022 1917/2018 1911/2021 1912/2023
f 1964/2060 1963/2061 1957/2052 1958/2051
f 1897/1996 1912/2023 1911/2021 1896/1997
f 1964/2060 3123/3217 3122/3220 1963/2061
f 1897/1996 1896/1997 1840/1998 1841/1936
f 3123/3217 2882/3218 2883/3219 3122/3220
f 2283/3260 2883/3219 2882/3218 2284/3266
f 3058/3354 2282/3249 2283/3260 3064/3355
f 3064/3355 2283/3260 2284/3266 3059/2089
f 1830/3259 1848/1952 1856/1951 1886/3258
f 1886/3258 2961/1979 2959/1980 1830/3259
f 2961/1979 1885/1977 1829/1978 2959/1980
f 1885/1977 1884/1975 1828/1918 1829/1978
f 1885/1977 3112/3244 3076/3243 1884/1975
f 3163/3242 3076/3243 3112/3244 3166/3245
f 2946/3232 3163/3242 3166/3245 2963/3239
f 2946/3232 2963/3239 2404/3240 2943/3233
f 3115/3372 2943/3233 2404/3240 3117/3335
f 1904/3277 3115/3372 3117/3335 3116/3385
f 2965/2098 1936/2099 1904/3277 3116/3385
f 592/781 1478/1601 590/1602 1420/732
f 1478/1601 1477/1517 1407/1598 1408/1600
f 592/781 712/780 1477/1517 1478/1601
f 1349/1539 1354/1583 1408/1600 1407/1598
f 1260/301 1328/300 1511/1628 1501/1496
f 1262/1484 1260/301 1501/1496 1500/1499
f 1317/1462 1262/1484 1500/1499 1509/1606
f 1317/1462 1318/1463 281/297 269/1451
f 1509/1606 289/1661 1318/1463 1317/1462
f 276/285 269/1451 281/297 270/286
f 1501/1496 1511/1628 1465/1625 1321/1497
f 1465/1625 1467/1624 1320/1595 1321/1497
f 1398/1522 1320/1595 1467/1624 1353/1582
f 1353/1582 1354/1583 1387/1523 1398/1522
f 1354/1583 1349/1539 1392/1530 1387/1523
f 240/269 1410/246 1409/249 239/656
f 239/656 1409/249 1411/251 237/868
f 237/868 1411/251 1412/253 238/880
f 238/880 1412/253 1425/604 773/952
f 773/952 1425/604 1424/876 775/920
f 1410/246 240/269 263/270 1414/268
f 262/274 1413/265 1414/268 263/270
f 775/920 1424/876 1423/879 774/921
f 1419/273 1413/265 262/274 669/275
f 1417/718 1419/273 669/275 668/719
f 1416/715 1417/718 668/719 665/716
f 1415/714 1416/715 665/716 666/717
f 1426/722 1415/714 666/717 1281/723
f 2468/2718 774/921 1423/879 3108/2678
f 2467/2743 2468/2718 3108/2678 3109/2407
f 1418/1351 1426/722 1281/723 667/806
f 1976/2681 2467/2743 3109/2407 3097/2070
f 1418/1351 667/806 709/754 1422/756
f 1975/2672 1976/2681 3097/2070 3096/2068
f 1421/733 1422/756 709/754 693/638
f 1971/2066 1969/2069 3058/3354 3064/3355
f 3094/2065 3096/2068 1969/2069 1971/2066
f 1977/2458 1975/2672 3096/2068 3094/2065
f 1420/732 1421/733 693/638 692/620
f 1420/732 692/620 691/619 592/781
f 2932/1941 1852/1942 1845/1943 2934/1937
f 1845/1943 1846/1948 2935/1938 2934/1937
f 2916/1934 1844/1944 1852/1942 2932/1941
f 1843/2001 1844/1944 2916/1934 2915/1933
f 1846/1948 1847/1950 2933/1939 2935/1938
f 1847/1950 1848/1952 2914/1940 2933/1939
f 1842/2002 1843/2001 2915/1933 2936/1932
f 2929/3257 2914/1940 1848/1952 1830/3259
f 1839/2006 1842/2002 2936/1932 2938/1931
f 1838/2004 1839/2006 2938/1931 2937/1930
f 1840/1998 1838/2004 2937/1930 2917/1929
f 1841/1936 1840/1998 2917/1929 2939/1928
f 1918/2022 1929/2034 1946/2038 1941/2036
f 1958/2051 1941/2036 1946/2038 1983/2077
f 1912/2023 1903/2035 1929/2034 1918/2022
f 1958/2051 1983/2077 1990/2080 1964/2060
f 1887/1995 1903/2035 1912/2023 1897/1996
f 3123/3217 1964/2060 1990/2080 3124/3216
f 1831/1935 1887/1995 1897/1996 1841/1936
f 2882/3218 3123/3217 3124/3216 2881/3215
f 2918/1927 1831/1935 1841/1936 2939/1928
f 2881/3215 2288/3289 2284/3266 2882/3218
f 2288/3289 3067/2090 3059/2089 2284/3266
f 1972/2067 1971/2066 3064/3355 3059/2089
f 3059/2089 3067/2090 1994/2085 1972/2067
f 1830/3259 2959/1980 3003/1915 2929/3257
f 2959/1980 1829/1978 2930/1916 3003/1915
f 1829/1978 1828/1918 2928/1917 2930/1916
f 1827/1919 1828/1918 1884/1975 1883/1976
f 1883/1976 1884/1975 3076/3243 3085/3269
f 2928/1917 1828/1918 1827/1919 2927/1920
f 3085/3269 3076/3243 3163/3242 3113/3262
f 3113/3262 3163/3242 2946/3232 2945/3231
f 2945/3231 2946/3232 2943/3233 2944/3234
f 3114/3373 2944/3234 2943/3233 3115/3372
f 3115/3372 1904/3277 1923/3278 3114/3373
f 1904/3277 1936/2099 1937/2102 1923/3278
f 1936/2099 2003/2100 2951/2101 1937/2102
f 712/780 592/781 691/619 690/655
f 1476/1367 1477/1517 712/780 1145/1366
f 1406/1597 1407/1598 1477/1517 1476/1367
f 1350/1540 1349/1539 1407/1598 1406/1597
f 1144/1365 1145/1366 712/780 690/655
f 1396/1538 1392/1530 1349/1539 1350/1540
f 1501/1496 1321/1497 697/1498 1500/1499
f 1500/1499 697/1498 1437/1495 1509/1606
f 1509/1606 1437/1495 293/1464 289/1661
f 291/1662 1519/1664 1318/1463 289/1661
f 1318/1463 1316/1461 282/288 281/297
f 1318/1463 1519/1664 1530/1667 1316/1461
f 281/297 268/289 273/293 270/286
f 282/288 274/287 268/289 281/297
f 291/1662 289/1661 293/1464 294/305
f 697/1498 1321/1497 1320/1595 1329/1594
f 1398/1522 1335/1525 1329/1594 1320/1595
f 1398/1522 1387/1523 1336/1524 1335/1525
f 1387/1523 1392/1530 1344/1531 1336/1524
f 1343/1588 1344/1531 1392/1530 1396/1538
f 766/871 264/872 263/270 240/269
f 766/871 240/269 239/656 769/870
f 239/656 237/868 771/869 769/870
f 771/869 237/868 238/880 772/881
f 773/952 218/951 772/881 238/880
f 775/920 802/906 218/951 773/952
f 802/906 775/920 774/921 803/907
f 262/274 263/270 264/872 1559/1684
f 1559/1684 1562/1690 669/275 262/274
f 2494/2706 803/907 774/921 2468/2718
f 668/719 669/275 1562/1690 1566/1695
f 665/716 668/719 1566/1695 1575/1704
f 658/803 666/717 665/716 1575/1704
f 1280/802 1281/723 666/717 658/803
f 664/807 667/806 1281/723 1280/802
f 2468/2718 2467/2743 1959/2744 2494/2706
f 2467/2743 1976/2681 2466/2680 1959/2744
f 708/755 709/754 667/806 664/807
f 2465/2671 2466/2680 1976/2681 1975/2672
f 594/639 693/638 709/754 708/755
f 1977/2458 2463/2670 2465/2671 1975/2672
f 595/621 692/620 693/638 594/639
f 3095/2064 3094/2065 1971/2066 1972/2067
f 1978/2088 1977/2458 3094/2065 3095/2064
f 2460/2673 2463/2670 1977/2458 1978/2088
f 596/618 691/619 692/620 595/621
f 597/654 690/655 691/619 596/618
f 1811/1889 2916/1934 2932/1941 1850/1893
f 1850/1893 2932/1941 2934/1937 1814/1900
f 2934/1937 2935/1938 1817/1897 1814/1900
f 2935/1938 2933/1939 1820/1905 1817/1897
f 2915/1933 2916/1934 1811/1889 1808/1885
f 2936/1932 2915/1933 1808/1885 1805/1883
f 2933/1939 2914/1940 1823/1909 1820/1905
f 2914/1940 2929/3257 1800/3256 1823/1909
f 2938/1931 2936/1932 1805/1883 1754/1833
f 2929/3257 3003/1915 2958/1880 1800/3256
f 2937/1930 2938/1931 1754/1833 1753/1832
f 2917/1929 2937/1930 1753/1832 1757/1838
f 2939/1928 2917/1929 1757/1838 1760/1840
f 1763/1843 2918/1927 2939/1928 1760/1840
f 1928/2032 1929/2034 1903/2035 1902/2033
f 1945/2046 1946/2038 1929/2034 1928/2032
f 1982/2076 1983/2077 1946/2038 1945/2046
f 1989/2079 1990/2080 1983/2077 1982/2076
f 1888/1993 1902/2033 1903/2035 1887/1995
f 1989/2079 3125/3214 3124/3216 1990/2080
f 1888/1993 1887/1995 1831/1935 1832/1994
f 3125/3214 2880/3213 2881/3215 3124/3216
f 1832/1994 1831/1935 2918/1927 2919/1926
f 2288/3289 2881/3215 2880/3213 2287/3290
f 2919/1926 2918/1927 1763/1843 1766/1846
f 3067/2090 2288/3289 2287/3290 3066/3358
f 1993/2086 1994/2085 3067/2090 3066/3358
f 1972/2067 1994/2085 3099/2084 3095/2064
f 3098/2083 3099/2084 1994/2085 1993/2086
f 3003/1915 2930/1916 1797/1877 2958/1880
f 2930/1916 2928/1917 1794/1873 1797/1877
f 1794/1873 2928/1917 2927/1920 1791/1874
f 1883/1976 1882/3421 1826/3422 1827/1919
f 2925/3423 2927/1920 1827/1919 1826/3422
f 1882/3421 1883/1976 3085/3269 1930/3420
f 3113/3262 2405/3419 1930/3420 3085/3269
f 2927/1920 2925/3423 1788/3424 1791/1874
f 2405/3419 3113/3262 2945/3231 1931/3418
f 3165/3416 3005/3415 1931/3418 2945/3231
f 2945/3231 2944/3234 2940/3374 3165/3416
f 2940/3374 2944/3234 3114/3373 3017/2119
f 3017/2119 3114/3373 1923/3278 2949/2116
f 3016/3261 2949/2116 1923/3278 1937/2102
f 1937/2102 2951/2101 3009/3230 3016/3261
f 2002/2112 2004/2114 2951/2101 2003/2100
f 2951/2101 2004/2114 2941/3229 3009/3230
f 690/655 597/654 1143/1364 1144/1365
f 1476/1367 1145/1366 714/766 1474/940
f 1406/1597 1476/1367 1474/940 1404/1596
f 689/765 714/766 1145/1366 1144/1365
f 1350/1540 1406/1597 1404/1596 1352/1533
f 1396/1538 1350/1540 1352/1533 1397/1532
f 1144/1365 1143/1364 598/767 689/765
f 1343/1588 1396/1538 1397/1532 1341/1585
f 1437/1495 697/1498 1329/1594 1325/1494
f 566/1415 293/1464 1437/1495 1325/1494
f 294/305 293/1464 566/1415 295/306
f 1518/372 1519/1664 291/1662 292/1663
f 291/1662 294/305 284/308 292/1663
f 1519/1664 1518/372 1531/371 1530/1667
f 268/289 274/287 275/290 271/291
f 268/289 271/291 272/292 273/293
f 294/305 295/306 285/307 284/308
f 1325/1494 1329/1594 1335/1525 1324/1493
f 1335/1525 1336/1524 1323/1492 1324/1493
f 1336/1524 1344/1531 1322/1491 1323/1492
f 1344/1531 1343/1588 1146/1490 1322/1491
f 1343/1588 1341/1585 695/1487 1146/1490
f 1623/882 766/871 769/870 1620/883
f 1623/882 1624/884 264/872 766/871
f 1624/884 1634/1683 1559/1684 264/872
f 1620/883 769/870 771/869 1621/889
f 771/869 772/881 1627/930 1621/889
f 218/951 1632/953 1627/930 772/881
f 802/906 1628/905 1632/953 218/951
f 1628/905 802/906 803/907 1626/908
f 3303/2705 1626/908 803/907 2494/2706
f 1634/1683 1635/1689 1562/1690 1559/1684
f 1635/1689 1636/1694 1566/1695 1562/1690
f 2494/2706 1959/2744 3307/2745 3303/2705
f 1566/1695 1704/1820 1713/1723 1575/1704
f 1636/1694 1719/1825 1704/1820 1566/1695
f 1700/1710 658/803 1575/1704 1713/1723
f 1709/1709 1280/802 658/803 1700/1710
f 1280/802 1709/1709 1702/1712 664/807
f 664/807 725/1352 593/891 708/755
f 1711/1711 725/1352 664/807 1702/1712
f 1959/2744 2466/2680 3302/2726 3307/2745
f 2465/2671 3297/2689 3302/2726 2466/2680
f 786/790 787/796 594/639 708/755
f 708/755 593/891 785/791 786/790
f 3296/2683 3297/2689 2465/2671 2463/2670
f 595/621 594/639 787/796 790/787
f 3299/2682 3296/2683 2463/2670 2460/2673
f 596/618 595/621 790/787 788/786
f 3095/2064 3099/2084 2000/2087 1978/2088
f 2460/2673 1978/2088 2000/2087 2001/2674
f 3299/2682 2460/2673 2001/2674 3300/2684
f 597/654 596/618 788/786 789/794
f 1142/1362 1143/1364 597/654 789/794
f 1811/1889 1810/1890 1807/1886 1808/1885
f 1850/1893 1849/1894 1810/1890 1811/1889
f 1814/1900 1813/1899 1849/1894 1850/1893
f 1817/1897 1816/1898 1813/1899 1814/1900
f 1820/1905 1819/1906 1816/1898 1817/1897
f 1823/1909 1822/1910 1819/1906 1820/1905
f 1808/1885 1807/1886 1804/1884 1805/1883
f 1805/1883 1804/1884 1752/1834 1754/1833
f 1801/3255 1822/1910 1823/1909 1800/3256
f 1801/3255 1800/3256 2958/1880 2956/1879
f 1753/1832 1754/1833 1752/1834 1751/1835
f 2956/1879 2958/1880 1797/1877 1798/1876
f 1756/1837 1757/1838 1753/1832 1751/1835
f 1759/1839 1760/1840 1757/1838 1756/1837
f 1762/1842 1763/1843 1760/1840 1759/1839
f 1765/1845 1766/1846 1763/1843 1762/1842
f 1927/2028 1928/2032 1902/2033 1901/2029
f 1944/2044 1945/2046 1928/2032 1927/2028
f 1889/1986 1901/2029 1902/2033 1888/1993
f 1981/2075 1982/2076 1945/2046 1944/2044
f 1988/2081 1989/2079 1982/2076 1981/2075
f 1988/2081 3126/3212 3125/3214 1989/2079
f 1889/1986 1888/1993 1832/1994 1833/1987
f 3126/3212 2879/3211 2880/3213 3125/3214
f 1833/1987 1832/1994 2919/1926 2920/1925
f 2287/3290 2880/3213 2879/3211 2285/3291
f 2920/1925 2919/1926 1766/1846 1769/1849
f 3066/3358 2287/3290 2285/3291 3065/3357
f 1768/1848 1769/1849 1766/1846 1765/1845
f 1992/3356 1993/2086 3066/3358 3065/3357
f 1992/3356 3104/2091 3098/2083 1993/2086
f 1999/2093 2000/2087 3099/2084 3098/2083
f 3104/2091 2372/2092 1999/2093 3098/2083
f 1798/1876 1797/1877 1794/1873 1795/1870
f 1795/1870 1794/1873 1791/1874 1792/1871
f 1789/3425 1792/1871 1791/1874 1788/3424
f 1881/1981 1882/3421 1930/3420 1922/2549
f 1882/3421 1881/1981 1825/1984 1826/3422
f 2926/1913 2925/3423 1826/3422 1825/1984
f 2925/3423 2926/1913 1787/1864 1788/3424
f 2405/3419 2402/2554 1922/2549 1930/3420
f 1931/3418 1947/2546 2402/2554 2405/3419
f 1786/1863 1789/3425 1788/3424 1787/1864
f 1947/2546 1931/3418 3005/3415 1953/2543
f 3164/3413 2947/3414 3005/3415 3165/3416
f 2940/3374 3020/3375 3164/3413 3165/3416
f 2947/3414 2948/3348 1953/2543 3005/3415
f 2940/3374 3017/2119 3018/2118 3020/3375
f 2949/2116 2950/2117 3018/2118 3017/2119
f 3016/3261 2952/3273 2950/2117 2949/2116
f 3009/3230 3007/3251 2952/3273 3016/3261
f 3007/3251 3009/3230 2941/3229 2006/3241
f 2941/3229 2004/2114 2014/2113 2942/3208
f 2006/3241 2941/3229 2942/3208 2013/2104
f 784/777 598/767 1143/1364 1142/1362
f 689/765 719/761 713/760 714/766
f 1474/940 714/766 713/760 1473/941
f 1404/1596 1474/940 1473/941 1403/1589
f 1352/1533 1404/1596 1403/1589 1345/1534
f 689/765 598/767 717/763 719/761
f 1397/1532 1352/1533 1345/1534 1390/1535
f 1341/1585 1397/1532 1390/1535 1340/1586
f 717/763 598/767 784/777 783/775
f 696/1486 695/1487 1341/1585 1340/1586
f 1186/1412 566/1415 1325/1494 1324/1493
f 295/306 566/1415 1186/1412 1185/1411
f 285/307 295/306 1185/1411 1517/1410
f 292/1663 309/322 308/373 1518/372
f 292/1663 284/308 307/319 309/322
f 284/308 285/307 306/318 307/319
f 278/302 271/291 275/290 280/304
f 271/291 278/302 279/303 272/292
f 306/318 285/307 1517/1410 1184/1409
f 1324/1493 1323/1492 567/607 1186/1412
f 1323/1492 1322/1491 580/608 567/607
f 1147/1369 580/608 1322/1491 1146/1490
f 1146/1490 695/1487 584/611 1147/1369
f 695/1487 696/1486 585/612 584/611
f 798/900 1623/882 1620/883 797/901
f 798/900 799/902 1624/884 1623/882
f 797/901 1620/883 1621/889 800/904
f 799/902 1561/1685 1634/1683 1624/884
f 1561/1685 1565/1691 1635/1689 1634/1683
f 1621/889 1627/930 804/918 800/904
f 1632/953 838/919 804/918 1627/930
f 1628/905 807/926 838/919 1632/953
f 807/926 1628/905 1626/908 801/927
f 2498/2723 801/927 1626/908 3303/2705
f 3303/2705 3307/2745 2529/2716 2498/2723
f 1565/1691 1569/1696 1636/1694 1635/1689
f 1569/1696 1715/1721 1719/1825 1636/1694
f 3307/2745 3302/2726 2495/2717 2529/2716
f 1704/1820 1688/1715 1687/1718 1713/1723
f 1719/1825 1695/1731 1688/1715 1704/1820
f 1681/1818 1700/1710 1713/1723 1687/1718
f 1715/1721 1691/1797 1695/1731 1719/1825
f 1682/1734 1709/1709 1700/1710 1681/1818
f 1709/1709 1682/1734 1683/1737 1702/1712
f 1684/1725 1711/1711 1702/1712 1683/1737
f 682/892 593/891 725/1352 1570/1701
f 725/1352 1711/1711 1718/1824 1570/1701
f 682/892 781/798 785/791 593/891
f 1711/1711 1684/1725 1693/1726 1718/1824
f 3297/2689 2493/2704 2495/2717 3302/2726
f 2490/2700 2493/2704 3297/2689 3296/2683
f 786/790 785/791 602/792 600/793
f 600/793 610/797 787/796 786/790
f 790/787 787/796 610/797 609/788
f 781/798 683/735 602/792 785/791
f 2491/2701 2490/2700 3296/2683 3299/2682
f 788/786 790/787 609/788 617/789
f 2491/2701 3299/2682 3300/2684 2492/2702
f 789/794 788/786 617/789 724/795
f 1999/2093 3236/3463 2001/2674 2000/2087
f 3300/2684 2001/2674 3236/3463 3309/3464
f 2492/2702 3300/2684 3309/3464 3238/3465
f 789/794 724/795 1141/1363 1142/1362
f 1142/1362 1141/1363 621/778 784/777
f 1810/1890 2908/1891 2907/1887 1807/1886
f 1849/1894 2913/1895 2908/1891 1810/1890
f 1807/1886 2907/1887 2906/1881 1804/1884
f 1813/1899 2909/1904 2913/1895 1849/1894
f 1816/1898 2910/1901 2909/1904 1813/1899
f 1819/1906 2911/1907 2910/1901 1816/1898
f 1822/1910 2912/1911 2911/1907 1819/1906
f 2905/3254 2912/1911 1822/1910 1801/3255
f 1804/1884 2906/1881 2888/1829 1752/1834
f 1751/1835 1752/1834 2888/1829 2889/1828
f 2905/3254 1801/3255 2956/1879 3001/1878
f 3001/1878 2956/1879 1798/1876 2904/1875
f 2890/1836 1756/1837 1751/1835 2889/1828
f 2904/1875 1798/1876 1795/1870 2903/1869
f 2891/1841 1759/1839 1756/1837 2890/1836
f 2892/1844 1762/1842 1759/1839 2891/1841
f 2893/1847 1765/1845 1762/1842 2892/1844
f 2894/1850 1768/1848 1765/1845 2893/1847
f 1932/2025 1927/2028 1901/2029 1924/2026
f 1949/2043 1944/2044 1927/2028 1932/2025
f 1890/1985 1924/2026 1901/2029 1889/1986
f 1984/2074 1981/2075 1944/2044 1949/2043
f 1890/1985 1889/1986 1833/1987 1834/1988
f 1991/2082 1988/2081 1981/2075 1984/2074
f 1991/2082 3127/3209 3126/3212 1988/2081
f 3127/3209 2878/3210 2879/3211 3126/3212
f 1834/1988 1833/1987 2920/1925 2921/1924
f 2285/3291 2879/3211 2878/3210 2286/3292
f 2921/1924 2920/1925 1769/1849 1772/1852
f 3065/3357 2285/3291 2286/3292 3062/3342
f 1771/1851 1772/1852 1769/1849 1768/1848
f 1995/3341 1992/3356 3065/3357 3062/3342
f 2895/1853 1771/1851 1768/1848 2894/1850
f 1995/3341 3102/2521 3104/2091 1992/3356
f 3102/2521 2371/2520 2372/2092 3104/2091
f 3236/3463 1999/2093 2372/2092 3239/3469
f 2371/2520 3243/3474 3239/3469 2372/2092
f 2903/1869 1795/1870 1792/1871 2902/1872
f 2901/3426 2902/1872 1792/1871 1789/3425
f 2900/1867 2901/3426 1789/3425 1786/1863
f 1881/1981 1880/1982 1824/1983 1825/1984
f 1881/1981 1922/2549 2400/2550 1880/1982
f 2402/2554 2403/2555 2400/2550 1922/2549
f 1825/1984 1824/1983 2931/1914 2926/1913
f 2926/1913 2931/1914 1784/1865 1787/1864
f 1786/1863 1787/1864 1784/1865 1783/1866
f 2398/2545 2403/2555 2402/2554 1947/2546
f 1953/2543 2399/2544 2398/2545 1947/2546
f 2900/1867 1786/1863 1783/1866 2899/1868
f 3043/3347 2399/2544 1953/2543 2948/3348
f 3020/3375 3190/3440 3192/3441 3164/3413
f 3182/3439 2947/3414 3164/3413 3192/3441
f 2947/3414 3182/3439 3183/3329 2948/3348
f 3018/2118 3191/3409 3190/3440 3020/3375
f 3184/3330 3043/3347 2948/3348 3183/3329
f 2950/2117 3181/3285 3191/3409 3018/2118
f 2952/3273 3180/3286 3181/3285 2950/2117
f 3007/3251 3189/3387 3180/3286 2952/3273
f 3007/3251 2006/3241 2018/2115 3008/3252
f 3189/3387 3007/3251 3008/3252 2026/3442
f 2013/2104 2007/2103 2018/2115 2006/3241
f 783/775 784/777 621/778 720/779
f 711/759 713/760 719/761 718/762
f 717/763 710/764 718/762 719/761
f 1473/941 713/760 711/759 1472/942
f 1403/1589 1473/941 1472/942 1402/1545
f 1345/1534 1403/1589 1402/1545 1346/1537
f 1390/1535 1345/1534 1346/1537 1393/1536
f 783/775 782/776 710/764 717/763
f 1340/1586 1390/1535 1393/1536 1339/1587
f 589/1485 696/1486 1340/1586 1339/1587
f 720/779 723/890 782/776 783/775
f 576/613 585/612 696/1486 589/1485
f 1185/1411 1186/1412 567/607 296/610
f 1517/1410 1185/1411 296/610 286/359
f 1184/1409 1517/1410 286/359 301/362
f 307/319 310/320 311/321 309/322
f 309/322 311/321 345/367 308/373
f 322/353 310/320 307/319 306/318
f 322/353 306/318 1184/1409 1183/1408
f 1183/1408 1184/1409 301/362 320/334
f 567/607 580/608 297/609 296/610
f 297/609 580/608 1147/1369 1148/1368
f 1148/1368 1147/1369 584/611 298/315
f 298/315 584/611 585/612 299/316
f 585/612 576/613 300/317 299/316
f 776/887 798/900 797/901 777/888
f 776/887 778/886 799/902 798/900
f 777/888 797/901 800/904 765/866
f 1561/1685 799/902 778/886 1560/1686
f 681/867 765/866 800/904 804/918
f 1565/1691 1561/1685 1560/1686 1564/1688
f 1569/1696 1565/1691 1564/1688 1568/1693
f 826/917 681/867 804/918 838/919
f 816/862 826/917 838/919 807/926
f 807/926 801/927 680/863 816/862
f 2498/2723 2507/2664 680/2667 801/927
f 2507/2664 2498/2723 2529/2716 2517/2715
f 2517/2715 2529/2716 2495/2717 2381/2669
f 1715/1721 1569/1696 1568/1693 1705/1722
f 1691/1797 1715/1721 1705/1722 1690/1728
f 2381/2669 2495/2717 2493/2704 2459/2668
f 1688/1715 1579/1716 1582/1717 1687/1718
f 1695/1731 1638/1732 1579/1716 1688/1715
f 1576/1745 1681/1818 1687/1718 1582/1717
f 1691/1797 1581/1741 1638/1732 1695/1731
f 1578/1735 1682/1734 1681/1818 1576/1745
f 1581/1741 1691/1797 1690/1728 1580/1727
f 1682/1734 1578/1735 1577/1736 1683/1737
f 726/893 791/812 781/798 682/892
f 682/892 1570/1701 1571/1702 726/893
f 1570/1701 1718/1824 1703/1714 1571/1702
f 1718/1824 1693/1726 1685/1730 1703/1714
f 791/812 684/736 683/735 781/798
f 2470/2688 2459/2668 2493/2704 2490/2700
f 2469/2687 2470/2688 2490/2700 2491/2701
f 603/622 600/623 602/624 604/625
f 604/625 602/624 683/734 630/657
f 600/623 603/622 612/633 610/632
f 611/630 609/631 610/632 612/633
f 609/631 611/630 819/785 617/784
f 634/662 630/661 683/735 684/736
f 2469/2687 2491/2701 2492/2702 2471/2686
f 820/782 724/783 617/784 819/785
f 3238/3465 3237/3466 2471/2686 2492/2702
f 1140/1360 1141/1361 724/783 820/782
f 3309/3464 3236/3463 3239/3469 3310/3470
f 3238/3465 3309/3464 3310/3470 3242/3471
f 3242/3471 3241/3467 3237/3466 3238/3465
f 625/769 621/768 1141/1361 1140/1360
f 621/768 625/769 721/770 720/771
f 2908/1891 1809/1892 1806/1888 2907/1887
f 2913/1895 1851/1896 1809/1892 2908/1891
f 2907/1887 1806/1888 1803/1882 2906/1881
f 2909/1904 1812/1903 1851/1896 2913/1895
f 2906/1881 1803/1882 1750/1830 2888/1829
f 2910/1901 1815/1902 1812/1903 2909/1904
f 2911/1907 1818/1908 1815/1902 2910/1901
f 2912/1911 1821/1912 1818/1908 2911/1907
f 2912/1911 2905/3254 1802/2770 1821/1912
f 1802/2770 2905/3254 3001/1878 2957/2771
f 2889/1828 2888/1829 1750/1830 1749/1831
f 1755/2759 2890/1836 2889/1828 1749/1831
f 2957/2771 3001/1878 2904/1875 1799/2774
f 1799/2774 2904/1875 2903/1869 1796/2775
f 1758/2757 2891/1841 2890/1836 1755/2759
f 1796/2775 2903/1869 2902/1872 1793/2778
f 1761/2755 2892/1844 2891/1841 1758/2757
f 1764/2753 2893/1847 2892/1844 1761/2755
f 1767/2752 2894/1850 2893/1847 1764/2753
f 1770/2793 2895/1853 2894/1850 1767/2752
f 1933/2024 1932/2025 1924/2026 1925/2027
f 1950/2042 1949/2043 1932/2025 1933/2024
f 1891/1990 1925/2027 1924/2026 1890/1985
f 1985/2073 1984/2074 1949/2043 1950/2042
f 1891/1990 1890/1985 1834/1988 1835/1991
f 1985/2073 3055/3343 1991/2082 1984/2074
f 1835/1991 1834/1988 2921/1924 2922/1923
f 3127/3209 1991/2082 3055/3343 3188/3271
f 3056/3270 2878/3210 3127/3209 3188/3271
f 2878/3210 3056/3270 3057/3297 2286/3292
f 2922/1923 2921/1924 1772/1852 1775/1855
f 3062/3342 2286/3292 3057/3297 3069/3340
f 1774/1854 1775/1855 1772/1852 1771/1851
f 3069/3340 1996/3339 1995/3341 3062/3342
f 2896/1856 1774/1854 1771/1851 2895/1853
f 1996/3339 3101/2519 3102/2521 1995/3341
f 1773/2791 2896/1856 2895/1853 1770/2793
f 3101/2519 2368/2518 2371/2520 3102/2521
f 2368/2518 3252/3484 3243/3474 2371/2520
f 3310/3470 3239/3469 3243/3474 3311/3475
f 3243/3474 3252/3484 3388/3503 3379/3600
f 3311/3475 3243/3474 3379/3600 3394/3605
f 2902/1872 2901/3426 1790/3438 1793/2778
f 2901/3426 2900/1867 1785/2782 1790/3438
f 1785/2782 2900/1867 2899/1868 1782/2783
f 2400/2550 2401/2553 1893/2552 1880/1982
f 1837/3146 1824/1983 1880/1982 1893/2552
f 1824/1983 1837/3146 2923/3147 2931/1914
f 2403/2555 1935/3145 2401/2553 2400/2550
f 1935/3145 2403/2555 2398/2545 1952/3141
f 2931/1914 2923/3147 1781/3148 1784/1865
f 1780/3149 1783/1866 1784/1865 1781/3148
f 2898/3150 2899/1868 1783/1866 1780/3149
f 1952/3141 2398/2545 2399/2544 1987/3142
f 3046/3346 1987/3142 2399/2544 3043/3347
f 1779/2786 1782/2783 2899/1868 2898/3150
f 3185/3332 3046/3346 3043/3347 3184/3330
f 3147/3408 3148/3407 3190/3440 3191/3409
f 3162/3411 3192/3441 3190/3440 3148/3407
f 3162/3411 3021/3384 3182/3439 3192/3441
f 3021/3384 3022/3305 3183/3329 3182/3439
f 3183/3329 3022/3305 3044/3304 3184/3330
f 3181/3285 3011/3288 3147/3408 3191/3409
f 3184/3330 3044/3304 3047/3302 3185/3332
f 3181/3285 3180/3286 2397/3287 3011/3288
f 3180/3286 3189/3387 3121/3284 2397/3287
f 3189/3387 2026/3442 2030/3253 3121/3284
f 2018/2115 2007/2103 2010/2111 2005/2107
f 2019/2106 2018/2115 2005/2107 2011/2105
f 3008/3252 2018/2115 2019/2106 3006/3250
f 2028/3443 2026/3442 3008/3252 3198/3445
f 3008/3252 3006/3250 3209/3448 3198/3445
f 2028/3443 2031/2123 2030/3253 2026/3442
f 720/771 721/770 722/773 723/774
f 711/759 718/762 582/615 715/758
f 1472/942 711/759 715/758 1471/943
f 718/762 710/764 601/616 582/615
f 780/640 601/616 710/764 782/776
f 1402/1545 1472/942 1471/943 1401/1544
f 1346/1537 1402/1545 1401/1544 1347/1528
f 1393/1536 1346/1537 1347/1528 1395/1527
f 1339/1587 1393/1536 1395/1527 1338/1584
f 782/776 723/890 619/641 780/640
f 583/1483 589/1485 1339/1587 1338/1584
f 589/1485 583/1483 577/606 576/613
f 623/645 619/644 723/774 722/773
f 577/606 353/387 300/317 576/613
f 296/610 297/609 283/360 286/359
f 286/359 283/360 302/361 301/362
f 301/362 302/361 321/335 320/334
f 310/320 312/323 313/324 311/321
f 312/323 310/320 322/353 325/354
f 311/321 313/324 346/368 345/367
f 1183/1408 1182/1407 325/354 322/353
f 320/334 323/333 1182/1407 1183/1408
f 323/333 320/334 321/335 324/336
f 283/360 297/609 1148/1368 1516/1370
f 1516/1370 1148/1368 298/315 290/314
f 290/314 298/315 299/316 288/310
f 288/310 299/316 300/317 287/311
f 287/311 300/317 353/387 1513/386
f 776/887 777/888 767/729 768/720
f 777/888 765/866 764/277 767/729
f 765/866 681/867 763/278 764/277
f 681/867 826/917 836/873 763/278
f 1563/1687 1567/1692 1568/1693 1564/1688
f 1567/1692 1717/1823 1705/1722 1568/1693
f 826/917 816/862 811/865 836/873
f 816/862 680/863 679/864 811/865
f 2507/2664 2502/2665 679/2666 680/2667
f 2517/2715 2527/2675 2502/2665 2507/2664
f 2381/2669 2457/2096 2527/2675 2517/2715
f 2459/2668 2458/2097 2457/2096 2381/2669
f 1717/1823 1692/1724 1690/1728 1705/1722
f 2470/2688 2461/2531 2458/2097 2459/2668
f 1638/1732 1639/1748 1587/1749 1579/1716
f 1579/1716 1587/1749 1589/1746 1582/1717
f 1583/1744 1576/1745 1582/1717 1589/1746
f 1581/1741 1588/1740 1639/1748 1638/1732
f 1586/1747 1578/1735 1576/1745 1583/1744
f 1578/1735 1586/1747 1584/1743 1577/1736
f 791/812 726/893 1455/1622 1456/894
f 1574/1697 1455/1622 726/893 1571/1702
f 1456/894 1464/827 684/736 791/812
f 1712/1713 1574/1697 1571/1702 1703/1714
f 1686/1719 1712/1713 1703/1714 1685/1730
f 638/669 634/662 684/736 685/737
f 1464/827 1457/826 685/737 684/736
f 2469/2687 2462/2522 2461/2531 2470/2688
f 605/626 603/622 604/625 606/627
f 603/622 605/626 614/635 612/633
f 604/625 630/657 631/658 606/627
f 630/661 634/662 635/663 631/664
f 613/634 611/630 612/633 614/635
f 611/630 613/634 821/946 819/785
f 822/945 820/782 819/785 821/946
f 634/662 638/669 639/670 635/663
f 1139/1359 1140/1360 820/782 822/945
f 629/651 625/769 1140/1360 1139/1359
f 3242/3471 3310/3470 3311/3475 3246/3476
f 3246/3476 3245/3472 3241/3467 3242/3471
f 3240/3468 3241/3467 3245/3472 3244/3473
f 721/770 625/769 629/651 823/650
f 722/773 721/770 823/650 824/772
f 3408/2763 3413/2776 1809/1892 1851/1896
f 3413/2776 3415/2779 1806/1888 1809/1892
f 3415/2779 3403/2760 1803/1882 1806/1888
f 1851/1896 1812/1903 3407/2764 3408/2763
f 3403/2760 3396/2747 1750/1830 1803/1882
f 3409/2767 3407/2764 1812/1903 1815/1902
f 1749/1831 1750/1830 3396/2747 3397/2746
f 3404/2762 3409/2767 1815/1902 1818/1908
f 3405/2761 3404/2762 1818/1908 1821/1912
f 1821/1912 1802/2770 3406/2769 3405/2761
f 3422/2768 3406/2769 1802/2770 2957/2771
f 3411/2773 3422/2768 2957/2771 1799/2774
f 3397/2746 3402/2758 1755/2759 1749/1831
f 3402/2758 3401/2756 1758/2757 1755/2759
f 3412/2772 3411/2773 1799/2774 1796/2775
f 3414/2777 3412/2772 1796/2775 1793/2778
f 3401/2756 3400/2754 1761/2755 1758/2757
f 1793/2778 1790/3438 3416/3437 3414/2777
f 3400/2754 3399/2750 1764/2753 1761/2755
f 3399/2750 3398/2751 1767/2752 1764/2753
f 3398/2751 3421/2792 1770/2793 1767/2752
f 3421/2792 3420/2788 1773/2791 1770/2793
f 1934/2030 1933/2024 1925/2027 1926/2031
f 1951/2045 1950/2042 1933/2024 1934/2030
f 1892/1989 1926/2031 1925/2027 1891/1990
f 1986/2072 1985/2073 1950/2042 1951/2045
f 1892/1989 1891/1990 1835/1991 1836/1992
f 1986/2072 3052/3344 3055/3343 1985/2073
f 1836/1992 1835/1991 2922/1923 2924/1922
f 3188/3271 3055/3343 3052/3344 3187/3336
f 2924/1922 2922/1923 1775/1855 1778/1858
f 3187/3336 3053/3299 3056/3270 3188/3271
f 3054/3298 3057/3297 3056/3270 3053/3299
f 3054/3298 3068/3337 3069/3340 3057/3297
f 1777/1857 1778/1858 1775/1855 1774/1854
f 3068/3337 1997/3338 1996/3339 3069/3340
f 2897/1859 1777/1857 1774/1854 2896/1856
f 1997/3338 3100/2516 3101/2519 1996/3339
f 1776/2790 2897/1859 2896/1856 1773/2791
f 3100/2516 2369/2517 2368/2518 3101/2519
f 3420/2788 3419/2789 1776/2790 1773/2791
f 2361/2605 3252/3484 2368/2518 2369/2517
f 3375/3490 3388/3503 3252/3484 2361/2605
f 3246/3476 3311/3475 3394/3605 3390/3501
f 3379/3600 3388/3503 3362/3496 3363/3495
f 3356/3598 3362/3496 3388/3503 3375/3490
f 3394/3605 3379/3600 3363/3495 3370/3511
f 3390/3501 3394/3605 3370/3511 3366/3577
f 1790/3438 1785/2782 3417/2781 3416/3437
f 3418/2780 3417/2781 1785/2782 1782/2783
f 1782/2783 1779/2786 3410/2785 3418/2780
f 2972/2551 2962/2548 1893/2552 2401/2553
f 2401/2553 1935/3145 2964/2049 2972/2551
f 1837/3146 1893/2552 2962/2548 2960/2547
f 1837/3146 2960/2547 3002/1921 2923/3147
f 2923/3147 3002/1921 2953/1861 1781/3148
f 1952/3141 2966/2048 2964/2049 1935/3145
f 1987/3142 2968/2078 2966/2048 1952/3141
f 1780/3149 1781/3148 2953/1861 2954/1860
f 2898/3150 1780/3149 2954/1860 3000/1862
f 1779/2786 2898/3150 3000/1862 2955/2787
f 3049/3345 2968/2078 1987/3142 3046/3346
f 3186/3333 3049/3345 3046/3346 3185/3332
f 3423/2784 3410/2785 1779/2786 2955/2787
f 3185/3332 3047/3302 3050/3300 3186/3333
f 3149/3405 3150/3406 3148/3407 3147/3408
f 3147/3408 3011/3288 3010/3376 3149/3405
f 3161/3412 3162/3411 3148/3407 3150/3406
f 3021/3384 3162/3411 3161/3412 3023/3362
f 3022/3305 3021/3384 3023/3362 3024/3294
f 3022/3305 3024/3294 3045/3293 3044/3304
f 3045/3293 3048/3303 3047/3302 3044/3304
f 2397/3287 3019/3377 3010/3376 3011/3288
f 3050/3300 3047/3302 3048/3303 3051/3301
f 3121/3284 3015/3283 3019/3377 2397/3287
f 2279/3207 3015/3283 3121/3284 2030/3253
f 2031/2123 2032/2126 2279/3207 2030/3253
f 2005/2107 2010/2111 2009/2110 2008/2108
f 2005/2107 2008/2108 2012/2109 2011/2105
f 3197/2191 2029/3444 2028/3443 3198/3445
f 2028/3443 2029/3444 2021/2124 2031/2123
f 3198/3445 3209/3448 3210/2189 3197/2191
f 2031/2123 2021/2124 2022/2125 2032/2126
f 627/648 623/645 722/773 824/772
f 581/614 582/615 601/616 599/617
f 582/615 581/614 716/757 715/758
f 1471/943 715/758 716/757 1470/944
f 1401/1544 1471/943 1470/944 1400/1541
f 601/616 780/640 779/643 599/617
f 780/640 619/641 618/642 779/643
f 1347/1528 1401/1544 1400/1541 1348/1529
f 1395/1527 1347/1528 1348/1529 1394/1518
f 1338/1584 1395/1527 1394/1518 1337/1521
f 1338/1584 1337/1521 586/1478 583/1483
f 619/644 623/645 622/646 618/647
f 578/605 577/606 583/1483 586/1478
f 578/605 359/388 353/387 577/606
f 623/645 627/648 626/649 622/646
f 1514/385 1513/386 353/387 359/388
f 302/361 283/360 1516/1370 1149/1372
f 321/335 302/361 1149/1372 1150/1371
f 324/336 321/335 1150/1371 1151/1373
f 362/325 312/323 325/354 363/355
f 312/323 362/325 361/328 313/324
f 368/369 346/368 313/324 361/328
f 363/355 325/354 1182/1407 1181/1406
f 1181/1406 1182/1407 323/333 364/337
f 364/337 323/333 324/336 365/338
f 365/338 324/336 1151/1373 1152/1374
f 1149/1372 1516/1370 290/314 303/313
f 303/313 290/314 288/310 304/309
f 304/309 288/310 287/311 305/312
f 305/312 287/311 1513/386 354/379
f 675/728 767/729 764/277 678/276
f 770/721 768/720 767/729 675/728
f 678/276 764/277 763/278 676/279
f 836/873 834/874 676/279 763/278
f 811/865 812/912 834/874 836/873
f 670/1703 1706/1822 1717/1823 1567/1692
f 679/864 677/911 812/912 811/865
f 679/2666 2502/2665 2503/2709 677/2710
f 2502/2665 2527/2675 2525/2676 2503/2709
f 2527/2675 2457/2096 2379/2095 2525/2676
f 2380/2094 2379/2095 2457/2096 2458/2097
f 2378/2530 2380/2094 2458/2097 2461/2531
f 2464/2523 2378/2530 2461/2531 2462/2522
f 1639/1748 1640/1754 1592/1750 1587/1749
f 1587/1749 1592/1750 1593/1751 1589/1746
f 1591/1752 1585/1742 1584/1743 1590/1753
f 1456/894 1455/1622 1454/1623 1453/1621
f 1455/1622 1574/1697 1573/1698 1454/1623
f 1453/1621 1452/1620 1464/827 1456/894
f 1574/1697 1712/1713 1714/1821 1573/1698
f 1452/1620 1451/1618 1457/826 1464/827
f 1712/1713 1686/1719 1689/1720 1714/1821
f 638/669 642/674 643/675 639/670
f 642/674 638/669 685/737 686/738
f 1457/826 1458/825 686/738 685/737
f 1451/1618 1450/1616 1458/825 1457/826
f 607/628 605/626 606/627 608/629
f 605/626 607/628 616/637 614/635
f 606/627 631/658 632/660 608/629
f 615/636 613/634 614/635 616/637
f 631/664 635/663 636/665 632/666
f 635/663 639/670 640/671 636/665
f 639/670 643/675 644/676 640/671
f 3390/3501 3380/3502 3245/3472 3246/3476
f 3244/3473 3245/3472 3380/3502 3392/3603
f 2373/3483 3244/3473 3392/3603 3381/3602
f 3408/2763 3407/2764 2551/2765 2555/2766
f 2555/2766 2550/2812 3413/2776 3408/2763
f 2550/2812 2549/2811 3415/2779 3413/2776
f 2549/2811 2548/2841 3403/2760 3415/2779
f 2548/2841 2531/2748 3396/2747 3403/2760
f 2552/2830 2551/2765 3407/2764 3409/2767
f 3397/2746 3396/2747 2531/2748 2530/2749
f 2553/2838 2552/2830 3409/2767 3404/2762
f 2530/2749 2532/2808 3402/2758 3397/2746
f 2554/2843 2553/2838 3404/2762 3405/2761
f 3405/2761 3406/2769 2547/2823 2554/2843
f 2975/2824 2547/2823 3406/2769 3422/2768
f 2546/2814 2975/2824 3422/2768 3411/2773
f 2545/2796 2546/2814 3411/2773 3412/2772
f 2532/2808 2533/2818 3401/2756 3402/2758
f 2533/2818 2534/2828 3400/2754 3401/2756
f 2544/2797 2545/2796 3412/2772 3414/2777
f 3414/2777 3416/3437 2543/3436 2544/2797
f 2534/2828 2535/2836 3399/2750 3400/2754
f 3416/3437 3417/2781 2542/2800 2543/3436
f 2535/2836 2536/2805 3398/2751 3399/2750
f 2536/2805 2537/2804 3421/2792 3398/2751
f 2537/2804 2538/2816 3420/2788 3421/2792
f 2538/2816 2539/2826 3419/2789 3420/2788
f 2966/2048 1951/2045 1934/2030 2964/2049
f 2972/2551 2964/2049 1934/2030 1926/2031
f 1926/2031 1892/1989 2962/2548 2972/2551
f 2968/2078 1986/2072 1951/2045 2966/2048
f 2960/2547 2962/2548 1892/1989 1836/1992
f 2968/2078 3049/3345 3052/3344 1986/2072
f 2960/2547 1836/1992 2924/1922 3002/1921
f 3187/3336 3052/3344 3049/3345 3186/3333
f 3002/1921 2924/1922 1778/1858 2953/1861
f 3186/3333 3050/3300 3053/3299 3187/3336
f 2954/1860 2953/1861 1778/1858 1777/1857
f 3053/3299 3050/3300 3051/3301 3054/3298
f 3051/3301 3070/3349 3068/3337 3054/3298
f 3070/3349 2969/3350 1997/3338 3068/3337
f 3000/1862 2954/1860 1777/1857 2897/1859
f 2969/3350 3110/2524 3100/2516 1997/3338
f 2955/2787 3000/1862 2897/1859 1776/2790
f 3110/2524 2971/2525 2369/2517 3100/2516
f 3419/2789 3423/2784 2955/2787 1776/2790
f 2970/2604 2361/2605 2369/2517 2971/2525
f 2539/2826 2974/2834 3423/2784 3419/2789
f 3384/3489 3375/3490 2361/2605 2970/2604
f 3357/3514 3356/3598 3375/3490 3384/3489
f 3366/3577 3365/3507 3380/3502 3390/3501
f 3363/3495 3362/3496 3259/3497 3256/3498
f 3253/3526 3259/3497 3362/3496 3356/3598
f 3370/3511 3363/3495 3256/3498 3313/3512
f 3255/3517 3253/3526 3356/3598 3357/3514
f 3366/3577 3370/3511 3313/3512 3258/3521
f 3258/3521 3257/3508 3365/3507 3366/3577
f 2541/2801 2542/2800 3417/2781 3418/2780
f 3418/2780 3410/2785 2540/2833 2541/2801
f 2974/2834 2540/2833 3410/2785 3423/2784
f 3084/3309 3041/3364 3149/3405 3010/3376
f 3149/3405 3041/3364 3151/3410 3150/3406
f 3150/3406 3151/3410 3160/3417 3161/3412
f 3084/3309 3010/3376 3019/3377 3025/3310
f 3160/3417 3075/3363 3023/3362 3161/3412
f 3024/3294 3023/3362 3075/3363 3073/3295
f 3045/3293 3024/3294 3073/3295 3072/3296
f 3048/3303 3045/3293 3072/3296 3071/3331
f 3051/3301 3048/3303 3071/3331 3070/3349
f 3015/3283 3014/3282 3025/3310 3019/3377
f 2877/3204 3014/3282 3015/3283 2279/3207
f 2032/2126 2876/3203 2877/3204 2279/3207
f 2022/2125 3196/3202 2876/3203 2032/2126
f 2008/2108 2009/2110 2016/2120 2015/2121
f 2015/2121 2017/2122 2012/2109 2008/2108
f 2029/3444 3197/2191 2045/2190 2046/2138
f 2029/3444 2046/2138 2044/2136 2021/2124
f 2021/2124 2044/2136 2043/2137 2022/2125
f 2043/2137 2875/3201 3196/3202 2022/2125
f 716/757 587/935 1475/1599 1470/944
f 1470/944 1475/1599 1405/1542 1400/1541
f 1400/1541 1405/1542 1351/1543 1348/1529
f 618/647 622/646 624/653 620/934
f 1348/1529 1351/1543 1391/1519 1394/1518
f 1394/1518 1391/1519 1342/1520 1337/1521
f 1337/1521 1342/1520 588/1479 586/1478
f 586/1478 588/1479 579/933 578/605
f 622/646 626/649 628/652 624/653
f 359/388 578/605 579/933 360/931
f 1514/385 359/388 360/931 1515/932
f 1150/1371 1149/1372 303/313 339/347
f 1151/1373 1150/1371 339/347 340/346
f 1152/1374 1151/1373 340/346 367/364
f 362/325 314/326 315/327 361/328
f 314/326 362/325 363/355 328/356
f 1181/1406 1180/1405 328/356 363/355
f 361/328 315/327 347/370 368/369
f 364/337 326/340 1180/1405 1181/1406
f 326/340 364/337 365/338 327/341
f 1152/1374 1153/1375 327/341 365/338
f 367/364 341/365 1153/1375 1152/1374
f 303/313 304/309 338/348 339/347
f 304/309 305/312 352/375 338/348
f 354/379 358/380 352/375 305/312
f 1534/706 662/712 770/721 675/728
f 659/707 1534/706 675/728 678/276
f 660/700 659/707 678/276 676/279
f 1537/701 660/700 676/279 834/874
f 1536/703 1537/701 834/874 812/912
f 1535/804 1536/703 812/912 677/911
f 1706/1822 670/1703 663/801 1708/1705
f 1535/2607 677/2710 2503/2709 3214/2506
f 3214/2506 2503/2709 2525/2676 3215/2503
f 3215/2503 2525/2676 2379/2095 2363/2504
f 2363/2504 2379/2095 2380/2094 2362/2509
f 2362/2509 2380/2094 2378/2530 3213/2510
f 3213/2510 2378/2530 2464/2523 2365/2515
f 1667/1756 1652/1762 1593/1751 1592/1750
f 1591/1752 1590/1753 1666/1760 1655/1763
f 1453/1621 1454/1623 1631/914 1630/913
f 1454/1623 1573/1698 1637/1699 1631/914
f 1630/913 1633/1619 1452/1620 1453/1621
f 1573/1698 1714/1821 1720/1827 1637/1699
f 1633/1619 1629/1617 1451/1618 1452/1620
f 1714/1821 1689/1720 1696/1738 1720/1827
f 1629/1617 1625/1615 1450/1616 1451/1618
f 642/674 646/679 647/680 643/675
f 646/679 642/674 686/738 687/739
f 643/675 647/680 648/681 644/676
f 1458/825 1459/823 687/739 686/738
f 1450/1616 1449/1614 1459/823 1458/825
f 1625/1615 1622/1613 1449/1614 1450/1616
f 632/660 636/667 637/668 633/659
f 636/667 640/672 641/673 637/668
f 640/672 644/677 645/678 641/673
f 644/677 648/682 649/683 645/678
f 3392/3603 3380/3502 3365/3507 3367/3504
f 3381/3602 3383/3485 2366/2603 2373/3483
f 2555/2766 2551/2765 2577/2819 2581/2820
f 2578/2829 2577/2819 2551/2765 2552/2830
f 2581/2820 2576/2809 2550/2812 2555/2766
f 2576/2809 2575/2810 2549/2811 2550/2812
f 2575/2810 2574/2839 2548/2841 2549/2811
f 2574/2839 2557/2840 2531/2748 2548/2841
f 2530/2749 2531/2748 2557/2840 2556/2806
f 2579/2837 2578/2829 2552/2830 2553/2838
f 2556/2806 2558/2807 2532/2808 2530/2749
f 2580/2842 2579/2837 2553/2838 2554/2843
f 2558/2807 2559/2817 2533/2818 2532/2808
f 2573/2822 2580/2842 2554/2843 2547/2823
f 2977/2821 2573/2822 2547/2823 2975/2824
f 2572/2813 2977/2821 2975/2824 2546/2814
f 2571/2795 2572/2813 2546/2814 2545/2796
f 2570/2794 2571/2795 2545/2796 2544/2797
f 2559/2817 2560/2827 2534/2828 2533/2818
f 2560/2827 2561/2835 2535/2836 2534/2828
f 2544/2797 2543/3436 2569/3435 2570/2794
f 2568/2799 2569/3435 2543/3436 2542/2800
f 2561/2835 2562/2802 2536/2805 2535/2836
f 2567/2798 2568/2799 2542/2800 2541/2801
f 2562/2802 2563/2803 2537/2804 2536/2805
f 2563/2803 2564/2815 2538/2816 2537/2804
f 2564/2815 2565/2825 2539/2826 2538/2816
f 2565/2825 2976/2831 2974/2834 2539/2826
f 2969/3350 3070/3349 3071/3331 1998/3359
f 1998/3359 3103/3143 3110/2524 2969/3350
f 3103/3143 2370/2609 2971/2525 3110/2524
f 2367/2608 2970/2604 2971/2525 2370/2609
f 2970/2604 2367/2608 3377/3492 3384/3489
f 2976/2831 2566/2832 2540/2833 2974/2834
f 3384/3489 3377/3492 3358/3515 3357/3514
f 3357/3514 3358/3515 3254/3516 3255/3517
f 3260/3524 3266/3525 3259/3497 3253/3526
f 3256/3498 3259/3497 3266/3525 3264/3528
f 3313/3512 3256/3498 3264/3528 3314/3529
f 3263/3527 3260/3524 3253/3526 3255/3517
f 3258/3521 3313/3512 3314/3529 3265/3520
f 3255/3517 3254/3516 3261/3523 3263/3527
f 2541/2801 2540/2833 2566/2832 2567/2798
f 3084/3309 3025/3310 3026/3311 3074/3312
f 3041/3364 3084/3309 3074/3312 3042/3365
f 3151/3410 3041/3364 3042/3365 3093/3381
f 3159/3382 3160/3417 3151/3410 3093/3381
f 3159/3382 2300/3383 3075/3363 3160/3417
f 3025/3310 3014/3282 3013/3281 3026/3311
f 3075/3363 2300/3383 2301/3361 3073/3295
f 2407/3360 3072/3296 3073/3295 2301/3361
f 1998/3359 3071/3331 3072/3296 2407/3360
f 3014/3282 2877/3204 2280/2411 3013/3281
f 2876/3203 2033/2412 2280/2411 2877/3204
f 3196/3202 2023/2177 2033/2412 2876/3203
f 2875/3201 2038/2178 2023/2177 3196/3202
f 2046/2138 2045/2190 2082/2186 2048/2139
f 2044/2136 2046/2138 2048/2139 2047/2140
f 2059/2171 2043/2137 2044/2136 2047/2140
f 2059/2171 2874/3200 2875/3201 2043/2137
f 2874/3200 2057/2154 2038/2178 2875/3201
f 2416/2560 3152/2736 1475/1599 587/935
f 3152/2736 3086/3307 1405/1542 1475/1599
f 3086/3307 3037/3308 1351/1543 1405/1542
f 3037/3308 3080/3267 1391/1519 1351/1543
f 2331/2450 624/653 628/652 2334/2452
f 2328/2449 620/934 624/653 2331/2450
f 3080/3267 3027/3268 1342/1520 1391/1519
f 3027/3268 2298/2727 588/1479 1342/1520
f 2298/2727 2291/2409 579/933 588/1479
f 2096/2204 360/931 579/933 2291/2409
f 3194/2203 1515/932 360/931 2096/2204
f 337/345 340/346 339/347 338/348
f 366/363 367/364 340/346 337/345
f 336/366 341/365 367/364 366/363
f 314/326 316/329 317/330 315/327
f 316/329 314/326 328/356 331/357
f 315/327 317/330 348/1665 347/370
f 1180/1405 1179/1404 331/357 328/356
f 326/340 329/339 1179/1404 1180/1405
f 329/339 326/340 327/341 330/342
f 330/342 327/341 1153/1375 1154/1376
f 1154/1376 1153/1375 341/365 342/351
f 335/352 342/351 341/365 336/366
f 351/374 337/345 338/348 352/375
f 351/374 352/375 358/380 357/381
f 759/705 1534/706 659/707 760/708
f 758/713 662/712 1534/706 759/705
f 757/711 661/710 662/712 758/713
f 760/708 659/707 660/700 761/699
f 761/699 660/700 1537/701 833/702
f 833/702 1537/701 1536/703 808/704
f 808/704 1536/703 1535/804 762/805
f 2499/2505 762/2606 1535/2607 3214/2506
f 1708/1705 663/801 671/800 1698/1706
f 2524/2502 2499/2505 3214/2506 3215/2503
f 2456/2501 2524/2502 3215/2503 2363/2504
f 2455/2508 2456/2501 2363/2504 2362/2509
f 2454/2507 2455/2508 2362/2509 3213/2510
f 2453/2514 2454/2507 3213/2510 2365/2515
f 2452/2512 2453/2514 2365/2515 2364/2513
f 1667/1756 1598/1755 1599/1761 1652/1762
f 1670/1757 1597/1758 1595/1759 1666/1760
f 1596/1764 1655/1763 1666/1760 1595/1759
f 1630/913 1631/914 728/915 792/916
f 1631/914 1637/1699 1572/1700 728/915
f 792/916 729/724 1633/1619 1630/913
f 1637/1699 1720/1827 1707/1729 1572/1700
f 729/724 730/727 1629/1617 1633/1619
f 1720/1827 1696/1738 1694/1739 1707/1729
f 730/727 731/731 1625/1615 1629/1617
f 731/731 732/875 1622/1613 1625/1615
f 646/679 650/684 651/685 647/680
f 650/684 646/679 687/739 688/740
f 647/680 651/685 652/686 648/681
f 1459/823 1460/824 688/740 687/739
f 648/682 652/687 653/688 649/683
f 1449/1614 1448/1612 1460/824 1459/823
f 1622/1613 1619/821 1448/1612 1449/1614
f 732/875 733/822 1619/821 1622/1613
f 3383/3485 3373/3486 2374/2602 2366/2603
f 2581/2872 2577/2873 2603/2874 2607/2875
f 2604/2884 2603/2874 2577/2873 2578/2885
f 2607/2875 2602/2864 2576/2865 2581/2872
f 2605/2892 2604/2884 2578/2885 2579/2893
f 2602/2864 2601/2844 2575/2847 2576/2865
f 2601/2844 2600/2845 2574/2846 2575/2847
f 2600/2845 2583/2894 2557/2895 2574/2846
f 2556/2863 2557/2895 2583/2894 2582/2860
f 2582/2860 2584/2861 2558/2862 2556/2863
f 2606/2896 2605/2892 2579/2893 2580/2897
f 2584/2861 2585/2870 2559/2871 2558/2862
f 2599/2877 2606/2896 2580/2897 2573/2878
f 2585/2870 2586/2882 2560/2883 2559/2871
f 2979/2876 2599/2877 2573/2878 2977/2879
f 2598/2866 2979/2876 2977/2879 2572/2867
f 2597/2849 2598/2866 2572/2867 2571/2850
f 2596/2848 2597/2849 2571/2850 2570/2851
f 2570/2851 2569/3434 2595/3433 2596/2848
f 2586/2882 2587/2890 2561/2891 2560/2883
f 2587/2890 2588/2856 2562/2859 2561/2891
f 2594/2853 2595/3433 2569/3434 2568/2854
f 2593/2852 2594/2853 2568/2854 2567/2855
f 2588/2856 2589/2857 2563/2858 2562/2859
f 2567/2855 2566/2888 2592/2887 2593/2852
f 2589/2857 2590/2868 2564/2869 2563/2858
f 2590/2868 2591/2880 2565/2881 2564/2869
f 2591/2880 2978/2886 2976/2889 2565/2881
f 2978/2886 2592/2887 2566/2888 2976/2889
f 1998/3359 2407/3360 3107/2558 3103/3143
f 3103/3143 3107/2558 2409/2557 2370/2609
f 2408/2556 2367/2608 2370/2609 2409/2557
f 2367/2608 2408/2556 2303/2691 2425/3144
f 3386/3491 3377/3492 2367/2608 2425/3144
f 3359/3505 3358/3515 3377/3492 3386/3491
f 3264/3528 3266/3525 3270/3530 3269/3531
f 3314/3529 3264/3528 3269/3531 3315/3534
f 3268/3532 3267/3533 3261/3523 3262/3522
f 3074/3312 3026/3311 3033/3316 3078/3317
f 3026/3311 3013/3281 3012/3280 3033/3316
f 3042/3365 3074/3312 3078/3317 3038/3326
f 3038/3326 3092/3380 3093/3381 3042/3365
f 3159/3382 3093/3381 3092/3380 3158/3306
f 2302/2583 3159/3382 3158/3306 2412/2582
f 2302/2583 3105/2534 2300/3383 3159/3382
f 2300/3383 3105/2534 3106/2535 2301/3361
f 3013/3281 2280/2411 2292/2414 3012/3280
f 2301/3361 3106/2535 3107/2558 2407/3360
f 2280/2411 2033/2412 2034/2413 2292/2414
f 2033/2412 2023/2177 2020/2180 2034/2413
f 2023/2177 2038/2178 2039/2179 2020/2180
f 2038/2178 2057/2154 2058/2153 2039/2179
f 2048/2139 2082/2186 2083/2185 2050/2141
f 2047/2140 2048/2139 2050/2141 2049/2142
f 2049/2142 2062/2172 2059/2171 2047/2140
f 2874/3200 2059/2171 2062/2172 2873/3199
f 2057/2154 2874/3200 2873/3199 2060/2151
f 2060/2151 2061/2152 2058/2153 2057/2154
f 2294/2421 2415/2559 2416/2560 2293/2418
f 3153/2735 3152/2736 2416/2560 2415/2559
f 3087/3327 3086/3307 3152/2736 3153/2735
f 3036/3315 3037/3308 3086/3307 3087/3327
f 3081/3314 3080/3267 3037/3308 3036/3315
f 3028/3366 3027/3268 3080/3267 3081/3314
f 2329/2448 2328/2449 2331/2450 2332/2451
f 2332/2451 2331/2450 2334/2452 2335/2453
f 2473/2444 2472/2445 2328/2446 2329/2447
f 3028/3366 2295/3272 2298/2727 3027/3268
f 2291/2409 2298/2727 2295/3272 2290/2410
f 2291/2409 2290/2410 2090/2205 2096/2204
f 3194/2203 2096/2204 2090/2205 3193/2206
f 369/378 366/363 337/345 351/374
f 350/377 336/366 366/363 369/378
f 349/376 335/352 336/366 350/377
f 316/329 318/331 319/332 317/330
f 318/331 316/329 331/357 334/358
f 317/330 319/332 373/1666 348/1665
f 1179/1404 1178/1403 334/358 331/357
f 329/339 332/343 1178/1403 1179/1404
f 332/343 329/339 330/342 333/344
f 333/344 330/342 1154/1376 1155/1377
f 1155/1377 1154/1376 342/351 343/350
f 344/349 343/350 342/351 335/352
f 344/349 335/352 349/376 375/390
f 369/378 351/374 357/381 370/382
f 1543/809 759/705 760/708 1540/810
f 1544/859 758/713 759/705 1543/809
f 1540/810 760/708 761/699 1539/856
f 1541/858 757/711 758/713 1544/859
f 1546/857 796/709 757/711 1541/858
f 1539/856 761/699 833/702 1548/925
f 1548/925 833/702 808/704 1547/860
f 1547/860 808/704 762/805 1545/861
f 3224/2662 1545/2663 762/2606 2499/2505
f 3225/2722 3224/2662 2499/2505 2524/2502
f 671/800 756/799 1542/899 1538/1682
f 1698/1706 671/800 1538/1682 1710/1733
f 3217/2658 3225/2722 2524/2502 2456/2501
f 3218/2612 3217/2658 2456/2501 2455/2508
f 3221/2613 3218/2612 2455/2508 2454/2507
f 3222/2661 3221/2613 2454/2507 2453/2514
f 3219/2660 3222/2661 2453/2514 2452/2512
f 3223/2659 3219/2660 2452/2512 2489/2511
f 1598/1755 1679/1800 1675/1767 1599/1761
f 1677/1765 1594/1766 1599/1761 1675/1767
f 1678/1768 1597/1758 1594/1766 1677/1765
f 1597/1758 1678/1768 1680/1770 1595/1759
f 1676/1769 1596/1764 1595/1759 1680/1770
f 728/915 735/895 793/841 792/916
f 673/947 735/895 728/915 1572/1700
f 792/916 793/841 736/725 729/724
f 1699/1708 673/947 1572/1700 1707/1729
f 729/724 736/725 737/726 730/727
f 737/726 738/730 731/731 730/727
f 738/730 739/837 732/875 731/731
f 739/837 740/840 733/822 732/875
f 825/828 650/684 688/740 827/829
f 650/684 825/828 837/923 651/685
f 651/685 837/923 829/924 652/686
f 688/740 1460/824 1461/1610 827/829
f 652/687 829/909 835/910 653/688
f 1460/824 1448/1612 1447/1611 1461/1610
f 1448/1612 1619/821 1618/817 1447/1611
f 1619/821 733/822 828/818 1618/817
f 733/822 740/840 832/885 828/818
f 3373/3486 3385/3513 3216/3462 2374/2602
f 2374/2602 3216/3462 3220/2699 2451/2601
f 2607/2875 2603/2874 2629/2917 2633/2918
f 2630/2899 2629/2917 2603/2874 2604/2884
f 2633/2918 2628/2913 2602/2864 2607/2875
f 2631/2898 2630/2899 2604/2884 2605/2892
f 2628/2913 2627/2906 2601/2844 2602/2864
f 2632/2905 2631/2898 2605/2892 2606/2896
f 2627/2906 2626/2900 2600/2845 2601/2844
f 2626/2900 2609/2901 2583/2894 2600/2845
f 2582/2860 2583/2894 2609/2901 2608/2904
f 2608/2904 2610/2912 2584/2861 2582/2860
f 2610/2912 2611/2916 2585/2870 2584/2861
f 2606/2896 2599/2877 2625/2920 2632/2905
f 2611/2916 2612/2922 2586/2882 2585/2870
f 2981/2919 2625/2920 2599/2877 2979/2876
f 2612/2922 2613/2902 2587/2890 2586/2882
f 2624/2914 2981/2919 2979/2876 2598/2866
f 2623/2908 2624/2914 2598/2866 2597/2849
f 2622/2907 2623/2908 2597/2849 2596/2848
f 2621/3432 2622/2907 2596/2848 2595/3433
f 2620/2910 2621/3432 2595/3433 2594/2853
f 2613/2902 2614/2903 2588/2856 2587/2890
f 2614/2903 2615/2911 2589/2857 2588/2856
f 2619/2909 2620/2910 2594/2853 2593/2852
f 2618/2924 2619/2909 2593/2852 2592/2887
f 2615/2911 2616/2915 2590/2868 2589/2857
f 2980/2923 2618/2924 2592/2887 2978/2886
f 2616/2915 2617/2921 2591/2880 2590/2868
f 2617/2921 2980/2923 2978/2886 2591/2880
f 3106/2535 2393/2443 2409/2557 3107/2558
f 2304/2442 2408/2556 2409/2557 2393/2443
f 2479/2592 2408/2556 2304/2442 2480/2598
f 2408/2556 2479/2592 2478/2595 2303/2691
f 2382/2692 2303/2691 2478/2595 2474/2600
f 2382/2692 3247/3482 2425/3144 2303/2691
f 2425/3144 3247/3482 3393/3604 3386/3491
f 3386/3491 3393/3604 3368/3506 3359/3505
f 3342/3535 3269/3531 3270/3530 3327/3541
f 3268/3532 3330/3543 3341/3538 3267/3533
f 3032/3370 3082/3324 3078/3317 3033/3316
f 3033/3316 3012/3280 2837/3279 3032/3370
f 3082/3324 3039/3325 3038/3326 3078/3317
f 2838/3161 2837/3279 3012/3280 2292/2414
f 3039/3325 3091/3379 3092/3380 3038/3326
f 3091/3379 3157/3159 3158/3306 3092/3380
f 3157/3159 2836/3158 2412/2582 3158/3306
f 2412/2582 2390/2457 2391/2425 2302/2583
f 3105/2534 2302/2583 2391/2425 2392/2424
f 2835/3157 2390/2457 2412/2582 2836/3158
f 3105/2534 2392/2424 2393/2443 3106/2535
f 2034/2413 2839/3160 2838/3161 2292/2414
f 2020/2180 3195/3162 2839/3160 2034/2413
f 2039/2179 2840/3164 3195/3162 2020/2180
f 2058/2153 2841/3163 2840/3164 2039/2179
f 2061/2152 2842/3165 2841/3163 2058/2153
f 2104/2188 2097/2144 2050/2141 2083/2185
f 2049/2142 2050/2141 2097/2144 2098/2143
f 2098/2143 2099/2173 2062/2172 2049/2142
f 2099/2173 2872/3198 2873/3199 2062/2172
f 2872/3198 2100/2155 2060/2151 2873/3199
f 2100/2155 2101/2156 2061/2152 2060/2151
f 2101/2156 2843/3166 2842/3165 2061/2152
f 2293/2418 2309/2419 2311/2420 2294/2421
f 2411/2561 2415/2559 2294/2421 2418/2562
f 2418/2562 2294/2421 2311/2420 2410/2566
f 3154/2734 3153/2735 2415/2559 2411/2561
f 3088/3328 3087/3327 3153/2735 3154/2734
f 3035/3323 3036/3315 3087/3327 3088/3328
f 3079/3322 3081/3314 3036/3315 3035/3323
f 3029/3369 3028/3366 3081/3314 3079/3322
f 2295/3272 3028/3366 3029/3369 2299/3274
f 2475/2578 2473/2444 2329/2447 2423/2690
f 2332/2451 2422/2576 2423/2575 2329/2448
f 2335/2453 2515/2574 2422/2576 2332/2451
f 2311/2420 2309/2419 2472/2445 2473/2444
f 2473/2444 2475/2578 2410/2566 2311/2420
f 2299/3274 2289/2417 2290/2410 2295/3272
f 2290/2410 2289/2417 2037/2135 2090/2205
f 2024/2129 3193/2206 2090/2205 2037/2135
f 2042/2128 2091/2197 3193/2206 2024/2129
f 370/382 356/383 350/377 369/378
f 349/376 350/377 356/383 355/384
f 355/384 374/389 375/390 349/376
f 379/403 318/331 334/358 383/404
f 318/331 379/403 380/415 319/332
f 388/1668 373/1666 319/332 380/415
f 383/404 334/358 1178/1403 1177/1402
f 373/1666 388/1668 1528/414 1529/394
f 1177/1402 1178/1403 332/343 381/399
f 381/399 332/343 333/344 382/400
f 382/400 333/344 1155/1377 1156/1378
f 1156/1378 1155/1377 343/350 384/407
f 384/407 343/350 344/349 385/408
f 385/408 344/349 375/390 391/396
f 374/389 390/395 391/396 375/390
f 752/808 1543/809 1540/810 753/811
f 751/850 1544/859 1543/809 752/808
f 753/811 1540/810 1539/856 754/854
f 750/845 1541/858 1544/859 751/850
f 754/854 1539/856 1548/925 830/929
f 795/844 1546/857 1541/858 750/845
f 1542/899 756/799 796/709 1546/857
f 749/898 1542/899 1546/857 795/844
f 830/929 1548/925 1547/860 809/852
f 809/852 1547/860 1545/861 755/853
f 2500/2655 755/2654 1545/2663 3224/2662
f 2521/2725 2500/2655 3224/2662 3225/2722
f 2450/2657 2521/2725 3225/2722 3217/2658
f 1542/899 749/898 672/950 1538/1682
f 672/950 1701/1819 1710/1733 1538/1682
f 2449/2611 2450/2657 3217/2658 3218/2612
f 2448/2610 2449/2611 3218/2612 3221/2613
f 2447/2652 2448/2610 3221/2613 3222/2661
f 2446/2647 2447/2652 3222/2661 3219/2660
f 2488/2648 2446/2647 3219/2660 3223/2659
f 3220/2699 3223/2659 2489/2511 2451/2601
f 2445/2698 2488/2648 3223/2659 3220/2699
f 1679/1800 1648/1799 1644/1803 1675/1767
f 1645/1817 1677/1765 1675/1767 1644/1803
f 1646/1801 1678/1768 1677/1765 1645/1817
f 1678/1768 1646/1801 1649/1802 1680/1770
f 1647/1798 1676/1769 1680/1770 1649/1802
f 735/895 742/896 794/842 793/841
f 742/896 735/895 673/947 674/948
f 793/841 794/842 743/836 736/725
f 1697/1707 674/948 673/947 1699/1708
f 736/725 743/836 744/830 737/726
f 737/726 744/830 745/831 738/730
f 738/730 745/831 746/838 739/837
f 739/837 746/838 747/839 740/840
f 740/840 747/839 831/922 832/885
f 825/828 805/689 806/692 837/923
f 805/689 825/828 827/829 810/816
f 827/829 1461/1610 1462/813 810/816
f 837/923 806/692 818/694 829/924
f 829/909 818/695 817/698 835/910
f 1461/1610 1447/1611 1446/1609 1462/813
f 1447/1611 1618/817 1617/820 1446/1609
f 1618/817 828/818 815/819 1617/820
f 828/818 832/885 814/832 815/819
f 832/885 831/922 813/833 814/832
f 2375/2742 3216/3462 3385/3513 3376/3599
f 3220/2699 3216/3462 2375/2742 2445/2698
f 2633/2918 2629/2917 2655/2934 2659/2935
f 2656/2940 2655/2934 2629/2917 2630/2899
f 2659/2935 2654/2927 2628/2913 2633/2918
f 2657/2944 2656/2940 2630/2899 2631/2898
f 2654/2927 2653/2928 2627/2906 2628/2913
f 2658/2948 2657/2944 2631/2898 2632/2905
f 2653/2928 2652/2945 2626/2900 2627/2906
f 2651/2937 2658/2948 2632/2905 2625/2920
f 2652/2945 2635/2946 2609/2901 2626/2900
f 2608/2904 2609/2901 2635/2946 2634/2925
f 2634/2925 2636/2926 2610/2912 2608/2904
f 2636/2926 2637/2933 2611/2916 2610/2912
f 2637/2933 2638/2939 2612/2922 2611/2916
f 2983/2936 2651/2937 2625/2920 2981/2919
f 2638/2939 2639/2943 2613/2902 2612/2922
f 2650/2930 2983/2936 2981/2919 2624/2914
f 2639/2943 2640/2947 2614/2903 2613/2902
f 2649/2929 2650/2930 2624/2914 2623/2908
f 2648/2949 2649/2929 2623/2908 2622/2907
f 2647/3431 2648/2949 2622/2907 2621/3432
f 2646/2951 2647/3431 2621/3432 2620/2910
f 2645/2950 2646/2951 2620/2910 2619/2909
f 2640/2947 2641/2931 2615/2911 2614/2903
f 2641/2931 2642/2932 2616/2915 2615/2911
f 2619/2909 2618/2924 2644/2942 2645/2950
f 2982/2941 2644/2942 2618/2924 2980/2923
f 2642/2932 2643/2938 2617/2921 2616/2915
f 2643/2938 2982/2941 2980/2923 2617/2921
f 2305/2423 2304/2442 2393/2443 2392/2424
f 2305/2423 2483/2591 2480/2598 2304/2442
f 2479/2592 2310/2593 2312/2594 2478/2595
f 2310/2593 2479/2592 2480/2598 2320/2599
f 2483/2591 2319/2590 2320/2599 2480/2598
f 2474/2600 2478/2595 2312/2594 2383/2538
f 2426/2693 2382/2692 2474/2600 2484/2614
f 2382/2692 2426/2693 3248/3481 3247/3482
f 2484/2614 2474/2600 2383/2538 2384/2537
f 3247/3482 3248/3481 3378/3494 3393/3604
f 3393/3604 3378/3494 3360/3510 3368/3506
f 3342/3535 3327/3541 3276/3542 3275/3536
f 3273/3544 3272/3539 3341/3538 3330/3543
f 3345/3537 3341/3538 3272/3539 3274/3540
f 3032/3370 3031/3367 3083/3318 3082/3324
f 3032/3370 2837/3279 2395/3276 3031/3367
f 3082/3324 3083/3318 3040/3321 3039/3325
f 2837/3279 2838/3161 2296/2416 2395/3276
f 3039/3325 3040/3321 3090/3378 3091/3379
f 2839/3160 2035/2134 2296/2416 2838/3161
f 3091/3379 3090/3378 3156/2732 3157/3159
f 3157/3159 3156/2732 2414/2568 2836/3158
f 2389/2567 2835/3157 2836/3158 2414/2568
f 2307/2456 2306/2422 2391/2425 2390/2457
f 2390/2457 2835/3157 2834/3156 2307/2456
f 2306/2422 2305/2423 2392/2424 2391/2425
f 2835/3157 2389/2567 2308/2569 2834/3156
f 3195/3162 2027/2132 2035/2134 2839/3160
f 2840/3164 2040/2131 2027/2132 3195/3162
f 2841/3163 2076/2165 2040/2131 2840/3164
f 2842/3165 2077/2166 2076/2165 2841/3163
f 2843/3166 2103/2182 2077/2166 2842/3165
f 2097/2144 2104/2188 2084/2187 2052/2145
f 2098/2143 2097/2144 2052/2145 2051/2146
f 2051/2146 2065/2175 2099/2173 2098/2143
f 2872/3198 2099/2173 2065/2175 2871/3197
f 2100/2155 2872/3198 2871/3197 2063/2160
f 2063/2160 2064/2159 2101/2156 2100/2155
f 2843/3166 2101/2156 2064/2159 2844/3167
f 2103/2182 2843/3166 2844/3167 2078/2184
f 2411/2561 2418/2562 2419/2563 2413/2564
f 3155/2733 3154/2734 2411/2561 2413/2564
f 2417/2565 2419/2563 2418/2562 2410/2566
f 2476/2577 2417/2565 2410/2566 2475/2578
f 3089/3371 3088/3328 3154/2734 3155/2733
f 3034/3320 3035/3323 3088/3328 3089/3371
f 3077/3319 3079/3322 3035/3323 3034/3320
f 3030/3368 3029/3369 3079/3322 3077/3319
f 2299/3274 3029/3369 3030/3368 2396/3275
f 2289/2417 2299/3274 2396/3275 2297/2415
f 2420/2579 2476/2577 2475/2578 2423/2690
f 2420/2571 2423/2575 2422/2576 2421/2572
f 2422/2576 2515/2574 2514/2455 2421/2572
f 2297/2415 2036/2133 2037/2135 2289/2417
f 2025/2130 2024/2129 2037/2135 2036/2133
f 2041/2127 2042/2128 2024/2129 2025/2130
f 2041/2127 2075/2164 2089/2193 2042/2128
f 2091/2197 2042/2128 2089/2193 2095/2198
f 396/434 379/435 383/436 400/437
f 379/435 396/434 397/438 380/439
f 1177/1401 1176/1400 400/437 383/436
f 405/1670 388/1669 380/439 397/438
f 388/1669 405/1670 1523/427 1528/426
f 381/443 398/442 1176/1400 1177/1401
f 1529/394 1528/414 387/405 372/391
f 1528/426 1523/427 404/428 387/429
f 398/442 381/443 382/444 399/445
f 1156/1379 1157/1380 399/445 382/444
f 384/431 401/430 1157/1380 1156/1379
f 401/430 384/431 385/432 402/433
f 402/433 385/432 391/412 408/411
f 390/409 407/410 408/411 391/412
f 407/410 390/409 389/424 406/425
f 1553/847 752/808 753/811 1552/848
f 1554/849 751/850 752/808 1553/847
f 1552/848 753/811 754/854 1555/855
f 1550/846 750/845 751/850 1554/849
f 1555/855 754/854 830/929 1558/928
f 1556/843 795/844 750/845 1550/846
f 1558/928 830/929 809/852 1557/851
f 1551/897 749/898 795/844 1556/843
f 1549/949 672/950 749/898 1551/897
f 3235/2724 3234/2653 2500/2655 2521/2725
f 3232/2656 3235/2724 2521/2725 2450/2657
f 3229/2650 3232/2656 2450/2657 2449/2611
f 1549/949 1716/1826 1701/1819 672/950
f 3230/2649 3229/2650 2449/2611 2448/2610
f 3231/2651 3230/2649 2448/2610 2447/2652
f 3227/2646 3231/2651 2447/2652 2446/2647
f 3233/2645 3227/2646 2446/2647 2488/2648
f 3228/2697 3233/2645 2488/2648 2445/2698
f 3226/2741 3228/2697 2445/2698 2375/2742
f 1604/1786 1607/1794 1644/1803 1648/1799
f 1645/1817 1644/1803 1607/1794 1600/1792
f 1646/1801 1645/1817 1600/1792 1603/1791
f 1603/1791 1601/1796 1649/1802 1646/1801
f 1647/1798 1649/1802 1601/1796 1602/1789
f 1549/949 1551/897 742/896 674/948
f 794/842 742/896 1551/897 1556/843
f 1556/843 1550/846 743/836 794/842
f 1716/1826 1549/949 674/948 1697/1707
f 1550/846 1554/849 744/830 743/836
f 1554/849 1553/847 745/831 744/830
f 1553/847 1552/848 746/838 745/831
f 1552/848 1555/855 747/839 746/838
f 831/922 747/839 1555/855 1558/928
f 1558/928 1557/851 813/833 831/922
f 805/689 654/690 655/691 806/692
f 654/690 805/689 810/816 727/815
f 806/692 655/691 656/693 818/694
f 1462/813 1463/814 727/815 810/816
f 1446/1609 1445/1608 1463/814 1462/813
f 818/695 656/696 657/697 817/698
f 1617/820 1616/1607 1445/1608 1446/1609
f 815/819 734/903 1616/1607 1617/820
f 815/819 814/832 741/835 734/903
f 814/832 813/833 748/834 741/835
f 3226/2741 2375/2742 3376/3599 3391/3606
f 2659/2935 2655/2934 2681/2969 2685/2970
f 2682/2975 2681/2969 2655/2934 2656/2940
f 2685/2970 2680/2965 2654/2927 2659/2935
f 2683/2955 2682/2975 2656/2940 2657/2944
f 2680/2965 2679/2956 2653/2928 2654/2927
f 2684/2954 2683/2955 2657/2944 2658/2948
f 2679/2956 2678/2957 2652/2945 2653/2928
f 2658/2948 2651/2937 2677/2972 2684/2954
f 2678/2957 2661/2952 2635/2946 2652/2945
f 2985/2971 2677/2972 2651/2937 2983/2936
f 2634/2925 2635/2946 2661/2952 2660/2953
f 2660/2953 2662/2964 2636/2926 2634/2925
f 2662/2964 2663/2968 2637/2933 2636/2926
f 2663/2968 2664/2974 2638/2939 2637/2933
f 2664/2974 2665/2978 2639/2943 2638/2939
f 2676/2966 2985/2971 2983/2936 2650/2930
f 2665/2978 2666/2962 2640/2947 2639/2943
f 2675/2959 2676/2966 2650/2930 2649/2929
f 2666/2962 2667/2963 2641/2931 2640/2947
f 2674/2958 2675/2959 2649/2929 2648/2949
f 2648/2949 2647/3431 2673/3430 2674/2958
f 2672/2961 2673/3430 2647/3431 2646/2951
f 2671/2960 2672/2961 2646/2951 2645/2950
f 2645/2950 2644/2942 2670/2977 2671/2960
f 2667/2963 2668/2967 2642/2932 2641/2931
f 2668/2967 2669/2973 2643/2938 2642/2932
f 2984/2976 2670/2977 2644/2942 2982/2941
f 2669/2973 2984/2976 2982/2941 2643/2938
f 2306/2422 2481/2588 2483/2591 2305/2423
f 2481/2588 2327/2589 2319/2590 2483/2591
f 2313/2426 2314/2427 2312/2428 2310/2429
f 2310/2429 2320/2436 2322/2435 2313/2426
f 2314/2427 2337/2460 2383/2536 2312/2428
f 2321/2434 2322/2435 2320/2436 2319/2437
f 2319/2437 2327/2586 2510/2585 2321/2434
f 2341/2466 2384/2537 2383/2538 2337/2463
f 2484/2614 3139/2694 3138/3404 2426/2693
f 3251/3478 3248/3481 2426/2693 3138/3404
f 3139/2694 2484/2614 2384/2537 3146/2629
f 3387/3493 3378/3494 3248/3481 3251/3478
f 2345/2472 2385/2539 2384/2537 2341/2466
f 3146/2629 2384/2537 2385/2539 3140/2628
f 3361/3499 3360/3510 3378/3494 3387/3493
f 3352/3545 3350/3546 3276/3542 3271/3547
f 3275/3536 3276/3542 3350/3546 3354/3579
f 3351/3549 3355/3550 3272/3539 3273/3544
f 3274/3540 3272/3539 3355/3550 3353/3548
f 3353/3548 3352/3545 3271/3547 3274/3540
f 3031/3367 3030/3368 3077/3319 3083/3318
f 2396/3275 3030/3368 3031/3367 2395/3276
f 3083/3318 3077/3319 3034/3320 3040/3321
f 2395/3276 2296/2416 2297/2415 2396/3275
f 3040/3321 3034/3320 3089/3371 3090/3378
f 2035/2134 2036/2133 2297/2415 2296/2416
f 3090/3378 3089/3371 3155/2733 3156/2732
f 2027/2132 2025/2130 2036/2133 2035/2134
f 3156/2732 3155/2733 2413/2564 2414/2568
f 2389/2567 2414/2568 2413/2564 2419/2563
f 2389/2567 2419/2563 2417/2565 2308/2569
f 2307/2456 2482/2596 2481/2588 2306/2422
f 2833/3154 2482/2596 2307/2456 2834/3156
f 2477/2581 2833/3154 2834/3156 2308/2569
f 2417/2565 2476/2577 2477/2581 2308/2569
f 2040/2131 2041/2127 2025/2130 2027/2132
f 2040/2131 2076/2165 2075/2164 2041/2127
f 2074/2163 2075/2164 2076/2165 2077/2166
f 2102/2181 2074/2163 2077/2166 2103/2182
f 2073/2183 2102/2181 2103/2182 2078/2184
f 2052/2145 2084/2187 2085/3446 2054/2147
f 2051/2146 2052/2145 2054/2147 2053/2148
f 2053/2148 2068/2174 2065/2175 2051/2146
f 2871/3197 2065/2175 2068/2174 2870/3196
f 2063/2160 2871/3197 2870/3196 2066/2157
f 2066/2157 2067/2158 2064/2159 2063/2160
f 2067/2158 2845/3168 2844/3167 2064/2159
f 2845/3168 2079/2169 2078/2184 2844/3167
f 2072/2168 2073/2183 2078/2184 2079/2169
f 2476/2577 2420/2579 2330/2580 2477/2581
f 2330/2570 2420/2571 2421/2572 2333/2573
f 2421/2572 2514/2455 2336/2454 2333/2573
f 2088/2192 2089/2193 2075/2164 2074/2163
f 2088/2192 2094/2199 2095/2198 2089/2193
f 413/457 396/434 400/437 417/458
f 396/434 413/457 414/459 397/438
f 1176/1400 1175/1399 417/458 400/437
f 422/1671 405/1670 397/438 414/459
f 398/442 415/447 1175/1399 1176/1400
f 405/1670 422/1671 1522/454 1523/427
f 1523/427 1522/454 421/455 404/428
f 415/447 398/442 399/445 416/448
f 372/391 387/405 386/406 371/392
f 387/429 404/428 403/421 386/420
f 404/428 421/455 420/451 403/421
f 416/448 399/445 1157/1380 1158/1381
f 1158/1381 1157/1380 401/430 418/456
f 418/456 401/430 402/433 419/446
f 419/446 402/433 408/411 425/440
f 425/440 408/411 407/410 424/441
f 424/441 407/410 406/425 423/453
f 406/425 389/424 395/528 412/523
f 423/453 406/425 412/523 429/519
f 2522/2719 3235/2724 3232/2656 2444/2641
f 3235/2724 2522/2719 2504/2637 3234/2653
f 3229/2650 2443/2642 2444/2641 3232/2656
f 3230/2649 2442/2632 2443/2642 3229/2650
f 3231/2651 2441/2633 2442/2632 3230/2649
f 3227/2646 2440/2638 2441/2633 3231/2651
f 3233/2645 2487/2644 2440/2638 3227/2646
f 2487/2644 3233/2645 3228/2697 2439/2696
f 3226/2741 2377/2739 2439/2696 3228/2697
f 3391/3606 3372/3487 2377/2739 3226/2741
f 1641/1785 1608/1775 1613/1777 1604/1786
f 1604/1786 1613/1777 1609/1795 1607/1794
f 1643/1782 1600/1792 1607/1794 1609/1795
f 1614/1781 1603/1791 1600/1792 1643/1782
f 1603/1791 1614/1781 1642/1778 1601/1796
f 1615/1771 1602/1789 1601/1796 1642/1778
f 1602/1789 1615/1771 1610/1774 1606/1790
f 2496/2491 2497/2492 655/2493 654/2494
f 654/2494 727/2617 2501/2616 2496/2491
f 2497/2492 2509/2495 656/2496 655/2493
f 3145/2615 2501/2616 727/2617 1463/2618
f 2509/2497 2508/2498 657/2499 656/2500
f 3129/3388 3145/2615 1463/2618 1445/3389
f 3293/2620 3129/3388 1445/3389 1616/3390
f 2506/2621 3293/2620 1616/3390 734/2703
f 2506/2621 734/2703 741/2635 2505/2634
f 2505/2634 741/2635 748/2636 2504/2637
f 2685/2970 2681/2969 2707/2999 2711/3000
f 2682/2975 2687/2998 2707/2999 2681/2969
f 2685/2970 2711/3000 2689/3003 2680/2965
f 2683/2955 2709/2986 2687/2998 2682/2975
f 2680/2965 2689/3003 2704/2996 2679/2956
f 2710/2985 2709/2986 2683/2955 2684/2954
f 2678/2957 2679/2956 2704/2996 2705/2997
f 2684/2954 2677/2972 2702/3002 2710/2985
f 2678/2957 2705/2997 2708/3004 2661/2952
f 2987/3001 2702/3002 2677/2972 2985/2971
f 2686/2993 2660/2953 2661/2952 2708/3004
f 2701/2995 2987/3001 2985/2971 2676/2966
f 2686/2993 2688/2994 2662/2964 2660/2953
f 2662/2964 2688/2994 2706/3005 2663/2968
f 2663/2968 2706/3005 2690/2979 2664/2974
f 2690/2979 2691/2980 2665/2978 2664/2974
f 2665/2978 2691/2980 2703/2981 2666/2962
f 2675/2959 2694/2992 2701/2995 2676/2966
f 2666/2962 2703/2981 2692/2982 2667/2963
f 2674/2958 2699/2991 2694/2992 2675/2959
f 2692/2982 2693/2983 2668/2967 2667/2963
f 2698/3429 2699/2991 2674/2958 2673/3430
f 2673/3430 2672/2961 2697/2990 2698/3429
f 2671/2960 2696/2989 2697/2990 2672/2961
f 2670/2977 2695/2988 2696/2989 2671/2960
f 2984/2976 2986/2987 2695/2988 2670/2977
f 2668/2967 2693/2983 2700/2984 2669/2973
f 2669/2973 2700/2984 2986/2987 2984/2976
f 2482/2596 2424/2597 2327/2589 2481/2588
f 2511/2584 2510/2585 2327/2586 2424/2587
f 2315/2430 2316/2431 2314/2427 2313/2426
f 2313/2426 2322/2435 2324/2439 2315/2430
f 2314/2427 2316/2431 2338/2459 2337/2460
f 2323/2438 2324/2439 2322/2435 2321/2434
f 2337/2463 2338/2464 2342/2465 2341/2466
f 2321/2434 2510/2585 2512/2738 2323/2438
f 2513/2737 2512/2738 2510/2585 2511/2584
f 2341/2466 2342/2465 2346/2471 2345/2472
f 3139/2694 3136/3402 3137/3403 3138/3404
f 3136/3402 3139/2694 3146/2629 3135/3401
f 3138/3404 3137/3403 3250/3477 3251/3478
f 3251/3478 3250/3477 3389/3601 3387/3493
f 3135/3401 3146/2629 3140/2628 3134/3399
f 3387/3493 3389/3601 3364/3500 3361/3499
f 2345/2472 2346/2471 2350/2476 2349/2477
f 2349/2477 2386/2540 2385/2539 2345/2472
f 3140/2628 2385/2539 2386/2540 3141/2627
f 3134/3399 3140/2628 3141/2627 3133/3397
f 3320/3597 3319/3583 3350/3546 3352/3545
f 3321/3582 3320/3597 3352/3545 3353/3548
f 3354/3579 3350/3546 3319/3583 3323/3580
f 3322/3578 3324/3581 3355/3550 3351/3549
f 3353/3548 3355/3550 3324/3581 3321/3582
f 2482/2596 2833/3154 2832/3155 2424/2597
f 2833/3154 2477/2581 2330/2580 2832/3155
f 2105/2196 2088/2192 2074/2163 2102/2181
f 2087/2195 2105/2196 2102/2181 2073/2183
f 2086/2194 2087/2195 2073/2183 2072/2168
f 2054/2147 2085/3446 2109/3447 2056/2149
f 2053/2148 2054/2147 2056/2149 2055/2150
f 2055/2150 2071/2176 2068/2174 2053/2148
f 2870/3196 2068/2174 2071/2176 2869/3195
f 2066/2157 2870/3196 2869/3195 2069/2161
f 2069/2161 2070/2162 2067/2158 2066/2157
f 2070/2162 2846/3169 2845/3168 2067/2158
f 2846/3169 2080/2170 2079/2169 2845/3168
f 2081/2167 2072/2168 2079/2169 2080/2170
f 2081/2167 2111/2207 2086/2194 2072/2168
f 2333/2573 2831/3152 2832/3153 2330/2570
f 2336/2454 2830/3151 2831/3152 2333/2573
f 2105/2196 2106/2200 2094/2199 2088/2192
f 430/475 413/457 417/458 434/476
f 413/457 430/475 431/477 414/459
f 434/476 417/458 1175/1399 1174/1398
f 439/1672 422/1671 414/459 431/477
f 1174/1398 1175/1399 415/447 432/465
f 422/1671 439/1672 1521/472 1522/454
f 432/465 415/447 416/448 433/466
f 1522/454 1521/472 438/473 421/455
f 421/455 438/473 437/469 420/451
f 433/466 416/448 1158/1381 1159/1382
f 371/392 386/406 394/413 378/393
f 386/420 403/421 411/422 394/423
f 403/421 420/451 428/452 411/422
f 420/451 437/469 445/470 428/452
f 1159/1382 1158/1381 418/456 435/474
f 435/474 418/456 419/446 436/464
f 436/464 419/446 425/440 442/461
f 424/441 441/460 442/461 425/440
f 441/460 424/441 423/453 440/471
f 440/471 423/453 429/519 446/516
f 2139/2238 412/523 395/528 2124/2239
f 2154/2268 429/519 412/523 2139/2238
f 2169/2286 446/516 429/519 2154/2268
f 2523/2685 2505/2634 2504/2637 2522/2719
f 2438/2640 2523/2685 2522/2719 2444/2641
f 2437/2639 2438/2640 2444/2641 2443/2642
f 2436/2533 2437/2639 2443/2642 2442/2632
f 2435/2528 2436/2533 2442/2632 2441/2633
f 2434/2529 2435/2528 2441/2633 2440/2638
f 2486/2643 2434/2529 2440/2638 2487/2644
f 2433/2695 2486/2643 2487/2644 2439/2696
f 2439/2696 2377/2739 2376/2740 2433/2695
f 3372/3487 3374/3488 2376/2740 2377/2739
f 1608/1775 1641/1785 1605/1787 1611/1788
f 1613/1777 1654/1776 1658/1805 1609/1795
f 1657/1783 1643/1782 1609/1795 1658/1805
f 1661/1780 1614/1781 1643/1782 1657/1783
f 1614/1781 1661/1780 1664/1779 1642/1778
f 1662/1772 1615/1771 1642/1778 1664/1779
f 1615/1771 1662/1772 1656/1773 1610/1774
f 2516/2630 2528/2720 2497/2492 2496/2491
f 2496/2491 2501/2616 2518/2631 2516/2630
f 2528/2720 2520/2721 2509/2495 2497/2492
f 2518/2631 2501/2616 3145/2615 3144/3391
f 2520/2707 2526/2708 2508/2498 2509/2497
f 3144/3391 3145/2615 3129/3388 3130/3392
f 3130/3392 3129/3388 3293/2620 3294/2619
f 3294/2619 3293/2620 2506/2621 2519/2622
f 2519/2622 2506/2621 2505/2634 2523/2685
f 2711/3000 2707/2999 2733/3008 2737/3009
f 2707/2999 2687/2998 2713/3025 2733/3008
f 2689/3003 2711/3000 2737/3009 2715/3010
f 2687/2998 2709/2986 2735/3024 2713/3025
f 2704/2996 2689/3003 2715/3010 2730/3015
f 2709/2986 2710/2985 2736/3029 2735/3024
f 2705/2997 2704/2996 2730/3015 2731/3016
f 2728/3263 2736/3029 2710/2985 2702/3002
f 2708/3004 2705/2997 2731/3016 2734/3023
f 2702/3002 2987/3001 2989/3012 2728/3263
f 2686/2993 2708/3004 2734/3023 2712/3019
f 2987/3001 2701/2995 2727/3011 2989/3012
f 2688/2994 2686/2993 2712/3019 2714/3020
f 2701/2995 2694/2992 2720/3014 2727/3011
f 2706/3005 2688/2994 2714/3020 2732/3006
f 2690/2979 2706/3005 2732/3006 2716/3007
f 2691/2980 2690/2979 2716/3007 2717/3022
f 2703/2981 2691/2980 2717/3022 2729/3028
f 2692/2982 2703/2981 2729/3028 2718/3030
f 2694/2992 2699/2991 2725/3013 2720/3014
f 2693/2983 2692/2982 2718/3030 2719/3017
f 2699/2991 2698/3429 2724/3428 2725/3013
f 2700/2984 2693/2983 2719/3017 2726/3018
f 2698/3429 2697/2990 2723/3027 2724/3428
f 2697/2990 2696/2989 2722/3026 2723/3027
f 2696/2989 2695/2988 2721/3031 2722/3026
f 2695/2988 2986/2987 2988/3021 2721/3031
f 2986/2987 2700/2984 2726/3018 2988/3021
f 2831/3152 2511/2584 2424/2587 2832/3153
f 2830/3151 2513/2737 2511/2584 2831/3152
f 2317/2432 2318/2433 2316/2431 2315/2430
f 2315/2430 2324/2439 2326/2441 2317/2432
f 2316/2431 2318/2433 2339/2462 2338/2459
f 2325/2440 2326/2441 2324/2439 2323/2438
f 2338/2464 2339/2467 2343/2468 2342/2465
f 2342/2465 2343/2468 2347/2473 2346/2471
f 2346/2471 2347/2473 2351/2478 2350/2476
f 3305/2711 3136/3402 3135/3401 3308/3400
f 3136/3402 3305/2711 3306/2714 3137/3403
f 3137/3403 3306/2714 3312/3480 3250/3477
f 3308/3400 3135/3401 3134/3399 3304/3398
f 3250/3477 3312/3480 3395/3607 3389/3601
f 3389/3601 3395/3607 3371/3518 3364/3500
f 3304/3398 3134/3399 3133/3397 3301/3396
f 2349/2477 2350/2476 2354/2481 2353/2482
f 2350/2476 2351/2478 2355/2483 2354/2481
f 2353/2482 2387/2541 2386/2540 2349/2477
f 3141/2627 2386/2540 2387/2541 3142/2625
f 3133/3397 3141/2627 3142/2625 3132/3395
f 3301/3396 3133/3397 3132/3395 3298/3394
f 3320/3597 3277/3571 3284/3575 3319/3583
f 3321/3582 3280/3572 3277/3571 3320/3597
f 3281/3566 3323/3580 3319/3583 3284/3575
f 3280/3572 3321/3582 3324/3581 3278/3576
f 3322/3578 3279/3569 3278/3576 3324/3581
f 2106/2200 2105/2196 2087/2195 2093/2201
f 2086/2194 2092/2202 2093/2201 2087/2195
f 2092/2202 2086/2194 2111/2207 2110/2208
f 2109/3447 3208/2212 3207/2230 2123/3449
f 2123/3449 2115/2231 2056/2149 2109/3447
f 2055/2150 2056/2149 2115/2231 2114/2218
f 2114/2218 2118/2219 2071/2176 2055/2150
f 2118/2219 2868/3194 2869/3195 2071/2176
f 2868/3194 2116/2216 2069/2161 2869/3195
f 2116/2216 2117/2217 2070/2162 2069/2161
f 2117/2217 2847/3170 2846/3169 2070/2162
f 2847/3170 2119/2222 2080/2170 2846/3169
f 2119/2222 2120/2223 2081/2167 2080/2170
f 2120/2223 2126/2213 2111/2207 2081/2167
f 2110/2208 2111/2207 2126/2213 2125/2214
f 447/482 430/475 434/476 451/483
f 430/475 447/482 448/484 431/477
f 451/483 434/476 1174/1398 1173/1397
f 431/477 448/484 456/1673 439/1672
f 1173/1397 1174/1398 432/465 449/494
f 439/1672 456/1673 1520/502 1521/472
f 449/494 432/465 433/466 450/495
f 1521/472 1520/502 455/487 438/473
f 1159/1382 1160/1383 450/495 433/466
f 438/473 455/487 454/488 437/469
f 437/469 454/488 462/500 445/470
f 435/474 452/503 1160/1383 1159/1382
f 378/393 394/413 393/401 377/397
f 394/423 411/422 410/417 393/416
f 411/422 428/452 427/449 410/417
f 428/452 445/470 444/467 427/449
f 445/470 462/500 461/496 444/467
f 452/503 435/474 436/464 453/491
f 453/491 436/464 442/461 459/462
f 459/462 442/461 441/460 458/463
f 458/463 441/460 440/471 457/501
f 446/516 463/506 457/501 440/471
f 446/516 2169/2286 2184/2311 463/506
f 2140/2227 2139/2238 2124/2239 2125/2224
f 2155/2255 2154/2268 2139/2238 2140/2227
f 2170/2276 2169/2286 2154/2268 2155/2255
f 2185/2278 2184/2311 2169/2286 2170/2276
f 2432/2624 2519/2622 2523/2685 2438/2640
f 2437/2639 2431/2677 2432/2624 2438/2640
f 2436/2533 2430/2532 2431/2677 2437/2639
f 2435/2528 2429/2527 2430/2532 2436/2533
f 2428/2526 2429/2527 2435/2528 2434/2529
f 2485/2712 2428/2526 2434/2529 2486/2643
f 2427/2713 2485/2712 2486/2643 2433/2695
f 2376/2740 3249/3479 2427/2713 2433/2695
f 3374/3488 3382/3509 3249/3479 2376/2740
f 1659/1806 1611/1788 1612/1793 1660/1804
f 1669/1808 1650/1809 1658/1805 1654/1776
f 1657/1783 1658/1805 1650/1809 1665/1810
f 1661/1780 1657/1783 1665/1810 1663/1811
f 2516/2630 2518/2631 2388/2542 2357/2487
f 2357/2487 2358/2486 2528/2720 2516/2630
f 2358/2486 2359/2488 2520/2721 2528/2720
f 2388/2542 2518/2631 3144/3391 3143/2626
f 2359/2490 2360/2489 2526/2708 2520/2707
f 3143/2626 3144/3391 3130/3392 3131/3393
f 3131/3393 3130/3392 3294/2619 3295/2623
f 3295/2623 3294/2619 2519/2622 2432/2624
f 2733/3008 2713/3025 2739/3040 2759/3046
f 2737/3009 2733/3008 2759/3046 2763/3050
f 2715/3010 2737/3009 2763/3050 2741/3051
f 2713/3025 2735/3024 2761/3039 2739/3040
f 2730/3015 2715/3010 2741/3051 2756/3036
f 2735/3024 2736/3029 2762/3038 2761/3039
f 2731/3016 2730/3015 2756/3036 2757/3037
f 2736/3029 2728/3263 2754/3264 2762/3038
f 2734/3023 2731/3016 2757/3037 2760/3044
f 2728/3263 2989/3012 2991/3056 2754/3264
f 2712/3019 2734/3023 2760/3044 2738/3045
f 2989/3012 2727/3011 2753/3048 2991/3056
f 2714/3020 2712/3019 2738/3045 2740/3054
f 2727/3011 2720/3014 2746/3047 2753/3048
f 2732/3006 2714/3020 2740/3054 2758/3055
f 2720/3014 2725/3013 2751/3057 2746/3047
f 2716/3007 2732/3006 2758/3055 2742/3034
f 2717/3022 2716/3007 2742/3034 2743/3035
f 2729/3028 2717/3022 2743/3035 2755/3043
f 2718/3030 2729/3028 2755/3043 2744/3049
f 2719/3017 2718/3030 2744/3049 2745/3053
f 2750/3427 2751/3057 2725/3013 2724/3428
f 2726/3018 2719/3017 2745/3053 2752/3032
f 2749/3042 2750/3427 2724/3428 2723/3027
f 2988/3021 2726/3018 2752/3032 2990/3033
f 2723/3027 2722/3026 2748/3041 2749/3042
f 2722/3026 2721/3031 2747/3052 2748/3041
f 2721/3031 2988/3021 2990/3033 2747/3052
f 2339/2462 2340/2461 2344/2469 2343/2470
f 2343/2470 2344/2469 2348/2474 2347/2475
f 2347/2475 2348/2474 2352/2479 2351/2480
f 2351/2480 2352/2479 2356/2484 2355/2485
f 3305/2711 2485/2712 2427/2713 3306/2714
f 2485/2712 3305/2711 3308/3400 2428/2526
f 2428/2526 3308/3400 3304/3398 2429/2527
f 3306/2714 2427/2713 3249/3479 3312/3480
f 3312/3480 3249/3479 3382/3509 3395/3607
f 2429/2527 3304/3398 3301/3396 2430/2532
f 3395/3607 3382/3509 3369/3519 3371/3518
f 2430/2532 3301/3396 3298/3394 2431/2677
f 2353/2482 2354/2481 2358/2486 2357/2487
f 2354/2481 2355/2483 2359/2488 2358/2486
f 2357/2487 2388/2542 2387/2541 2353/2482
f 2355/2485 2356/2484 2360/2489 2359/2490
f 3142/2625 2387/2541 2388/2542 3143/2626
f 3132/3395 3142/2625 3143/2626 3131/3393
f 3298/3394 3132/3395 3131/3393 3295/2623
f 2431/2677 3298/3394 3295/2623 2432/2624
f 3291/3563 3318/3562 3277/3571 3280/3572
f 3318/3562 3286/3574 3284/3575 3277/3571
f 3281/3566 3284/3575 3286/3574 3290/3556
f 3280/3572 3278/3576 3317/3559 3291/3563
f 3316/3565 3281/3566 3290/3556 3285/3555
f 3292/3551 3317/3559 3278/3576 3279/3569
f 3279/3569 3283/3570 3287/3552 3292/3551
f 3208/2212 2108/2210 2122/2221 3207/2230
f 3207/2240 2122/2241 2137/2242 3202/2243
f 2123/3450 3207/2240 3202/2243 2138/3451
f 2138/3451 2130/2253 2115/2252 2123/3450
f 2114/2251 2115/2252 2130/2253 2129/2248
f 2129/2248 2133/2249 2118/2250 2114/2251
f 2868/3193 2118/2250 2133/2249 2867/3192
f 2116/2259 2868/3193 2867/3192 2131/2256
f 2131/2256 2132/2257 2117/2258 2116/2259
f 2847/3171 2117/2258 2132/2257 2848/3172
f 2119/2247 2847/3171 2848/3172 2134/2244
f 2134/2244 2135/2245 2120/2246 2119/2247
f 2135/2245 2141/2226 2126/2225 2120/2246
f 2125/2224 2126/2225 2141/2226 2140/2227
f 464/513 447/482 451/483 468/514
f 447/482 464/513 465/515 448/484
f 1173/1397 1172/1396 468/514 451/483
f 473/1674 456/1673 448/484 465/515
f 449/494 466/520 1172/1396 1173/1397
f 456/1673 473/1674 1527/509 1520/502
f 466/520 449/494 450/495 467/521
f 1520/502 1527/509 472/510 455/487
f 1160/1383 1161/1384 467/521 450/495
f 455/487 472/510 471/507 454/488
f 452/503 469/511 1161/1384 1160/1383
f 454/488 471/507 479/508 462/500
f 462/500 479/508 478/504 461/496
f 469/511 452/503 453/491 470/512
f 377/397 393/401 392/402 376/398
f 393/416 410/417 409/418 392/419
f 410/417 427/449 426/450 409/418
f 427/449 444/467 443/468 426/450
f 444/467 461/496 460/497 443/468
f 461/496 478/504 477/505 460/497
f 470/512 453/491 459/462 476/490
f 458/463 475/489 476/490 459/462
f 475/489 458/463 457/501 474/498
f 474/498 457/501 463/506 480/499
f 2199/2309 480/499 463/506 2184/2311
f 2200/2302 2199/2309 2184/2311 2185/2278
f 2156/2254 2155/2255 2140/2227 2141/2226
f 2155/2255 2156/2254 2171/2275 2170/2276
f 2186/2277 2185/2278 2170/2276 2171/2275
f 2185/2278 2186/2277 2201/2301 2200/2302
f 1668/1812 1651/1807 1660/1804 1653/1784
f 2739/3040 2761/3039 2787/3058 2765/3059
f 2759/3046 2739/3040 2765/3059 2785/3066
f 2763/3050 2759/3046 2785/3066 2789/3070
f 2741/3051 2763/3050 2789/3070 2767/3071
f 2756/3036 2741/3051 2767/3071 2782/3076
f 2761/3039 2762/3038 2788/3083 2787/3058
f 2757/3037 2756/3036 2782/3076 2783/3081
f 2762/3038 2754/3264 2780/3265 2788/3083
f 2760/3044 2757/3037 2783/3081 2786/3064
f 2754/3264 2991/3056 2993/3077 2780/3265
f 2738/3045 2760/3044 2786/3064 2764/3065
f 2991/3056 2753/3048 2779/3068 2993/3077
f 2740/3054 2738/3045 2764/3065 2766/3074
f 2753/3048 2746/3047 2772/3067 2779/3068
f 2758/3055 2740/3054 2766/3074 2784/3075
f 2746/3047 2751/3057 2777/3078 2772/3067
f 2742/3034 2758/3055 2784/3075 2768/3080
f 2776/3140 2777/3078 2751/3057 2750/3427
f 2743/3035 2742/3034 2768/3080 2769/3062
f 2755/3043 2743/3035 2769/3062 2781/3063
f 2744/3049 2755/3043 2781/3063 2770/3069
f 2745/3053 2744/3049 2770/3069 2771/3073
f 2752/3032 2745/3053 2771/3073 2778/3079
f 2775/3061 2776/3140 2750/3427 2749/3042
f 2990/3033 2752/3032 2778/3079 2992/3082
f 2749/3042 2748/3041 2774/3060 2775/3061
f 2747/3052 2990/3033 2992/3082 2773/3072
f 2748/3041 2747/3052 2773/3072 2774/3060
f 3336/3560 3332/3561 3318/3562 3291/3563
f 3291/3563 3317/3559 3339/3558 3336/3560
f 3332/3561 3333/3585 3286/3574 3318/3562
f 3290/3556 3286/3574 3333/3585 3329/3557
f 3337/3554 3339/3558 3317/3559 3292/3551
f 3285/3555 3288/3567 3282/3568 3316/3565
f 3292/3551 3287/3552 3331/3553 3337/3554
f 2108/2210 2107/2209 2121/2220 2122/2221
f 2122/2241 2121/2232 2136/2235 2137/2242
f 3202/2243 2137/2242 2152/2269 3201/2270
f 2137/2242 2136/2235 2151/2267 2152/2269
f 2138/3451 3202/2243 3201/2270 2153/3452
f 2153/3452 2145/2274 2130/2253 2138/3451
f 2129/2248 2130/2253 2145/2274 2144/2272
f 2144/2272 2148/2273 2133/2249 2129/2248
f 2867/3192 2133/2249 2148/2273 2866/3191
f 2131/2256 2867/3192 2866/3191 2146/2261
f 2146/2261 2147/2262 2132/2257 2131/2256
f 2147/2262 2849/3173 2848/3172 2132/2257
f 2849/3173 2149/2271 2134/2244 2848/3172
f 2149/2271 2150/2260 2135/2245 2134/2244
f 2150/2260 2156/2254 2141/2226 2135/2245
f 481/534 464/513 468/514 485/535
f 464/513 481/534 482/536 465/515
f 1172/1396 1171/1395 485/535 468/514
f 490/1675 473/1674 465/515 482/536
f 466/520 483/524 1171/1395 1172/1396
f 473/1674 490/1675 1526/531 1527/509
f 483/524 466/520 467/521 484/525
f 1527/509 1526/531 489/532 472/510
f 484/525 467/521 1161/1384 1162/1385
f 472/510 489/532 488/529 471/507
f 1162/1385 1161/1384 469/511 486/533
f 471/507 488/529 496/530 479/508
f 486/533 469/511 470/512 487/522
f 479/508 496/530 495/526 478/504
f 478/504 495/526 494/527 477/505
f 487/522 470/512 476/490 493/517
f 2127/2236 392/3608 409/2263 2142/2237
f 2112/2215 376/398 392/402 2127/2228
f 2142/2237 409/2263 426/2264 2157/2265
f 2157/2265 426/2264 443/2282 2172/2283
f 2172/2283 443/2282 460/2307 2187/2308
f 2187/2308 460/2307 477/2314 2202/2315
f 2202/2315 477/2314 494/2332 2217/2333
f 493/517 476/490 475/489 492/518
f 492/518 475/489 474/498 491/492
f 497/493 491/492 474/498 480/499
f 497/493 480/499 2199/2309 2214/2304
f 2215/2326 2214/2304 2199/2309 2200/2302
f 2216/2325 2215/2326 2200/2302 2201/2301
f 2165/2279 2171/2275 2156/2254 2150/2260
f 2180/2303 2186/2277 2171/2275 2165/2279
f 2195/2321 2201/2301 2186/2277 2180/2303
f 2210/2329 2216/2325 2201/2301 2195/2321
f 1674/1813 1673/1814 1651/1807 1668/1812
f 2812/3127 2998/3135 2765/3059 2787/3058
f 2811/3122 2812/3127 2787/3058 2788/3083
f 2998/3135 2814/3137 2785/3066 2765/3059
f 2789/3070 2785/3066 2814/3137 2810/3136
f 2767/3071 2789/3070 2810/3136 2996/3093
f 2782/3076 2767/3071 2996/3093 2817/3092
f 2817/3092 2816/3113 2783/3081 2782/3076
f 2819/3123 2811/3122 2788/3083 2780/3265
f 2816/3113 2813/3112 2786/3064 2783/3081
f 2808/3131 2819/3123 2780/3265 2993/3077
f 2764/3065 2786/3064 2813/3112 2999/3119
f 2993/3077 2779/3068 2820/3125 2808/3131
f 2999/3119 2997/3118 2766/3074 2764/3065
f 2827/3107 2820/3125 2779/3068 2772/3067
f 2997/3118 2815/3104 2784/3075 2766/3074
f 2822/3100 2827/3107 2772/3067 2777/3078
f 2768/3080 2784/3075 2815/3104 2995/3099
f 2777/3078 2776/3140 2823/3101 2822/3100
f 2995/3099 2994/3098 2769/3062 2768/3080
f 2824/3109 2823/3101 2776/3140 2775/3061
f 2994/3098 2818/3115 2781/3063 2769/3062
f 2770/3069 2781/3063 2818/3115 2829/3128
f 2829/3128 2828/3133 2771/3073 2770/3069
f 2778/3079 2771/3073 2828/3133 2821/3089
f 2992/3082 2778/3079 2821/3089 2809/3088
f 2825/3086 2824/3109 2775/3061 2774/3060
f 2809/3088 2826/3087 2773/3072 2992/3082
f 2826/3087 2825/3086 2774/3060 2773/3072
f 3336/3560 3338/3591 3340/3590 3332/3561
f 3332/3561 3340/3590 3325/3589 3333/3585
f 3344/3588 3329/3557 3333/3585 3325/3589
f 3334/3586 3335/3584 3289/3573 3288/3567
f 2107/2209 2113/2211 2128/2229 2121/2220
f 2121/2232 2128/2233 2143/2234 2136/2235
f 2136/2235 2143/2234 2158/2266 2151/2267
f 3201/2270 2152/2269 2167/2287 3200/2288
f 2152/2269 2151/2267 2166/2285 2167/2287
f 2153/3452 3201/2270 3200/2288 2168/3453
f 2151/2267 2158/2266 2173/2284 2166/2285
f 2168/3453 2160/2292 2145/2274 2153/3452
f 2144/2272 2145/2274 2160/2292 2159/2290
f 2159/2290 2163/2291 2148/2273 2144/2272
f 2163/2291 2865/3190 2866/3191 2148/2273
f 2865/3190 2161/2280 2146/2261 2866/3191
f 2161/2280 2162/2281 2147/2262 2146/2261
f 2162/2281 2850/3174 2849/3173 2147/2262
f 2850/3174 2164/2289 2149/2271 2849/3173
f 2164/2289 2165/2279 2150/2260 2149/2271
f 498/551 481/534 485/535 502/552
f 481/534 498/551 499/553 482/536
f 502/552 485/535 1171/1395 1170/1394
f 507/1676 490/1675 482/536 499/553
f 1170/1394 1171/1395 483/524 500/542
f 490/1675 507/1676 1525/548 1526/531
f 500/542 483/524 484/525 501/543
f 1526/531 1525/548 506/549 489/532
f 501/543 484/525 1162/1385 1163/1386
f 489/532 506/549 505/546 488/529
f 1163/1386 1162/1385 486/533 503/550
f 488/529 505/546 513/547 496/530
f 503/550 486/533 487/522 504/541
f 496/530 513/547 512/544 495/526
f 504/541 487/522 493/517 510/538
f 495/526 512/544 511/545 494/527
f 2217/2333 494/2332 511/2349 2232/2350
f 493/517 492/518 509/537 510/538
f 2113/2211 2112/2215 2127/2228 2128/2229
f 2128/2233 2127/2236 2142/2237 2143/2234
f 2143/2234 2142/2237 2157/2265 2158/2266
f 2158/2266 2157/2265 2172/2283 2173/2284
f 2173/2284 2172/2283 2187/2308 2188/2310
f 2188/2310 2187/2308 2202/2315 2203/2316
f 2203/2316 2202/2315 2217/2333 2218/2334
f 2218/2334 2217/2333 2232/2350 2233/2351
f 509/537 492/518 491/492 508/485
f 514/486 508/485 491/492 497/493
f 514/486 497/493 2214/2304 2229/2298
f 2230/2343 2229/2298 2214/2304 2215/2326
f 2216/2325 2231/2342 2230/2343 2215/2326
f 2225/2346 2231/2342 2216/2325 2210/2329
f 2179/2313 2180/2303 2165/2279 2164/2289
f 2194/2320 2195/2321 2180/2303 2179/2313
f 2209/2338 2210/2329 2195/2321 2194/2320
f 2224/2355 2225/2346 2210/2329 2209/2338
f 1671/1816 1672/1815 1673/1814 1674/1813
f 2804/3121 2803/3126 2812/3127 2811/3122
f 2803/3126 3176/3134 2998/3135 2812/3127
f 3176/3134 2801/3138 2814/3137 2998/3135
f 2796/3120 2804/3121 2811/3122 2819/3123
f 2810/3136 2814/3137 2801/3138 2805/3139
f 2996/3093 2810/3136 2805/3139 3174/3094
f 2817/3092 2996/3093 3174/3094 2798/3095
f 2798/3095 2799/3110 2816/3113 2817/3092
f 2799/3110 2802/3111 2813/3112 2816/3113
f 2807/3130 2796/3120 2819/3123 2808/3131
f 2999/3119 2813/3112 2802/3111 3177/3116
f 2808/3131 2820/3125 2795/3124 2807/3130
f 3177/3116 3175/3117 2997/3118 2999/3119
f 3169/3106 2795/3124 2820/3125 2827/3107
f 3175/3117 2800/3105 2815/3104 2997/3118
f 2793/3103 3169/3106 2827/3107 2822/3100
f 2995/3099 2815/3104 2800/3105 3173/3096
f 2822/3100 2823/3101 2792/3102 2793/3103
f 3173/3096 3172/3097 2994/3098 2995/3099
f 2791/3108 2792/3102 2823/3101 2824/3109
f 3172/3097 2797/3114 2818/3115 2994/3098
f 2790/3085 2791/3108 2824/3109 2825/3086
f 2829/3128 2818/3115 2797/3114 3171/3129
f 3171/3129 3170/3132 2828/3133 2829/3128
f 2821/3089 2828/3133 3170/3132 2794/3090
f 2809/3088 2821/3089 2794/3090 2806/3091
f 2806/3091 3168/3084 2826/3087 2809/3088
f 3168/3084 2790/3085 2825/3086 2826/3087
f 3343/3592 3328/3564 3335/3584 3326/3587
f 2167/2287 2166/2285 2181/2299 2182/2300
f 3200/2288 2167/2287 2182/2300 3199/2312
f 2168/3453 3200/2288 3199/2312 2183/3454
f 2166/2285 2173/2284 2188/2310 2181/2299
f 2160/2292 2168/3453 2183/3454 2175/2297
f 2159/2290 2160/2292 2175/2297 2174/2295
f 2174/2295 2178/2296 2163/2291 2159/2290
f 2178/2296 2864/3189 2865/3190 2163/2291
f 2864/3189 2176/2305 2161/2280 2865/3190
f 2176/2305 2177/2306 2162/2281 2161/2280
f 2850/3174 2162/2281 2177/2306 2851/3175
f 2164/2289 2850/3174 2851/3175 2179/2313
f 515/562 498/551 502/552 519/563
f 498/551 515/562 516/564 499/553
f 1170/1394 1169/1393 519/563 502/552
f 524/1677 507/1676 499/553 516/564
f 500/542 517/567 1169/1393 1170/1394
f 507/1676 524/1677 1524/558 1525/548
f 517/567 500/542 501/543 518/568
f 1525/548 1524/558 523/559 506/549
f 1163/1386 1164/1387 518/568 501/543
f 506/549 523/559 522/556 505/546
f 503/550 520/560 1164/1387 1163/1386
f 505/546 522/556 530/557 513/547
f 520/560 503/550 504/541 521/561
f 513/547 530/557 529/554 512/544
f 521/561 504/541 510/538 527/540
f 512/544 529/554 528/555 511/545
f 526/539 527/540 510/538 509/537
f 2232/2350 511/2349 528/2359 2247/2360
f 2233/2351 2232/2350 2247/2360 2248/2361
f 526/539 509/537 508/485 525/478
f 2181/2299 2188/2310 2203/2316 2196/2317
f 2196/2317 2203/2316 2218/2334 2211/2335
f 2211/2335 2218/2334 2233/2351 2226/2352
f 2226/2352 2233/2351 2248/2361 2241/2362
f 508/485 514/486 531/479 525/478
f 2229/2298 2244/2293 531/479 514/486
f 2245/2344 2244/2293 2229/2298 2230/2343
f 2245/2344 2230/2343 2231/2342 2246/2345
f 2240/2366 2246/2345 2231/2342 2225/2346
f 2239/2365 2240/2366 2225/2346 2224/2355
f 2179/2313 2851/3175 2852/3176 2194/2320
f 2853/3177 2209/2338 2194/2320 2852/3176
f 2854/3178 2224/2355 2209/2338 2853/3177
f 2224/2355 2854/3178 2855/3179 2239/2365
f 2804/3121 2794/3090 3170/3132 2803/3126
f 2796/3120 2806/3091 2794/3090 2804/3121
f 3171/3129 3176/3134 2803/3126 3170/3132
f 3176/3134 3171/3129 2797/3114 2801/3138
f 3172/3097 2805/3139 2801/3138 2797/3114
f 2807/3130 3168/3084 2806/3091 2796/3120
f 3173/3096 3174/3094 2805/3139 3172/3097
f 2800/3105 2798/3095 3174/3094 3173/3096
f 3175/3117 2799/3110 2798/3095 2800/3105
f 3177/3116 2802/3111 2799/3110 3175/3117
f 3168/3084 2807/3130 2795/3124 2790/3085
f 2790/3085 2795/3124 3169/3106 2791/3108
f 2793/3103 2792/3102 2791/3108 3169/3106
f 3349/3593 3343/3592 3326/3587 3348/3594
f 2182/2300 2181/2299 2196/2317 2197/2318
f 3199/2312 2182/2300 2197/2318 3206/2319
f 2183/3454 3199/2312 3206/2319 2198/3455
f 2198/3455 2190/2324 2175/2297 2183/3454
f 2174/2295 2175/2297 2190/2324 2189/2322
f 2189/2322 2193/2323 2178/2296 2174/2295
f 2864/3189 2178/2296 2193/2323 2863/3188
f 2176/2305 2864/3189 2863/3188 2191/2327
f 2191/2327 2192/2328 2177/2306 2176/2305
f 2851/3175 2177/2306 2192/2328 2852/3176
f 532/569 515/562 519/563 536/570
f 515/562 532/569 533/571 516/564
f 536/570 519/563 1169/1393 1168/1392
f 516/564 533/571 541/591 524/1677
f 1168/1392 1169/1393 517/567 534/575
f 524/1677 541/591 1533/580 1524/558
f 534/575 517/567 518/568 535/576
f 1524/558 1533/580 540/572 523/559
f 1164/1387 1165/1388 535/576 518/568
f 523/559 540/572 539/573 522/556
f 520/560 537/581 1165/1388 1164/1387
f 522/556 539/573 547/579 530/557
f 537/581 520/560 521/561 538/574
f 530/557 547/579 546/577 529/554
f 538/574 521/561 527/540 544/566
f 529/554 546/577 545/578 528/555
f 543/565 544/566 527/540 526/539
f 2247/2360 528/2359 545/2382 2262/2383
f 543/565 526/539 525/478 542/481
f 2248/2361 2247/2360 2262/2383 2263/2384
f 2241/2362 2248/2361 2263/2384 2256/2377
f 525/478 531/479 548/480 542/481
f 2197/2318 2196/2317 2211/2335 2212/2336
f 2212/2336 2211/2335 2226/2352 2227/2353
f 2227/2353 2226/2352 2241/2362 2242/2363
f 2242/2363 2241/2362 2256/2377 2257/2378
f 2244/2293 2259/2294 548/480 531/479
f 2260/2370 2259/2294 2244/2293 2245/2344
f 2260/2370 2245/2344 2246/2345 2261/2371
f 2255/2379 2261/2371 2246/2345 2240/2366
f 2254/2386 2255/2379 2240/2366 2239/2365
f 2239/2365 2855/3179 2856/3180 2254/2386
f 2207/2331 2853/3177 2852/3176 2192/2328
f 2222/2348 2854/3178 2853/3177 2207/2331
f 2854/3178 2222/2348 2237/2373 2855/3179
f 2855/3179 2237/2373 2252/2381 2856/3180
f 3346/3596 3349/3593 3348/3594 3347/3595
f 3206/2319 2197/2318 2212/2336 3205/2337
f 2198/3455 3206/2319 3205/2337 2213/3456
f 2213/3456 2205/2341 2190/2324 2198/3455
f 2189/2322 2190/2324 2205/2341 2204/2339
f 2204/2339 2208/2340 2193/2323 2189/2322
f 2863/3188 2193/2323 2208/2340 2862/3187
f 2191/2327 2863/3188 2862/3187 2206/2330
f 2206/2330 2207/2331 2192/2328 2191/2327
f 549/588 532/569 536/570 553/589
f 532/569 549/588 550/590 533/571
f 553/589 536/570 1168/1392 1167/1391
f 541/591 533/571 550/590 558/592
f 1167/1391 1168/1392 534/575 551/593
f 541/591 558/592 1532/599 1533/580
f 551/593 534/575 535/576 552/594
f 1533/580 1532/599 557/600 540/572
f 1165/1388 1166/1389 552/594 535/576
f 557/600 556/597 539/573 540/572
f 537/581 554/582 1166/1389 1165/1388
f 539/573 556/597 564/598 547/579
f 554/582 537/581 538/574 555/583
f 547/579 564/598 563/595 546/577
f 555/583 538/574 544/566 561/585
f 546/577 563/595 562/596 545/578
f 560/584 561/585 544/566 543/565
f 2262/2383 545/2382 562/2399 2277/2400
f 543/565 542/481 559/587 560/584
f 2263/2384 2262/2383 2277/2400 2278/2401
f 542/481 548/480 565/586 559/587
f 2256/2377 2263/2384 2278/2401 2271/2402
f 2272/2403 2257/2378 2256/2377 2271/2402
f 2259/2294 2274/2391 565/586 548/480
f 3205/2337 2212/2336 2227/2353 3204/2354
f 3204/2354 2227/2353 2242/2363 3203/2364
f 3203/2364 2242/2363 2257/2378 3212/2385
f 3212/2385 2257/2378 2272/2403 3211/2404
f 2260/2370 2275/2389 2274/2391 2259/2294
f 2275/2389 2260/2370 2261/2371 2276/2390
f 2270/2388 2276/2390 2261/2371 2255/2379
f 2269/2387 2270/2388 2255/2379 2254/2386
f 2254/2386 2856/3180 2857/3181 2269/2387
f 2856/3180 2252/2381 2267/2398 2857/3181
f 2221/2347 2222/2348 2207/2331 2206/2330
f 2236/2372 2237/2373 2222/2348 2221/2347
f 2251/2380 2252/2381 2237/2373 2236/2372
f 2266/2397 2267/2398 2252/2381 2251/2380
f 2213/3456 3205/2337 3204/2354 2228/3457
f 2228/3457 2220/2358 2205/2341 2213/3456
f 2204/2339 2205/2341 2220/2358 2219/2356
f 2219/2356 2223/2357 2208/2340 2204/2339
f 2223/2357 2861/3186 2862/3187 2208/2340
f 2861/3186 2221/2347 2206/2330 2862/3187
f 1532/599 558/592 550/590 549/588
f 554/582 555/583 549/601 553/602
f 555/583 561/585 1532/1678 549/601
f 1167/1390 1166/1389 554/582 553/602
f 551/1413 552/1414 1166/1389 1167/1390
f 561/585 560/584 557/1679 1532/1678
f 557/600 563/595 564/598 556/597
f 560/584 559/587 563/1680 557/1679
f 559/587 565/586 562/1681 563/1680
f 2274/2391 2277/3461 562/1681 565/586
f 2272/2403 2271/2402 2278/2401 2277/2400
f 2275/2389 2272/3460 2277/3461 2274/2391
f 2276/2390 3211/3459 2272/3460 2275/2389
f 2228/3457 3204/2354 3203/2364 2243/3458
f 2243/3458 3203/2364 3212/2385 2258/2395
f 2258/2395 3212/2385 3211/2404 2273/2396
f 3211/2404 2264/2392 2265/2394 2273/2396
f 2270/2388 2264/2406 3211/3459 2276/2390
f 2269/2387 2268/2405 2264/2406 2270/2388
f 2858/3182 2268/2405 2269/2387 2857/3181
f 2266/3205 2858/3182 2857/3181 2267/3206
f 2221/2347 2861/3186 2860/3185 2236/2372
f 2859/3184 2251/2380 2236/2372 2860/3185
f 2858/3183 2266/2397 2251/2380 2859/3184
f 2243/3458 2235/2369 2220/2358 2228/3457
f 2219/2356 2220/2358 2235/2369 2234/2367
f 2234/2367 2238/2368 2223/2357 2219/2356
f 2861/3186 2223/2357 2238/2368 2860/3185
f 2235/2369 2243/3458 2258/2395 2250/2376
f 2258/2395 2273/2396 2265/2394 2250/2376
f 2264/2392 2268/2393 2253/2375 2249/2374
f 2249/2374 2250/2376 2265/2394 2264/2392
f 2268/2393 2858/3183 2859/3184 2253/2375
f 2253/2375 2859/3184 2860/3185 2238/2368
f 2234/2367 2235/2369 2250/2376 2249/2374
f 2249/2374 2253/2375 2238/2368 2234/2367
