# AXM compact hm08 head seed
# Derived from pinned MakeHuman CC0 base.obj; see seed-manifest.json
o axm_hm08_head
v -0.3492 7.3299 1.4076
v -0.311 7.3315 1.4107
v -0.3481 7.3465 1.4062
v -0.3095 7.3456 1.4117
v -0.3487 7.3574 1.4039
v -0.308 7.3566 1.4103
v -0.3835 7.3242 1.4009
v -0.3849 7.3413 1.3972
v -0.3886 7.3508 1.393
v -0.4099 7.3169 1.3895
v -0.4154 7.331 1.385
v -0.423 7.339 1.3777
v -0.4279 7.3066 1.3788
v -0.4363 7.3188 1.3727
v -0.4462 7.3246 1.365
v -0.4337 7.3008 1.3734
v -0.4473 7.3085 1.3624
v -0.4582 7.3114 1.3514
v -0.4385 7.2937 1.3653
v -0.4521 7.2991 1.3548
v -0.4638 7.3001 1.342
v -0.4394 7.2874 1.358
v -0.4531 7.2897 1.3462
v -0.4645 7.2899 1.3358
v -0.4367 7.2823 1.355
v -0.4513 7.281 1.3462
v -0.4631 7.2784 1.3355
v -0.4336 7.2755 1.3562
v -0.4463 7.2714 1.3465
v -0.4584 7.2665 1.3339
v -0.4249 7.2677 1.3656
v -0.4313 7.2544 1.3572
v -0.4422 7.2435 1.3469
v -0.4086 7.257 1.3768
v -0.4142 7.2427 1.3697
v -0.4237 7.2315 1.363
v -0.3865 7.2481 1.3873
v -0.3927 7.2332 1.3822
v -0.3976 7.2201 1.3774
v -0.3597 7.2113 1.3915
v -0.3536 7.2243 1.3969
v -0.3519 7.2406 1.4016
v -0.3161 7.2096 1.4009
v -0.3097 7.2215 1.3981
v -0.3109 7.2395 1.4046
v -0.2708 7.2133 1.3995
v -0.2696 7.224 1.3978
v -0.276 7.2434 1.3986
v -0.2322 7.2216 1.3934
v -0.2332 7.2327 1.3932
v -0.241 7.2478 1.3915
v -0.1856 7.2391 1.3849
v -0.1937 7.2438 1.3837
v -0.21 7.2549 1.3795
v -0.2725 7.3227 1.4055
v -0.2682 7.3372 1.4082
v -0.2655 7.3477 1.408
v -0.2353 7.3097 1.3949
v -0.2303 7.3232 1.4012
v -0.2265 7.3319 1.4044
v -0.2093 7.2945 1.3918
v -0.2016 7.3061 1.3992
v -0.1964 7.3135 1.402
v -0.1817 7.2799 1.3835
v -0.174 7.284 1.3989
v -0.1678 7.2859 1.4006
v -0.1752 7.2736 1.3807
v -0.1676 7.2761 1.3942
v -0.1612 7.2762 1.3998
v -0.1757 7.2671 1.3781
v -0.1651 7.2673 1.3918
v -0.1583 7.2656 1.3982
v -0.1846 7.2588 1.3761
v -0.1675 7.2576 1.3887
v -0.1602 7.2545 1.3936
v -0.4442 7.1992 1.3345
v -0.4129 7.1829 1.3539
v -0.3698 7.1722 1.3779
v -0.3179 7.1697 1.3913
v -0.2625 7.176 1.3983
v -0.2145 7.1901 1.3934
v -0.1632 7.2214 1.3891
v -0.4636 7.3308 1.3402
v -0.4784 7.3149 1.3273
v -0.4841 7.3014 1.3195
v -0.4865 7.2885 1.3154
v -0.4867 7.2742 1.3131
v -0.4841 7.2563 1.3099
v -0.4668 7.2202 1.3182
v -0.3502 7.3738 1.3999
v -0.3059 7.3734 1.4073
v -0.395 7.3657 1.3825
v -0.4351 7.3502 1.3646
v -0.2593 7.3638 1.4106
v -0.2157 7.3477 1.412
v -0.1821 7.3289 1.4127
v -0.1484 7.2937 1.4117
v -0.1422 7.2787 1.4114
v -0.1409 7.2631 1.4091
v -0.1454 7.2447 1.3996
v -0.185 7.2941 1.3984
v -0.1788 7.2987 1.4006
v -0.1952 7.2848 1.3878
v -0.1603 7.3103 1.4108
v -0.1293 7.2967 1.4247
v -0.123 7.2788 1.4229
v -0.1225 7.2601 1.4202
v -0.1299 7.2378 1.416
v -0.1424 7.3165 1.4256
v -0.1055 7.3001 1.4449
v -0.0994 7.2784 1.4428
v -0.1003 7.2567 1.4412
v -0.1089 7.23 1.4365
v -0.1185 7.3232 1.4463
v -0.0812 7.3069 1.47
v -0.0757 7.2801 1.4686
v -0.078 7.2537 1.4677
v -0.0886 7.2217 1.4606
v -0.0925 7.3326 1.4701
v -0.0645 7.1705 1.5077
v -0.055 7.312 1.491
v -0.0515 7.2837 1.4905
v -0.0546 7.2526 1.4908
v -0.0666 7.2112 1.4883
v -0.0635 7.3397 1.4918
v -0.0332 7.1876 1.5278
v -0.0285 7.3178 1.5032
v -0.0271 7.2876 1.5044
v -0.0286 7.2574 1.5094
v -0.032 7.227 1.5145
v -0.0325 7.3464 1.5046
v 0 7.1963 1.5364
v 0 7.3231 1.5057
v 0 7.2916 1.5075
v 0 7.2609 1.5139
v 0 7.233 1.5223
v 0 7.3512 1.5074
v -0.4629 7.1764 1.3244
v -0.4293 7.1566 1.3512
v -0.38 7.1439 1.379
v -0.3206 7.1429 1.401
v -0.2588 7.1514 1.4109
v -0.2058 7.1688 1.4096
v -0.1493 7.2102 1.4061
v -0.4751 7.3375 1.3299
v -0.4933 7.3189 1.3127
v -0.5023 7.3029 1.3045
v -0.5057 7.2873 1.2995
v -0.5062 7.2697 1.2954
v -0.5048 7.2491 1.2949
v -0.4867 7.2021 1.3059
v -0.3519 7.3856 1.4022
v -0.3021 7.3866 1.413
v -0.4008 7.3749 1.382
v -0.4443 7.3569 1.3554
v -0.2503 7.3772 1.4203
v -0.2023 7.359 1.4248
v -0.1654 7.338 1.4262
v -0.5241 7.3044 1.2854
v -0.514 7.3239 1.2961
v -0.4922 7.3462 1.3167
v -0.1712 6.9974 1.4719
v -0.063 7.0869 1.556
v -0.0341 7.0978 1.5712
v 0 7.1046 1.583
v -0.1407 7.3489 1.446
v -0.1115 7.3603 1.47
v -0.078 7.3703 1.4932
v -0.0382 7.3767 1.5049
v 0 7.382 1.5092
v -0.3522 7.4063 1.4055
v -0.2928 7.409 1.4238
v -0.4086 7.3923 1.3801
v -0.4578 7.3693 1.3463
v -0.2324 7.3982 1.4402
v -0.1783 7.3762 1.4482
v -0.35 7.4301 1.4111
v -0.2774 7.4333 1.4379
v -0.4139 7.4161 1.3779
v -0.4688 7.3916 1.3399
v -0.2048 7.4222 1.4612
v -0.1485 7.3935 1.4693
v -0.1297 7.1108 1.468
v -0.4495 7.126 1.3467
v -0.2034 6.9603 1.4628
v -0.5289 7.2854 1.2797
v -0.5301 7.2637 1.2749
v -0.5283 7.2387 1.2727
v -0.5485 7.3092 1.2618
v -0.5349 7.3362 1.2779
v -0.5087 7.3639 1.3054
v -0.3942 7.1108 1.3816
v -0.4303 7.0406 1.3772
v -0.5543 7.2842 1.2539
v -0.5579 7.2557 1.2486
v -0.5538 7.2253 1.2462
v -0.5333 7.1598 1.2713
v -0.1577 6.9774 1.4854
v -0.0897 7.041 1.5597
v -0.0637 7.0525 1.5817
v -0.0367 7.0608 1.5991
v 0 7.0665 1.608
v -0.1146 7.0251 1.5359
v -0.1811 6.9431 1.4736
v -0.34 7.4636 1.4197
v -0.2558 7.4685 1.4553
v -0.4149 7.4468 1.3788
v -0.4771 7.4194 1.3337
v -0.1615 7.4572 1.4891
v -0.1063 7.41 1.4934
v -0.5678 7.3179 1.2363
v -0.5501 7.3521 1.2581
v -0.5244 7.3859 1.2923
v -0.4954 7.0618 1.3262
v -0.0974 7.1406 1.4862
v -0.5758 7.2838 1.2229
v -0.5823 7.2474 1.217
v -0.5814 7.2108 1.2177
v -0.5599 7.1351 1.2453
v -0.5278 7.0229 1.2994
v 0 7.4266 1.5172
v -0.0493 7.4194 1.5109
v -0.3373 7.5016 1.4232
v -0.2494 7.5124 1.4654
v -0.4188 7.4819 1.3766
v -0.4833 7.4515 1.3256
v -0.1703 8.1089 1.3046
v 0 7.4664 1.5241
v -0.0682 7.4647 1.5153
v -0.3382 7.5411 1.4241
v -0.247 7.5533 1.4692
v -0.423 7.5184 1.3726
v -0.4918 7.4836 1.3153
v -0.1537 7.5145 1.5027
v 0 7.5158 1.5294
v -0.0669 7.5153 1.5215
v -0.1475 7.558 1.5072
v 0 7.5602 1.5335
v -0.0636 7.5578 1.5258
v -0.3787 7.7833 1.3533
v -0.2693 7.8177 1.4145
v -0.4891 7.7355 1.2824
v -0.5776 7.6691 1.1867
v -0.1581 7.7103 1.4952
v 0 7.7191 1.5139
v -0.0601 7.7176 1.5103
v -0.4233 7.9395 1.2634
v -0.297 7.9828 1.3317
v -0.5406 7.8719 1.1777
v -0.6219 7.7734 1.0755
v -0.1623 7.8373 1.4528
v 0 7.8495 1.4727
v -0.0614 7.8478 1.4683
v -0.5859 7.3265 1.2062
v -0.5645 7.371 1.2353
v -0.534 7.4121 1.2771
v -0.5999 7.2851 1.1877
v -0.6036 7.2411 1.1786
v -0.6041 7.1961 1.1802
v -0.5864 7.1073 1.2137
v -0.6 7.3369 1.1691
v -0.5766 7.3882 1.2082
v -0.5411 7.4381 1.2573
v -0.6163 7.2857 1.1434
v -0.6675 7.3927 0.9465
v -0.6492 7.4938 1.0074
v -0.6246 7.5836 1.0922
v -0.6829 7.2872 0.903
v -0.6905 7.187 0.8833
v -0.6879 7.089 0.8745
v -0.6613 6.9044 0.9022
v -0.6802 7.5466 0.9105
v -0.6671 7.665 0.9799
v -0.6872 7.7052 0.9211
v -0.0872 6.8778 1.6197
v -0.0788 6.8862 1.6365
v -0.0884 6.9178 1.6368
v -0.0959 6.9671 1.6192
v -0.0945 6.9913 1.6037
v -0.0938 7.016 1.5862
v -0.1224 6.9827 1.5822
v -0.115 7.0033 1.5569
v -0.159 6.9502 1.5261
v -0.1592 6.9636 1.5117
v -0.1705 6.9265 1.5018
v -0.0806 6.813 1.5317
v -0.1394 6.8387 1.5004
v -0.136 6.8975 1.5808
v -0.1645 6.8614 1.4846
v -0.0664 7.0244 1.6078
v -0.0369 7.03 1.6221
v 0 7.034 1.631
v -0.0674 6.9707 1.6438
v -0.0348 6.9707 1.6595
v 0 6.9688 1.6689
v -0.0589 6.9167 1.6614
v -0.0295 6.9138 1.674
v 0 6.909 1.6807
v -0.0645 6.861 1.616
v -0.0543 6.8607 1.6252
v -0.052 6.8851 1.6553
v -0.0267 6.8828 1.6633
v 0 6.8809 1.6678
v -0.0524 6.8462 1.5955
v -0.0429 6.8396 1.6025
v -0.038 6.86 1.6294
v -0.0198 6.8565 1.6344
v 0 6.854 1.6405
v -0.052 6.831 1.5753
v -0.0429 6.8234 1.577
v -0.0289 6.8351 1.6014
v -0.0151 6.8304 1.6038
v 0 6.8268 1.6033
v -0.0577 6.8206 1.5522
v -0.0534 6.8064 1.5529
v -0.0266 6.8159 1.5762
v -0.0125 6.811 1.574
v 0 6.8053 1.5732
v -0.1582 6.8652 1.5081
v -0.1545 6.8867 1.5472
v -0.13 6.8468 1.5104
v -0.1217 6.8712 1.5804
v -0.1292 6.8845 1.5809
v -0.1458 6.8725 1.5537
v -0.1383 6.8643 1.5579
v -0.1395 6.8588 1.5234
v -0.1512 6.8558 1.5226
v -0.0878 6.8705 1.6079
v -0.0701 6.8608 1.6082
v -0.0557 6.8528 1.5889
v -0.0575 6.8394 1.5716
v -0.0629 6.8328 1.551
v -0.0816 6.8281 1.5333
v -0.1147 6.8247 1.5118
v -0.1137 6.836 1.5145
v -0.1145 6.9187 1.6104
v -0.1584 6.8999 1.5424
v -0.1687 6.881 1.5072
v -0.1226 6.9613 1.5938
v -0.1606 6.9375 1.5347
v -0.1694 6.9232 1.5139
v -0.0306 6.7987 1.5627
v -0.0139 6.7923 1.5677
v 0 6.7894 1.5627
v -0.1227 6.8527 1.5189
v -0.1105 6.8754 1.565
v -0.1265 6.8671 1.5518
v -0.1263 6.8633 1.5292
v -0.0834 6.8718 1.5892
v -0.0719 6.8678 1.5885
v -0.0601 6.8636 1.5793
v -0.0575 6.8521 1.5634
v -0.0665 6.8417 1.5483
v -0.0818 6.8383 1.535
v -0.1095 6.8441 1.5203
v -0.0719 6.7401 1.5606
v -0.0459 6.7328 1.5767
v -0.0177 6.7243 1.5742
v -0.1509 6.8366 1.4881
v -0.0824 6.8 1.5334
v -0.1191 6.808 1.5131
v -0.2714 6.5934 1.4105
v 0 6.7216 1.5706
v -0.2427 6.6597 1.4614
v -0.1012 6.883 1.6111
v -0.0983 6.8722 1.6011
v -0.0972 6.87 1.5868
v -0.1078 6.8985 1.6121
v -0.2662 6.6353 1.4323
v -0.2745 6.6089 1.4133
v -0.1889 6.5242 1.465
v -0.2293 6.5555 1.4342
v -0.2121 6.752 1.4771
v -0.2515 6.573 1.4189
v -0.2083 6.7215 1.483
v -0.2087 6.6897 1.4875
v -0.2499 6.7048 1.4565
v -0.2454 6.6823 1.4611
v -0.2731 6.6485 1.4294
v -0.288 6.6087 1.4086
v -0.2886 6.5836 1.4023
v -0.1123 6.8622 1.5318
v -0.1041 6.8724 1.5641
v -0.1139 6.8699 1.5486
v -0.118 6.8663 1.536
v -0.0863 6.8735 1.5791
v -0.0805 6.8718 1.5752
v -0.0729 6.8685 1.5694
v -0.0718 6.8621 1.5571
v -0.0794 6.8554 1.545
v -0.0881 6.851 1.5367
v -0.1014 6.8563 1.5318
v -0.0945 6.8736 1.5739
v -0.097 6.8722 1.5567
v -0.105 6.8686 1.5441
v -0.0892 6.8736 1.5666
v -0.0856 6.8685 1.5537
v -0.093 6.8636 1.5421
v -0.082 6.8713 1.5625
v -0.2605 6.5474 1.4121
v -0.2348 6.5269 1.4279
v -0.1917 6.504 1.4544
v -0.2668 6.6089 1.4153
v -0.264 6.5973 1.4128
v -0.2484 6.5809 1.4202
v -0.228 6.5663 1.4363
v -0.1865 6.5429 1.4728
v -0.2599 6.6281 1.4354
v -0.2391 6.6458 1.4619
v -0.1091 6.7162 1.5654
v -0.1787 6.687 1.5235
v -0.2108 6.667 1.4958
v -0.2343 6.6355 1.4617
v -0.2069 6.6549 1.4962
v -0.2296 6.6289 1.4632
v -0.2025 6.6447 1.4964
v -0.2209 6.6155 1.4585
v -0.1906 6.6245 1.4879
v -0.2117 6.6149 1.4488
v -0.1846 6.6147 1.4854
v -0.2073 6.6171 1.4402
v -0.1728 6.6165 1.4685
v -0.2589 6.6096 1.4172
v -0.2565 6.6022 1.4118
v -0.2538 6.6208 1.4374
v -0.2528 6.6087 1.4196
v -0.2528 6.6048 1.4139
v -0.2466 6.6167 1.4373
v -0.2463 6.6094 1.4174
v -0.2464 6.6078 1.4142
v -0.2335 6.6131 1.4352
v -0.2428 6.6108 1.4115
v -0.2439 6.6095 1.4072
v -0.2273 6.6132 1.4314
v -0.2409 6.6143 1.399
v -0.2441 6.612 1.3935
v -0.2221 6.6167 1.4227
v -0.2107 6.6062 1.4261
v -0.2117 6.6017 1.437
v -0.2197 6.5879 1.444
v -0.224 6.5787 1.4421
v -0.2426 6.5891 1.423
v -0.2379 6.5951 1.4249
v -0.2312 6.6041 1.4211
v -0.2294 6.6068 1.4117
v -0.2313 6.6077 1.3948
v -0.2174 6.6082 1.4041
v -0.1782 6.6749 1.5289
v -0.1755 6.6645 1.5267
v -0.1626 6.6307 1.5184
v -0.0515 6.7093 1.5955
v -0.1105 6.701 1.5703
v -0.1088 6.6885 1.5729
v -0.1045 6.6418 1.5566
v -0.0224 6.6983 1.5975
v 0 6.696 1.5973
v -0.0799 6.7186 1.5853
v -0.0806 6.7047 1.588
v -0.0803 6.6946 1.5905
v -0.077 6.6413 1.5657
v -0.0532 6.6957 1.5957
v -0.0533 6.684 1.5955
v -0.05 6.6352 1.5722
v -0.023 6.6839 1.5992
v -0.0233 6.6742 1.5981
v -0.0198 6.6295 1.5775
v 0 6.6826 1.6019
v 0 6.6712 1.6012
v 0 6.6297 1.5778
v -0.156 6.6146 1.5163
v -0.1014 6.6133 1.5452
v -0.0761 6.6127 1.5452
v -0.0466 6.6114 1.5488
v -0.0215 6.6095 1.5497
v 0 6.6081 1.553
v -0.1638 6.6063 1.4586
v -0.1724 6.5999 1.4789
v -0.1824 6.5773 1.4785
v -0.1837 6.5617 1.4765
v -0.1297 6.475 1.4831
v -0.1296 6.5135 1.5116
v -0.1107 6.6043 1.517
v -0.1151 6.5928 1.5173
v -0.1234 6.5648 1.5253
v -0.1277 6.5406 1.5168
v -0.0534 6.4615 1.5001
v -0.0571 6.4953 1.5417
v -0.0508 6.6011 1.5345
v -0.0511 6.5899 1.5419
v -0.0528 6.5544 1.5535
v -0.0544 6.5296 1.5489
v 0 6.4583 1.5032
v 0 6.4885 1.5565
v 0 6.6014 1.5396
v 0 6.5885 1.5512
v 0 6.5563 1.5657
v 0 6.5271 1.5616
v -0.196 6.6324 1.4904
v -0.2243 6.6214 1.4612
v -0.2391 6.6143 1.4354
v -0.2494 6.6089 1.4192
v -0.249 6.6067 1.4168
v -0.2148 6.5957 1.4419
v -0.2339 6.6002 1.4251
v -0.168 6.647 1.5218
v -0.1061 6.6645 1.5641
v -0.0785 6.666 1.5776
v -0.0515 6.6581 1.5828
v -0.0214 6.6509 1.586
v 0 6.6491 1.5887
v -0.1786 6.5903 1.4819
v -0.1196 6.5797 1.5248
v -0.0517 6.571 1.5529
v 0 6.5736 1.5593
v -0.0734 6.6198 1.5117
v -0.0949 6.6198 1.5073
v -0.1437 6.6183 1.4834
v -0.0508 6.6061 1.5312
v -0.1044 6.607 1.5077
v -0.1587 6.6097 1.443
v 0 6.6149 1.5144
v -0.019 6.6182 1.5076
v -0.0423 6.6183 1.508
v 0 6.6057 1.5271
v -0.206 6.6242 1.4296
v -0.1667 6.6268 1.4544
v -0.2419 6.6201 1.3812
v -0.2496 6.615 1.3739
v -0.2188 6.6233 1.4103
v -0.2395 6.606 1.3714
v -0.2122 6.6045 1.388
v -0.0726 6.6296 1.5043
v -0.0932 6.6295 1.4988
v -0.1419 6.629 1.4737
v -0.0552 6.6022 1.5105
v -0.096 6.6069 1.492
v -0.18 6.6042 1.4117
v 0 6.6269 1.5109
v -0.0181 6.6293 1.5068
v -0.0432 6.629 1.5065
v 0 6.6025 1.5086
v -0.1935 6.6473 1.4142
v -0.1564 6.653 1.4395
v -0.2469 6.6278 1.3634
v -0.256 6.6169 1.3576
v -0.2095 6.6433 1.3952
v -0.2293 6.59 1.3595
v -0.2008 6.5821 1.3712
v -0.0641 6.6646 1.4964
v -0.0863 6.6632 1.4847
v -0.1293 6.6608 1.4602
v -0.0638 6.5879 1.4881
v -0.1087 6.5914 1.4663
v -0.1714 6.5851 1.3907
v 0 6.6497 1.507
v -0.0156 6.6555 1.5042
v -0.0386 6.661 1.5013
v 0 6.5769 1.4964
v -0.1866 6.6875 1.4128
v -0.1537 6.6972 1.4363
v -0.2483 6.6469 1.3563
v -0.2608 6.6206 1.3457
v -0.2064 6.6797 1.3937
v -0.2287 6.5644 1.3518
v -0.1979 6.5513 1.3674
v -0.0613 6.7079 1.4968
v -0.0826 6.7088 1.4842
v -0.1253 6.7047 1.4592
v -0.0618 6.5454 1.4851
v -0.1158 6.5529 1.4541
v -0.1658 6.5508 1.3916
v 0 6.6996 1.5078
v -0.0153 6.7031 1.5052
v -0.037 6.7051 1.5031
v 0 6.5366 1.506
v -0.1817 6.7275 1.4092
v -0.1462 6.736 1.4338
v -0.2529 6.6678 1.3467
v -0.2661 6.6258 1.334
v -0.2044 6.7166 1.3895
v -0.2283 6.5462 1.3437
v -0.195 6.5272 1.3617
v -0.0583 6.7531 1.4915
v -0.0785 6.7523 1.4802
v -0.1234 6.7486 1.4534
v -0.0588 6.5076 1.4783
v -0.1181 6.5138 1.4418
v -0.1605 6.521 1.3876
v 0 6.7438 1.4999
v -0.015 6.747 1.4997
v -0.0355 6.7511 1.4972
v 0 6.5078 1.4967
v -0.182 6.7751 1.3917
v -0.1482 6.79 1.4128
v -0.265 6.694 1.3273
v -0.2779 6.6315 1.3127
v -0.2082 6.7604 1.373
v -0.2324 6.5199 1.32
v -0.1967 6.4905 1.3374
v -0.0576 6.8087 1.4671
v -0.0787 6.8088 1.4566
v -0.122 6.8004 1.4259
v -0.0453 6.4514 1.4311
v -0.1245 6.4617 1.3916
v -0.1598 6.4756 1.3583
v 0 6.7929 1.4682
v -0.0139 6.7987 1.473
v -0.0325 6.8049 1.4722
v 0 6.4527 1.4237
v -0.1958 6.8384 1.3303
v -0.1605 6.8586 1.3405
v -0.2915 6.7249 1.2797
v -0.3041 6.6441 1.2665
v -0.2273 6.8172 1.3175
v -0.2526 6.499 1.2673
v -0.211 6.4574 1.2795
v -0.0589 6.8865 1.3799
v -0.0864 6.8853 1.3723
v -0.1317 6.8717 1.3506
v -0.0609 6.4006 1.3471
v -0.1239 6.4239 1.3224
v -0.1707 6.4336 1.2949
v 0 6.8644 1.3795
v -0.0117 6.8728 1.3849
v -0.0341 6.8815 1.3839
v 0 6.4046 1.3379
v -0.2107 6.8989 1.2153
v -0.1826 6.9165 1.2171
v -0.3168 6.7538 1.1754
v -0.3265 6.659 1.1653
v -0.2453 6.8739 1.2113
v -0.2722 6.4891 1.1623
v -0.2319 6.4651 1.1622
v -0.067 6.9602 1.2344
v -0.0955 6.9582 1.2311
v -0.1498 6.9338 1.2219
v -0.0629 6.395 1.1847
v -0.1384 6.4141 1.1784
v -0.1914 6.4407 1.1698
v 0 6.9294 1.2385
v -0.0131 6.9423 1.24
v -0.0399 6.954 1.2373
v 0 6.3689 1.1989
v -0.2536 6.9334 1.0263
v -0.2237 6.9525 1.0268
v -0.3579 6.7824 1.0112
v -0.3636 6.6746 1.0023
v -0.2892 6.9064 1.0237
v -0.2959 6.489 1.0158
v -0.2528 6.4658 1.0062
v -0.0861 6.9937 1.0308
v -0.1223 6.9938 1.0301
v -0.1889 6.9669 1.0251
v -0.0741 6.4084 1.021
v -0.1495 6.4225 1.0159
v -0.2122 6.4361 1.009
v 0 6.9572 1.0474
v -0.0145 6.9713 1.038
v -0.0501 6.9853 1.0334
v 0 6.3912 1.0281
v -0.2481 6.8989 0.8262
v -0.2153 6.9194 0.8276
v -0.3602 6.7525 0.8097
v -0.3507 6.6645 0.8067
v -0.2866 6.8691 0.823
v -0.298 6.4903 0.8227
v -0.2775 6.3915 0.8046
v -0.0834 6.9559 0.8306
v -0.1179 6.9555 0.8294
v -0.1814 6.9308 0.8245
v -0.0824 6.238 0.6836
v -0.1707 6.2753 0.7114
v -0.2452 6.3224 0.7469
v 0 6.9265 0.8525
v -0.016 6.9401 0.8449
v -0.0501 6.95 0.8341
v 0 6.2249 0.6917
v -0.2162 6.8013 0.656
v -0.1812 6.8158 0.661
v -0.3223 6.7 0.633
v -0.3085 6.644 0.6113
v -0.2557 6.7802 0.6489
v -0.215 6.5227 0.6022
v -0.2076 6.4366 0.603
v -0.0687 6.8409 0.6685
v -0.0933 6.8406 0.6676
v -0.146 6.8211 0.6726
v -0.0649 6.3166 0.6148
v -0.1129 6.3387 0.6082
v -0.1663 6.3775 0.61
v 0 6.8243 0.6889
v -0.0169 6.8296 0.6777
v -0.0378 6.8363 0.6715
v 0 6.3045 0.6199
v -0.1512 6.6758 0.5712
v -0.1411 6.6967 0.5686
v -0.2283 6.6487 0.5602
v -0.212 6.6136 0.5639
v -0.1668 6.6692 0.5692
v -0.1665 6.5672 0.5695
v -0.1497 6.5491 0.5734
v -0.0521 6.7037 0.5692
v -0.0733 6.6881 0.5722
v -0.1141 6.7036 0.5674
v -0.0445 6.5182 0.5744
v -0.0824 6.5298 0.5788
v -0.1233 6.5326 0.5696
v 0 6.6804 0.589
v -0.0174 6.684 0.5875
v -0.0315 6.701 0.5711
v 0 6.5256 0.5873
v -0.2815 6.6644 1.4263
v -0.3065 6.6044 1.397
v -0.2584 7.695 1.4579
v -0.3541 7.668 1.4028
v -0.4513 7.6307 1.3389
v -0.5313 7.5811 1.262
v -0.6451 7.3655 1.0419
v -0.6617 7.2822 1.0035
v -0.6221 7.4458 1.0994
v -0.5861 7.5163 1.1785
v -0.1923 6.4724 1.4401
v -0.1292 6.4472 1.4675
v -0.0537 6.4311 1.4834
v 0 6.4303 1.4908
v -0.3026 6.5761 1.3928
v -0.0638 6.168 1.341
v -0.1443 6.1869 1.3181
v -0.1309 6.4115 1.4639
v -0.2693 6.5259 1.4039
v -0.2374 6.5013 1.4219
v -0.0584 6.3945 1.4866
v 0 6.1683 1.3778
v 0 6.3877 1.4983
v -0.1941 6.4353 1.4294
v -0.5552 6.651 1.0493
v -0.6007 6.7262 0.9796
v -0.5091 6.5107 1.0424
v -0.5729 6.7387 0.6068
v -0.5527 6.5791 0.7813
v -0.5123 6.4917 0.8663
v -0.4745 6.4321 0.9384
v -0.4429 6.388 1.0012
v -0.3558 6.2998 1.1108
v -0.059 6.1675 1.2867
v -0.4884 6.5532 0.6252
v -0.1377 6.1857 1.2578
v -0.5059 6.6051 0.5364
v -0.4489 6.4929 0.5913
v -0.4674 6.5281 0.5065
v -0.4069 6.3838 0.5431
v -0.4411 6.4271 0.4679
v -0.4071 6.248 0.4841
v -0.4329 6.2985 0.4171
v -0.431 6.433 0.7762
v -0.4631 6.4903 0.7063
v -0.3857 6.3902 0.7128
v -0.4192 6.434 0.6585
v -0.3416 6.3137 0.6373
v -0.3742 6.3577 0.586
v -0.3353 6.1829 0.5737
v -0.3792 6.2132 0.5413
v -0.4001 6.3906 0.8362
v -0.0562 6.1744 1.1324
v -0.1238 6.1969 1.0977
v 0 6.1645 1.1405
v -0.3135 6.2867 0.9835
v -0.052 6.1791 1.011
v -0.1103 6.1937 0.9846
v 0 6.1687 1.0302
v -0.2707 6.2766 0.8815
v -0.0378 6.1645 0.8488
v -0.0815 6.1726 0.8335
v 0 6.1615 0.8517
v -0.2164 6.2046 0.7584
v -0.4881 6.5739 0.3906
v -0.4675 6.478 0.3607
v -0.4483 6.3518 0.3248
v -0.4482 6.1629 0.2527
v -0.4861 6.6045 0.2563
v -0.4668 6.5086 0.234
v -0.4445 6.3874 0.2129
v -0.4614 6.211 0.1545
v -0.4612 6.6199 0.1174
v -0.4501 6.529 0.1027
v -0.4497 6.413 0.084
v -0.459 6.2487 0.0492
v -0.4265 6.63 -0.0071
v -0.4218 6.5468 -0.0134
v -0.4175 6.4332 -0.0252
v -0.4217 6.2819 -0.0458
v -0.3563 6.6424 -0.0856
v -0.3475 6.5616 -0.085
v -0.3433 6.448 -0.0888
v -0.3438 6.2916 -0.1052
v -0.2494 6.6588 -0.1257
v -0.2393 6.5778 -0.1141
v -0.2339 6.4691 -0.1099
v -0.2362 6.3079 -0.1234
v 0 6.6897 -0.1335
v 0 6.6028 -0.1097
v 0 6.4862 -0.0875
v 0 6.3199 -0.0989
v -0.702 7.0583 0.7287
v -0.7402 7.5018 0.4165
v -0.5408 8.1168 0.0604
v -0.4443 8.2145 0.0034
v -0.7313 7.7319 0.2937
v -0.6888 7.8574 0.2221
v -0.7329 7.4072 0.4543
v -0.6705 6.8377 0.6827
v -0.7011 7.1751 0.793
v -0.6982 7.0655 0.7778
v -0.6663 6.8461 0.7629
v -0.6964 7.2945 0.8158
v -0.6848 7.4204 0.8579
v -0.7342 7.442 0.5247
v -0.7278 7.3739 0.3993
v -0.7068 7.3033 0.3482
v -0.6488 7.0933 0.34
v -0.666 7.1544 0.332
v -0.6385 8.1058 0.3765
v -0.4362 8.3577 0.3138
v 0 8.4777 0.3158
v -0.5444 8.2459 0.343
v 0 8.4913 0.6961
v 0 8.4104 0.9715
v -0.3856 8.3294 0.924
v -0.5636 6.7716 0.5163
v -0.5103 6.6522 0.4254
v -0.5104 6.698 0.2849
v -0.4767 6.6956 0.1223
v -0.4283 6.6982 -0.0024
v -0.35 6.7098 -0.0919
v -0.2538 6.7217 -0.133
v -0.3553 6.3161 1.156
v -0.4581 6.4145 1.0499
v -0.5005 6.4694 0.9891
v -0.5378 6.5262 0.9089
v -0.5796 6.6127 0.8261
v -0.3415 7.5805 1.4212
v -0.2912 6.4928 1.3829
v -0.2483 6.463 1.4034
v -0.0374 7.0011 1.6434
v -0.2948 6.7418 1.4282
v -0.5352 7.0969 1.2808
v -0.563 7.0636 1.2505
v -0.486 7.1506 1.3137
v -0.5093 7.1826 1.2903
v -0.4706 7.0947 1.3384
v -0.508 7.1263 1.3006
v -0.1678 7.083 1.4551
v -0.411 7.0777 1.387
v -0.1176 7.185 1.4415
v -0.632 6.8146 0.9334
v -0.6072 6.7005 0.6967
v -0.6364 6.7219 0.7674
v -0.2158 6.2152 1.217
v -0.2231 6.2312 1.3031
v -0.4562 6.4483 1.1001
v -0.2907 6.2829 1.2487
v -0.3521 6.3342 1.1948
v -0.1472 6.1926 1.3453
v -0.0649 6.1747 1.3653
v -0.292 6.2577 1.1631
v -0.2224 6.2224 1.2696
v -0.2946 6.2688 1.2118
v -0.2619 6.2578 1.0239
v -0.2275 6.2524 0.9168
v -0.172 6.2211 0.9528
v -0.1967 6.2261 1.0632
v -0.3749 6.3561 0.8903
v -0.6525 6.8231 0.5952
v -0.5637 6.8145 0.4445
v 0 6.7598 -0.1515
v -0.6041 7.0198 0.3002
v -0.5529 7.0052 0.1373
v -0.5109 6.9987 0.0314
v -0.4538 7.0034 -0.073
v -0.3779 7.0057 -0.157
v -0.2851 6.9941 -0.2139
v 0 6.989 -0.2571
v -0.6253 7.0908 0.2769
v -0.5724 7.1039 0.1115
v -0.5306 7.1107 0.0056
v -0.4702 7.121 -0.101
v -0.3952 7.1288 -0.1905
v -0.3079 7.1256 -0.2593
v 0 7.1164 -0.3296
v -0.6503 7.1656 0.2646
v -0.6032 7.2125 0.0747
v -0.5546 7.2321 -0.0295
v -0.491 7.2498 -0.1348
v -0.4148 7.2647 -0.2306
v -0.3265 7.2684 -0.3031
v 0 7.2663 -0.3791
v -0.7026 7.3519 0.2862
v -0.6513 7.4431 0.0729
v -0.5991 7.4904 -0.0452
v -0.5283 7.5315 -0.1531
v -0.4468 7.5647 -0.2584
v -0.3544 7.5913 -0.3295
v 0 7.6357 -0.391
v -0.729 7.4505 0.3421
v -0.7087 7.6416 0.1815
v -0.6615 7.7449 0.0846
v -0.5987 7.847 -0.0197
v -0.5124 7.9446 -0.1382
v -0.4048 8.011 -0.2012
v 0 8.0801 -0.2604
v -0.4128 8.3912 0.6644
v -0.5333 8.2829 0.6464
v -0.5129 8.2441 0.8799
v -0.6467 7.8305 1.0103
v -0.6326 8.142 0.6218
v -0.7073 7.9778 0.5941
v -0.5609 7.9428 1.1079
v -0.7067 7.9505 0.4073
v -0.7443 7.7993 0.4428
v -0.7429 7.5394 0.5052
v -0.4425 8.0225 1.195
v -0.3127 8.0778 1.265
v -0.1595 7.9979 1.3813
v 0 8.0143 1.3948
v -0.0616 8.0101 1.3911
v -0.692 7.9616 0.7468
v -0.6182 8.1187 0.8167
v -0.7407 7.8148 0.5784
v -0.7306 7.8074 0.6939
v -0.055 6.166 1.2186
v -0.131 6.1866 1.1871
v -0.5362 6.7157 0.4753
v -0.2054 6.2166 1.1502
v -0.2808 6.2539 1.1008
v -0.339 6.2914 1.0529
v -0.5406 6.6689 0.5704
v -0.5394 6.6144 0.6584
v -0.5099 6.5342 0.7426
v -0.4398 6.4127 0.8904
v -0.4087 6.371 0.9502
v -0.4738 6.464 0.8222
v -0.5402 6.7637 0.3836
v -0.5853 7.0074 0.2297
v -0.6092 7.0964 0.197
v -0.6409 7.1844 0.1729
v -0.692 7.4 0.1884
v -0.7314 7.5409 0.2698
v -0.7521 7.655 0.4809
v -0.5975 8.0607 0.9572
v -0.6769 7.9237 0.864
v -0.7222 7.7849 0.7886
v -0.4851 8.1678 1.0415
v 0 8.2895 1.1671
v -0.0651 8.1239 1.3146
v 0 8.1256 1.3205
v -0.3535 8.2339 1.102
v -0.054 6.685 -0.1354
v -0.049 6.6005 -0.1164
v -0.0941 8.2749 1.1621
v -0.1497 8.0686 -0.2535
v -0.126 7.6282 -0.3872
v -0.0559 6.7532 -0.1475
v -0.1519 8.4771 0.6926
v -0.1747 8.4575 0.3073
v -0.1159 7.2609 -0.3713
v -0.102 7.1154 -0.3205
v -0.0762 6.991 -0.2536
v -0.1196 8.3974 0.9698
v -0.0475 6.3253 -0.1061
v -0.0461 6.4865 -0.0951
v -0.3554 6.3525 0.7607
v -0.3297 6.3282 0.8026
v -0.3058 6.271 0.6628
v -0.2751 6.2464 0.6972
v -0.1765 6.1908 0.7831
v -0.1323 6.1799 0.8137
v -0.1479 6.6761 -0.1324
v -0.2386 8.3787 0.9608
v -0.1519 6.7401 -0.1436
v -0.1794 6.9939 -0.2456
v -0.1372 6.477 -0.1098
v -0.2429 7.6127 -0.3705
v -0.2265 7.2627 -0.3541
v -0.209 7.1192 -0.305
v -0.279 8.0499 -0.2402
v -0.3019 8.4243 0.3057
v -0.1387 6.3132 -0.1207
v -0.2708 8.4542 0.6879
v -0.1409 6.5933 -0.118
v -0.2057 8.2615 1.147
v -0.3487 7.3318 1.389
v -0.3114 7.3316 1.3973
v -0.3806 7.3248 1.376
v -0.4067 7.3159 1.3602
v -0.4238 7.3088 1.3476
v -0.4297 7.3006 1.3437
v -0.434 7.2931 1.3409
v -0.435 7.2875 1.3389
v -0.4342 7.283 1.3386
v -0.4316 7.275 1.3412
v -0.4202 7.2676 1.3512
v -0.4009 7.2578 1.3647
v -0.3807 7.2493 1.3752
v -0.3497 7.2428 1.3877
v -0.3109 7.2415 1.3928
v -0.276 7.2442 1.3879
v -0.2438 7.2496 1.38
v -0.2178 7.2571 1.3676
v -0.272 7.3243 1.396
v -0.2353 7.3097 1.3848
v -0.2194 7.2952 1.3751
v -0.2087 7.2812 1.3697
v -0.203 7.2751 1.369
v -0.203 7.2683 1.3675
v -0.2108 7.2625 1.366
v -0.2139 7.2883 1.3724
v -0.3508 7.3255 1.3617
v -0.3141 7.325 1.368
v -0.3846 7.3209 1.3522
v -0.4066 7.317 1.3399
v -0.4217 7.3084 1.3277
v -0.428 7.3019 1.3218
v -0.4322 7.2943 1.3154
v -0.4335 7.2877 1.3109
v -0.4338 7.2816 1.3081
v -0.4347 7.2768 1.3077
v -0.4254 7.2662 1.3187
v -0.4017 7.2566 1.3362
v -0.3807 7.2519 1.3462
v -0.3528 7.2468 1.3554
v -0.3103 7.2467 1.3611
v -0.2774 7.2487 1.3573
v -0.2404 7.2546 1.3471
v -0.2222 7.2575 1.3421
v -0.2706 7.3184 1.3657
v -0.2354 7.3088 1.3574
v -0.2178 7.2988 1.348
v -0.2096 7.2827 1.3462
v -0.2048 7.2754 1.3457
v -0.2036 7.2715 1.3456
v -0.2081 7.265 1.3445
v -0.2146 7.2904 1.3461
v -0.3512 7.3748 1.3641
v -0.3087 7.3751 1.371
v -0.3865 7.3654 1.3528
v -0.4121 7.3522 1.3403
v -0.4298 7.3367 1.329
v -0.4407 7.3218 1.3209
v -0.4476 7.3071 1.3146
v -0.4513 7.2931 1.3105
v -0.4524 7.2794 1.3089
v -0.451 7.2665 1.31
v -0.4383 7.2406 1.3229
v -0.42 7.222 1.337
v -0.3939 7.205 1.3506
v -0.3555 7.1918 1.3629
v -0.3018 7.1882 1.3688
v -0.2597 7.1949 1.3643
v -0.2294 7.2057 1.3554
v -0.1983 7.2262 1.3405
v -0.2632 7.364 1.3704
v -0.2253 7.3443 1.362
v -0.2005 7.3228 1.3508
v -0.1794 7.2874 1.3326
v -0.1765 7.2731 1.3271
v -0.1776 7.2597 1.3273
v -0.1838 7.2438 1.3313
v -0.1867 7.3036 1.3411
v -0.3512 7.4102 1.3266
v -0.3044 7.4128 1.3329
v -0.3895 7.3968 1.3171
v -0.418 7.378 1.3066
v -0.4377 7.3573 1.2966
v -0.4504 7.337 1.2885
v -0.4582 7.3174 1.2822
v -0.4623 7.2984 1.278
v -0.4634 7.2793 1.2764
v -0.4617 7.2611 1.2775
v -0.4495 7.2261 1.2875
v -0.4325 7.2013 1.2981
v -0.4042 7.1763 1.31
v -0.3603 7.156 1.3217
v -0.3007 7.1498 1.3276
v -0.2524 7.16 1.3247
v -0.2209 7.1755 1.3185
v -0.1864 7.2069 1.3081
v -0.2545 7.4005 1.3335
v -0.2124 7.375 1.3279
v -0.1849 7.3449 1.3192
v -0.164 7.2937 1.3074
v -0.1625 7.2735 1.3056
v -0.1645 7.254 1.3036
v -0.1717 7.2316 1.3033
v -0.1703 7.3172 1.3112
v -0.3484 7.4299 1.2864
v -0.3004 7.4336 1.2908
v -0.3879 7.4151 1.2797
v -0.4177 7.3942 1.2718
v -0.4388 7.371 1.2639
v -0.4527 7.3476 1.257
v -0.4614 7.3248 1.2513
v -0.466 7.3021 1.2474
v -0.4672 7.2793 1.2456
v -0.4652 7.2575 1.2459
v -0.4528 7.2176 1.252
v -0.436 7.19 1.259
v -0.4069 7.1613 1.2678
v -0.3611 7.1375 1.2768
v -0.2991 7.1301 1.2827
v -0.2495 7.1417 1.2827
v -0.2176 7.159 1.2801
v -0.1809 7.1953 1.2753
v -0.2496 7.4215 1.2916
v -0.206 7.3944 1.2887
v -0.1768 7.3603 1.2838
v -0.1547 7.2993 1.2757
v -0.1536 7.2749 1.2735
v -0.1564 7.2515 1.2725
v -0.1647 7.2245 1.2732
v -0.1612 7.3275 1.2792
v -0.3444 7.437 1.2547
v -0.2975 7.4404 1.2575
v -0.3837 7.4225 1.25
v -0.4139 7.4016 1.2443
v -0.4357 7.3779 1.2382
v -0.4505 7.3534 1.2326
v -0.4598 7.329 1.2278
v -0.4648 7.3044 1.2243
v -0.466 7.2795 1.2223
v -0.4637 7.2561 1.2219
v -0.4508 7.2147 1.2251
v -0.434 7.1866 1.2293
v -0.405 7.1572 1.2352
v -0.3592 7.1327 1.2419
v -0.2976 7.125 1.2478
v -0.2489 7.1364 1.2502
v -0.2176 7.1535 1.2503
v -0.1801 7.1906 1.2494
v -0.2482 7.4286 1.2583
v -0.2055 7.4024 1.2571
v -0.1758 7.3684 1.2551
v -0.1518 7.3037 1.2515
v -0.1505 7.2769 1.2503
v -0.1536 7.2511 1.2495
v -0.1627 7.2217 1.2492
v -0.1591 7.3342 1.2531
v -0.3403 7.4379 1.23
v -0.1505 7.2794 1.2317
v -0.3788 7.4244 1.2269
v -0.1779 7.3721 1.2326
v -0.4312 7.3809 1.2183
v -0.4465 7.3563 1.214
v -0.4616 7.3061 1.2068
v -0.4628 7.2804 1.2047
v -0.2484 7.1373 1.2256
v -0.4472 7.2153 1.2048
v -0.4305 7.1877 1.2068
v -0.4017 7.1585 1.2103
v -0.3563 7.1342 1.2152
v -0.2959 7.1263 1.2212
v -0.4603 7.2565 1.2039
v -0.218 7.1537 1.2277
v -0.1807 7.1903 1.2291
v -0.4563 7.3314 1.2101
v -0.2073 7.4045 1.2328
v -0.2481 7.4292 1.2327
v -0.409 7.4043 1.2228
v -0.1524 7.3074 1.2321
v -0.2951 7.4406 1.2319
v -0.1536 7.2523 1.2311
v -0.1629 7.2219 1.23
v -0.1605 7.3385 1.2324
v -0.3362 7.4354 1.2077
v -0.1527 7.2822 1.214
v -0.3733 7.4232 1.2057
v -0.1819 7.3733 1.212
v -0.4254 7.3817 1.1998
v -0.4411 7.3577 1.1967
v -0.4566 7.3079 1.1905
v -0.4579 7.2821 1.1881
v -0.248 7.1419 1.2028
v -0.4422 7.2184 1.186
v -0.4256 7.1916 1.186
v -0.3971 7.1631 1.1875
v -0.3526 7.1395 1.1909
v -0.294 7.1317 1.1969
v -0.4554 7.2583 1.187
v -0.2186 7.1574 1.2067
v -0.1823 7.1928 1.21
v -0.4511 7.3332 1.1935
v -0.2102 7.4033 1.211
v -0.2488 7.4262 1.2097
v -0.403 7.4044 1.2029
v -0.1552 7.3105 1.2136
v -0.2931 7.4373 1.2087
v -0.1553 7.2548 1.2134
v -0.1645 7.2244 1.2117
v -0.1642 7.3413 1.2128
v -0.332 7.429 1.1846
v -0.1578 7.2851 1.1935
v -0.3666 7.4185 1.1834
v -0.1883 7.372 1.1898
v -0.4173 7.3801 1.1792
v -0.433 7.3573 1.1774
v -0.4483 7.3098 1.1717
v -0.4495 7.2845 1.1691
v -0.2488 7.1508 1.1782
v -0.4343 7.2238 1.1654
v -0.4178 7.1986 1.1637
v -0.3899 7.1715 1.1637
v -0.3477 7.1495 1.1659
v -0.2927 7.1419 1.1714
v -0.4472 7.2614 1.1679
v -0.2207 7.1648 1.1835
v -0.1859 7.1983 1.1882
v -0.443 7.3341 1.1749
v -0.2148 7.3988 1.188
v -0.2506 7.4194 1.1859
v -0.395 7.4014 1.1813
v -0.1611 7.3126 1.1924
v -0.2919 7.4299 1.1848
v -0.1599 7.2586 1.1929
v -0.1688 7.2291 1.1905
v -0.1708 7.3423 1.191
v -0.3278 7.4157 1.1573
v -0.1699 7.288 1.1655
v -0.358 7.4072 1.1566
v -0.2004 7.3665 1.1618
v -0.4042 7.3734 1.1534
v -0.4192 7.3533 1.1525
v -0.4329 7.3104 1.1473
v -0.4339 7.287 1.1448
v -0.2537 7.1668 1.1491
v -0.4199 7.2324 1.1408
v -0.4041 7.2103 1.1382
v -0.3784 7.1864 1.1373
v -0.3412 7.1672 1.1387
v -0.2931 7.1602 1.1428
v -0.432 7.2658 1.1438
v -0.2277 7.1783 1.1548
v -0.1958 7.2083 1.1595
v -0.4284 7.3326 1.1505
v -0.2241 7.3892 1.1601
v -0.2558 7.4065 1.1577
v -0.3834 7.3924 1.1548
v -0.174 7.3133 1.1641
v -0.2925 7.4158 1.1569
v -0.1715 7.2638 1.1649
v -0.1799 7.2367 1.162
v -0.184 7.3404 1.1626
v -0.3378 7.2421 1.0915
v -0.3306 7.2311 1.0938
v -0.3237 7.2209 1.0968
v -0.3037 7.2178 1.0975
v -0.3452 7.2735 1.088
v -0.2869 7.2318 1.0935
v -0.2758 7.2491 1.0906
v -0.3431 7.3156 1.0906
v -0.2835 7.3492 1.1001
v -0.2934 7.3575 1.1028
v -0.3289 7.35 1.0997
v -0.2654 7.3101 1.0918
v -0.3025 7.3647 1.1062
v -0.2638 7.2802 1.0899
v -0.2684 7.2645 1.0897
v -0.2699 7.325 1.0941
v -0.3455 7.2619 1.0892
v -0.2816 7.2391 1.092
v -0.2344 7.2114 1.1216
v -0.3983 7.2578 1.1136
v -0.2137 7.3333 1.1254
v -0.2091 7.2488 1.1234
v -0.2016 7.2709 1.1257
v -0.2965 7.3902 1.1257
v -0.2047 7.3115 1.1257
v -0.3634 7.3726 1.1231
v -0.2694 7.3828 1.1252
v -0.2454 7.3704 1.1258
v -0.3989 7.3257 1.1187
v -0.2221 7.2258 1.1221
v -0.2475 7.2023 1.12
v -0.4014 7.2713 1.1138
v -0.2971 7.19 1.1141
v -0.3329 7.1955 1.1119
v -0.3595 7.2101 1.1106
v -0.379 7.2281 1.1108
v -0.3918 7.2447 1.1125
v -0.2679 7.1944 1.117
v -0.4026 7.2886 1.1143
v -0.402 7.3077 1.1162
v -0.2498 6.2246 0.7236
v -0.3036 6.3007 0.8416
v -0.3488 6.3212 0.9364
v -0.377 6.3338 1.0023
v -0.4025 6.3443 1.0562
v -0.4109 6.3639 1.1033
v -0.4049 6.3886 1.145
v -0.3194 6.522 1.3701
v -0.2894 6.5526 1.3961
v -0.2795 6.5647 1.4033
v -0.2562 6.5891 1.4165
v -0.2496 6.5956 1.4174
v -0.2454 6.6 1.4194
v -0.2415 6.6034 1.421
v -0.2388 6.606 1.4176
v -0.2367 6.6081 1.4095
v -0.2377 6.6099 1.3942
v -0.2445 6.6105 1.3726
v -0.2427 6.6035 1.3585
v -0.2448 6.5925 1.3487
v -0.2472 6.586 1.3389
v -0.2552 6.5757 1.3164
v -0.2784 6.5716 1.2669
v -0.2994 6.574 1.1638
v -0.3297 6.5818 1.0091
v -0.3158 6.5835 0.8143
v -0.2617 6.5846 0.5995
v -0.1892 6.5904 0.5667
v -0.1975 6.659 0.5647
v -0.289 6.7401 0.641
v -0.3234 6.8108 0.8164
v -0.3235 6.8444 1.0174
v -0.281 6.8139 1.1934
v -0.2594 6.771 1.2986
v -0.2366 6.7272 1.3501
v -0.2286 6.6922 1.3681
v -0.2274 6.6633 1.375
v -0.2282 6.6356 1.3793
v -0.2304 6.6217 1.3957
v -0.2315 6.6155 1.4109
v -0.2351 6.612 1.4214
v -0.2399 6.6112 1.4263
v -0.2443 6.6116 1.4273
v -0.249 6.6119 1.4262
v -0.2575 6.6136 1.4252
v -0.2652 6.6148 1.422
v -0.2863 6.6273 1.4142
v -0.2997 6.6336 1.4075
v -0.6472 7.282 1.0577
v -0.6302 7.3541 1.0902
v -0.6054 7.424 1.1442
v -0.5714 7.4875 1.2133
v -0.5148 7.5462 1.2847
v -0.4384 7.5899 1.3549
v -0.3462 7.6214 1.4155
v -0.2505 7.6438 1.4644
v -0.1546 7.6553 1.5029
v -0.061 7.6578 1.5214
v 0 7.6611 1.5263
v -0.3096 7.3374 1.4127
v -0.3473 7.3383 1.4077
v -0.3824 7.3332 1.4005
v -0.4103 7.3242 1.3889
v -0.4295 7.3143 1.3781
v -0.4392 7.305 1.369
v -0.4438 7.2978 1.3612
v -0.4448 7.2899 1.355
v -0.4428 7.2826 1.3539
v -0.4388 7.2753 1.3548
v -0.425 7.2618 1.3647
v -0.4106 7.2512 1.3741
v -0.3905 7.2421 1.3858
v -0.3522 7.235 1.4001
v -0.3109 7.2338 1.4028
v -0.2738 7.2367 1.3983
v -0.2382 7.2423 1.392
v -0.2012 7.2507 1.3821
v -0.2701 7.3295 1.4076
v -0.2333 7.3164 1.3977
v -0.2067 7.3004 1.3967
v -0.1789 7.2826 1.3975
v -0.1717 7.2759 1.3885
v -0.1704 7.2676 1.3822
v -0.1756 7.2598 1.3816
v -0.1899 7.29 1.3965
v -0.1553 7.2505 1.3949
v -0.2217 7.3393 1.4072
v -0.1902 7.319 1.4045
v -0.3916 7.358 1.3859
v -0.4544 7.3279 1.3543
v -0.4678 7.3139 1.3414
v -0.4733 7.3013 1.3316
v -0.4747 7.2892 1.3264
v -0.4741 7.2764 1.3251
v -0.4529 7.2326 1.3344
v -0.4701 7.2621 1.3223
v -0.3642 7.1937 1.3842
v -0.4037 7.2032 1.3657
v -0.3178 7.192 1.3967
v -0.2672 7.1966 1.398
v -0.1764 7.2308 1.3853
v -0.2245 7.2075 1.3934
v -0.433 7.217 1.3521
v -0.1718 7.3036 1.4033
v -0.152 7.2646 1.4022
v -0.1606 7.2896 1.404
v -0.1542 7.2773 1.4045
v -0.2627 7.3555 1.4077
v -0.3499 7.3652 1.402
v -0.3073 7.3643 1.4084
v -0.4284 7.3444 1.3712
v -0.3489 6.9519 1.4254
v -0.0949 6.9435 1.6321
v -0.1729 6.8944 1.489
v -0.0334 6.9424 1.6716
v -0.0648 6.944 1.6586
v 0 6.9385 1.6798
v -0.1619 6.919 1.5348
v -0.1713 6.9033 1.509
v -0.1216 6.9403 1.6052
v -0.2136 7.0547 1.4478
v -0.283 7.0134 1.4491
v -0.334 7.0395 1.4313
v -0.2425 7.0794 1.4417
v -0.0347 7.141 1.5487
v 0 7.1485 1.5617
v -0.0643 7.1268 1.5321
v -0.4973 6.9449 1.317
v -0.5497 6.9821 1.2637
v -0.2374 6.9129 1.4551
v -0.2744 6.858 1.4431
v -0.171 6.9319 1.4881
v -0.0674 6.9975 1.628
v -0.0185 6.7749 1.565
v 0 6.7716 1.5585
v -0.0889 6.7863 1.5351
v -0.0374 6.7794 1.5593
v -0.2282 6.8445 1.4587
v -0.4518 7.2551 1.3376
v -0.4406 7.2629 1.3495
v -0.4295 7.2712 1.3613
v -0.212 7.2385 1.3875
v -0.2218 7.252 1.3842
v -0.2067 7.2296 1.3879
v -0.1851 7.2042 1.3889
v -0.4784 7.2394 1.3125
v -0.1743 7.1878 1.407
v -0.4995 7.2271 1.2985
v -0.1819 7.1079 1.4383
v -0.5467 7.1934 1.252
v -0.1362 7.004 1.5085
v -0.5763 7.1741 1.225
v -0.105 7.1691 1.4622
v -0.6007 7.1524 1.1912
v -0.6796 6.9961 0.8807
v -0.1397 6.9866 1.5353
v -0.1419 6.9689 1.5522
v -0.1418 6.9154 1.5735
v -0.1446 6.9513 1.5632
v -0.6924 6.9527 0.7108
v -0.6871 6.9589 0.7678
v -0.5223 7.2117 1.2758
v -0.1403 7.1364 1.4467
v -0.4267 7.2712 1.3461
v -0.227 7.2537 1.3727
v -0.43 7.2715 1.3132
v -0.2293 7.256 1.3435
v -0.4466 7.2544 1.3149
v -0.2123 7.2149 1.3478
v -0.4576 7.2448 1.281
v -0.2021 7.1897 1.3131
v -0.4608 7.2386 1.248
v -0.198 7.1752 1.2775
v -0.459 7.2362 1.2229
v -0.198 7.1698 1.2499
v -0.4555 7.2365 1.204
v -0.1987 7.1696 1.2286
v -0.4505 7.2388 1.1864
v -0.1999 7.1726 1.2087
v -0.4425 7.243 1.1669
v -0.2028 7.1788 1.1864
v -0.4278 7.2493 1.1429
v -0.2112 7.1904 1.158
v -0.3917 7.3422 1.1205
v -0.3796 7.358 1.1216
v -0.2269 7.3536 1.1259
v -0.3447 7.384 1.1251
v -0.2005 7.2908 1.1264
v -0.3232 7.3906 1.1264
v -0.4331 7.2685 1.3583
v -0.2179 7.2467 1.3863
v -0.4639 7.2475 1.3245
v -0.1971 7.218 1.3871
v -0.1466 6.9329 1.5668
v -0.1618 7.1705 1.4211
v -0.4689 6.9935 1.3472
v 0 7.0029 1.6522
v -0.1222 6.7908 1.5171
v -0.1857 6.8348 1.4708
v -0.164 6.8001 1.4923
v -0.0604 6.7836 1.5474
v -0.1757 6.8899 1.4694
v -0.3642 6.702 1.3771
v -0.3392 6.7543 1.4028
v -0.3301 6.5598 1.3716
v -0.3328 6.599 1.3782
v -0.3221 6.6394 1.3931
v -0.3005 6.6785 1.4164
v -0.2012 6.8982 1.4623
v -0.2881 6.9327 1.4479
v -0.3255 6.8759 1.4218
v -0.3253 6.6909 1.3973
v -0.3851 6.8959 1.3979
v -0.5396 6.8469 1.2375
v -0.5819 6.8923 1.1801
v -0.5503 6.7903 1.1837
v -0.5905 6.8425 1.1234
v -0.35 6.6443 1.3741
v -0.3607 6.5936 1.3544
v -0.0676 6.3331 1.4894
v -0.1362 6.3502 1.4619
v -0.199 6.3798 1.4203
v -0.258 6.4162 1.3825
v -0.3074 6.4555 1.3526
v 0 6.3268 1.499
v -0.3371 6.497 1.3416
v -0.3541 6.5439 1.3431
v -0.2806 6.3387 1.3327
v -0.2198 6.2877 1.3779
v -0.1512 6.2503 1.4211
v -0.0759 6.2327 1.4424
v -0.4012 6.5127 1.2651
v -0.3717 6.4489 1.269
v 0 6.2267 1.4548
v -0.3314 6.3918 1.2939
v -0.4203 6.6518 1.3134
v -0.4183 6.5831 1.2828
v -0.5853 7.0256 1.2159
v -0.6157 6.9493 1.1288
v -0.6238 6.9059 1.0719
v -0.6094 7.0755 1.1765
v -0.6369 7.0106 1.0872
v -0.6478 6.9751 1.0308
v -0.6221 7.1277 1.15
v -0.6486 7.0748 1.0587
v -0.6606 7.048 1.0028
v -0.6248 7.1799 1.1372
v -0.6539 7.1417 1.0447
v -0.6664 7.1234 0.9892
v -0.6232 7.2322 1.1362
v -0.6545 7.2113 1.045
v -0.6684 7.2016 0.9904
v -0.3674 7.722 1.387
v -0.5518 7.6212 1.2279
v 0 7.7705 1.4976
v -0.0605 7.7675 1.4941
v -0.16 7.7672 1.4763
v -0.6757 7.2836 0.9518
v -0.2608 7.7507 1.4389
v -0.4688 7.6793 1.3165
v -0.6595 7.3793 0.9949
v -0.6371 7.4697 1.0536
v -0.6063 7.5489 1.1373
v -0.6788 7.105 0.9307
v -0.6824 7.1932 0.9359
v -0.6718 7.0209 0.9421
v -0.6586 6.9395 0.9698
v -0.6306 6.8612 1.0068
v -0.5974 6.7871 1.0551
v -0.3877 6.5884 1.3243
v -0.5558 6.7241 1.1216
v -0.2546 7.1251 1.4238
v -0.2703 6.3698 1.3583
v 0 6.2711 1.4828
v -0.3779 6.5276 1.3063
v -0.21 6.3279 1.4032
v -0.0721 6.2773 1.4686
v -0.1467 6.2933 1.4487
v -0.3546 6.4719 1.3073
v -0.3184 6.4208 1.3262
v -0.3827 6.6489 1.3511
v -0.3236 7.1121 1.4116
v -0.0717 6.2082 1.4229
v -0.1506 6.2287 1.3991
v -0.2197 6.265 1.3568
v -0.2822 6.316 1.3088
v -0.342 6.3682 1.2606
v 0 6.2006 1.4344
v -0.388 6.4286 1.2295
v -0.4247 6.4983 1.2166
v -0.4555 6.5769 1.2187
v -0.513 7.7996 1.2336
v -0.5977 7.7181 1.1338
v -0.3979 7.8535 1.3143
v -0.2794 7.8928 1.3867
v -0.6637 7.519 0.9597
v -0.6439 7.6209 1.0421
v -0.6944 7.0747 0.831
v -0.6963 7.1793 0.8429
v -0.6875 7.2891 0.8658
v -0.6656 6.8737 0.831
v -0.6759 7.4083 0.8958
v -0.5537 6.5792 0.9688
v -0.5981 6.6629 0.8951
v -0.6339 6.7604 0.8453
v 0 7.9191 1.4454
v -0.0627 7.9172 1.4416
v -0.1569 7.9109 1.429
v -0.6824 6.973 0.8292
v -0.1339 7.1981 1.4261
v -0.1969 7.1465 1.4224
v -0.327 7.0815 1.42
v -0.2384 6.9838 1.455
v -0.1908 7.023 1.4578
v -0.1416 7.0264 1.4881
v -0.1531 7.0535 1.47
v -0.1171 7.0511 1.514
v -0.1227 7.0806 1.4911
v -0.0919 7.0715 1.5384
v -0.0942 7.1055 1.5132
v -0.2657 6.7257 1.4455
v -0.4284 7.5534 1.3656
v -0.5016 7.5142 1.3026
v -0.5562 7.4629 1.2394
v -0.5906 7.4069 1.1789
v -0.6143 7.3462 1.132
v -0.6313 7.284 1.1039
v -0.1529 7.605 1.5063
v 0 6.8467 -0.1843
v -0.0601 6.8474 -0.1831
v -0.1596 6.8457 -0.1787
v -0.2663 6.8354 -0.1629
v -0.3585 6.8314 -0.1106
v -0.4374 6.8259 -0.0366
v -0.491 6.8269 0.0789
v -0.5313 6.837 0.2001
v -0.5565 6.8685 0.2919
v -0.5737 6.9028 0.3597
v -0.5715 6.8531 0.3925
v -0.5466 6.8114 0.3331
v -0.4852 6.7613 0.1028
v -0.4363 6.7613 -0.0135
v -0.3541 6.768 -0.0985
v -0.2592 6.7787 -0.1467
v -0.1566 6.7957 -0.1603
v -0.0579 6.8029 -0.1661
v 0 6.8046 -0.1684
v -0.519 6.7708 0.2394
v -0.3904 6.768 1.3746
v -0.4396 6.7861 1.339
v -0.4105 6.7113 1.3456
v -0.4561 6.726 1.3001
v -0.4627 6.6568 1.2581
v -0.0671 6.186 1.3931
v -0.1479 6.2047 1.3714
v -0.2223 6.2432 1.3276
v -0.2882 6.2966 1.276
v -0.3489 6.3506 1.2285
v 0 6.1769 1.403
v -0.3992 6.4105 1.1874
v -0.4451 6.482 1.1575
v -0.4984 6.5782 1.1305
v -0.5072 6.6769 1.1904
v -0.5038 6.7494 1.2464
v -0.4929 6.8105 1.2936
v -0.2505 7.1026 1.4335
v -0.4415 6.9187 1.3619
v -0.4001 6.9741 1.3914
v -0.1922 7.1282 1.4315
v -0.1505 7.1544 1.4326
v -0.3434 7.2524 1.0903
v -0.2947 7.2247 1.0952
v -0.3446 7.2873 1.0876
v -0.3441 7.3018 1.0885
v -0.3403 7.3284 1.0933
v -0.3352 7.3399 1.0963
v -0.2757 7.3384 1.0971
v -0.3228 7.3581 1.103
v -0.263 7.2951 1.0906
v -0.3174 7.3651 1.1066
v -0.2474 7.5971 1.4697
v -0.0625 7.6057 1.5264
v 0 7.6081 1.5311
v -0.2605 6.7911 1.4444
v -0.309 6.805 1.4232
v -0.5174 6.8972 1.2747
v -0.5673 6.9391 1.2261
v -0.6047 6.9888 1.1778
v -0.6255 7.0434 1.1377
v -0.6351 7.1014 1.1077
v -0.6387 7.1609 1.0956
v -0.6383 7.2218 1.0939
v -0.2297 6.7759 1.4643
v -0.4158 6.8411 1.3714
v -0.3629 6.8226 1.4008
v -0.4691 6.8653 1.3304
v -0.1018 6.7424 1.5479
v -0.1311 6.4969 1.4946
v -0.0536 6.4841 1.5131
v 0 6.4872 1.5161
v -0.2614 6.5832 1.4147
v -0.2715 6.6198 1.4203
v -0.1731 6.7153 1.5094
v -0.1678 6.7546 1.5023
v 0 6.7502 1.5635
v -0.0185 6.7535 1.5689
v -0.0409 6.7588 1.5645
v -0.0667 6.7636 1.553
v -0.095 6.7665 1.538
v -0.0928 6.8064 1.4486
v -0.0922 6.7507 1.4718
v -0.0963 6.7072 1.4758
v -0.1004 6.6617 1.4764
v -0.1453 6.6894 1.5479
v -0.1424 6.6786 1.5485
v -0.134 6.6383 1.5383
v -0.1438 6.7052 1.5442
v -0.148 6.941 0.8298
v -0.1556 6.9802 1.0279
v -0.1108 6.9531 1.2282
v -0.1008 6.8816 1.3669
v -0.1085 6.629 1.4911
v -0.1094 6.6193 1.5003
v -0.1381 6.6581 1.5424
v -0.1288 6.6148 1.5361
v -0.1291 6.7639 1.5213
v -0.1358 6.734 1.528
v -0.0904 6.688 0.5716
v -0.1199 6.8306 0.6701
v -0.6387 7.9999 0.1434
v 0 8.3209 -0.0432
v -0.7466 7.6047 0.3576
v -0.1696 8.2975 -0.045
v -0.3043 8.2673 -0.0299
v -0.7194 7.341 0.3701
v -0.379 7.7872 -0.2993
v -0.4796 7.7443 -0.2261
v -0.6808 7.5439 0.1073
v -0.7175 7.408 0.3081
v -0.5616 7.6829 -0.1067
v -0.6301 7.6164 0.0013
v 0 7.8499 -0.3605
v -0.7104 7.472 0.2224
v -0.1389 7.8254 -0.3578
v -0.2621 7.813 -0.3436
v -0.6917 7.2526 0.3318
v -0.6288 7.3377 0.0561
v -0.6826 7.2912 0.2601
v -0.4284 7.4129 -0.2642
v -0.5082 7.3928 -0.1662
v -0.5759 7.3667 -0.0559
v 0 7.442 -0.3916
v -0.336 7.4254 -0.3279
v -0.6705 7.3175 0.1632
v -0.1142 7.4354 -0.3882
v -0.2278 7.4298 -0.3715
v -0.6951 7.5771 0.8545
v -0.749 7.6713 0.5736
v -0.7399 7.6635 0.661
v -0.7274 7.6428 0.7364
v -0.6984 7.4427 0.807
v -0.74 7.5479 0.5746
v -0.7343 7.5406 0.6403
v -0.7213 7.5164 0.7061
v -0.7048 7.2982 0.7574
v -0.7322 7.4481 0.577
v -0.7281 7.4384 0.6269
v -0.7192 7.4112 0.6785
v -0.6226 6.8372 0.5262
v -0.6058 6.8684 0.4731
v -0.6328 7.036 0.3577
v -0.6108 6.9378 0.4058
v -0.6042 6.8973 0.439
v -0.7037 7.1669 0.7447
v -0.7092 7.0446 0.6429
v -0.8224 7.3475 0.4834
v -0.7204 6.9045 0.6128
v -0.7852 7.3438 0.5481
v -0.8506 7.3134 0.4059
v -0.8566 7.2535 0.3663
v -0.8109 7.102 0.3558
v -0.8355 7.1602 0.3442
v -0.7442 6.8525 0.5724
v -0.7084 6.9745 0.6333
v -0.8565 7.2842 0.3853
v -0.8531 7.216 0.354
v -0.7141 7.1672 0.6576
v -0.7514 7.3221 0.5774
v -0.7275 7.2882 0.6077
v -0.7227 7.2537 0.6335
v -0.7492 6.8572 0.5198
v -0.7432 6.8798 0.486
v -0.7827 7.0454 0.3707
v -0.7617 6.9666 0.4108
v -0.7495 6.9175 0.4435
v -0.7123 7.1093 0.654
v -0.7296 7.0492 0.6189
v -0.842 7.3293 0.483
v -0.726 6.9307 0.5986
v -0.805 7.3232 0.5506
v -0.8719 7.3089 0.421
v -0.8793 7.2405 0.3754
v -0.8334 7.1048 0.36
v -0.8535 7.157 0.3544
v -0.7381 6.8988 0.567
v -0.7316 6.9908 0.617
v -0.8789 7.2699 0.3923
v -0.8725 7.2053 0.3646
v -0.7213 7.1519 0.6305
v -0.7783 7.3061 0.5789
v -0.7562 7.2641 0.602
v -0.7397 7.2332 0.6156
v -0.7512 6.8967 0.529
v -0.7565 6.9091 0.4903
v -0.814 7.0583 0.3729
v -0.7891 6.9884 0.4143
v -0.7671 6.9346 0.4569
v -0.7199 7.1027 0.6275
v -0.7468 7.0476 0.6024
v -0.8365 7.3162 0.4832
v -0.7284 6.9529 0.5871
v -0.8089 7.3035 0.5521
v -0.8666 7.2959 0.431
v -0.8691 7.23 0.3885
v -0.8401 7.0993 0.3735
v -0.8577 7.1536 0.3749
v -0.7385 6.927 0.56
v -0.741 7.0062 0.5986
v -0.8744 7.2613 0.4019
v -0.8637 7.1937 0.3785
v -0.729 7.141 0.6129
v -0.7818 7.2788 0.5755
v -0.7606 7.2472 0.5938
v -0.7484 7.2172 0.606
v -0.7477 6.9204 0.5276
v -0.7591 6.9293 0.4949
v -0.8208 7.0695 0.3863
v -0.7939 7.0035 0.4252
v -0.7732 6.955 0.4626
v -0.728 7.0973 0.609
v -0.7178 7.0609 0.582
v -0.8126 7.2892 0.4833
v -0.6874 6.9946 0.5713
v -0.7712 7.285 0.5345
v -0.8234 7.279 0.444
v -0.8403 7.2183 0.4067
v -0.8178 7.0964 0.4059
v -0.8285 7.141 0.3996
v -0.7386 6.9659 0.5504
v -0.6989 7.0263 0.5791
v -0.8597 7.2517 0.4219
v -0.8415 7.1845 0.4009
v -0.736 7.1289 0.5941
v -0.7557 7.2667 0.5525
v -0.7466 7.2256 0.5753
v -0.7425 7.1956 0.5865
v -0.7472 6.9595 0.5255
v -0.7587 6.9684 0.4991
v -0.8042 7.0771 0.4098
v -0.7851 7.0278 0.4405
v -0.7709 6.9832 0.4736
v -0.7257 7.0947 0.5897
v -0.6865 7.0837 0.5632
v -0.7933 7.2306 0.4978
v -0.6872 7.052 0.5323
v -0.7588 7.2327 0.5225
v -0.8197 7.2219 0.481
v -0.8354 7.1962 0.4529
v -0.8154 7.1153 0.4351
v -0.8254 7.1361 0.4361
v -0.7013 7.0358 0.5178
v -0.6811 7.0668 0.5501
v -0.8301 7.2119 0.4665
v -0.8358 7.1702 0.443
v -0.7324 7.1199 0.5738
v -0.7414 7.2236 0.5432
v -0.7406 7.1965 0.5554
v -0.7344 7.1664 0.5626
v -0.7256 7.026 0.5066
v -0.7676 7.022 0.4964
v -0.8096 7.0946 0.4406
v -0.7899 7.0508 0.4655
v -0.7794 7.0301 0.4828
v -0.7109 7.1001 0.5688
v -0.7439 7.1263 0.5534
v -0.78 7.0944 0.4614
v -0.7909 7.0833 0.4564
v -0.7399 7.1341 0.5631
v -0.7093 7.1014 0.5558
v -0.7651 7.0497 0.4784
v -0.7757 7.0653 0.4637
v -0.7995 7.1019 0.45
v -0.74 7.044 0.4857
v -0.7142 7.0478 0.4924
v -0.7334 7.1519 0.553
v -0.7332 7.1734 0.5431
v -0.7563 7.1975 0.5378
v -0.7314 7.1159 0.5646
v -0.823 7.1639 0.4564
v -0.8162 7.191 0.4765
v -0.6922 7.0764 0.5351
v -0.7053 7.0541 0.5089
v -0.8152 7.136 0.449
v -0.8087 7.1191 0.4487
v -0.8215 7.1807 0.4659
v -0.8083 7.1983 0.4896
v 0 6.8981 -0.2041
v -0.064 6.9013 -0.2039
v -0.1627 6.9047 -0.2003
v -0.2706 6.9041 -0.1804
v -0.5759 8.0001 1.0417
v -0.4583 8.0922 1.1298
v -0.3646 6.9074 -0.1303
v -0.6613 7.8798 0.9444
v -0.7051 7.7485 0.8607
v -0.4432 6.9044 -0.0508
v 0 8.2119 1.2542
v -0.3301 8.1536 1.1938
v -0.0796 8.2067 1.2477
v -0.4987 6.9081 0.0566
v -0.5698 6.9348 0.2576
v -0.5867 6.9589 0.3259
v -0.1848 8.1866 1.2343
v -0.5392 6.9134 0.174
v -0.7131 7.6112 0.7985
v -0.7095 7.4826 0.7575
v -0.7108 7.3681 0.7193
v -0.6216 6.9859 0.3787
v -0.7169 7.2151 0.6499
v -0.7722 7.006 0.3907
v -0.7281 7.1954 0.6272
v -0.8015 7.0233 0.3936
v -0.7368 7.181 0.6126
v -0.8062 7.0324 0.4077
v -0.742 7.1631 0.5938
v -0.7945 7.0498 0.4254
v -0.7398 7.1428 0.5717
v -0.8001 7.0729 0.4509
v -0.7807 7.2063 0.5254
v -0.696 7.0637 0.5226
v -0.7986 7.2026 0.5045
v -0.6926 7.0893 0.5454
v -0.7695 7.2617 0.5278
v -0.7137 7.0979 0.5786
v -0.6851 7.0758 0.5748
v -0.7903 7.0381 0.4579
v -0.7744 7.0025 0.4791
v -0.7417 7.208 0.562
v -0.7544 7.2478 0.5444
v -0.675 7.0536 0.5631
v -0.8396 7.2103 0.4326
v -0.8434 7.1786 0.4207
v -0.7491 6.9949 0.5247
v -0.717 7.0067 0.5361
v -0.7334 7.1229 0.5816
v -0.7356 7.1785 0.5709
v -0.8316 7.2376 0.4478
v -0.8259 7.2495 0.4673
v -0.8172 7.1095 0.4185
v -0.8243 7.1357 0.4157
v -0.8114 7.0876 0.423
v -0.7661 6.9928 0.5012
v -0.6816 7.0303 0.5493
v -0.8125 7.2614 0.4902
v -0.7401 7.1504 0.5795
v -0.8016 7.0631 0.4412
v -0.7615 7.0775 0.4786
v -0.7249 7.0971 0.53
v -0.7495 7.1281 0.533
v -0.7266 7.1375 0.5211
v -0.783 7.1805 0.4906
v -0.7717 6.9758 0.4699
v -0.7306 7.0954 0.5963
v -0.8104 7.3009 0.4833
v -0.7394 7.1695 0.5242
v -0.7333 7.1101 0.5545
v -0.8652 7.2552 0.4143
v -0.7474 7.205 0.5964
v -0.7427 7.0565 0.586
v -0.739 6.9485 0.5557
v -0.7427 7.0597 0.4824
v -0.7326 7.0623 0.4924
v -0.8051 7.1597 0.4673
v -0.7939 7.1753 0.4822
v -0.7784 7.1425 0.4633
v -0.7729 7.1837 0.5007
v -0.7018 7.0924 0.5258
v -0.7698 7.1323 0.4606
v -0.7749 7.1598 0.4762
v -0.7088 7.1018 0.5407
v -0.7593 7.0655 0.4756
v -0.7712 7.0785 0.4675
v -0.7819 7.1107 0.455
v -0.7325 7.1375 0.5427
v -0.7262 7.1511 0.5303
v -0.78 7.1548 0.4689
v -0.7687 7.1637 0.4845
v -0.7548 7.0697 0.4849
v -0.752 7.0737 0.4916
v -0.8004 7.0469 0.4232
v -0.7413 7.1706 0.6022
v -0.7059 7.0852 0.5203
v -0.722 7.0694 0.5021
v -0.7989 7.138 0.4584
v -0.7343 7.0882 0.5182
v -0.7471 7.079 0.5007
v -0.7896 7.1251 0.4553
v -0.8014 7.1683 0.4744
v -0.7625 7.1666 0.4938
v -0.7513 7.1202 0.5429
v -0.7673 7.1052 0.4653
v -0.7541 7.1791 0.5197
v -0.7139 7.0774 0.5125
v -0.7553 7.1694 0.5018
v -0.7277 7.0927 0.5246
v -0.8433 7.1895 0.3933
v -0.7596 7.276 0.5591
v -0.7133 6.9817 0.5758
v -0.7651 7.1198 0.4601
v -0.7665 7.0903 0.4715
v -0.7588 6.9551 0.4975
v -0.8356 7.1406 0.3948
v -0.856 7.2816 0.4393
v -0.7345 7.1335 0.6016
v -0.7341 7.1541 0.5151
v -0.7374 7.107 0.541
v -0.7427 7.1649 0.5116
v -0.7402 7.0839 0.5095
v -0.8609 7.222 0.3992
v -0.7473 6.9465 0.5254
v -0.8118 7.0747 0.4087
v -0.8216 7.0956 0.403
v -0.7519 7.2345 0.5848
v -0.7895 7.0232 0.4372
v -0.7742 7.2938 0.5415
v -0.7161 7.0153 0.5872
v -0.7361 7.1424 0.4947
v -0.752 7.1175 0.5074
v -0.7314 7.1254 0.4987
v -0.7572 7.1056 0.5133
v -0.7512 7.0941 0.5161
v -0.7523 7.1114 0.5282
v -0.7432 7.1213 0.4749
v -0.7504 7.1108 0.4803
v -0.7484 7.1405 0.4764
v -0.7656 7.0978 0.4803
v -0.761 7.085 0.4854
v -0.7599 7.1024 0.5012
v -0.7549 7.092 0.5051
v -0.7297 7.1302 0.5112
v -0.7521 7.1233 0.5227
v -0.733 7.1458 0.5048
v -0.7457 7.0973 0.5259
v -0.7422 7.1413 0.4856
v -0.7509 7.1136 0.4958
v -0.7355 7.1225 0.4871
v -0.7572 7.1378 0.4682
v -0.7561 7.1087 0.4697
v -0.7523 7.1206 0.4674
v -0.7635 7.1013 0.4907
v -0.7581 7.0895 0.4944
v -0.7193 7.0959 0.5843
v -0.7714 6.9922 0.4746
v -0.7556 7.257 0.548
v -0.8409 7.1817 0.4106
v -0.7364 6.9848 0.5463
v -0.7383 7.1872 0.5782
v -0.837 7.2465 0.4321
v -0.8174 7.0973 0.4123
v -0.8103 7.0789 0.4162
v -0.7663 7.2745 0.5292
v -0.6985 7.0682 0.5785
v -0.789 7.0343 0.4442
v -0.744 7.2174 0.5684
v -0.6822 7.04 0.5712
v -0.8378 7.2173 0.4164
v -0.7481 6.9746 0.5258
v -0.735 7.1256 0.5878
v -0.8182 7.2694 0.4517
v -0.8303 7.1344 0.407
v -0.7613 6.9782 0.4998
v -0.6819 7.015 0.5616
v -0.816 7.2763 0.4878
v -0.7412 7.1567 0.5865
v -0.7983 7.0515 0.4313
v -0.7603 7.165 0.3903
v -0.7966 7.3072 0.4397
v -0.7739 7.3232 0.4868
v -0.7466 7.0992 0.4005
v -0.7065 7.0453 0.6631
v -0.7008 6.9657 0.6492
v -0.8046 7.2823 0.4097
v -0.7964 7.2514 0.3992
v -0.7122 6.8928 0.6269
v -0.7278 6.8229 0.5791
v -0.7058 6.8698 0.4887
v -0.6993 6.9424 0.482
v -0.7098 7.1212 0.6763
v -0.7115 7.1913 0.6809
v -0.7104 6.9839 0.4567
v -0.7279 7.3134 0.6133
v -0.7203 7.2832 0.6455
v -0.7847 7.2124 0.3902
v -0.7335 7.3259 0.5839
v -0.7407 7.3221 0.544
v -0.7137 6.8396 0.52
v -0.7294 7.055 0.421
v -0.7148 7.2444 0.6682
v -0.7175 7.0272 0.4364
v -0.7054 7.1693 0.3865
v -0.7374 7.3125 0.4435
v -0.682 7.1006 0.3947
v -0.7036 7.05 0.6915
v -0.7361 7.2546 0.4039
v -0.6904 6.8783 0.6416
v -0.6538 6.894 0.4989
v -0.7081 7.2287 0.7093
v -0.7263 7.359 0.6186
v -0.7309 7.3662 0.5311
v -0.6718 7.052 0.4073
v -0.7325 7.3479 0.4668
v -0.697 6.9594 0.6723
v -0.738 7.2867 0.4201
v -0.6952 6.8252 0.5854
v -0.6511 6.9297 0.4734
v -0.7078 7.14 0.7061
v -0.6578 6.9691 0.448
v -0.7185 7.3321 0.6586
v -0.7239 7.2201 0.3929
v -0.731 7.3694 0.5817
v -0.6691 6.8585 0.5442
v -0.7128 7.2911 0.6885
v -0.6668 7.0124 0.4247
v -0.3112 7.3315 1.404
v -0.349 7.3309 1.3983
v -0.4385 7.293 1.3556
v -0.4343 7.3011 1.3614
v -0.4287 7.3075 1.3664
v -0.4104 7.3179 1.3778
v -0.3833 7.325 1.39
v -0.2723 7.3235 1.4007
v -0.1851 7.2669 1.3746
v -0.197 7.2598 1.3673
v -0.2123 7.256 1.3723
v -0.1934 7.2802 1.3747
v -0.2018 7.2875 1.3795
v -0.1847 7.274 1.3768
v -0.4248 7.2676 1.3613
v -0.2424 7.2487 1.3858
v -0.276 7.2434 1.3936
v -0.2116 7.2952 1.3827
v -0.3114 7.2398 1.3999
v -0.2353 7.3097 1.3898
v -0.3519 7.2408 1.3967
v -0.3848 7.2478 1.3835
v -0.4071 7.2569 1.3739
v -0.4342 7.275 1.3509
v -0.4377 7.2824 1.3492
v -0.4394 7.2875 1.3509
v -0.2244 7.2529 1.3785
v -0.4296 7.2711 1.3557
v 0.3492 7.3299 1.4076
v 0.311 7.3315 1.4107
v 0.3481 7.3465 1.4062
v 0.3095 7.3456 1.4117
v 0.3487 7.3574 1.4039
v 0.308 7.3566 1.4103
v 0.3835 7.3242 1.4009
v 0.3849 7.3413 1.3972
v 0.3886 7.3508 1.393
v 0.4099 7.3169 1.3895
v 0.4154 7.331 1.385
v 0.423 7.339 1.3777
v 0.4279 7.3066 1.3788
v 0.4363 7.3188 1.3727
v 0.4462 7.3246 1.365
v 0.4337 7.3008 1.3734
v 0.4473 7.3085 1.3624
v 0.4582 7.3114 1.3514
v 0.4385 7.2937 1.3653
v 0.4521 7.2991 1.3548
v 0.4638 7.3001 1.342
v 0.4394 7.2874 1.358
v 0.4531 7.2897 1.3462
v 0.4645 7.2899 1.3358
v 0.4367 7.2823 1.355
v 0.4513 7.281 1.3462
v 0.4631 7.2784 1.3355
v 0.4336 7.2755 1.3562
v 0.4463 7.2714 1.3465
v 0.4584 7.2665 1.3339
v 0.4249 7.2677 1.3656
v 0.4313 7.2544 1.3572
v 0.4422 7.2435 1.3469
v 0.4086 7.257 1.3768
v 0.4142 7.2427 1.3697
v 0.4237 7.2315 1.363
v 0.3865 7.2481 1.3873
v 0.3927 7.2332 1.3822
v 0.3976 7.2201 1.3774
v 0.3597 7.2113 1.3915
v 0.3536 7.2243 1.3969
v 0.3519 7.2406 1.4016
v 0.3161 7.2096 1.4009
v 0.3097 7.2215 1.3981
v 0.3109 7.2395 1.4046
v 0.2708 7.2133 1.3995
v 0.2696 7.224 1.3978
v 0.276 7.2434 1.3986
v 0.2322 7.2216 1.3934
v 0.2332 7.2327 1.3932
v 0.241 7.2478 1.3915
v 0.1856 7.2391 1.3849
v 0.1937 7.2438 1.3837
v 0.21 7.2549 1.3795
v 0.2725 7.3227 1.4055
v 0.2682 7.3372 1.4082
v 0.2655 7.3477 1.408
v 0.2353 7.3097 1.3949
v 0.2303 7.3232 1.4012
v 0.2265 7.3319 1.4044
v 0.2093 7.2945 1.3918
v 0.2016 7.3061 1.3992
v 0.1964 7.3135 1.402
v 0.1817 7.2799 1.3835
v 0.174 7.284 1.3989
v 0.1678 7.2859 1.4006
v 0.1752 7.2736 1.3807
v 0.1676 7.2761 1.3942
v 0.1612 7.2762 1.3998
v 0.1757 7.2671 1.3781
v 0.1651 7.2673 1.3918
v 0.1583 7.2656 1.3982
v 0.1846 7.2588 1.3761
v 0.1675 7.2576 1.3887
v 0.1602 7.2545 1.3936
v 0.4442 7.1992 1.3345
v 0.4129 7.1829 1.3539
v 0.3698 7.1722 1.3779
v 0.3179 7.1697 1.3913
v 0.2625 7.176 1.3983
v 0.2145 7.1901 1.3934
v 0.1632 7.2214 1.3891
v 0.4636 7.3308 1.3402
v 0.4784 7.3149 1.3273
v 0.4841 7.3014 1.3195
v 0.4865 7.2885 1.3154
v 0.4867 7.2742 1.3131
v 0.4841 7.2563 1.3099
v 0.4668 7.2202 1.3182
v 0.3502 7.3738 1.3999
v 0.3059 7.3734 1.4073
v 0.395 7.3657 1.3825
v 0.4351 7.3502 1.3646
v 0.2593 7.3638 1.4106
v 0.2157 7.3477 1.412
v 0.1821 7.3289 1.4127
v 0.1484 7.2937 1.4117
v 0.1422 7.2787 1.4114
v 0.1409 7.2631 1.4091
v 0.1454 7.2447 1.3996
v 0.185 7.2941 1.3984
v 0.1788 7.2987 1.4006
v 0.1952 7.2848 1.3878
v 0.1603 7.3103 1.4108
v 0.1293 7.2967 1.4247
v 0.123 7.2788 1.4229
v 0.1225 7.2601 1.4202
v 0.1299 7.2378 1.416
v 0.1424 7.3165 1.4256
v 0.1055 7.3001 1.4449
v 0.0994 7.2784 1.4428
v 0.1003 7.2567 1.4412
v 0.1089 7.23 1.4365
v 0.1185 7.3232 1.4463
v 0.0812 7.3069 1.47
v 0.0757 7.2801 1.4686
v 0.078 7.2537 1.4677
v 0.0886 7.2217 1.4606
v 0.0925 7.3326 1.4701
v 0.0645 7.1705 1.5077
v 0.055 7.312 1.491
v 0.0515 7.2837 1.4905
v 0.0546 7.2526 1.4908
v 0.0666 7.2112 1.4883
v 0.0635 7.3397 1.4918
v 0.0332 7.1876 1.5278
v 0.0285 7.3178 1.5032
v 0.0271 7.2876 1.5044
v 0.0286 7.2574 1.5094
v 0.032 7.227 1.5145
v 0.0325 7.3464 1.5046
v 0.4629 7.1764 1.3244
v 0.4293 7.1566 1.3512
v 0.38 7.1439 1.379
v 0.3206 7.1429 1.401
v 0.2588 7.1514 1.4109
v 0.2058 7.1688 1.4096
v 0.1493 7.2102 1.4061
v 0.4751 7.3375 1.3299
v 0.4933 7.3189 1.3127
v 0.5023 7.3029 1.3045
v 0.5057 7.2873 1.2995
v 0.5062 7.2697 1.2954
v 0.5048 7.2491 1.2949
v 0.4867 7.2021 1.3059
v 0.3519 7.3856 1.4022
v 0.3021 7.3866 1.413
v 0.4008 7.3749 1.382
v 0.4443 7.3569 1.3554
v 0.2503 7.3772 1.4203
v 0.2023 7.359 1.4248
v 0.1654 7.338 1.4262
v 0.5241 7.3044 1.2854
v 0.514 7.3239 1.2961
v 0.4922 7.3462 1.3167
v 0.1712 6.9974 1.4719
v 0.063 7.0869 1.556
v 0.0341 7.0978 1.5712
v 0.1407 7.3489 1.446
v 0.1115 7.3603 1.47
v 0.078 7.3703 1.4932
v 0.0382 7.3767 1.5049
v 0.3522 7.4063 1.4055
v 0.2928 7.409 1.4238
v 0.4086 7.3923 1.3801
v 0.4578 7.3693 1.3463
v 0.2324 7.3982 1.4402
v 0.1783 7.3762 1.4482
v 0.35 7.4301 1.4111
v 0.2774 7.4333 1.4379
v 0.4139 7.4161 1.3779
v 0.4688 7.3916 1.3399
v 0.2048 7.4222 1.4612
v 0.1485 7.3935 1.4693
v 0.1297 7.1108 1.468
v 0.4495 7.126 1.3467
v 0.2034 6.9603 1.4628
v 0.5289 7.2854 1.2797
v 0.5301 7.2637 1.2749
v 0.5283 7.2387 1.2727
v 0.5485 7.3092 1.2618
v 0.5349 7.3362 1.2779
v 0.5087 7.3639 1.3054
v 0.3942 7.1108 1.3816
v 0.4303 7.0406 1.3772
v 0.5543 7.2842 1.2539
v 0.5579 7.2557 1.2486
v 0.5538 7.2253 1.2462
v 0.5333 7.1598 1.2713
v 0.1577 6.9774 1.4854
v 0.0897 7.041 1.5597
v 0.0637 7.0525 1.5817
v 0.0367 7.0608 1.5991
v 0.1146 7.0251 1.5359
v 0.1811 6.9431 1.4736
v 0.34 7.4636 1.4197
v 0.2558 7.4685 1.4553
v 0.4149 7.4468 1.3788
v 0.4771 7.4194 1.3337
v 0.1615 7.4572 1.4891
v 0.1063 7.41 1.4934
v 0.5678 7.3179 1.2363
v 0.5501 7.3521 1.2581
v 0.5244 7.3859 1.2923
v 0.4954 7.0618 1.3262
v 0.0974 7.1406 1.4862
v 0.5758 7.2838 1.2229
v 0.5823 7.2474 1.217
v 0.5814 7.2108 1.2177
v 0.5599 7.1351 1.2453
v 0.5278 7.0229 1.2994
v 0.0493 7.4194 1.5109
v 0.3373 7.5016 1.4232
v 0.2494 7.5124 1.4654
v 0.4188 7.4819 1.3766
v 0.4833 7.4515 1.3256
v 0.1703 8.1089 1.3046
v 0.0682 7.4647 1.5153
v 0.3382 7.5411 1.4241
v 0.247 7.5533 1.4692
v 0.423 7.5184 1.3726
v 0.4918 7.4836 1.3153
v 0.1537 7.5145 1.5027
v 0.0669 7.5153 1.5215
v 0.1475 7.558 1.5072
v 0.0636 7.5578 1.5258
v 0.3787 7.7833 1.3533
v 0.2693 7.8177 1.4145
v 0.4891 7.7355 1.2824
v 0.5776 7.6691 1.1867
v 0.1581 7.7103 1.4952
v 0.0601 7.7176 1.5103
v 0.4233 7.9395 1.2634
v 0.297 7.9828 1.3317
v 0.5406 7.8719 1.1777
v 0.6219 7.7734 1.0755
v 0.1623 7.8373 1.4528
v 0.0614 7.8478 1.4683
v 0.5859 7.3265 1.2062
v 0.5645 7.371 1.2353
v 0.534 7.4121 1.2771
v 0.5999 7.2851 1.1877
v 0.6036 7.2411 1.1786
v 0.6041 7.1961 1.1802
v 0.5864 7.1073 1.2137
v 0.6 7.3369 1.1691
v 0.5766 7.3882 1.2082
v 0.5411 7.4381 1.2573
v 0.6163 7.2857 1.1434
v 0.6675 7.3927 0.9465
v 0.6492 7.4938 1.0074
v 0.6246 7.5836 1.0922
v 0.6829 7.2872 0.903
v 0.6905 7.187 0.8833
v 0.6879 7.089 0.8745
v 0.6613 6.9044 0.9022
v 0.6802 7.5466 0.9105
v 0.6671 7.665 0.9799
v 0.6872 7.7052 0.9211
v 0.0872 6.8778 1.6197
v 0.0788 6.8862 1.6365
v 0.0884 6.9178 1.6368
v 0.0959 6.9671 1.6192
v 0.0945 6.9913 1.6037
v 0.0938 7.016 1.5862
v 0.1224 6.9827 1.5822
v 0.115 7.0033 1.5569
v 0.159 6.9502 1.5261
v 0.1592 6.9636 1.5117
v 0.1705 6.9265 1.5018
v 0.0806 6.813 1.5317
v 0.1394 6.8387 1.5004
v 0.136 6.8975 1.5808
v 0.1645 6.8614 1.4846
v 0.0664 7.0244 1.6078
v 0.0369 7.03 1.6221
v 0.0674 6.9707 1.6438
v 0.0348 6.9707 1.6595
v 0.0589 6.9167 1.6614
v 0.0295 6.9138 1.674
v 0.0645 6.861 1.616
v 0.0543 6.8607 1.6252
v 0.052 6.8851 1.6553
v 0.0267 6.8828 1.6633
v 0.0524 6.8462 1.5955
v 0.0429 6.8396 1.6025
v 0.038 6.86 1.6294
v 0.0198 6.8565 1.6344
v 0.052 6.831 1.5753
v 0.0429 6.8234 1.577
v 0.0289 6.8351 1.6014
v 0.0151 6.8304 1.6038
v 0.0577 6.8206 1.5522
v 0.0534 6.8064 1.5529
v 0.0266 6.8159 1.5762
v 0.0125 6.811 1.574
v 0.1582 6.8652 1.5081
v 0.1545 6.8867 1.5472
v 0.13 6.8468 1.5104
v 0.1217 6.8712 1.5804
v 0.1292 6.8845 1.5809
v 0.1458 6.8725 1.5537
v 0.1383 6.8643 1.5579
v 0.1395 6.8588 1.5234
v 0.1512 6.8558 1.5226
v 0.0878 6.8705 1.6079
v 0.0701 6.8608 1.6082
v 0.0557 6.8528 1.5889
v 0.0575 6.8394 1.5716
v 0.0629 6.8328 1.551
v 0.0816 6.8281 1.5333
v 0.1147 6.8247 1.5118
v 0.1137 6.836 1.5145
v 0.1145 6.9187 1.6104
v 0.1584 6.8999 1.5424
v 0.1687 6.881 1.5072
v 0.1226 6.9613 1.5938
v 0.1606 6.9375 1.5347
v 0.1694 6.9232 1.5139
v 0.0306 6.7987 1.5627
v 0.0139 6.7923 1.5677
v 0.1227 6.8527 1.5189
v 0.1105 6.8754 1.565
v 0.1265 6.8671 1.5518
v 0.1263 6.8633 1.5292
v 0.0834 6.8718 1.5892
v 0.0719 6.8678 1.5885
v 0.0601 6.8636 1.5793
v 0.0575 6.8521 1.5634
v 0.0665 6.8417 1.5483
v 0.0818 6.8383 1.535
v 0.1095 6.8441 1.5203
v 0.0719 6.7401 1.5606
v 0.0459 6.7328 1.5767
v 0.0177 6.7243 1.5742
v 0.1509 6.8366 1.4881
v 0.0824 6.8 1.5334
v 0.1191 6.808 1.5131
v 0.2714 6.5934 1.4105
v 0.2427 6.6597 1.4614
v 0.1012 6.883 1.6111
v 0.0983 6.8722 1.6011
v 0.0972 6.87 1.5868
v 0.1078 6.8985 1.6121
v 0.2662 6.6353 1.4323
v 0.2745 6.6089 1.4133
v 0.1889 6.5242 1.465
v 0.2293 6.5555 1.4342
v 0.2121 6.752 1.4771
v 0.2515 6.573 1.4189
v 0.2083 6.7215 1.483
v 0.2087 6.6897 1.4875
v 0.2499 6.7048 1.4565
v 0.2454 6.6823 1.4611
v 0.2731 6.6485 1.4294
v 0.288 6.6087 1.4086
v 0.2886 6.5836 1.4023
v 0.1123 6.8622 1.5318
v 0.1041 6.8724 1.5641
v 0.1139 6.8699 1.5486
v 0.118 6.8663 1.536
v 0.0863 6.8735 1.5791
v 0.0805 6.8718 1.5752
v 0.0729 6.8685 1.5694
v 0.0718 6.8621 1.5571
v 0.0794 6.8554 1.545
v 0.0881 6.851 1.5367
v 0.1014 6.8563 1.5318
v 0.0945 6.8736 1.5739
v 0.097 6.8722 1.5567
v 0.105 6.8686 1.5441
v 0.0892 6.8736 1.5666
v 0.0856 6.8685 1.5537
v 0.093 6.8636 1.5421
v 0.082 6.8713 1.5625
v 0.2605 6.5474 1.4121
v 0.2348 6.5269 1.4279
v 0.1917 6.504 1.4544
v 0.2668 6.6089 1.4153
v 0.264 6.5973 1.4128
v 0.2484 6.5809 1.4202
v 0.228 6.5663 1.4363
v 0.1865 6.5429 1.4728
v 0.2599 6.6281 1.4354
v 0.2391 6.6458 1.4619
v 0.1091 6.7162 1.5654
v 0.1787 6.687 1.5235
v 0.2108 6.667 1.4958
v 0.2343 6.6355 1.4617
v 0.2069 6.6549 1.4962
v 0.2296 6.6289 1.4632
v 0.2025 6.6447 1.4964
v 0.2209 6.6155 1.4585
v 0.1906 6.6245 1.4879
v 0.2117 6.6149 1.4488
v 0.1846 6.6147 1.4854
v 0.2073 6.6171 1.4402
v 0.1728 6.6165 1.4685
v 0.2589 6.6096 1.4172
v 0.2565 6.6022 1.4118
v 0.2538 6.6208 1.4374
v 0.2528 6.6087 1.4196
v 0.2528 6.6048 1.4139
v 0.2466 6.6167 1.4373
v 0.2463 6.6094 1.4174
v 0.2464 6.6078 1.4142
v 0.2335 6.6131 1.4352
v 0.2428 6.6108 1.4115
v 0.2439 6.6095 1.4072
v 0.2273 6.6132 1.4314
v 0.2409 6.6143 1.399
v 0.2441 6.612 1.3935
v 0.2221 6.6167 1.4227
v 0.2107 6.6062 1.4261
v 0.2117 6.6017 1.437
v 0.2197 6.5879 1.444
v 0.224 6.5787 1.4421
v 0.2426 6.5891 1.423
v 0.2379 6.5951 1.4249
v 0.2312 6.6041 1.4211
v 0.2294 6.6068 1.4117
v 0.2313 6.6077 1.3948
v 0.2174 6.6082 1.4041
v 0.1782 6.6749 1.5289
v 0.1755 6.6645 1.5267
v 0.1626 6.6307 1.5184
v 0.0515 6.7093 1.5955
v 0.1105 6.701 1.5703
v 0.1088 6.6885 1.5729
v 0.1045 6.6418 1.5566
v 0.0224 6.6983 1.5975
v 0.0799 6.7186 1.5853
v 0.0806 6.7047 1.588
v 0.0803 6.6946 1.5905
v 0.077 6.6413 1.5657
v 0.0532 6.6957 1.5957
v 0.0533 6.684 1.5955
v 0.05 6.6352 1.5722
v 0.023 6.6839 1.5992
v 0.0233 6.6742 1.5981
v 0.0198 6.6295 1.5775
v 0.156 6.6146 1.5163
v 0.1014 6.6133 1.5452
v 0.0761 6.6127 1.5452
v 0.0466 6.6114 1.5488
v 0.0215 6.6095 1.5497
v 0.1638 6.6063 1.4586
v 0.1724 6.5999 1.4789
v 0.1824 6.5773 1.4785
v 0.1837 6.5617 1.4765
v 0.1297 6.475 1.4831
v 0.1296 6.5135 1.5116
v 0.1107 6.6043 1.517
v 0.1151 6.5928 1.5173
v 0.1234 6.5648 1.5253
v 0.1277 6.5406 1.5168
v 0.0534 6.4615 1.5001
v 0.0571 6.4953 1.5417
v 0.0508 6.6011 1.5345
v 0.0511 6.5899 1.5419
v 0.0528 6.5544 1.5535
v 0.0544 6.5296 1.5489
v 0.196 6.6324 1.4904
v 0.2243 6.6214 1.4612
v 0.2391 6.6143 1.4354
v 0.2494 6.6089 1.4192
v 0.249 6.6067 1.4168
v 0.2148 6.5957 1.4419
v 0.2339 6.6002 1.4251
v 0.168 6.647 1.5218
v 0.1061 6.6645 1.5641
v 0.0785 6.666 1.5776
v 0.0515 6.6581 1.5828
v 0.0214 6.6509 1.586
v 0.1786 6.5903 1.4819
v 0.1196 6.5797 1.5248
v 0.0517 6.571 1.5529
v 0.0734 6.6198 1.5117
v 0.0949 6.6198 1.5073
v 0.1437 6.6183 1.4834
v 0.0508 6.6061 1.5312
v 0.1044 6.607 1.5077
v 0.1587 6.6097 1.443
v 0.019 6.6182 1.5076
v 0.0423 6.6183 1.508
v 0.206 6.6242 1.4296
v 0.1667 6.6268 1.4544
v 0.2419 6.6201 1.3812
v 0.2496 6.615 1.3739
v 0.2188 6.6233 1.4103
v 0.2395 6.606 1.3714
v 0.2122 6.6045 1.388
v 0.0726 6.6296 1.5043
v 0.0932 6.6295 1.4988
v 0.1419 6.629 1.4737
v 0.0552 6.6022 1.5105
v 0.096 6.6069 1.492
v 0.18 6.6042 1.4117
v 0.0181 6.6293 1.5068
v 0.0432 6.629 1.5065
v 0.1935 6.6473 1.4142
v 0.1564 6.653 1.4395
v 0.2469 6.6278 1.3634
v 0.256 6.6169 1.3576
v 0.2095 6.6433 1.3952
v 0.2293 6.59 1.3595
v 0.2008 6.5821 1.3712
v 0.0641 6.6646 1.4964
v 0.0863 6.6632 1.4847
v 0.1293 6.6608 1.4602
v 0.0638 6.5879 1.4881
v 0.1087 6.5914 1.4663
v 0.1714 6.5851 1.3907
v 0.0156 6.6555 1.5042
v 0.0386 6.661 1.5013
v 0.1866 6.6875 1.4128
v 0.1537 6.6972 1.4363
v 0.2483 6.6469 1.3563
v 0.2608 6.6206 1.3457
v 0.2064 6.6797 1.3937
v 0.2287 6.5644 1.3518
v 0.1979 6.5513 1.3674
v 0.0613 6.7079 1.4968
v 0.0826 6.7088 1.4842
v 0.1253 6.7047 1.4592
v 0.0618 6.5454 1.4851
v 0.1158 6.5529 1.4541
v 0.1658 6.5508 1.3916
v 0.0153 6.7031 1.5052
v 0.037 6.7051 1.5031
v 0.1817 6.7275 1.4092
v 0.1462 6.736 1.4338
v 0.2529 6.6678 1.3467
v 0.2661 6.6258 1.334
v 0.2044 6.7166 1.3895
v 0.2283 6.5462 1.3437
v 0.195 6.5272 1.3617
v 0.0583 6.7531 1.4915
v 0.0785 6.7523 1.4802
v 0.1234 6.7486 1.4534
v 0.0588 6.5076 1.4783
v 0.1181 6.5138 1.4418
v 0.1605 6.521 1.3876
v 0.015 6.747 1.4997
v 0.0355 6.7511 1.4972
v 0.182 6.7751 1.3917
v 0.1482 6.79 1.4128
v 0.265 6.694 1.3273
v 0.2779 6.6315 1.3127
v 0.2082 6.7604 1.373
v 0.2324 6.5199 1.32
v 0.1967 6.4905 1.3374
v 0.0576 6.8087 1.4671
v 0.0787 6.8088 1.4566
v 0.122 6.8004 1.4259
v 0.0453 6.4514 1.4311
v 0.1245 6.4617 1.3916
v 0.1598 6.4756 1.3583
v 0.0139 6.7987 1.473
v 0.0325 6.8049 1.4722
v 0.1958 6.8384 1.3303
v 0.1605 6.8586 1.3405
v 0.2915 6.7249 1.2797
v 0.3041 6.6441 1.2665
v 0.2273 6.8172 1.3175
v 0.2526 6.499 1.2673
v 0.211 6.4574 1.2795
v 0.0589 6.8865 1.3799
v 0.0864 6.8853 1.3723
v 0.1317 6.8717 1.3506
v 0.0609 6.4006 1.3471
v 0.1239 6.4239 1.3224
v 0.1707 6.4336 1.2949
v 0.0117 6.8728 1.3849
v 0.0341 6.8815 1.3839
v 0.2107 6.8989 1.2153
v 0.1826 6.9165 1.2171
v 0.3168 6.7538 1.1754
v 0.3265 6.659 1.1653
v 0.2453 6.8739 1.2113
v 0.2722 6.4891 1.1623
v 0.2319 6.4651 1.1622
v 0.067 6.9602 1.2344
v 0.0955 6.9582 1.2311
v 0.1498 6.9338 1.2219
v 0.0629 6.395 1.1847
v 0.1384 6.4141 1.1784
v 0.1914 6.4407 1.1698
v 0.0131 6.9423 1.24
v 0.0399 6.954 1.2373
v 0.2536 6.9334 1.0263
v 0.2237 6.9525 1.0268
v 0.3579 6.7824 1.0112
v 0.3636 6.6746 1.0023
v 0.2892 6.9064 1.0237
v 0.2959 6.489 1.0158
v 0.2528 6.4658 1.0062
v 0.0861 6.9937 1.0308
v 0.1223 6.9938 1.0301
v 0.1889 6.9669 1.0251
v 0.0741 6.4084 1.021
v 0.1495 6.4225 1.0159
v 0.2122 6.4361 1.009
v 0.0145 6.9713 1.038
v 0.0501 6.9853 1.0334
v 0.2481 6.8989 0.8262
v 0.2153 6.9194 0.8276
v 0.3602 6.7525 0.8097
v 0.3507 6.6645 0.8067
v 0.2866 6.8691 0.823
v 0.298 6.4903 0.8227
v 0.2775 6.3915 0.8046
v 0.0834 6.9559 0.8306
v 0.1179 6.9555 0.8294
v 0.1814 6.9308 0.8245
v 0.0824 6.238 0.6836
v 0.1707 6.2753 0.7114
v 0.2452 6.3224 0.7469
v 0.016 6.9401 0.8449
v 0.0501 6.95 0.8341
v 0.2162 6.8013 0.656
v 0.1812 6.8158 0.661
v 0.3223 6.7 0.633
v 0.3085 6.644 0.6113
v 0.2557 6.7802 0.6489
v 0.215 6.5227 0.6022
v 0.2076 6.4366 0.603
v 0.0687 6.8409 0.6685
v 0.0933 6.8406 0.6676
v 0.146 6.8211 0.6726
v 0.0649 6.3166 0.6148
v 0.1129 6.3387 0.6082
v 0.1663 6.3775 0.61
v 0.0169 6.8296 0.6777
v 0.0378 6.8363 0.6715
v 0.1512 6.6758 0.5712
v 0.1411 6.6967 0.5686
v 0.2283 6.6487 0.5602
v 0.212 6.6136 0.5639
v 0.1668 6.6692 0.5692
v 0.1665 6.5672 0.5695
v 0.1497 6.5491 0.5734
v 0.0521 6.7037 0.5692
v 0.0733 6.6881 0.5722
v 0.1141 6.7036 0.5674
v 0.0445 6.5182 0.5744
v 0.0824 6.5298 0.5788
v 0.1233 6.5326 0.5696
v 0.0174 6.684 0.5875
v 0.0315 6.701 0.5711
v 0.2815 6.6644 1.4263
v 0.3065 6.6044 1.397
v 0.2584 7.695 1.4579
v 0.3541 7.668 1.4028
v 0.4513 7.6307 1.3389
v 0.5313 7.5811 1.262
v 0.6451 7.3655 1.0419
v 0.6617 7.2822 1.0035
v 0.6221 7.4458 1.0994
v 0.5861 7.5163 1.1785
v 0.1923 6.4724 1.4401
v 0.1292 6.4472 1.4675
v 0.0537 6.4311 1.4834
v 0.3026 6.5761 1.3928
v 0.0638 6.168 1.341
v 0.1443 6.1869 1.3181
v 0.1309 6.4115 1.4639
v 0.2693 6.5259 1.4039
v 0.2374 6.5013 1.4219
v 0.0584 6.3945 1.4866
v 0.1941 6.4353 1.4294
v 0.5552 6.651 1.0493
v 0.6007 6.7262 0.9796
v 0.5091 6.5107 1.0424
v 0.5729 6.7387 0.6068
v 0.5527 6.5791 0.7813
v 0.5123 6.4917 0.8663
v 0.4745 6.4321 0.9384
v 0.4429 6.388 1.0012
v 0.3558 6.2998 1.1108
v 0.059 6.1675 1.2867
v 0.4884 6.5532 0.6252
v 0.1377 6.1857 1.2578
v 0.5059 6.6051 0.5364
v 0.4489 6.4929 0.5913
v 0.4674 6.5281 0.5065
v 0.4069 6.3838 0.5431
v 0.4411 6.4271 0.4679
v 0.4071 6.248 0.4841
v 0.4329 6.2985 0.4171
v 0.431 6.433 0.7762
v 0.4631 6.4903 0.7063
v 0.3857 6.3902 0.7128
v 0.4192 6.434 0.6585
v 0.3416 6.3137 0.6373
v 0.3742 6.3577 0.586
v 0.3353 6.1829 0.5737
v 0.3792 6.2132 0.5413
v 0.4001 6.3906 0.8362
v 0.0562 6.1744 1.1324
v 0.1238 6.1969 1.0977
v 0.3135 6.2867 0.9835
v 0.052 6.1791 1.011
v 0.1103 6.1937 0.9846
v 0.2707 6.2766 0.8815
v 0.0378 6.1645 0.8488
v 0.0815 6.1726 0.8335
v 0.2164 6.2046 0.7584
v 0.4881 6.5739 0.3906
v 0.4675 6.478 0.3607
v 0.4483 6.3518 0.3248
v 0.4482 6.1629 0.2527
v 0.4861 6.6045 0.2563
v 0.4668 6.5086 0.234
v 0.4445 6.3874 0.2129
v 0.4614 6.211 0.1545
v 0.4612 6.6199 0.1174
v 0.4501 6.529 0.1027
v 0.4497 6.413 0.084
v 0.459 6.2487 0.0492
v 0.4265 6.63 -0.0071
v 0.4218 6.5468 -0.0134
v 0.4175 6.4332 -0.0252
v 0.4217 6.2819 -0.0458
v 0.3563 6.6424 -0.0856
v 0.3475 6.5616 -0.085
v 0.3433 6.448 -0.0888
v 0.3438 6.2916 -0.1052
v 0.2494 6.6588 -0.1257
v 0.2393 6.5778 -0.1141
v 0.2339 6.4691 -0.1099
v 0.2362 6.3079 -0.1234
v 0.702 7.0583 0.7287
v 0.7402 7.5018 0.4165
v 0.5408 8.1168 0.0604
v 0.4443 8.2145 0.0034
v 0.7313 7.7319 0.2937
v 0.6888 7.8574 0.2221
v 0.7329 7.4072 0.4543
v 0.6705 6.8377 0.6827
v 0.7011 7.1751 0.793
v 0.6982 7.0655 0.7778
v 0.6663 6.8461 0.7629
v 0.6964 7.2945 0.8158
v 0.6848 7.4204 0.8579
v 0.7342 7.442 0.5247
v 0.7278 7.3739 0.3993
v 0.7068 7.3033 0.3482
v 0.6488 7.0933 0.34
v 0.666 7.1544 0.332
v 0.6385 8.1058 0.3765
v 0.4362 8.3577 0.3138
v 0.5444 8.2459 0.343
v 0.3856 8.3294 0.924
v 0.5636 6.7716 0.5163
v 0.5103 6.6522 0.4254
v 0.5104 6.698 0.2849
v 0.4767 6.6956 0.1223
v 0.4283 6.6982 -0.0024
v 0.35 6.7098 -0.0919
v 0.2538 6.7217 -0.133
v 0.3553 6.3161 1.156
v 0.4581 6.4145 1.0499
v 0.5005 6.4694 0.9891
v 0.5378 6.5262 0.9089
v 0.5796 6.6127 0.8261
v 0.3415 7.5805 1.4212
v 0.2912 6.4928 1.3829
v 0.2483 6.463 1.4034
v 0.0374 7.0011 1.6434
v 0.2948 6.7418 1.4282
v 0.5352 7.0969 1.2808
v 0.563 7.0636 1.2505
v 0.486 7.1506 1.3137
v 0.5093 7.1826 1.2903
v 0.4706 7.0947 1.3384
v 0.508 7.1263 1.3006
v 0.1678 7.083 1.4551
v 0.411 7.0777 1.387
v 0.1176 7.185 1.4415
v 0.632 6.8146 0.9334
v 0.6072 6.7005 0.6967
v 0.6364 6.7219 0.7674
v 0.2158 6.2152 1.217
v 0.2231 6.2312 1.3031
v 0.4562 6.4483 1.1001
v 0.2907 6.2829 1.2487
v 0.3521 6.3342 1.1948
v 0.1472 6.1926 1.3453
v 0.0649 6.1747 1.3653
v 0.292 6.2577 1.1631
v 0.2224 6.2224 1.2696
v 0.2946 6.2688 1.2118
v 0.2619 6.2578 1.0239
v 0.2275 6.2524 0.9168
v 0.172 6.2211 0.9528
v 0.1967 6.2261 1.0632
v 0.3749 6.3561 0.8903
v 0.6525 6.8231 0.5952
v 0.5637 6.8145 0.4445
v 0.6041 7.0198 0.3002
v 0.5529 7.0052 0.1373
v 0.5109 6.9987 0.0314
v 0.4538 7.0034 -0.073
v 0.3779 7.0057 -0.157
v 0.2851 6.9941 -0.2139
v 0.6253 7.0908 0.2769
v 0.5724 7.1039 0.1115
v 0.5306 7.1107 0.0056
v 0.4702 7.121 -0.101
v 0.3952 7.1288 -0.1905
v 0.3079 7.1256 -0.2593
v 0.6503 7.1656 0.2646
v 0.6032 7.2125 0.0747
v 0.5546 7.2321 -0.0295
v 0.491 7.2498 -0.1348
v 0.4148 7.2647 -0.2306
v 0.3265 7.2684 -0.3031
v 0.7026 7.3519 0.2862
v 0.6513 7.4431 0.0729
v 0.5991 7.4904 -0.0452
v 0.5283 7.5315 -0.1531
v 0.4468 7.5647 -0.2584
v 0.3544 7.5913 -0.3295
v 0.729 7.4505 0.3421
v 0.7087 7.6416 0.1815
v 0.6615 7.7449 0.0846
v 0.5987 7.847 -0.0197
v 0.5124 7.9446 -0.1382
v 0.4048 8.011 -0.2012
v 0.4128 8.3912 0.6644
v 0.5333 8.2829 0.6464
v 0.5129 8.2441 0.8799
v 0.6467 7.8305 1.0103
v 0.6326 8.142 0.6218
v 0.7073 7.9778 0.5941
v 0.5609 7.9428 1.1079
v 0.7067 7.9505 0.4073
v 0.7443 7.7993 0.4428
v 0.7429 7.5394 0.5052
v 0.4425 8.0225 1.195
v 0.3127 8.0778 1.265
v 0.1595 7.9979 1.3813
v 0.0616 8.0101 1.3911
v 0.692 7.9616 0.7468
v 0.6182 8.1187 0.8167
v 0.7407 7.8148 0.5784
v 0.7306 7.8074 0.6939
v 0.055 6.166 1.2186
v 0.131 6.1866 1.1871
v 0.5362 6.7157 0.4753
v 0.2054 6.2166 1.1502
v 0.2808 6.2539 1.1008
v 0.339 6.2914 1.0529
v 0.5406 6.6689 0.5704
v 0.5394 6.6144 0.6584
v 0.5099 6.5342 0.7426
v 0.4398 6.4127 0.8904
v 0.4087 6.371 0.9502
v 0.4738 6.464 0.8222
v 0.5402 6.7637 0.3836
v 0.5853 7.0074 0.2297
v 0.6092 7.0964 0.197
v 0.6409 7.1844 0.1729
v 0.692 7.4 0.1884
v 0.7314 7.5409 0.2698
v 0.7521 7.655 0.4809
v 0.5975 8.0607 0.9572
v 0.6769 7.9237 0.864
v 0.7222 7.7849 0.7886
v 0.4851 8.1678 1.0415
v 0.0651 8.1239 1.3146
v 0.3535 8.2339 1.102
v 0.054 6.685 -0.1354
v 0.049 6.6005 -0.1164
v 0.0941 8.2749 1.1621
v 0.1497 8.0686 -0.2535
v 0.126 7.6282 -0.3872
v 0.0559 6.7532 -0.1475
v 0.1519 8.4771 0.6926
v 0.1747 8.4575 0.3073
v 0.1159 7.2609 -0.3713
v 0.102 7.1154 -0.3205
v 0.0762 6.991 -0.2536
v 0.1196 8.3974 0.9698
v 0.0475 6.3253 -0.1061
v 0.0461 6.4865 -0.0951
v 0.3554 6.3525 0.7607
v 0.3297 6.3282 0.8026
v 0.3058 6.271 0.6628
v 0.2751 6.2464 0.6972
v 0.1765 6.1908 0.7831
v 0.1323 6.1799 0.8137
v 0.1479 6.6761 -0.1324
v 0.2386 8.3787 0.9608
v 0.1519 6.7401 -0.1436
v 0.1794 6.9939 -0.2456
v 0.1372 6.477 -0.1098
v 0.2429 7.6127 -0.3705
v 0.2265 7.2627 -0.3541
v 0.209 7.1192 -0.305
v 0.279 8.0499 -0.2402
v 0.3019 8.4243 0.3057
v 0.1387 6.3132 -0.1207
v 0.2708 8.4542 0.6879
v 0.1409 6.5933 -0.118
v 0.2057 8.2615 1.147
v 0.3487 7.3318 1.389
v 0.3114 7.3316 1.3973
v 0.3806 7.3248 1.376
v 0.4067 7.3159 1.3602
v 0.4238 7.3088 1.3476
v 0.4297 7.3006 1.3437
v 0.434 7.2931 1.3409
v 0.435 7.2875 1.3389
v 0.4342 7.283 1.3386
v 0.4316 7.275 1.3412
v 0.4202 7.2676 1.3512
v 0.4009 7.2578 1.3647
v 0.3807 7.2493 1.3752
v 0.3497 7.2428 1.3877
v 0.3109 7.2415 1.3928
v 0.276 7.2442 1.3879
v 0.2438 7.2496 1.38
v 0.2178 7.2571 1.3676
v 0.272 7.3243 1.396
v 0.2353 7.3097 1.3848
v 0.2194 7.2952 1.3751
v 0.2087 7.2812 1.3697
v 0.203 7.2751 1.369
v 0.203 7.2683 1.3675
v 0.2108 7.2625 1.366
v 0.2139 7.2883 1.3724
v 0.3508 7.3255 1.3617
v 0.3141 7.325 1.368
v 0.3846 7.3209 1.3522
v 0.4066 7.317 1.3399
v 0.4217 7.3084 1.3277
v 0.428 7.3019 1.3218
v 0.4322 7.2943 1.3154
v 0.4335 7.2877 1.3109
v 0.4338 7.2816 1.3081
v 0.4347 7.2768 1.3077
v 0.4254 7.2662 1.3187
v 0.4017 7.2566 1.3362
v 0.3807 7.2519 1.3462
v 0.3528 7.2468 1.3554
v 0.3103 7.2467 1.3611
v 0.2774 7.2487 1.3573
v 0.2404 7.2546 1.3471
v 0.2222 7.2575 1.3421
v 0.2706 7.3184 1.3657
v 0.2354 7.3088 1.3574
v 0.2178 7.2988 1.348
v 0.2096 7.2827 1.3462
v 0.2048 7.2754 1.3457
v 0.2036 7.2715 1.3456
v 0.2081 7.265 1.3445
v 0.2146 7.2904 1.3461
v 0.3512 7.3748 1.3641
v 0.3087 7.3751 1.371
v 0.3865 7.3654 1.3528
v 0.4121 7.3522 1.3403
v 0.4298 7.3367 1.329
v 0.4407 7.3218 1.3209
v 0.4476 7.3071 1.3146
v 0.4513 7.2931 1.3105
v 0.4524 7.2794 1.3089
v 0.451 7.2665 1.31
v 0.4383 7.2406 1.3229
v 0.42 7.222 1.337
v 0.3939 7.205 1.3506
v 0.3555 7.1918 1.3629
v 0.3018 7.1882 1.3688
v 0.2597 7.1949 1.3643
v 0.2294 7.2057 1.3554
v 0.1983 7.2262 1.3405
v 0.2632 7.364 1.3704
v 0.2253 7.3443 1.362
v 0.2005 7.3228 1.3508
v 0.1794 7.2874 1.3326
v 0.1765 7.2731 1.3271
v 0.1776 7.2597 1.3273
v 0.1838 7.2438 1.3313
v 0.1867 7.3036 1.3411
v 0.3512 7.4102 1.3266
v 0.3044 7.4128 1.3329
v 0.3895 7.3968 1.3171
v 0.418 7.378 1.3066
v 0.4377 7.3573 1.2966
v 0.4504 7.337 1.2885
v 0.4582 7.3174 1.2822
v 0.4623 7.2984 1.278
v 0.4634 7.2793 1.2764
v 0.4617 7.2611 1.2775
v 0.4495 7.2261 1.2875
v 0.4325 7.2013 1.2981
v 0.4042 7.1763 1.31
v 0.3603 7.156 1.3217
v 0.3007 7.1498 1.3276
v 0.2524 7.16 1.3247
v 0.2209 7.1755 1.3185
v 0.1864 7.2069 1.3081
v 0.2545 7.4005 1.3335
v 0.2124 7.375 1.3279
v 0.1849 7.3449 1.3192
v 0.164 7.2937 1.3074
v 0.1625 7.2735 1.3056
v 0.1645 7.254 1.3036
v 0.1717 7.2316 1.3033
v 0.1703 7.3172 1.3112
v 0.3484 7.4299 1.2864
v 0.3004 7.4336 1.2908
v 0.3879 7.4151 1.2797
v 0.4177 7.3942 1.2718
v 0.4388 7.371 1.2639
v 0.4527 7.3476 1.257
v 0.4614 7.3248 1.2513
v 0.466 7.3021 1.2474
v 0.4672 7.2793 1.2456
v 0.4652 7.2575 1.2459
v 0.4528 7.2176 1.252
v 0.436 7.19 1.259
v 0.4069 7.1613 1.2678
v 0.3611 7.1375 1.2768
v 0.2991 7.1301 1.2827
v 0.2495 7.1417 1.2827
v 0.2176 7.159 1.2801
v 0.1809 7.1953 1.2753
v 0.2496 7.4215 1.2916
v 0.206 7.3944 1.2887
v 0.1768 7.3603 1.2838
v 0.1547 7.2993 1.2757
v 0.1536 7.2749 1.2735
v 0.1564 7.2515 1.2725
v 0.1647 7.2245 1.2732
v 0.1612 7.3275 1.2792
v 0.3444 7.437 1.2547
v 0.2975 7.4404 1.2575
v 0.3837 7.4225 1.25
v 0.4139 7.4016 1.2443
v 0.4357 7.3779 1.2382
v 0.4505 7.3534 1.2326
v 0.4598 7.329 1.2278
v 0.4648 7.3044 1.2243
v 0.466 7.2795 1.2223
v 0.4637 7.2561 1.2219
v 0.4508 7.2147 1.2251
v 0.434 7.1866 1.2293
v 0.405 7.1572 1.2352
v 0.3592 7.1327 1.2419
v 0.2976 7.125 1.2478
v 0.2489 7.1364 1.2502
v 0.2176 7.1535 1.2503
v 0.1801 7.1906 1.2494
v 0.2482 7.4286 1.2583
v 0.2055 7.4024 1.2571
v 0.1758 7.3684 1.2551
v 0.1518 7.3037 1.2515
v 0.1505 7.2769 1.2503
v 0.1536 7.2511 1.2495
v 0.1627 7.2217 1.2492
v 0.1591 7.3342 1.2531
v 0.3403 7.4379 1.23
v 0.1505 7.2794 1.2317
v 0.3788 7.4244 1.2269
v 0.1779 7.3721 1.2326
v 0.4312 7.3809 1.2183
v 0.4465 7.3563 1.214
v 0.4616 7.3061 1.2068
v 0.4628 7.2804 1.2047
v 0.2484 7.1373 1.2256
v 0.4472 7.2153 1.2048
v 0.4305 7.1877 1.2068
v 0.4017 7.1585 1.2103
v 0.3563 7.1342 1.2152
v 0.2959 7.1263 1.2212
v 0.4603 7.2565 1.2039
v 0.218 7.1537 1.2277
v 0.1807 7.1903 1.2291
v 0.4563 7.3314 1.2101
v 0.2073 7.4045 1.2328
v 0.2481 7.4292 1.2327
v 0.409 7.4043 1.2228
v 0.1524 7.3074 1.2321
v 0.2951 7.4406 1.2319
v 0.1536 7.2523 1.2311
v 0.1629 7.2219 1.23
v 0.1605 7.3385 1.2324
v 0.3362 7.4354 1.2077
v 0.1527 7.2822 1.214
v 0.3733 7.4232 1.2057
v 0.1819 7.3733 1.212
v 0.4254 7.3817 1.1998
v 0.4411 7.3577 1.1967
v 0.4566 7.3079 1.1905
v 0.4579 7.2821 1.1881
v 0.248 7.1419 1.2028
v 0.4422 7.2184 1.186
v 0.4256 7.1916 1.186
v 0.3971 7.1631 1.1875
v 0.3526 7.1395 1.1909
v 0.294 7.1317 1.1969
v 0.4554 7.2583 1.187
v 0.2186 7.1574 1.2067
v 0.1823 7.1928 1.21
v 0.4511 7.3332 1.1935
v 0.2102 7.4033 1.211
v 0.2488 7.4262 1.2097
v 0.403 7.4044 1.2029
v 0.1552 7.3105 1.2136
v 0.2931 7.4373 1.2087
v 0.1553 7.2548 1.2134
v 0.1645 7.2244 1.2117
v 0.1642 7.3413 1.2128
v 0.332 7.429 1.1846
v 0.1578 7.2851 1.1935
v 0.3666 7.4185 1.1834
v 0.1883 7.372 1.1898
v 0.4173 7.3801 1.1792
v 0.433 7.3573 1.1774
v 0.4483 7.3098 1.1717
v 0.4495 7.2845 1.1691
v 0.2488 7.1508 1.1782
v 0.4343 7.2238 1.1654
v 0.4178 7.1986 1.1637
v 0.3899 7.1715 1.1637
v 0.3477 7.1495 1.1659
v 0.2927 7.1419 1.1714
v 0.4472 7.2614 1.1679
v 0.2207 7.1648 1.1835
v 0.1859 7.1983 1.1882
v 0.443 7.3341 1.1749
v 0.2148 7.3988 1.188
v 0.2506 7.4194 1.1859
v 0.395 7.4014 1.1813
v 0.1611 7.3126 1.1924
v 0.2919 7.4299 1.1848
v 0.1599 7.2586 1.1929
v 0.1688 7.2291 1.1905
v 0.1708 7.3423 1.191
v 0.3278 7.4157 1.1573
v 0.1699 7.288 1.1655
v 0.358 7.4072 1.1566
v 0.2004 7.3665 1.1618
v 0.4042 7.3734 1.1534
v 0.4192 7.3533 1.1525
v 0.4329 7.3104 1.1473
v 0.4339 7.287 1.1448
v 0.2537 7.1668 1.1491
v 0.4199 7.2324 1.1408
v 0.4041 7.2103 1.1382
v 0.3784 7.1864 1.1373
v 0.3412 7.1672 1.1387
v 0.2931 7.1602 1.1428
v 0.432 7.2658 1.1438
v 0.2277 7.1783 1.1548
v 0.1958 7.2083 1.1595
v 0.4284 7.3326 1.1505
v 0.2241 7.3892 1.1601
v 0.2558 7.4065 1.1577
v 0.3834 7.3924 1.1548
v 0.174 7.3133 1.1641
v 0.2925 7.4158 1.1569
v 0.1715 7.2638 1.1649
v 0.1799 7.2367 1.162
v 0.184 7.3404 1.1626
v 0.3378 7.2421 1.0915
v 0.3306 7.2311 1.0938
v 0.3237 7.2209 1.0968
v 0.3037 7.2178 1.0975
v 0.3452 7.2735 1.088
v 0.2869 7.2318 1.0935
v 0.2758 7.2491 1.0906
v 0.3431 7.3156 1.0906
v 0.2835 7.3492 1.1001
v 0.2934 7.3575 1.1028
v 0.3289 7.35 1.0997
v 0.2654 7.3101 1.0918
v 0.3025 7.3647 1.1062
v 0.2638 7.2802 1.0899
v 0.2684 7.2645 1.0897
v 0.2699 7.325 1.0941
v 0.3455 7.2619 1.0892
v 0.2816 7.2391 1.092
v 0.2344 7.2114 1.1216
v 0.3983 7.2578 1.1136
v 0.2137 7.3333 1.1254
v 0.2091 7.2488 1.1234
v 0.2016 7.2709 1.1257
v 0.2965 7.3902 1.1257
v 0.2047 7.3115 1.1257
v 0.3634 7.3726 1.1231
v 0.2694 7.3828 1.1252
v 0.2454 7.3704 1.1258
v 0.3989 7.3257 1.1187
v 0.2221 7.2258 1.1221
v 0.2475 7.2023 1.12
v 0.4014 7.2713 1.1138
v 0.2971 7.19 1.1141
v 0.3329 7.1955 1.1119
v 0.3595 7.2101 1.1106
v 0.379 7.2281 1.1108
v 0.3918 7.2447 1.1125
v 0.2679 7.1944 1.117
v 0.4026 7.2886 1.1143
v 0.402 7.3077 1.1162
v 0.2498 6.2246 0.7236
v 0.3036 6.3007 0.8416
v 0.3488 6.3212 0.9364
v 0.377 6.3338 1.0023
v 0.4025 6.3443 1.0562
v 0.4109 6.3639 1.1033
v 0.4049 6.3886 1.145
v 0.3194 6.522 1.3701
v 0.2894 6.5526 1.3961
v 0.2795 6.5647 1.4033
v 0.2562 6.5891 1.4165
v 0.2496 6.5956 1.4174
v 0.2454 6.6 1.4194
v 0.2415 6.6034 1.421
v 0.2388 6.606 1.4176
v 0.2367 6.6081 1.4095
v 0.2377 6.6099 1.3942
v 0.2445 6.6105 1.3726
v 0.2427 6.6035 1.3585
v 0.2448 6.5925 1.3487
v 0.2472 6.586 1.3389
v 0.2552 6.5757 1.3164
v 0.2784 6.5716 1.2669
v 0.2994 6.574 1.1638
v 0.3297 6.5818 1.0091
v 0.3158 6.5835 0.8143
v 0.2617 6.5846 0.5995
v 0.1892 6.5904 0.5667
v 0.1975 6.659 0.5647
v 0.289 6.7401 0.641
v 0.3234 6.8108 0.8164
v 0.3235 6.8444 1.0174
v 0.281 6.8139 1.1934
v 0.2594 6.771 1.2986
v 0.2366 6.7272 1.3501
v 0.2286 6.6922 1.3681
v 0.2274 6.6633 1.375
v 0.2282 6.6356 1.3793
v 0.2304 6.6217 1.3957
v 0.2315 6.6155 1.4109
v 0.2351 6.612 1.4214
v 0.2399 6.6112 1.4263
v 0.2443 6.6116 1.4273
v 0.249 6.6119 1.4262
v 0.2575 6.6136 1.4252
v 0.2652 6.6148 1.422
v 0.2863 6.6273 1.4142
v 0.2997 6.6336 1.4075
v 0.6472 7.282 1.0577
v 0.6302 7.3541 1.0902
v 0.6054 7.424 1.1442
v 0.5714 7.4875 1.2133
v 0.5148 7.5462 1.2847
v 0.4384 7.5899 1.3549
v 0.3462 7.6214 1.4155
v 0.2505 7.6438 1.4644
v 0.1546 7.6553 1.5029
v 0.061 7.6578 1.5214
v 0.3096 7.3374 1.4127
v 0.3473 7.3383 1.4077
v 0.3824 7.3332 1.4005
v 0.4103 7.3242 1.3889
v 0.4295 7.3143 1.3781
v 0.4392 7.305 1.369
v 0.4438 7.2978 1.3612
v 0.4448 7.2899 1.355
v 0.4428 7.2826 1.3539
v 0.4388 7.2753 1.3548
v 0.425 7.2618 1.3647
v 0.4106 7.2512 1.3741
v 0.3905 7.2421 1.3858
v 0.3522 7.235 1.4001
v 0.3109 7.2338 1.4028
v 0.2738 7.2367 1.3983
v 0.2382 7.2423 1.392
v 0.2012 7.2507 1.3821
v 0.2701 7.3295 1.4076
v 0.2333 7.3164 1.3977
v 0.2067 7.3004 1.3967
v 0.1789 7.2826 1.3975
v 0.1717 7.2759 1.3885
v 0.1704 7.2676 1.3822
v 0.1756 7.2598 1.3816
v 0.1899 7.29 1.3965
v 0.1553 7.2505 1.3949
v 0.2217 7.3393 1.4072
v 0.1902 7.319 1.4045
v 0.3916 7.358 1.3859
v 0.4544 7.3279 1.3543
v 0.4678 7.3139 1.3414
v 0.4733 7.3013 1.3316
v 0.4747 7.2892 1.3264
v 0.4741 7.2764 1.3251
v 0.4529 7.2326 1.3344
v 0.4701 7.2621 1.3223
v 0.3642 7.1937 1.3842
v 0.4037 7.2032 1.3657
v 0.3178 7.192 1.3967
v 0.2672 7.1966 1.398
v 0.1764 7.2308 1.3853
v 0.2245 7.2075 1.3934
v 0.433 7.217 1.3521
v 0.1718 7.3036 1.4033
v 0.152 7.2646 1.4022
v 0.1606 7.2896 1.404
v 0.1542 7.2773 1.4045
v 0.2627 7.3555 1.4077
v 0.3499 7.3652 1.402
v 0.3073 7.3643 1.4084
v 0.4284 7.3444 1.3712
v 0.3489 6.9519 1.4254
v 0.0949 6.9435 1.6321
v 0.1729 6.8944 1.489
v 0.0334 6.9424 1.6716
v 0.0648 6.944 1.6586
v 0.1619 6.919 1.5348
v 0.1713 6.9033 1.509
v 0.1216 6.9403 1.6052
v 0.2136 7.0547 1.4478
v 0.283 7.0134 1.4491
v 0.334 7.0395 1.4313
v 0.2425 7.0794 1.4417
v 0.0347 7.141 1.5487
v 0.0643 7.1268 1.5321
v 0.4973 6.9449 1.317
v 0.5497 6.9821 1.2637
v 0.2374 6.9129 1.4551
v 0.2744 6.858 1.4431
v 0.171 6.9319 1.4881
v 0.0674 6.9975 1.628
v 0.0185 6.7749 1.565
v 0.0889 6.7863 1.5351
v 0.0374 6.7794 1.5593
v 0.2282 6.8445 1.4587
v 0.4518 7.2551 1.3376
v 0.4406 7.2629 1.3495
v 0.4295 7.2712 1.3613
v 0.212 7.2385 1.3875
v 0.2218 7.252 1.3842
v 0.2067 7.2296 1.3879
v 0.1851 7.2042 1.3889
v 0.4784 7.2394 1.3125
v 0.1743 7.1878 1.407
v 0.4995 7.2271 1.2985
v 0.1819 7.1079 1.4383
v 0.5467 7.1934 1.252
v 0.1362 7.004 1.5085
v 0.5763 7.1741 1.225
v 0.105 7.1691 1.4622
v 0.6007 7.1524 1.1912
v 0.6796 6.9961 0.8807
v 0.1397 6.9866 1.5353
v 0.1419 6.9689 1.5522
v 0.1418 6.9154 1.5735
v 0.1446 6.9513 1.5632
v 0.6924 6.9527 0.7108
v 0.6871 6.9589 0.7678
v 0.5223 7.2117 1.2758
v 0.1403 7.1364 1.4467
v 0.4267 7.2712 1.3461
v 0.227 7.2537 1.3727
v 0.43 7.2715 1.3132
v 0.2293 7.256 1.3435
v 0.4466 7.2544 1.3149
v 0.2123 7.2149 1.3478
v 0.4576 7.2448 1.281
v 0.2021 7.1897 1.3131
v 0.4608 7.2386 1.248
v 0.198 7.1752 1.2775
v 0.459 7.2362 1.2229
v 0.198 7.1698 1.2499
v 0.4555 7.2365 1.204
v 0.1987 7.1696 1.2286
v 0.4505 7.2388 1.1864
v 0.1999 7.1726 1.2087
v 0.4425 7.243 1.1669
v 0.2028 7.1788 1.1864
v 0.4278 7.2493 1.1429
v 0.2112 7.1904 1.158
v 0.3917 7.3422 1.1205
v 0.3796 7.358 1.1216
v 0.2269 7.3536 1.1259
v 0.3447 7.384 1.1251
v 0.2005 7.2908 1.1264
v 0.3232 7.3906 1.1264
v 0.4331 7.2685 1.3583
v 0.2179 7.2467 1.3863
v 0.4639 7.2475 1.3245
v 0.1971 7.218 1.3871
v 0.1466 6.9329 1.5668
v 0.1618 7.1705 1.4211
v 0.4689 6.9935 1.3472
v 0.1222 6.7908 1.5171
v 0.1857 6.8348 1.4708
v 0.164 6.8001 1.4923
v 0.0604 6.7836 1.5474
v 0.1757 6.8899 1.4694
v 0.3642 6.702 1.3771
v 0.3392 6.7543 1.4028
v 0.3301 6.5598 1.3716
v 0.3328 6.599 1.3782
v 0.3221 6.6394 1.3931
v 0.3005 6.6785 1.4164
v 0.2012 6.8982 1.4623
v 0.2881 6.9327 1.4479
v 0.3255 6.8759 1.4218
v 0.3253 6.6909 1.3973
v 0.3851 6.8959 1.3979
v 0.5396 6.8469 1.2375
v 0.5819 6.8923 1.1801
v 0.5503 6.7903 1.1837
v 0.5905 6.8425 1.1234
v 0.35 6.6443 1.3741
v 0.3607 6.5936 1.3544
v 0.0676 6.3331 1.4894
v 0.1362 6.3502 1.4619
v 0.199 6.3798 1.4203
v 0.258 6.4162 1.3825
v 0.3074 6.4555 1.3526
v 0.3371 6.497 1.3416
v 0.3541 6.5439 1.3431
v 0.2806 6.3387 1.3327
v 0.2198 6.2877 1.3779
v 0.1512 6.2503 1.4211
v 0.0759 6.2327 1.4424
v 0.4012 6.5127 1.2651
v 0.3717 6.4489 1.269
v 0.3314 6.3918 1.2939
v 0.4203 6.6518 1.3134
v 0.4183 6.5831 1.2828
v 0.5853 7.0256 1.2159
v 0.6157 6.9493 1.1288
v 0.6238 6.9059 1.0719
v 0.6094 7.0755 1.1765
v 0.6369 7.0106 1.0872
v 0.6478 6.9751 1.0308
v 0.6221 7.1277 1.15
v 0.6486 7.0748 1.0587
v 0.6606 7.048 1.0028
v 0.6248 7.1799 1.1372
v 0.6539 7.1417 1.0447
v 0.6664 7.1234 0.9892
v 0.6232 7.2322 1.1362
v 0.6545 7.2113 1.045
v 0.6684 7.2016 0.9904
v 0.3674 7.722 1.387
v 0.5518 7.6212 1.2279
v 0.0605 7.7675 1.4941
v 0.16 7.7672 1.4763
v 0.6757 7.2836 0.9518
v 0.2608 7.7507 1.4389
v 0.4688 7.6793 1.3165
v 0.6595 7.3793 0.9949
v 0.6371 7.4697 1.0536
v 0.6063 7.5489 1.1373
v 0.6788 7.105 0.9307
v 0.6824 7.1932 0.9359
v 0.6718 7.0209 0.9421
v 0.6586 6.9395 0.9698
v 0.6306 6.8612 1.0068
v 0.5974 6.7871 1.0551
v 0.3877 6.5884 1.3243
v 0.5558 6.7241 1.1216
v 0.2546 7.1251 1.4238
v 0.2703 6.3698 1.3583
v 0.3779 6.5276 1.3063
v 0.21 6.3279 1.4032
v 0.0721 6.2773 1.4686
v 0.1467 6.2933 1.4487
v 0.3546 6.4719 1.3073
v 0.3184 6.4208 1.3262
v 0.3827 6.6489 1.3511
v 0.3236 7.1121 1.4116
v 0.0717 6.2082 1.4229
v 0.1506 6.2287 1.3991
v 0.2197 6.265 1.3568
v 0.2822 6.316 1.3088
v 0.342 6.3682 1.2606
v 0.388 6.4286 1.2295
v 0.4247 6.4983 1.2166
v 0.4555 6.5769 1.2187
v 0.513 7.7996 1.2336
v 0.5977 7.7181 1.1338
v 0.3979 7.8535 1.3143
v 0.2794 7.8928 1.3867
v 0.6637 7.519 0.9597
v 0.6439 7.6209 1.0421
v 0.6944 7.0747 0.831
v 0.6963 7.1793 0.8429
v 0.6875 7.2891 0.8658
v 0.6656 6.8737 0.831
v 0.6759 7.4083 0.8958
v 0.5537 6.5792 0.9688
v 0.5981 6.6629 0.8951
v 0.6339 6.7604 0.8453
v 0.0627 7.9172 1.4416
v 0.1569 7.9109 1.429
v 0.6824 6.973 0.8292
v 0.1339 7.1981 1.4261
v 0.1969 7.1465 1.4224
v 0.327 7.0815 1.42
v 0.2384 6.9838 1.455
v 0.1908 7.023 1.4578
v 0.1416 7.0264 1.4881
v 0.1531 7.0535 1.47
v 0.1171 7.0511 1.514
v 0.1227 7.0806 1.4911
v 0.0919 7.0715 1.5384
v 0.0942 7.1055 1.5132
v 0.2657 6.7257 1.4455
v 0.4284 7.5534 1.3656
v 0.5016 7.5142 1.3026
v 0.5562 7.4629 1.2394
v 0.5906 7.4069 1.1789
v 0.6143 7.3462 1.132
v 0.6313 7.284 1.1039
v 0.1529 7.605 1.5063
v 0.0601 6.8474 -0.1831
v 0.1596 6.8457 -0.1787
v 0.2663 6.8354 -0.1629
v 0.3585 6.8314 -0.1106
v 0.4374 6.8259 -0.0366
v 0.491 6.8269 0.0789
v 0.5313 6.837 0.2001
v 0.5565 6.8685 0.2919
v 0.5737 6.9028 0.3597
v 0.5715 6.8531 0.3925
v 0.5466 6.8114 0.3331
v 0.4852 6.7613 0.1028
v 0.4363 6.7613 -0.0135
v 0.3541 6.768 -0.0985
v 0.2592 6.7787 -0.1467
v 0.1566 6.7957 -0.1603
v 0.0579 6.8029 -0.1661
v 0.519 6.7708 0.2394
v 0.3904 6.768 1.3746
v 0.4396 6.7861 1.339
v 0.4105 6.7113 1.3456
v 0.4561 6.726 1.3001
v 0.4627 6.6568 1.2581
v 0.0671 6.186 1.3931
v 0.1479 6.2047 1.3714
v 0.2223 6.2432 1.3276
v 0.2882 6.2966 1.276
v 0.3489 6.3506 1.2285
v 0.3992 6.4105 1.1874
v 0.4451 6.482 1.1575
v 0.4984 6.5782 1.1305
v 0.5072 6.6769 1.1904
v 0.5038 6.7494 1.2464
v 0.4929 6.8105 1.2936
v 0.2505 7.1026 1.4335
v 0.4415 6.9187 1.3619
v 0.4001 6.9741 1.3914
v 0.1922 7.1282 1.4315
v 0.1505 7.1544 1.4326
v 0.3434 7.2524 1.0903
v 0.2947 7.2247 1.0952
v 0.3446 7.2873 1.0876
v 0.3441 7.3018 1.0885
v 0.3403 7.3284 1.0933
v 0.3352 7.3399 1.0963
v 0.2757 7.3384 1.0971
v 0.3228 7.3581 1.103
v 0.263 7.2951 1.0906
v 0.3174 7.3651 1.1066
v 0.2474 7.5971 1.4697
v 0.0625 7.6057 1.5264
v 0.2605 6.7911 1.4444
v 0.309 6.805 1.4232
v 0.5174 6.8972 1.2747
v 0.5673 6.9391 1.2261
v 0.6047 6.9888 1.1778
v 0.6255 7.0434 1.1377
v 0.6351 7.1014 1.1077
v 0.6387 7.1609 1.0956
v 0.6383 7.2218 1.0939
v 0.2297 6.7759 1.4643
v 0.4158 6.8411 1.3714
v 0.3629 6.8226 1.4008
v 0.4691 6.8653 1.3304
v 0.1018 6.7424 1.5479
v 0.1311 6.4969 1.4946
v 0.0536 6.4841 1.5131
v 0.2614 6.5832 1.4147
v 0.2715 6.6198 1.4203
v 0.1731 6.7153 1.5094
v 0.1678 6.7546 1.5023
v 0.0185 6.7535 1.5689
v 0.0409 6.7588 1.5645
v 0.0667 6.7636 1.553
v 0.095 6.7665 1.538
v 0.0928 6.8064 1.4486
v 0.0922 6.7507 1.4718
v 0.0963 6.7072 1.4758
v 0.1004 6.6617 1.4764
v 0.1453 6.6894 1.5479
v 0.1424 6.6786 1.5485
v 0.134 6.6383 1.5383
v 0.1438 6.7052 1.5442
v 0.148 6.941 0.8298
v 0.1556 6.9802 1.0279
v 0.1108 6.9531 1.2282
v 0.1008 6.8816 1.3669
v 0.1085 6.629 1.4911
v 0.1094 6.6193 1.5003
v 0.1381 6.6581 1.5424
v 0.1288 6.6148 1.5361
v 0.1291 6.7639 1.5213
v 0.1358 6.734 1.528
v 0.0904 6.688 0.5716
v 0.1199 6.8306 0.6701
v 0.6387 7.9999 0.1434
v 0.7466 7.6047 0.3576
v 0.1696 8.2975 -0.045
v 0.3043 8.2673 -0.0299
v 0.7194 7.341 0.3701
v 0.379 7.7872 -0.2993
v 0.4796 7.7443 -0.2261
v 0.6808 7.5439 0.1073
v 0.7175 7.408 0.3081
v 0.5616 7.6829 -0.1067
v 0.6301 7.6164 0.0013
v 0.7104 7.472 0.2224
v 0.1389 7.8254 -0.3578
v 0.2621 7.813 -0.3436
v 0.6917 7.2526 0.3318
v 0.6288 7.3377 0.0561
v 0.6826 7.2912 0.2601
v 0.4284 7.4129 -0.2642
v 0.5082 7.3928 -0.1662
v 0.5759 7.3667 -0.0559
v 0.336 7.4254 -0.3279
v 0.6705 7.3175 0.1632
v 0.1142 7.4354 -0.3882
v 0.2278 7.4298 -0.3715
v 0.6951 7.5771 0.8545
v 0.749 7.6713 0.5736
v 0.7399 7.6635 0.661
v 0.7274 7.6428 0.7364
v 0.6984 7.4427 0.807
v 0.74 7.5479 0.5746
v 0.7343 7.5406 0.6403
v 0.7213 7.5164 0.7061
v 0.7048 7.2982 0.7574
v 0.7322 7.4481 0.577
v 0.7281 7.4384 0.6269
v 0.7192 7.4112 0.6785
v 0.6226 6.8372 0.5262
v 0.6058 6.8684 0.4731
v 0.6328 7.036 0.3577
v 0.6108 6.9378 0.4058
v 0.6042 6.8973 0.439
v 0.7037 7.1669 0.7447
v 0.7092 7.0446 0.6429
v 0.8224 7.3475 0.4834
v 0.7204 6.9045 0.6128
v 0.7852 7.3438 0.5481
v 0.8506 7.3134 0.4059
v 0.8566 7.2535 0.3663
v 0.8109 7.102 0.3558
v 0.8355 7.1602 0.3442
v 0.7442 6.8525 0.5724
v 0.7084 6.9745 0.6333
v 0.8565 7.2842 0.3853
v 0.8531 7.216 0.354
v 0.7141 7.1672 0.6576
v 0.7514 7.3221 0.5774
v 0.7275 7.2882 0.6077
v 0.7227 7.2537 0.6335
v 0.7492 6.8572 0.5198
v 0.7432 6.8798 0.486
v 0.7827 7.0454 0.3707
v 0.7617 6.9666 0.4108
v 0.7495 6.9175 0.4435
v 0.7123 7.1093 0.654
v 0.7296 7.0492 0.6189
v 0.842 7.3293 0.483
v 0.726 6.9307 0.5986
v 0.805 7.3232 0.5506
v 0.8719 7.3089 0.421
v 0.8793 7.2405 0.3754
v 0.8334 7.1048 0.36
v 0.8535 7.157 0.3544
v 0.7381 6.8988 0.567
v 0.7316 6.9908 0.617
v 0.8789 7.2699 0.3923
v 0.8725 7.2053 0.3646
v 0.7213 7.1519 0.6305
v 0.7783 7.3061 0.5789
v 0.7562 7.2641 0.602
v 0.7397 7.2332 0.6156
v 0.7512 6.8967 0.529
v 0.7565 6.9091 0.4903
v 0.814 7.0583 0.3729
v 0.7891 6.9884 0.4143
v 0.7671 6.9346 0.4569
v 0.7199 7.1027 0.6275
v 0.7468 7.0476 0.6024
v 0.8365 7.3162 0.4832
v 0.7284 6.9529 0.5871
v 0.8089 7.3035 0.5521
v 0.8666 7.2959 0.431
v 0.8691 7.23 0.3885
v 0.8401 7.0993 0.3735
v 0.8577 7.1536 0.3749
v 0.7385 6.927 0.56
v 0.741 7.0062 0.5986
v 0.8744 7.2613 0.4019
v 0.8637 7.1937 0.3785
v 0.729 7.141 0.6129
v 0.7818 7.2788 0.5755
v 0.7606 7.2472 0.5938
v 0.7484 7.2172 0.606
v 0.7477 6.9204 0.5276
v 0.7591 6.9293 0.4949
v 0.8208 7.0695 0.3863
v 0.7939 7.0035 0.4252
v 0.7732 6.955 0.4626
v 0.728 7.0973 0.609
v 0.7178 7.0609 0.582
v 0.8126 7.2892 0.4833
v 0.6874 6.9946 0.5713
v 0.7712 7.285 0.5345
v 0.8234 7.279 0.444
v 0.8403 7.2183 0.4067
v 0.8178 7.0964 0.4059
v 0.8285 7.141 0.3996
v 0.7386 6.9659 0.5504
v 0.6989 7.0263 0.5791
v 0.8597 7.2517 0.4219
v 0.8415 7.1845 0.4009
v 0.736 7.1289 0.5941
v 0.7557 7.2667 0.5525
v 0.7466 7.2256 0.5753
v 0.7425 7.1956 0.5865
v 0.7472 6.9595 0.5255
v 0.7587 6.9684 0.4991
v 0.8042 7.0771 0.4098
v 0.7851 7.0278 0.4405
v 0.7709 6.9832 0.4736
v 0.7257 7.0947 0.5897
v 0.6865 7.0837 0.5632
v 0.7933 7.2306 0.4978
v 0.6872 7.052 0.5323
v 0.7588 7.2327 0.5225
v 0.8197 7.2219 0.481
v 0.8354 7.1962 0.4529
v 0.8154 7.1153 0.4351
v 0.8254 7.1361 0.4361
v 0.7013 7.0358 0.5178
v 0.6811 7.0668 0.5501
v 0.8301 7.2119 0.4665
v 0.8358 7.1702 0.443
v 0.7324 7.1199 0.5738
v 0.7414 7.2236 0.5432
v 0.7406 7.1965 0.5554
v 0.7344 7.1664 0.5626
v 0.7256 7.026 0.5066
v 0.7676 7.022 0.4964
v 0.8096 7.0946 0.4406
v 0.7899 7.0508 0.4655
v 0.7794 7.0301 0.4828
v 0.7109 7.1001 0.5688
v 0.7439 7.1263 0.5534
v 0.78 7.0944 0.4614
v 0.7909 7.0833 0.4564
v 0.7399 7.1341 0.5631
v 0.7093 7.1014 0.5558
v 0.7651 7.0497 0.4784
v 0.7757 7.0653 0.4637
v 0.7995 7.1019 0.45
v 0.74 7.044 0.4857
v 0.7142 7.0478 0.4924
v 0.7334 7.1519 0.553
v 0.7332 7.1734 0.5431
v 0.7563 7.1975 0.5378
v 0.7314 7.1159 0.5646
v 0.823 7.1639 0.4564
v 0.8162 7.191 0.4765
v 0.6922 7.0764 0.5351
v 0.7053 7.0541 0.5089
v 0.8152 7.136 0.449
v 0.8087 7.1191 0.4487
v 0.8215 7.1807 0.4659
v 0.8083 7.1983 0.4896
v 0.064 6.9013 -0.2039
v 0.1627 6.9047 -0.2003
v 0.2706 6.9041 -0.1804
v 0.5759 8.0001 1.0417
v 0.4583 8.0922 1.1298
v 0.3646 6.9074 -0.1303
v 0.6613 7.8798 0.9444
v 0.7051 7.7485 0.8607
v 0.4432 6.9044 -0.0508
v 0.3301 8.1536 1.1938
v 0.0796 8.2067 1.2477
v 0.4987 6.9081 0.0566
v 0.5698 6.9348 0.2576
v 0.5867 6.9589 0.3259
v 0.1848 8.1866 1.2343
v 0.5392 6.9134 0.174
v 0.7131 7.6112 0.7985
v 0.7095 7.4826 0.7575
v 0.7108 7.3681 0.7193
v 0.6216 6.9859 0.3787
v 0.7169 7.2151 0.6499
v 0.7722 7.006 0.3907
v 0.7281 7.1954 0.6272
v 0.8015 7.0233 0.3936
v 0.7368 7.181 0.6126
v 0.8062 7.0324 0.4077
v 0.742 7.1631 0.5938
v 0.7945 7.0498 0.4254
v 0.7398 7.1428 0.5717
v 0.8001 7.0729 0.4509
v 0.7807 7.2063 0.5254
v 0.696 7.0637 0.5226
v 0.7986 7.2026 0.5045
v 0.6926 7.0893 0.5454
v 0.7695 7.2617 0.5278
v 0.7137 7.0979 0.5786
v 0.6851 7.0758 0.5748
v 0.7903 7.0381 0.4579
v 0.7744 7.0025 0.4791
v 0.7417 7.208 0.562
v 0.7544 7.2478 0.5444
v 0.675 7.0536 0.5631
v 0.8396 7.2103 0.4326
v 0.8434 7.1786 0.4207
v 0.7491 6.9949 0.5247
v 0.717 7.0067 0.5361
v 0.7334 7.1229 0.5816
v 0.7356 7.1785 0.5709
v 0.8316 7.2376 0.4478
v 0.8259 7.2495 0.4673
v 0.8172 7.1095 0.4185
v 0.8243 7.1357 0.4157
v 0.8114 7.0876 0.423
v 0.7661 6.9928 0.5012
v 0.6816 7.0303 0.5493
v 0.8125 7.2614 0.4902
v 0.7401 7.1504 0.5795
v 0.8016 7.0631 0.4412
v 0.7615 7.0775 0.4786
v 0.7249 7.0971 0.53
v 0.7495 7.1281 0.533
v 0.7266 7.1375 0.5211
v 0.783 7.1805 0.4906
v 0.7717 6.9758 0.4699
v 0.7306 7.0954 0.5963
v 0.8104 7.3009 0.4833
v 0.7394 7.1695 0.5242
v 0.7333 7.1101 0.5545
v 0.8652 7.2552 0.4143
v 0.7474 7.205 0.5964
v 0.7427 7.0565 0.586
v 0.739 6.9485 0.5557
v 0.7427 7.0597 0.4824
v 0.7326 7.0623 0.4924
v 0.8051 7.1597 0.4673
v 0.7939 7.1753 0.4822
v 0.7784 7.1425 0.4633
v 0.7729 7.1837 0.5007
v 0.7018 7.0924 0.5258
v 0.7698 7.1323 0.4606
v 0.7749 7.1598 0.4762
v 0.7088 7.1018 0.5407
v 0.7593 7.0655 0.4756
v 0.7712 7.0785 0.4675
v 0.7819 7.1107 0.455
v 0.7325 7.1375 0.5427
v 0.7262 7.1511 0.5303
v 0.78 7.1548 0.4689
v 0.7687 7.1637 0.4845
v 0.7548 7.0697 0.4849
v 0.752 7.0737 0.4916
v 0.8004 7.0469 0.4232
v 0.7413 7.1706 0.6022
v 0.7059 7.0852 0.5203
v 0.722 7.0694 0.5021
v 0.7989 7.138 0.4584
v 0.7343 7.0882 0.5182
v 0.7471 7.079 0.5007
v 0.7896 7.1251 0.4553
v 0.8014 7.1683 0.4744
v 0.7625 7.1666 0.4938
v 0.7513 7.1202 0.5429
v 0.7673 7.1052 0.4653
v 0.7541 7.1791 0.5197
v 0.7139 7.0774 0.5125
v 0.7553 7.1694 0.5018
v 0.7277 7.0927 0.5246
v 0.8433 7.1895 0.3933
v 0.7596 7.276 0.5591
v 0.7133 6.9817 0.5758
v 0.7651 7.1198 0.4601
v 0.7665 7.0903 0.4715
v 0.7588 6.9551 0.4975
v 0.8356 7.1406 0.3948
v 0.856 7.2816 0.4393
v 0.7345 7.1335 0.6016
v 0.7341 7.1541 0.5151
v 0.7374 7.107 0.541
v 0.7427 7.1649 0.5116
v 0.7402 7.0839 0.5095
v 0.8609 7.222 0.3992
v 0.7473 6.9465 0.5254
v 0.8118 7.0747 0.4087
v 0.8216 7.0956 0.403
v 0.7519 7.2345 0.5848
v 0.7895 7.0232 0.4372
v 0.7742 7.2938 0.5415
v 0.7161 7.0153 0.5872
v 0.7361 7.1424 0.4947
v 0.752 7.1175 0.5074
v 0.7314 7.1254 0.4987
v 0.7572 7.1056 0.5133
v 0.7512 7.0941 0.5161
v 0.7523 7.1114 0.5282
v 0.7432 7.1213 0.4749
v 0.7504 7.1108 0.4803
v 0.7484 7.1405 0.4764
v 0.7656 7.0978 0.4803
v 0.761 7.085 0.4854
v 0.7599 7.1024 0.5012
v 0.7549 7.092 0.5051
v 0.7297 7.1302 0.5112
v 0.7521 7.1233 0.5227
v 0.733 7.1458 0.5048
v 0.7457 7.0973 0.5259
v 0.7422 7.1413 0.4856
v 0.7509 7.1136 0.4958
v 0.7355 7.1225 0.4871
v 0.7572 7.1378 0.4682
v 0.7561 7.1087 0.4697
v 0.7523 7.1206 0.4674
v 0.7635 7.1013 0.4907
v 0.7581 7.0895 0.4944
v 0.7193 7.0959 0.5843
v 0.7714 6.9922 0.4746
v 0.7556 7.257 0.548
v 0.8409 7.1817 0.4106
v 0.7364 6.9848 0.5463
v 0.7383 7.1872 0.5782
v 0.837 7.2465 0.4321
v 0.8174 7.0973 0.4123
v 0.8103 7.0789 0.4162
v 0.7663 7.2745 0.5292
v 0.6985 7.0682 0.5785
v 0.789 7.0343 0.4442
v 0.744 7.2174 0.5684
v 0.6822 7.04 0.5712
v 0.8378 7.2173 0.4164
v 0.7481 6.9746 0.5258
v 0.735 7.1256 0.5878
v 0.8182 7.2694 0.4517
v 0.8303 7.1344 0.407
v 0.7613 6.9782 0.4998
v 0.6819 7.015 0.5616
v 0.816 7.2763 0.4878
v 0.7412 7.1567 0.5865
v 0.7983 7.0515 0.4313
v 0.7603 7.165 0.3903
v 0.7966 7.3072 0.4397
v 0.7739 7.3232 0.4868
v 0.7466 7.0992 0.4005
v 0.7065 7.0453 0.6631
v 0.7008 6.9657 0.6492
v 0.8046 7.2823 0.4097
v 0.7964 7.2514 0.3992
v 0.7122 6.8928 0.6269
v 0.7278 6.8229 0.5791
v 0.7058 6.8698 0.4887
v 0.6993 6.9424 0.482
v 0.7098 7.1212 0.6763
v 0.7115 7.1913 0.6809
v 0.7104 6.9839 0.4567
v 0.7279 7.3134 0.6133
v 0.7203 7.2832 0.6455
v 0.7847 7.2124 0.3902
v 0.7335 7.3259 0.5839
v 0.7407 7.3221 0.544
v 0.7137 6.8396 0.52
v 0.7294 7.055 0.421
v 0.7148 7.2444 0.6682
v 0.7175 7.0272 0.4364
v 0.7054 7.1693 0.3865
v 0.7374 7.3125 0.4435
v 0.682 7.1006 0.3947
v 0.7036 7.05 0.6915
v 0.7361 7.2546 0.4039
v 0.6904 6.8783 0.6416
v 0.6538 6.894 0.4989
v 0.7081 7.2287 0.7093
v 0.7263 7.359 0.6186
v 0.7309 7.3662 0.5311
v 0.6718 7.052 0.4073
v 0.7325 7.3479 0.4668
v 0.697 6.9594 0.6723
v 0.738 7.2867 0.4201
v 0.6952 6.8252 0.5854
v 0.6511 6.9297 0.4734
v 0.7078 7.14 0.7061
v 0.6578 6.9691 0.448
v 0.7185 7.3321 0.6586
v 0.7239 7.2201 0.3929
v 0.731 7.3694 0.5817
v 0.6691 6.8585 0.5442
v 0.7128 7.2911 0.6885
v 0.6668 7.0124 0.4247
v 0.3112 7.3315 1.404
v 0.349 7.3309 1.3983
v 0.4385 7.293 1.3556
v 0.4343 7.3011 1.3614
v 0.4287 7.3075 1.3664
v 0.4104 7.3179 1.3778
v 0.3833 7.325 1.39
v 0.2723 7.3235 1.4007
v 0.1851 7.2669 1.3746
v 0.197 7.2598 1.3673
v 0.2123 7.256 1.3723
v 0.1934 7.2802 1.3747
v 0.2018 7.2875 1.3795
v 0.1847 7.274 1.3768
v 0.4248 7.2676 1.3613
v 0.2424 7.2487 1.3858
v 0.276 7.2434 1.3936
v 0.2116 7.2952 1.3827
v 0.3114 7.2398 1.3999
v 0.2353 7.3097 1.3898
v 0.3519 7.2408 1.3967
v 0.3848 7.2478 1.3835
v 0.4071 7.2569 1.3739
v 0.4342 7.275 1.3509
v 0.4377 7.2824 1.3492
v 0.4394 7.2875 1.3509
v 0.2244 7.2529 1.3785
v 0.4296 7.2711 1.3557
vt 0.833218 0.448147
vt 0.834363 0.447974
vt 0.834501 0.450931
vt 0.833504 0.451106
vt 0.83064 0.447989
vt 0.832059 0.448069
vt 0.832342 0.451187
vt 0.830924 0.45139
vt 0.833492 0.445394
vt 0.832425 0.445084
vt 0.831206 0.444629
vt 0.833358 0.442531
vt 0.832306 0.441554
vt 0.834282 0.443118
vt 0.83441 0.440582
vt 0.833735 0.439326
vt 0.834986 0.441425
vt 0.835445 0.439252
vt 0.83506 0.43758
vt 0.83583 0.44036
vt 0.836482 0.438421
vt 0.836308 0.436445
vt 0.836669 0.439611
vt 0.837695 0.437691
vt 0.837503 0.435888
vt 0.837722 0.439213
vt 0.838723 0.437866
vt 0.838796 0.435951
vt 0.838722 0.4394
vt 0.839948 0.438237
vt 0.840215 0.436137
vt 0.839764 0.439762
vt 0.841031 0.438783
vt 0.841562 0.436816
vt 0.84077 0.440279
vt 0.844623 0.443512
vt 0.84358 0.441536
vt 0.844462 0.44024
vt 0.845799 0.442721
vt 0.843755 0.444018
vt 0.842864 0.44224
vt 0.844262 0.452459
vt 0.844464 0.449796
vt 0.845745 0.449912
vt 0.845459 0.452913
vt 0.84699 0.449449
vt 0.846549 0.452945
vt 0.843761 0.455021
vt 0.844583 0.455604
vt 0.84557 0.455924
vt 0.843164 0.456612
vt 0.843812 0.457296
vt 0.84453 0.457951
vt 0.834408 0.454133
vt 0.835434 0.453841
vt 0.832042 0.454778
vt 0.833337 0.454407
vt 0.833813 0.45774
vt 0.834842 0.457235
vt 0.835752 0.456819
vt 0.836632 0.456504
vt 0.835669 0.459964
vt 0.836358 0.459319
vt 0.836882 0.458727
vt 0.837476 0.458295
vt 0.837234 0.461214
vt 0.837599 0.460529
vt 0.837941 0.459977
vt 0.838565 0.459144
vt 0.839635 0.462427
vt 0.838582 0.461979
vt 0.838651 0.46133
vt 0.839677 0.461567
vt 0.839817 0.460889
vt 0.838665 0.460848
vt 0.839513 0.459882
vt 0.840197 0.460199
vt 0.840723 0.462543
vt 0.84061 0.461595
vt 0.840681 0.460582
vt 0.840722 0.460029
vt 0.841844 0.462122
vt 0.841582 0.461237
vt 0.841394 0.460186
vt 0.841379 0.459171
vt 0.847427 0.441465
vt 0.845705 0.438663
vt 0.845422 0.458992
vt 0.846753 0.456823
vt 0.84815 0.453426
vt 0.848738 0.449287
vt 0.851007 0.44922
vt 0.850136 0.454056
vt 0.842148 0.434795
vt 0.840507 0.434271
vt 0.838864 0.434243
vt 0.837452 0.434334
vt 0.8361 0.434867
vt 0.834712 0.436042
vt 0.833224 0.43792
vt 0.831441 0.440711
vt 0.830016 0.444068
vt 0.829471 0.447854
vt 0.829758 0.4515
vt 0.830971 0.455137
vt 0.832915 0.458333
vt 0.835153 0.460668
vt 0.830539 0.439696
vt 0.832736 0.436091
vt 0.83829 0.462806
vt 0.83954 0.463275
vt 0.84081 0.463286
vt 0.842217 0.462615
vt 0.83684 0.46199
vt 0.837948 0.464224
vt 0.836251 0.463334
vt 0.834129 0.461768
vt 0.835693 0.465513
vt 0.837761 0.466439
vt 0.839449 0.464629
vt 0.839555 0.466771
vt 0.840972 0.464546
vt 0.841346 0.466582
vt 0.842737 0.463634
vt 0.843421 0.465704
vt 0.833994 0.472061
vt 0.835014 0.468555
vt 0.83746 0.469476
vt 0.836729 0.472992
vt 0.839558 0.47328
vt 0.839674 0.469745
vt 0.841783 0.469492
vt 0.842267 0.47292
vt 0.844312 0.468433
vt 0.845373 0.471408
vt 0.833188 0.475818
vt 0.8362 0.476554
vt 0.839296 0.47677
vt 0.842633 0.476321
vt 0.846828 0.474782
vt 0.832489 0.479391
vt 0.835621 0.479766
vt 0.851233 0.475587
vt 0.850122 0.479509
vt 0.845779 0.479471
vt 0.839005 0.479906
vt 0.842422 0.479816
vt 0.831957 0.483168
vt 0.835037 0.483168
vt 0.849568 0.483168
vt 0.845354 0.483168
vt 0.838583 0.483168
vt 0.842117 0.483168
vt 0.853556 0.449226
vt 0.852507 0.454748
vt 0.850352 0.459224
vt 0.848202 0.457998
vt 0.84823 0.461738
vt 0.846477 0.460213
vt 0.851804 0.438162
vt 0.849363 0.439888
vt 0.847381 0.436456
vt 0.849453 0.43411
vt 0.837444 0.429918
vt 0.837417 0.432577
vt 0.836024 0.433093
vt 0.835812 0.430587
vt 0.841491 0.429452
vt 0.840938 0.432208
vt 0.838965 0.432336
vt 0.83931 0.429511
vt 0.834545 0.434111
vt 0.83415 0.431894
vt 0.832143 0.434469
vt 0.82996 0.438396
vt 0.828826 0.443596
vt 0.828012 0.443063
vt 0.828587 0.456696
vt 0.829827 0.455581
vt 0.831906 0.459094
vt 0.830819 0.460734
vt 0.828153 0.447784
vt 0.827086 0.44773
vt 0.827272 0.452208
vt 0.828475 0.451683
vt 0.833306 0.463756
vt 0.831024 0.47042
vt 0.832251 0.466748
vt 0.829909 0.474514
vt 0.829278 0.478813
vt 0.828692 0.483168
vt 0.824249 0.462103
vt 0.826496 0.458948
vt 0.829034 0.463731
vt 0.827389 0.467192
vt 0.822958 0.455215
vt 0.825212 0.453393
vt 0.824275 0.44172
vt 0.826448 0.442301
vt 0.825212 0.447843
vt 0.823036 0.448252
vt 0.826719 0.435444
vt 0.828839 0.436738
vt 0.840337 0.4222
vt 0.839743 0.426186
vt 0.837498 0.42673
vt 0.837449 0.423001
vt 0.835562 0.427574
vt 0.834933 0.424111
vt 0.843505 0.422129
vt 0.842354 0.426012
vt 0.833588 0.429146
vt 0.832253 0.42635
vt 0.831308 0.432241
vt 0.829519 0.43024
vt 0.824061 0.434409
vt 0.821446 0.441652
vt 0.827315 0.428249
vt 0.819734 0.457719
vt 0.820998 0.466881
vt 0.825776 0.471903
vt 0.840985 0.41807
vt 0.837301 0.419145
vt 0.833909 0.4209
vt 0.844751 0.417957
vt 0.830563 0.423878
vt 0.819997 0.449438
vt 0.848582 0.418634
vt 0.84685 0.422865
vt 0.824867 0.477797
vt 0.82404 0.483168
vt 0.82097 0.433462
vt 0.818202 0.441246
vt 0.816531 0.449852
vt 0.815702 0.458704
vt 0.820397 0.476051
vt 0.820112 0.483168
vt 0.815634 0.468046
vt 0.815595 0.476236
vt 0.812921 0.449878
vt 0.811985 0.459105
vt 0.817871 0.43227
vt 0.814816 0.440763
vt 0.815406 0.483168
vt 0.81167 0.468739
vt 0.811663 0.476551
vt 0.811298 0.483168
vt 0.793761 0.414156
vt 0.79912 0.418878
vt 0.794004 0.431643
vt 0.787405 0.427342
vt 0.790113 0.443994
vt 0.783087 0.440797
vt 0.787471 0.455691
vt 0.780167 0.453963
vt 0.84598 0.413361
vt 0.841352 0.413532
vt 0.83693 0.414821
vt 0.832858 0.41739
vt 0.828545 0.421252
vt 0.824692 0.426571
vt 0.850543 0.41423
vt 0.826629 0.418393
vt 0.821996 0.424696
vt 0.831511 0.413454
vt 0.836525 0.410027
vt 0.810839 0.393178
vt 0.81402 0.397892
vt 0.806143 0.407754
vt 0.801811 0.402978
vt 0.787637 0.408912
vt 0.796545 0.397116
vt 0.804121 0.423019
vt 0.810082 0.412134
vt 0.821335 0.385052
vt 0.807295 0.388325
vt 0.819576 0.381156
vt 0.718699 0.351207
vt 0.725453 0.382823
vt 0.709928 0.391367
vt 0.701241 0.35303
vt 0.87025 0.483168
vt 0.86819 0.483168
vt 0.868127 0.480837
vt 0.870032 0.481166
vt 0.868818 0.474177
vt 0.868276 0.476491
vt 0.866324 0.475866
vt 0.866724 0.473129
vt 0.869573 0.471625
vt 0.867999 0.470664
vt 0.863755 0.474936
vt 0.864653 0.472044
vt 0.866036 0.468995
vt 0.866047 0.478334
vt 0.868161 0.478808
vt 0.865896 0.480564
vt 0.865857 0.483168
vt 0.863004 0.483168
vt 0.863193 0.48022
vt 0.86334 0.477699
vt 0.869942 0.479192
vt 0.868256 0.466282
vt 0.871518 0.464213
vt 0.872491 0.465879
vt 0.86978 0.468217
vt 0.87545 0.477631
vt 0.876798 0.478789
vt 0.876614 0.479608
vt 0.874696 0.478556
vt 0.874665 0.470634
vt 0.876592 0.468151
vt 0.878003 0.468817
vt 0.87554 0.471194
vt 0.87454 0.480302
vt 0.876682 0.480619
vt 0.876754 0.481754
vt 0.874595 0.481648
vt 0.878685 0.478909
vt 0.878776 0.479864
vt 0.876669 0.483168
vt 0.874616 0.483168
vt 0.879225 0.480803
vt 0.879423 0.481836
vt 0.880479 0.478542
vt 0.880973 0.47933
vt 0.879667 0.483168
vt 0.881671 0.480626
vt 0.882221 0.481776
vt 0.882 0.477317
vt 0.883056 0.477886
vt 0.882671 0.483168
vt 0.88219 0.472043
vt 0.883563 0.471809
vt 0.88396 0.47519
vt 0.882953 0.475115
vt 0.880873 0.469707
vt 0.881304 0.472253
vt 0.880273 0.47102
vt 0.876097 0.476396
vt 0.876207 0.477201
vt 0.875192 0.476615
vt 0.876855 0.472718
vt 0.876244 0.474406
vt 0.875334 0.474013
vt 0.876423 0.472073
vt 0.878653 0.471154
vt 0.878306 0.470296
vt 0.877019 0.478232
vt 0.878684 0.47822
vt 0.880104 0.477884
vt 0.88118 0.476746
vt 0.881839 0.474991
vt 0.874477 0.473648
vt 0.871836 0.483168
vt 0.871599 0.481383
vt 0.872985 0.481603
vt 0.87319 0.483168
vt 0.874219 0.47627
vt 0.870001 0.476995
vt 0.870316 0.4747
vt 0.870948 0.469261
vt 0.871972 0.469852
vt 0.870945 0.472181
vt 0.872932 0.46713
vt 0.873161 0.468164
vt 0.881108 0.468198
vt 0.87477 0.458849
vt 0.873188 0.453922
vt 0.878989 0.449982
vt 0.880345 0.455542
vt 0.883481 0.480074
vt 0.883945 0.481655
vt 0.884322 0.483168
vt 0.879854 0.471938
vt 0.878798 0.472278
vt 0.880692 0.472774
vt 0.879703 0.477015
vt 0.880665 0.476263
vt 0.877276 0.476627
vt 0.877789 0.477172
vt 0.877568 0.47314
vt 0.878677 0.477316
vt 0.876843 0.475879
vt 0.881098 0.474967
vt 0.877437 0.474466
vt 0.886799 0.483168
vt 0.886553 0.481431
vt 0.897883 0.462182
vt 0.902785 0.459047
vt 0.904263 0.460476
vt 0.900338 0.46317
vt 0.91666 0.464538
vt 0.917769 0.463862
vt 0.92201 0.467878
vt 0.920201 0.468818
vt 0.913933 0.462248
vt 0.914795 0.461437
vt 0.896072 0.483167
vt 0.893268 0.483169
vt 0.893292 0.482
vt 0.895969 0.481717
vt 0.89014 0.483169
vt 0.890031 0.481625
vt 0.879876 0.475359
vt 0.880209 0.474643
vt 0.878169 0.473716
vt 0.878707 0.473024
vt 0.87982 0.47373
vt 0.879234 0.473145
vt 0.877635 0.476097
vt 0.878029 0.476235
vt 0.878586 0.476389
vt 0.877585 0.475527
vt 0.877746 0.474735
vt 0.879301 0.476072
vt 0.878108 0.47553
vt 0.878332 0.474838
vt 0.878719 0.474011
vt 0.878548 0.475735
vt 0.878884 0.47529
vt 0.879315 0.474552
vt 0.917595 0.459313
vt 0.920669 0.462241
vt 0.924064 0.466739
vt 0.904996 0.461741
vt 0.901841 0.464092
vt 0.889653 0.479659
vt 0.886174 0.479619
vt 0.902956 0.464985
vt 0.900731 0.467572
vt 0.899463 0.466811
vt 0.903643 0.465814
vt 0.901809 0.468321
vt 0.9045 0.466597
vt 0.905247 0.467177
vt 0.904071 0.469706
vt 0.903178 0.469016
vt 0.906429 0.467917
vt 0.905054 0.470486
vt 0.907384 0.468341
vt 0.906404 0.47132
vt 0.908915 0.462986
vt 0.908916 0.461723
vt 0.910382 0.461818
vt 0.910129 0.462653
vt 0.909066 0.463753
vt 0.909918 0.463841
vt 0.909503 0.465701
vt 0.909235 0.464581
vt 0.909918 0.46489
vt 0.909826 0.466093
vt 0.909572 0.466753
vt 0.90965 0.466973
vt 0.914889 0.466692
vt 0.912816 0.464621
vt 0.913242 0.463552
vt 0.915619 0.465794
vt 0.910886 0.467954
vt 0.9101 0.467382
vt 0.911083 0.466795
vt 0.912375 0.46808
vt 0.905699 0.462964
vt 0.906195 0.464034
vt 0.906686 0.465021
vt 0.906923 0.465734
vt 0.907433 0.466454
vt 0.908243 0.467021
vt 0.90881 0.458967
vt 0.91124 0.45909
vt 0.910869 0.460424
vt 0.908916 0.460296
vt 0.914155 0.467413
vt 0.912445 0.465481
vt 0.9119 0.466109
vt 0.91339 0.467874
vt 0.893049 0.479784
vt 0.892239 0.47735
vt 0.894931 0.477796
vt 0.895388 0.479765
vt 0.897642 0.472951
vt 0.898885 0.470291
vt 0.899937 0.470812
vt 0.898795 0.473413
vt 0.90026 0.473812
vt 0.901305 0.471469
vt 0.902639 0.472169
vt 0.901666 0.474313
vt 0.889245 0.477316
vt 0.885871 0.477395
vt 0.885918 0.474942
vt 0.889065 0.474875
vt 0.893039 0.472058
vt 0.894751 0.468732
vt 0.897636 0.469537
vt 0.896317 0.472665
vt 0.899153 0.478215
vt 0.899489 0.476283
vt 0.901056 0.476491
vt 0.900894 0.478343
vt 0.896436 0.478008
vt 0.896765 0.475737
vt 0.89783 0.476104
vt 0.897233 0.478133
vt 0.8995 0.479986
vt 0.901052 0.480132
vt 0.896923 0.479778
vt 0.897757 0.479866
vt 0.899801 0.481868
vt 0.901151 0.482014
vt 0.897697 0.481747
vt 0.898255 0.481758
vt 0.899817 0.483169
vt 0.901121 0.483171
vt 0.897749 0.483167
vt 0.898367 0.483167
vt 0.903211 0.475051
vt 0.903069 0.476817
vt 0.903232 0.478423
vt 0.903175 0.480324
vt 0.90322 0.481881
vt 0.90307 0.48317
vt 0.8951 0.475466
vt 0.917119 0.470228
vt 0.918503 0.469623
vt 0.913333 0.471833
vt 0.915085 0.471631
vt 0.916059 0.471011
vt 0.923172 0.473819
vt 0.920723 0.474307
vt 0.918638 0.475086
vt 0.917209 0.475475
vt 0.915731 0.47574
vt 0.914495 0.476191
vt 0.917993 0.479912
vt 0.919461 0.479794
vt 0.921514 0.479598
vt 0.927019 0.478906
vt 0.925192 0.472866
vt 0.92763 0.472318
vt 0.929571 0.478532
vt 0.924369 0.47937
vt 0.914895 0.479906
vt 0.916181 0.47987
vt 0.913217 0.476533
vt 0.912073 0.472035
vt 0.914101 0.47996
vt 0.905296 0.476999
vt 0.905137 0.478493
vt 0.905366 0.480519
vt 0.905585 0.475954
vt 0.911458 0.476898
vt 0.910731 0.47083
vt 0.905417 0.481945
vt 0.905022 0.483166
vt 0.909419 0.467071
vt 0.90954 0.46708
vt 0.90665 0.481916
vt 0.906642 0.483162
vt 0.908638 0.468582
vt 0.909006 0.467375
vt 0.906716 0.477199
vt 0.906701 0.478475
vt 0.909662 0.467283
vt 0.9099 0.468497
vt 0.8257 0.02715
vt 0.824506 0.031431
vt 0.816647 0.040494
vt 0.814875 0.037576
vt 0.906753 0.48047
vt 0.911416 0.479732
vt 0.906734 0.476077
vt 0.907547 0.471774
vt 0.780206 0.013682
vt 0.777768 0.016527
vt 0.776449 0.01456
vt 0.778281 0.011863
vt 0.786609 0.018293
vt 0.782541 0.021789
vt 0.779942 0.019093
vt 0.783185 0.015695
vt 0.831886 0.024899
vt 0.830797 0.028769
vt 0.790781 0.022033
vt 0.786981 0.025611
vt 0.785255 0.024105
vt 0.789012 0.020287
vt 0.810768 0.046046
vt 0.807993 0.044493
vt 0.811092 0.041095
vt 0.814059 0.043665
vt 0.797892 0.037055
vt 0.801692 0.03481
vt 0.802853 0.038003
vt 0.799709 0.040063
vt 0.793786 0.032221
vt 0.797367 0.029583
vt 0.819814 0.042734
vt 0.825986 0.036356
vt 0.803865 0.045835
vt 0.804851 0.04309
vt 0.805935 0.044493
vt 0.805609 0.047052
vt 0.816834 0.045955
vt 0.801485 0.047135
vt 0.805139 0.048766
vt 0.773811 0.021802
vt 0.772343 0.020189
vt 0.778384 0.026039
vt 0.776033 0.023724
vt 0.832714 0.033845
vt 0.782282 0.029544
vt 0.780673 0.028248
vt 0.813313 0.048145
vt 0.792806 0.039152
vt 0.795242 0.041796
vt 0.788965 0.035542
vt 0.827635 0.040457
vt 0.822241 0.04489
vt 0.824576 0.049553
vt 0.828372 0.047182
vt 0.818806 0.047694
vt 0.79925 0.048861
vt 0.804502 0.050343
vt 0.770595 0.026706
vt 0.769084 0.025385
vt 0.774735 0.03035
vt 0.772555 0.028508
vt 0.834018 0.037754
vt 0.778361 0.033243
vt 0.77687 0.032075
vt 0.8149 0.049642
vt 0.7885 0.041504
vt 0.791294 0.043906
vt 0.784782 0.037965
vt 0.834586 0.097267
vt 0.840687 0.0969
vt 0.840687 0.101891
vt 0.834536 0.102177
vt 0.784571 0.045533
vt 0.787677 0.047579
vt 0.780758 0.043105
vt 0.833379 0.076251
vt 0.840687 0.075983
vt 0.77334 0.037943
vt 0.771401 0.036305
vt 0.829159 0.053781
vt 0.825395 0.056036
vt 0.820929 0.051433
vt 0.834081 0.06445
vt 0.840687 0.063468
vt 0.797033 0.051944
vt 0.803915 0.053095
vt 0.767359 0.033108
vt 0.765685 0.032182
vt 0.834541 0.052315
vt 0.840687 0.052882
vt 0.769127 0.034554
vt 0.835494 0.044411
vt 0.774768 0.038961
vt 0.816548 0.05276
vt 0.76265 0.045321
vt 0.760964 0.044845
vt 0.840687 0.044737
vt 0.767349 0.047934
vt 0.764977 0.046608
vt 0.77139 0.049919
vt 0.76995 0.049262
vt 0.816831 0.058221
vt 0.821663 0.057248
vt 0.781332 0.053877
vt 0.784835 0.055157
vt 0.777516 0.052756
vt 0.840687 0.036802
vt 0.823856 0.065797
vt 0.828332 0.064988
vt 0.840687 0.033835
vt 0.795366 0.057886
vt 0.802884 0.058396
vt 0.82026 0.066555
vt 0.840687 0.028812
vt 0.794547 0.067403
vt 0.802324 0.06741
vt 0.759568 0.062297
vt 0.757634 0.061881
vt 0.840687 0.02499
vt 0.765135 0.063836
vt 0.76248 0.063163
vt 0.76929 0.064551
vt 0.767801 0.064311
vt 0.816643 0.066856
vt 0.779252 0.065374
vt 0.782834 0.065651
vt 0.776411 0.065276
vt 0.913715 0.483148
vt 0.91162 0.482955
vt 0.828078 0.076932
vt 0.8235 0.078004
vt 0.830402 0.096335
vt 0.826409 0.095066
vt 0.819845 0.078458
vt 0.914954 0.483148
vt 0.794775 0.080335
vt 0.802296 0.080079
vt 0.760329 0.082815
vt 0.75817 0.082193
vt 0.916414 0.48315
vt 0.767296 0.082303
vt 0.764002 0.082619
vt 0.773275 0.081617
vt 0.770332 0.081889
vt 0.816212 0.07799
vt 0.781573 0.080655
vt 0.784818 0.080473
vt 0.778941 0.080944
vt 0.917811 0.483152
vt 0.765775 0.100732
vt 0.763653 0.101406
vt 0.919265 0.483154
vt 0.77195 0.098762
vt 0.76915 0.099904
vt 0.777274 0.096969
vt 0.774672 0.097667
vt 0.816286 0.091659
vt 0.822479 0.092353
vt 0.785241 0.094819
vt 0.788694 0.094237
vt 0.782444 0.095432
vt 0.92144 0.483158
vt 0.831701 0.102748
vt 0.828039 0.103373
vt 0.924197 0.483162
vt 0.798139 0.093699
vt 0.804137 0.093552
vt 0.791884 0.108186
vt 0.795127 0.106979
vt 0.78903 0.109356
vt 0.78177 0.112887
vt 0.779944 0.114157
vt 0.82372 0.105058
vt 0.802458 0.105587
vt 0.806354 0.107271
vt 0.775822 0.117393
vt 0.773883 0.118236
vt 0.777657 0.115992
vt 0.783972 0.111778
vt 0.818552 0.109545
vt 0.819901 0.117929
vt 0.822585 0.116898
vt 0.82985 0.117531
vt 0.825891 0.116559
vt 0.840687 0.118141
vt 0.833529 0.117152
vt 0.798715 0.122007
vt 0.800261 0.121263
vt 0.796171 0.12136
vt 0.786098 0.110545
vt 0.793934 0.122849
vt 0.805896 0.117095
vt 0.811007 0.118294
vt 0.786371 0.130818
vt 0.785102 0.132118
vt 0.788725 0.126647
vt 0.787288 0.127915
vt 0.793023 0.125793
vt 0.791741 0.126883
vt 0.816745 0.131773
vt 0.815087 0.130236
vt 0.785851 0.46618
vt 0.778648 0.466063
vt 0.933022 0.477915
vt 0.93078 0.471495
vt 0.909306 0.453812
vt 0.913072 0.453912
vt 0.912266 0.456237
vt 0.90875 0.45682
vt 0.919918 0.457506
vt 0.92344 0.461177
vt 0.927427 0.465481
vt 0.962263 0.475622
vt 0.961067 0.466373
vt 0.96785 0.464027
vt 0.96853 0.474996
vt 0.939363 0.39239
vt 0.93162 0.397581
vt 0.924991 0.385193
vt 0.931804 0.380447
vt 0.342486 0.949612
vt 0.343712 0.95344
vt 0.33936 0.95577
vt 0.337824 0.951413
vt 0.340656 0.942293
vt 0.335583 0.945351
vt 0.33647 0.932713
vt 0.331554 0.936982
vt 0.350759 0.945096
vt 0.352377 0.949444
vt 0.348136 0.951138
vt 0.346811 0.946906
vt 0.348587 0.937914
vt 0.344125 0.940442
vt 0.345625 0.926882
vt 0.341333 0.929707
vt 0.913639 0.372373
vt 0.920116 0.366633
vt 0.977064 0.460238
vt 0.99014 0.45184
vt 0.992106 0.468958
vt 0.977804 0.473694
vt 0.376699 0.950586
vt 0.376188 0.944152
vt 0.378366 0.945153
vt 0.378508 0.951394
vt 0.375706 0.932303
vt 0.378175 0.93248
vt 0.367343 0.931919
vt 0.363307 0.932426
vt 0.38053 0.932436
vt 0.38053 0.945988
vt 0.944182 0.402931
vt 0.938151 0.407948
vt 0.779893 0.422401
vt 0.331883 0.954541
vt 0.329375 0.949293
vt 0.317191 0.929322
vt 0.325669 0.941736
vt 0.927132 0.301515
vt 0.917496 0.279389
vt 0.933628 0.272221
vt 0.942956 0.293106
vt 0.954236 0.264676
vt 0.963771 0.282878
vt 0.319061 0.945938
vt 0.310978 0.935257
vt 0.910785 0.255341
vt 0.926169 0.24982
vt 0.94575 0.243287
vt 0.311902 0.950454
vt 0.304889 0.941105
vt 0.905451 0.23321
vt 0.919666 0.229507
vt 0.939038 0.224217
vt 0.306161 0.954986
vt 0.299731 0.946952
vt 0.900192 0.215427
vt 0.914073 0.211917
vt 0.933672 0.207803
vt 0.301764 0.959214
vt 0.294977 0.951824
vt 0.894077 0.196215
vt 0.908155 0.192759
vt 0.926956 0.189146
vt 0.297619 0.964413
vt 0.290906 0.9576
vt 0.884936 0.162965
vt 0.882943 0.153731
vt 0.898472 0.151554
vt 0.899801 0.160093
vt 0.918968 0.148696
vt 0.919796 0.1568
vt 0.29099 0.97219
vt 0.289345 0.973856
vt 0.283213 0.968308
vt 0.28492 0.966516
vt 0.713974 0.282909
vt 0.704892 0.31501
vt 0.686883 0.311036
vt 0.698941 0.274989
vt 0.668606 0.307311
vt 0.68329 0.26669
vt 0.746457 0.299071
vt 0.739062 0.32272
vt 0.721123 0.317899
vt 0.728926 0.28975
vt 0.792019 0.319302
vt 0.78829 0.331058
vt 0.772835 0.328631
vt 0.777861 0.313363
vt 0.756964 0.325404
vt 0.762578 0.306587
vt 0.85576 0.374439
vt 0.844793 0.376702
vt 0.844741 0.371374
vt 0.856162 0.368683
vt 0.833449 0.380329
vt 0.832327 0.37501
vt 0.757613 0.36607
vt 0.754528 0.347154
vt 0.771008 0.345933
vt 0.773326 0.359844
vt 0.866873 0.373225
vt 0.867639 0.36616
vt 0.852349 0.276388
vt 0.837743 0.277881
vt 0.831919 0.262987
vt 0.848724 0.259976
vt 0.736851 0.349392
vt 0.741245 0.374355
vt 0.824757 0.246755
vt 0.842713 0.242859
vt 0.916564 0.391797
vt 0.905735 0.380839
vt 0.334198 0.958422
vt 0.914393 0.310305
vt 0.904733 0.287321
vt 0.899868 0.259287
vt 0.894047 0.23677
vt 0.887554 0.216827
vt 0.88215 0.199088
vt 0.864391 0.426625
vt 0.860773 0.430911
vt 0.856924 0.425157
vt 0.860031 0.420833
vt 0.842788 0.432708
vt 0.843847 0.42995
vt 0.851872 0.431392
vt 0.854708 0.436057
vt 0.845204 0.4265
vt 0.84835 0.428294
vt 0.846567 0.431267
vt 0.857663 0.433718
vt 0.854157 0.428685
vt 0.897582 0.363801
vt 0.901988 0.353901
vt 0.892866 0.373933
vt 0.95964 0.4759
vt 0.958195 0.467185
vt 0.955918 0.456737
vt 0.951791 0.444568
vt 0.955457 0.441129
vt 0.959342 0.454614
vt 0.960366 0.436513
vt 0.965205 0.451175
vt 0.950238 0.428777
vt 0.946312 0.432824
vt 0.954608 0.423891
vt 0.366081 0.949479
vt 0.364507 0.943506
vt 0.368249 0.943499
vt 0.369631 0.94961
vt 0.371789 0.932218
vt 0.372449 0.943634
vt 0.373263 0.949928
vt 0.966981 0.43
vt 0.97317 0.445621
vt 0.960827 0.417699
vt 0.968866 0.409273
vt 0.975526 0.420305
vt 0.932433 0.413482
vt 0.924788 0.403219
vt 0.35774 0.943591
vt 0.359555 0.948921
vt 0.356141 0.948815
vt 0.35448 0.943886
vt 0.946355 0.386703
vt 0.939381 0.375032
vt 0.94822 0.369133
vt 0.954696 0.379759
vt 0.917865 0.34793
vt 0.910544 0.33389
vt 0.922067 0.328466
vt 0.930363 0.34305
vt 0.951497 0.397335
vt 0.959328 0.389714
vt 0.92952 0.361664
vt 0.93973 0.356865
vt 0.903768 0.31892
vt 0.804633 0.32392
vt 0.801391 0.334068
vt 0.815504 0.327837
vt 0.813398 0.335433
vt 0.867277 0.359625
vt 0.856304 0.363446
vt 0.643204 0.30392
vt 0.662865 0.255739
vt 0.8811 0.363912
vt 0.880812 0.353272
vt 0.772307 0.266788
vt 0.758672 0.280985
vt 0.744232 0.269063
vt 0.761166 0.253513
vt 0.895369 0.305051
vt 0.863528 0.166317
vt 0.862047 0.156257
vt 0.870412 0.155382
vt 0.872755 0.165014
vt 0.846832 0.186404
vt 0.830179 0.190824
vt 0.82791 0.173392
vt 0.845317 0.169321
vt 0.849916 0.204996
vt 0.834104 0.208657
vt 0.87749 0.218812
vt 0.872003 0.200964
vt 0.883038 0.238444
vt 0.888133 0.259101
vt 0.891295 0.282089
vt 0.888701 0.179003
vt 0.876851 0.181555
vt 0.814371 0.266168
vt 0.806209 0.251377
vt 0.804849 0.181146
vt 0.780688 0.189089
vt 0.773625 0.17075
vt 0.800678 0.163929
vt 0.821823 0.279795
vt 0.817819 0.23093
vt 0.797875 0.236446
vt 0.791235 0.221616
vt 0.812665 0.21484
vt 0.841874 0.289913
vt 0.829306 0.291814
vt 0.812885 0.297183
vt 0.804427 0.304046
vt 0.794559 0.291818
vt 0.805822 0.284459
vt 0.787321 0.256976
vt 0.77809 0.242932
vt 0.796831 0.271074
vt 0.78337 0.279348
vt 0.75431 0.199048
vt 0.728721 0.215411
vt 0.716101 0.199117
vt 0.745033 0.182318
vt 0.750943 0.241688
vt 0.770221 0.229715
vt 0.73168 0.25882
vt 0.797725 0.311115
vt 0.785067 0.300924
vt 0.772073 0.291397
vt 0.70617 0.235764
vt 0.687931 0.222737
vt 0.702582 0.443697
vt 0.690115 0.457404
vt 0.660913 0.421668
vt 0.680666 0.409965
vt 0.736517 0.404615
vt 0.724828 0.416851
vt 0.774343 0.436495
vt 0.765132 0.431382
vt 0.772036 0.416827
vt 0.781164 0.403167
vt 0.79161 0.391693
vt 0.694494 0.401835
vt 0.683639 0.356204
vt 0.837096 0.226036
vt 0.777714 0.474991
vt 0.78466 0.475601
vt 0.784338 0.483168
vt 0.777294 0.483168
vt 0.77065 0.450369
vt 0.759897 0.446053
vt 0.775257 0.397685
vt 0.765312 0.41155
vt 0.786274 0.386326
vt 0.808348 0.198366
vt 0.776954 0.371075
vt 0.763078 0.380392
vt 0.74905 0.392327
vt 0.757058 0.426348
vt 0.983347 0.434787
vt 0.898936 0.339267
vt 0.894603 0.325739
vt 0.887908 0.315226
vt 0.886949 0.298205
vt 0.845594 0.300055
vt 0.835497 0.302104
vt 0.820043 0.307498
vt 0.813895 0.313401
vt 0.808234 0.318349
vt 0.769429 0.390786
vt 0.757908 0.404398
vt 0.781282 0.379837
vt 0.826218 0.160223
vt 0.748049 0.418656
vt 0.741177 0.468783
vt 0.753179 0.472298
vt 0.752724 0.483168
vt 0.739903 0.483168
vt 0.294042 0.968422
vt 0.287463 0.962192
vt 0.641249 0.365449
vt 0.666748 0.359717
vt 0.866463 0.290918
vt 0.865012 0.301236
vt 0.85585 0.300024
vt 0.855271 0.289964
vt 0.713168 0.431509
vt 0.739961 0.43296
vt 0.733428 0.449577
vt 0.767429 0.474203
vt 0.766813 0.483168
vt 0.786024 0.205875
vt 0.903154 0.175904
vt 0.923325 0.172603
vt 0.71925 0.247776
vt 0.727882 0.463274
vt 0.722239 0.483168
vt 0.762606 0.214721
vt 0.740139 0.229003
vt 0.750479 0.440755
vt 0.930204 0.483166
vt 0.927213 0.483164
vt 0.933476 0.483168
vt 0.38053 0.952212
vt 0.959584 0.483168
vt 0.84991 0.46332
vt 0.851461 0.464702
vt 0.84861 0.467824
vt 0.847262 0.465825
vt 0.942962 0.436223
vt 0.948856 0.446855
vt 0.953225 0.458114
vt 0.955402 0.467945
vt 0.956678 0.476089
vt 0.355837 0.933852
vt 0.35203 0.935051
vt 0.847052 0.30851
vt 0.839235 0.310053
vt 0.827371 0.31451
vt 0.821997 0.318784
vt 0.755756 0.461114
vt 0.769221 0.464546
vt 0.745037 0.45668
vt 0.835586 0.447908
vt 0.837004 0.447869
vt 0.837023 0.450538
vt 0.835555 0.450797
vt 0.837298 0.441324
vt 0.836263 0.441089
vt 0.837067 0.440462
vt 0.837964 0.440861
vt 0.83688 0.441849
vt 0.835841 0.441687
vt 0.836576 0.443232
vt 0.835244 0.44325
vt 0.83581 0.445294
vt 0.834575 0.445344
vt 0.836302 0.453681
vt 0.841065 0.457875
vt 0.840673 0.459155
vt 0.838778 0.458245
vt 0.838943 0.457127
vt 0.839445 0.457329
vt 0.839605 0.458627
vt 0.840099 0.459343
vt 0.842216 0.455802
vt 0.842703 0.456146
vt 0.842208 0.457092
vt 0.84164 0.456714
vt 0.842576 0.451946
vt 0.843491 0.452185
vt 0.843235 0.454629
vt 0.842324 0.454341
vt 0.837988 0.4577
vt 0.842696 0.449795
vt 0.843718 0.449792
vt 0.837345 0.456243
vt 0.841781 0.443203
vt 0.842362 0.442706
vt 0.843127 0.44454
vt 0.842277 0.44486
vt 0.840292 0.441263
vt 0.840761 0.440951
vt 0.841292 0.441351
vt 0.840967 0.441589
vt 0.838972 0.440995
vt 0.838976 0.440301
vt 0.839937 0.440559
vt 0.839643 0.441111
vt 0.83854 0.440915
vt 0.838091 0.440164
vt 0.839288 0.449867
vt 0.841498 0.449735
vt 0.84152 0.451929
vt 0.839607 0.451985
vt 0.839783 0.443946
vt 0.840968 0.443671
vt 0.841286 0.445246
vt 0.839835 0.445128
vt 0.838902 0.44263
vt 0.838749 0.441881
vt 0.838934 0.441814
vt 0.838989 0.442585
vt 0.838371 0.447587
vt 0.837193 0.445417
vt 0.838658 0.445224
vt 0.839603 0.455496
vt 0.838563 0.45675
vt 0.838236 0.455713
vt 0.839392 0.455042
vt 0.841491 0.453992
vt 0.84011 0.454244
vt 0.839056 0.441796
vt 0.839081 0.442598
vt 0.837722 0.443665
vt 0.838778 0.443971
vt 0.839747 0.455736
vt 0.839892 0.455942
vt 0.840209 0.454991
vt 0.841382 0.455371
vt 0.841316 0.456138
vt 0.840228 0.45548
vt 0.839405 0.441815
vt 0.839172 0.44267
vt 0.838293 0.442646
vt 0.838836 0.443092
vt 0.839973 0.456059
vt 0.839937 0.457508
vt 0.839231 0.44278
vt 0.839803 0.441938
vt 0.840328 0.442375
vt 0.839325 0.442932
vt 0.838502 0.442162
vt 0.838848 0.442773
vt 0.840143 0.456076
vt 0.840432 0.457337
vt 0.83871 0.452971
vt 0.837434 0.453377
vt 0.838277 0.45016
vt 0.84023 0.455877
vt 0.84094 0.456738
vt 0.064011 0.600965
vt 0.076822 0.599128
vt 0.074352 0.616041
vt 0.059879 0.608573
vt 0.041719 0.566625
vt 0.041797 0.547391
vt 0.055891 0.551327
vt 0.047936 0.568049
vt 0.023252 0.576141
vt 0.011809 0.571181
vt 0.014971 0.561919
vt 0.027436 0.571398
vt 0.021091 0.59973
vt 0.01383 0.599323
vt 0.013442 0.595923
vt 0.020167 0.595914
vt 0.044181 0.615721
vt 0.04194 0.632858
vt 0.026629 0.626557
vt 0.036391 0.614846
vt 0.06473 0.594028
vt 0.073747 0.589692
vt 0.065818 0.564817
vt 0.052598 0.570703
vt 0.013328 0.593275
vt 0.01977 0.592365
vt 0.019531 0.617443
vt 0.030257 0.611797
vt 0.072889 0.586239
vt 0.063417 0.589336
vt 0.061567 0.586256
vt 0.071237 0.583094
vt 0.054865 0.573314
vt 0.066488 0.568809
vt 0.066498 0.571167
vt 0.056632 0.575931
vt 0.013632 0.59142
vt 0.019889 0.589117
vt 0.015593 0.608627
vt 0.025738 0.607821
vt 0.059941 0.584064
vt 0.069065 0.580762
vt 0.020034 0.585756
vt 0.012347 0.588029
vt 0.011809 0.584484
vt 0.020706 0.581731
vt 0.014451 0.604052
vt 0.022902 0.603788
vt 0.059006 0.58199
vt 0.068276 0.579764
vt 0.059876 0.63154
vt 0.052384 0.613671
vt 0.058052 0.579379
vt 0.06782 0.577067
vt 0.055518 0.583534
vt 0.056531 0.585423
vt 0.053632 0.603101
vt 0.04879 0.606299
vt 0.029285 0.599839
vt 0.027998 0.597086
vt 0.043484 0.607451
vt 0.054142 0.581501
vt 0.056913 0.598573
vt 0.041339 0.573483
vt 0.045937 0.574344
vt 0.028698 0.580933
vt 0.031522 0.577488
vt 0.027297 0.594451
vt 0.038503 0.606969
vt 0.05802 0.593948
vt 0.048992 0.575913
vt 0.026932 0.591875
vt 0.034345 0.605198
vt 0.057817 0.59029
vt 0.057275 0.587558
vt 0.050849 0.577424
vt 0.052481 0.579135
vt 0.026769 0.589451
vt 0.031282 0.602643
vt 0.026862 0.587213
vt 0.027272 0.584506
vt 0.043214 0.602897
vt 0.039653 0.602699
vt 0.054149 0.593515
vt 0.052873 0.596799
vt 0.0448 0.57798
vt 0.047162 0.578906
vt 0.030806 0.593608
vt 0.030455 0.591518
vt 0.036586 0.60157
vt 0.054443 0.590631
vt 0.05417 0.588333
vt 0.048709 0.579889
vt 0.050181 0.581119
vt 0.030413 0.589523
vt 0.034203 0.599831
vt 0.053629 0.586474
vt 0.030533 0.587775
vt 0.030964 0.585822
vt 0.032513 0.597817
vt 0.052856 0.584812
vt 0.050349 0.599856
vt 0.046923 0.601944
vt 0.031479 0.5957
vt 0.051767 0.582978
vt 0.041373 0.577623
vt 0.03206 0.583301
vt 0.034107 0.580749
vt 0.043122 0.600459
vt 0.046011 0.599657
vt 0.050381 0.583892
vt 0.05143 0.585525
vt 0.05079 0.595753
vt 0.04872 0.598074
vt 0.041484 0.579851
vt 0.044279 0.579998
vt 0.033898 0.584534
vt 0.035569 0.582494
vt 0.033324 0.594924
vt 0.032704 0.593118
vt 0.040296 0.600378
vt 0.052023 0.5932
vt 0.046236 0.580618
vt 0.0324 0.591282
vt 0.037808 0.599576
vt 0.052495 0.590809
vt 0.052441 0.588774
vt 0.047569 0.581322
vt 0.048892 0.582304
vt 0.032368 0.589559
vt 0.035812 0.598258
vt 0.052066 0.587072
vt 0.032558 0.588097
vt 0.032958 0.586531
vt 0.034332 0.596655
vt 0.036812 0.59723
vt 0.035467 0.595897
vt 0.034519 0.594404
vt 0.033924 0.592807
vt 0.033623 0.589627
vt 0.033622 0.591161
vt 0.0495 0.584564
vt 0.050459 0.58606
vt 0.034186 0.587029
vt 0.033798 0.588357
vt 0.036499 0.583615
vt 0.035035 0.585349
vt 0.04404 0.581307
vt 0.041618 0.581275
vt 0.04308 0.598911
vt 0.040702 0.5989
vt 0.045741 0.581761
vt 0.047747 0.596888
vt 0.049527 0.595037
vt 0.051021 0.587505
vt 0.051212 0.590903
vt 0.051277 0.589084
vt 0.04692 0.58232
vt 0.048114 0.583158
vt 0.050674 0.592942
vt 0.045506 0.59823
vt 0.038571 0.598288
vt 0.037609 0.596364
vt 0.039177 0.597227
vt 0.050134 0.590945
vt 0.050277 0.589325
vt 0.049594 0.592686
vt 0.046442 0.583208
vt 0.045401 0.582741
vt 0.043891 0.582416
vt 0.041761 0.582456
vt 0.047005 0.595932
vt 0.048557 0.594419
vt 0.034667 0.589733
vt 0.034685 0.591091
vt 0.041018 0.5977
vt 0.043042 0.597673
vt 0.034834 0.588629
vt 0.036389 0.595249
vt 0.045104 0.597067
vt 0.050106 0.587881
vt 0.04963 0.586557
vt 0.037273 0.584547
vt 0.035972 0.586051
vt 0.035521 0.593968
vt 0.048765 0.585208
vt 0.034958 0.592562
vt 0.035196 0.587494
vt 0.03591 0.588921
vt 0.035773 0.58985
vt 0.037303 0.594553
vt 0.038383 0.595458
vt 0.046313 0.595004
vt 0.04764 0.593783
vt 0.048743 0.587089
vt 0.047984 0.585909
vt 0.049128 0.588245
vt 0.038059 0.585453
vt 0.036928 0.586751
vt 0.036542 0.593493
vt 0.04298 0.596491
vt 0.044705 0.59596
vt 0.049221 0.589513
vt 0.04505 0.583774
vt 0.043736 0.583546
vt 0.03606 0.592295
vt 0.049042 0.590921
vt 0.048543 0.592383
vt 0.036235 0.587969
vt 0.035811 0.591019
vt 0.039746 0.596158
vt 0.041298 0.596536
vt 0.04596 0.584141
vt 0.041887 0.583632
vt 0.047862 0.588644
vt 0.047572 0.58771
vt 0.038969 0.586443
vt 0.038049 0.587485
vt 0.037744 0.592848
vt 0.038355 0.593664
vt 0.04285 0.595164
vt 0.0442 0.594728
vt 0.047894 0.589678
vt 0.044564 0.584986
vt 0.043476 0.584841
vt 0.037384 0.591888
vt 0.047711 0.590824
vt 0.047298 0.591981
vt 0.037469 0.588451
vt 0.037186 0.590862
vt 0.040335 0.594896
vt 0.04155 0.595202
vt 0.046571 0.593057
vt 0.045313 0.585264
vt 0.041978 0.584947
vt 0.037113 0.589933
vt 0.039234 0.594349
vt 0.045501 0.593993
vt 0.037191 0.5892
vt 0.046951 0.586748
vt 0.040904 0.588885
vt 0.039047 0.588871
vt 0.039431 0.588208
vt 0.041019 0.588512
vt 0.038878 0.589387
vt 0.040899 0.589212
vt 0.040987 0.589591
vt 0.038851 0.589905
vt 0.045155 0.592214
vt 0.043545 0.591648
vt 0.043696 0.591226
vt 0.045646 0.591485
vt 0.041785 0.591731
vt 0.040314 0.592972
vt 0.039718 0.592496
vt 0.041528 0.591376
vt 0.042005 0.586409
vt 0.041955 0.587496
vt 0.041334 0.587719
vt 0.04084 0.586818
vt 0.042075 0.592034
vt 0.041048 0.593359
vt 0.043013 0.586355
vt 0.042284 0.587678
vt 0.040025 0.587477
vt 0.04118 0.588106
vt 0.043305 0.592011
vt 0.044439 0.592841
vt 0.043579 0.593342
vt 0.043079 0.592346
vt 0.039308 0.591933
vt 0.04134 0.590965
vt 0.042594 0.592492
vt 0.042667 0.593634
vt 0.041836 0.593603
vt 0.042349 0.592274
vt 0.043028 0.588366
vt 0.044791 0.587072
vt 0.045412 0.587753
vt 0.043358 0.588807
vt 0.043759 0.586462
vt 0.042574 0.587868
vt 0.045865 0.588442
vt 0.04361 0.589272
vt 0.039069 0.591269
vt 0.041212 0.590512
vt 0.042785 0.588077
vt 0.044271 0.58667
vt 0.038922 0.590555
vt 0.041098 0.590039
vt 0.046061 0.589119
vt 0.043742 0.589739
vt 0.045926 0.590681
vt 0.043762 0.590743
vt 0.043781 0.590233
vt 0.046066 0.589864
vt 0.040263 0.58552
vt 0.852747 0.421052
vt 0.855326 0.416671
vt 0.878458 0.372501
vt 0.881629 0.340418
vt 0.850477 0.425011
vt 0.844932 0.433846
vt 0.842973 0.438054
vt 0.84387 0.436185
vt 0.842181 0.439833
vt 0.84173 0.441016
vt 0.359049 0.932893
vt 0.361025 0.943405
vt 0.362717 0.949106
vt 0.95588 0.407134
vt 0.963795 0.398978
vt 0.949401 0.41302
vt 0.9443 0.41793
vt 0.939918 0.422653
vt 0.935916 0.427358
vt 0.871506 0.479682
vt 0.91495 0.457083
vt 0.916263 0.455351
vt 0.913036 0.460386
vt 0.911818 0.462769
vt 0.912433 0.461436
vt 0.91148 0.463809
vt 0.911422 0.46473
vt 0.911088 0.465431
vt 0.910515 0.466315
vt 0.909881 0.467104
vt 0.909619 0.467166
vt 0.806973 0.044477
vt 0.808191 0.046461
vt 0.809351 0.048075
vt 0.8099 0.049441
vt 0.810501 0.052313
vt 0.80992 0.057724
vt 0.809525 0.066831
vt 0.809155 0.078893
vt 0.810194 0.092839
vt 0.812018 0.109788
vt 0.815858 0.119285
vt 0.811648 0.127532
vt 0.803059 0.119253
vt 0.798901 0.106431
vt 0.793482 0.093984
vt 0.789824 0.080325
vt 0.788773 0.066324
vt 0.790184 0.056291
vt 0.792467 0.049556
vt 0.795411 0.046158
vt 0.798499 0.044299
vt 0.801895 0.042822
vt 0.803913 0.040518
vt 0.909272 0.467137
vt 0.908962 0.466547
vt 0.908322 0.465798
vt 0.907849 0.46504
vt 0.907712 0.464379
vt 0.907777 0.463646
vt 0.907571 0.462239
vt 0.907579 0.46086
vt 0.906937 0.459662
vt 0.906074 0.457189
vt 0.905359 0.455039
vt 0.871494 0.47752
vt 0.871692 0.475283
vt 0.872936 0.478002
vt 0.872997 0.475837
vt 0.87222 0.472334
vt 0.873346 0.469893
vt 0.8082 0.124812
vt 0.811904 0.121153
vt 0.900964 0.457542
vt 0.874795 0.467924
vt 0.836369 0.405698
vt 0.830259 0.409497
vt 0.829081 0.405016
vt 0.836163 0.400673
vt 0.824532 0.415266
vt 0.82252 0.411621
vt 0.819446 0.422535
vt 0.816842 0.419753
vt 0.814903 0.430859
vt 0.811547 0.440054
vt 0.808114 0.438829
vt 0.811746 0.428905
vt 0.809319 0.449563
vt 0.805569 0.449026
vt 0.808021 0.459156
vt 0.803789 0.458784
vt 0.807419 0.468271
vt 0.802896 0.46806
vt 0.807324 0.476598
vt 0.802621 0.476592
vt 0.80696 0.483168
vt 0.80218 0.483168
vt 0.875802 0.466401
vt 0.87647 0.464826
vt 0.863452 0.449025
vt 0.865685 0.454015
vt 0.861368 0.460012
vt 0.859322 0.457141
vt 0.853287 0.466101
vt 0.855985 0.467842
vt 0.853556 0.471501
vt 0.850422 0.469836
vt 0.859422 0.479931
vt 0.855095 0.479606
vt 0.855896 0.476309
vt 0.859928 0.477026
vt 0.856097 0.462333
vt 0.858543 0.464143
vt 0.859312 0.483168
vt 0.854902 0.483168
vt 0.878865 0.46677
vt 0.857189 0.456158
vt 0.854264 0.461157
vt 0.852491 0.460427
vt 0.855052 0.455498
vt 0.796854 0.483168
vt 0.79716 0.476446
vt 0.797947 0.467579
vt 0.799151 0.457995
vt 0.801228 0.44794
vt 0.885039 0.47188
vt 0.881579 0.464622
vt 0.88461 0.467646
vt 0.872886 0.480031
vt 0.89535 0.461045
vt 0.842513 0.458012
vt 0.843047 0.458849
vt 0.843403 0.459692
vt 0.844078 0.460607
vt 0.845928 0.463664
vt 0.844823 0.461848
vt 0.804236 0.437138
vt 0.87586 0.462405
vt 0.859422 0.449241
vt 0.047507 0.583935
vt 0.046887 0.584781
vt 0.046059 0.58581
vt 0.808255 0.426458
vt 0.936024 0.477448
vt 0.936948 0.483168
vt 0.856516 0.449268
vt 0.873364 0.472948
vt 0.843338 0.398599
vt 0.842668 0.403997
vt 0.933955 0.471023
vt 0.881201 0.460384
vt 0.931065 0.464406
vt 0.927437 0.458494
vt 0.923506 0.453565
vt 0.866486 0.464615
vt 0.870087 0.461795
vt 0.919699 0.450173
vt 0.914956 0.449384
vt 0.910044 0.449591
vt 0.904903 0.451512
vt 0.899718 0.454659
vt 0.893622 0.458489
vt 0.88603 0.452115
vt 0.891691 0.448861
vt 0.892473 0.454573
vt 0.886858 0.457638
vt 0.813707 0.416308
vt 0.819898 0.407027
vt 0.827442 0.399968
vt 0.835623 0.394893
vt 0.875959 0.40046
vt 0.88091 0.393186
vt 0.889705 0.399445
vt 0.883162 0.406946
vt 0.843863 0.392668
vt 0.852046 0.391936
vt 0.850566 0.398035
vt 0.860138 0.392913
vt 0.857669 0.399127
vt 0.868155 0.395719
vt 0.864604 0.401993
vt 0.871306 0.406639
vt 0.877567 0.412974
vt 0.927041 0.420165
vt 0.945925 0.476275
vt 0.946385 0.483168
vt 0.941769 0.483168
vt 0.94104 0.476833
vt 0.904178 0.442385
vt 0.911632 0.440098
vt 0.910794 0.445011
vt 0.904544 0.447256
vt 0.857363 0.472874
vt 0.944575 0.469751
vt 0.949003 0.468849
vt 0.950341 0.475783
vt 0.91925 0.439616
vt 0.916973 0.444823
vt 0.93228 0.446703
vt 0.936249 0.443153
vt 0.941935 0.451308
vt 0.937959 0.453637
vt 0.941956 0.46204
vt 0.946552 0.460424
vt 0.926167 0.441864
vt 0.921518 0.434025
vt 0.929501 0.437147
vt 0.953169 0.475997
vt 0.953587 0.483168
vt 0.950742 0.483168
vt 0.951842 0.468366
vt 0.949648 0.459634
vt 0.872645 0.418026
vt 0.867242 0.411944
vt 0.871735 0.388789
vt 0.861404 0.407525
vt 0.855214 0.404594
vt 0.859131 0.469365
vt 0.86133 0.465905
vt 0.848964 0.40369
vt 0.853492 0.385463
vt 0.844232 0.386719
vt 0.844381 0.381077
vt 0.854679 0.379266
vt 0.834962 0.389353
vt 0.834063 0.384244
vt 0.841943 0.408688
vt 0.84732 0.408349
vt 0.852779 0.409322
vt 0.85832 0.412013
vt 0.863662 0.416474
vt 0.868321 0.42233
vt 0.862609 0.386099
vt 0.86481 0.37915
vt 0.792409 0.476136
vt 0.791964 0.483168
vt 0.792573 0.466958
vt 0.796204 0.44633
vt 0.793892 0.457179
vt 0.799555 0.434809
vt 0.825529 0.395072
vt 0.823579 0.39018
vt 0.816999 0.402427
vt 0.875404 0.381042
vt 0.886377 0.384728
vt 0.897276 0.390877
vt 0.896957 0.408503
vt 0.888972 0.414933
vt 0.904154 0.436057
vt 0.912647 0.433911
vt 0.939443 0.470588
vt 0.927956 0.449674
vt 0.932615 0.456091
vt 0.936606 0.463447
vt 0.922809 0.446228
vt 0.945319 0.449655
vt 0.864189 0.462394
vt 0.868134 0.458313
vt 0.871618 0.447744
vt 0.877208 0.44357
vt 0.898764 0.450742
vt 0.897805 0.445526
vt 0.939834 0.43958
vt 0.932673 0.432304
vt 0.923962 0.427627
vt 0.957045 0.483168
vt 0.914123 0.425039
vt 0.914977 0.413193
vt 0.906511 0.400875
vt 0.882506 0.420509
vt 0.863889 0.467533
vt 0.862111 0.470807
vt 0.860863 0.474019
vt 0.887852 0.461468
vt 0.844575 0.158136
vt 0.85419 0.157089
vt 0.855272 0.167567
vt 0.866805 0.183366
vt 0.857598 0.18478
vt 0.861917 0.203018
vt 0.853433 0.222553
vt 0.866506 0.220602
vt 0.858616 0.240124
vt 0.871531 0.238103
vt 0.863196 0.258801
vt 0.876642 0.258323
vt 0.867023 0.27748
vt 0.8794 0.278501
vt 0.877222 0.293593
vt 0.881306 0.308235
vt 0.873753 0.304276
vt 0.897025 0.439063
vt 0.890555 0.442408
vt 0.888838 0.435796
vt 0.895719 0.431734
vt 0.884579 0.445982
vt 0.904051 0.42788
vt 0.893349 0.423666
vt 0.886313 0.428306
vt 0.875021 0.436885
vt 0.869593 0.441848
vt 0.867574 0.433947
vt 0.872306 0.42974
vt 0.902277 0.418353
vt 0.863171 0.438784
vt 0.85974 0.44094
vt 0.856482 0.442222
vt 0.853338 0.443457
vt 0.850718 0.444422
vt 0.848567 0.445239
vt 0.846817 0.445951
vt 0.845532 0.44667
vt 0.844427 0.446962
vt 0.039725 0.584327
vt 0.039226 0.583237
vt 0.038724 0.58212
vt 0.038136 0.580766
vt 0.037269 0.578644
vt 0.035803 0.574718
vt 0.033593 0.567773
vt 0.024039 0.552881
vt 0.841483 0.447399
vt 0.839549 0.446954
vt 0.842673 0.447334
vt 0.843736 0.447129
vt 0.87725 0.425069
vt 0.882873 0.439685
vt 0.88048 0.432717
vt 0.889787 0.463953
vt 0.894025 0.464953
vt 0.896653 0.465803
vt 0.892205 0.475026
vt 0.890552 0.468305
vt 0.903809 0.473037
vt 0.905887 0.473425
vt 0.889466 0.47189
vt 0.907036 0.473694
vt 0.794522 0.026005
vt 0.790174 0.028986
vt 0.785405 0.03246
vt 0.781478 0.036106
vt 0.777821 0.041555
vt 0.7745 0.051659
vt 0.773179 0.064949
vt 0.776082 0.081441
vt 0.779973 0.096464
vt 0.82485 0.135553
vt 0.826921 0.135995
vt 0.834947 0.13644
vt 0.840687 0.136067
vt 0.818358 0.323066
vt 0.798798 0.37756
vt 0.803302 0.382919
vt 0.794365 0.371702
vt 0.790609 0.364386
vt 0.78768 0.355591
vt 0.800774 0.352678
vt 0.803047 0.359578
vt 0.811506 0.371194
vt 0.816507 0.375924
vt 0.806988 0.366212
vt 0.811905 0.350676
vt 0.814017 0.356094
vt 0.823285 0.365376
vt 0.83129 0.368733
vt 0.817953 0.361427
vt 0.874716 0.315944
vt 0.868749 0.312154
vt 0.861808 0.309779
vt 0.854837 0.308595
vt 0.882174 0.328957
vt 0.878783 0.320618
vt 0.799891 0.344931
vt 0.811337 0.344572
vt 0.786843 0.345557
vt 0.845142 0.366198
vt 0.820867 0.335208
vt 0.824318 0.33116
vt 0.838979 0.318347
vt 0.84723 0.316259
vt 0.865509 0.355617
vt 0.856628 0.35952
vt 0.833813 0.329306
vt 0.836602 0.332586
vt 0.835219 0.333483
vt 0.832402 0.331503
vt 0.875763 0.339969
vt 0.873873 0.349115
vt 0.868836 0.322244
vt 0.872825 0.32625
vt 0.84205 0.359648
vt 0.844394 0.357062
vt 0.850226 0.356327
vt 0.849233 0.358682
vt 0.864651 0.3261
vt 0.861138 0.331378
vt 0.856376 0.329862
vt 0.8598 0.324172
vt 0.826555 0.358116
vt 0.822989 0.353764
vt 0.847581 0.361907
vt 0.825517 0.344374
vt 0.829325 0.342728
vt 0.828131 0.347153
vt 0.826546 0.348922
vt 0.872501 0.339761
vt 0.870039 0.340046
vt 0.868224 0.336477
vt 0.871208 0.335315
vt 0.831227 0.352127
vt 0.828357 0.352521
vt 0.853212 0.316338
vt 0.865853 0.33373
vt 0.869181 0.331815
vt 0.836332 0.358579
vt 0.839371 0.35647
vt 0.836264 0.327061
vt 0.838275 0.331729
vt 0.826673 0.327563
vt 0.864019 0.353433
vt 0.862501 0.352047
vt 0.868406 0.346536
vt 0.870505 0.347556
vt 0.85505 0.322617
vt 0.852715 0.329076
vt 0.849207 0.328653
vt 0.851626 0.322603
vt 0.837461 0.352161
vt 0.83514 0.354732
vt 0.834484 0.349793
vt 0.86649 0.341673
vt 0.864984 0.346211
vt 0.855426 0.352096
vt 0.85635 0.354703
vt 0.850635 0.353544
vt 0.859669 0.333229
vt 0.854023 0.331479
vt 0.831213 0.346047
vt 0.859866 0.350283
vt 0.838906 0.332756
vt 0.837439 0.333436
vt 0.865293 0.338201
vt 0.841345 0.353775
vt 0.845777 0.354126
vt 0.834633 0.335321
vt 0.833894 0.334475
vt 0.836252 0.334178
vt 0.841256 0.331598
vt 0.841058 0.330488
vt 0.84475 0.329398
vt 0.844349 0.330859
vt 0.847738 0.330551
vt 0.863009 0.335199
vt 0.831336 0.342823
vt 0.850766 0.330945
vt 0.832748 0.338276
vt 0.83113 0.338187
vt 0.832535 0.343257
vt 0.833598 0.346255
vt 0.850413 0.332202
vt 0.847203 0.331725
vt 0.833469 0.338669
vt 0.835111 0.335881
vt 0.846726 0.352144
vt 0.851026 0.351543
vt 0.858117 0.334262
vt 0.86138 0.336215
vt 0.839084 0.350883
vt 0.836245 0.349049
vt 0.863758 0.342161
vt 0.862193 0.345918
vt 0.855231 0.350358
vt 0.853121 0.332701
vt 0.857973 0.349285
vt 0.839695 0.333324
vt 0.838035 0.334042
vt 0.863241 0.338911
vt 0.842713 0.352009
vt 0.83664 0.334619
vt 0.841679 0.332624
vt 0.844737 0.33175
vt 0.843694 0.350867
vt 0.844415 0.350069
vt 0.847792 0.350094
vt 0.847372 0.350855
vt 0.860937 0.339532
vt 0.859831 0.339889
vt 0.858294 0.337755
vt 0.859327 0.337243
vt 0.838515 0.334573
vt 0.839111 0.33544
vt 0.837162 0.335696
vt 0.83697 0.335277
vt 0.856655 0.347713
vt 0.855526 0.346879
vt 0.856676 0.345642
vt 0.858572 0.345605
vt 0.834728 0.343848
vt 0.835412 0.343672
vt 0.836305 0.345354
vt 0.835509 0.345501
vt 0.849935 0.33373
vt 0.849885 0.334249
vt 0.847743 0.333903
vt 0.847666 0.333398
vt 0.851287 0.349474
vt 0.851219 0.350256
vt 0.85675 0.335491
vt 0.856297 0.335995
vt 0.851956 0.334756
vt 0.85213 0.334232
vt 0.838887 0.347885
vt 0.837842 0.348559
vt 0.840373 0.334459
vt 0.84074 0.334795
vt 0.861679 0.342479
vt 0.859958 0.342435
vt 0.853353 0.347356
vt 0.853873 0.348369
vt 0.851238 0.348728
vt 0.854523 0.346206
vt 0.836729 0.338236
vt 0.836314 0.337846
vt 0.837756 0.336851
vt 0.843623 0.334651
vt 0.843201 0.334276
vt 0.846131 0.333907
vt 0.846171 0.334363
vt 0.847556 0.334428
vt 0.836341 0.340007
vt 0.835579 0.33979
vt 0.855636 0.336328
vt 0.85748 0.338013
vt 0.842264 0.348508
vt 0.841412 0.349251
vt 0.839678 0.347433
vt 0.858092 0.342301
vt 0.855586 0.34544
vt 0.852789 0.343225
vt 0.851604 0.34278
vt 0.851611 0.34182
vt 0.852769 0.34228
vt 0.846999 0.347072
vt 0.847538 0.346037
vt 0.849082 0.346182
vt 0.848869 0.347141
vt 0.842367 0.341097
vt 0.840767 0.340234
vt 0.841103 0.339311
vt 0.842424 0.340245
vt 0.852672 0.344171
vt 0.85153 0.343625
vt 0.847815 0.338816
vt 0.848312 0.337711
vt 0.849996 0.338464
vt 0.849212 0.339218
vt 0.84247 0.337896
vt 0.843079 0.338981
vt 0.842664 0.339532
vt 0.841592 0.338561
vt 0.845505 0.33869
vt 0.845372 0.337306
vt 0.846754 0.337424
vt 0.846568 0.338847
vt 0.85145 0.340913
vt 0.852495 0.340829
vt 0.851524 0.344329
vt 0.852335 0.344967
vt 0.85191 0.345616
vt 0.851427 0.344783
vt 0.844489 0.338544
vt 0.844192 0.337397
vt 0.840589 0.342833
vt 0.842795 0.343534
vt 0.843748 0.344218
vt 0.841325 0.344526
vt 0.845375 0.336236
vt 0.846928 0.336321
vt 0.843884 0.336441
vt 0.839343 0.339562
vt 0.839804 0.338544
vt 0.84628 0.347963
vt 0.848594 0.34803
vt 0.844118 0.347189
vt 0.845264 0.346357
vt 0.853871 0.343327
vt 0.854174 0.341738
vt 0.841884 0.336978
vt 0.84056 0.337681
vt 0.853061 0.345558
vt 0.852465 0.346305
vt 0.839528 0.345418
vt 0.84359 0.345637
vt 0.84153 0.346467
vt 0.852955 0.337897
vt 0.85164 0.339182
vt 0.850879 0.337207
vt 0.851002 0.347271
vt 0.850871 0.34639
vt 0.853423 0.344546
vt 0.854086 0.338828
vt 0.840631 0.341283
vt 0.838945 0.341356
vt 0.848779 0.336678
vt 0.838899 0.343841
vt 0.840382 0.350122
vt 0.85442 0.349551
vt 0.831907 0.356261
vt 0.854917 0.336925
vt 0.851546 0.336295
vt 0.851503 0.335211
vt 0.837038 0.34523
vt 0.837723 0.345148
vt 0.840495 0.347007
vt 0.840988 0.335287
vt 0.841233 0.335817
vt 0.839682 0.336676
vt 0.839221 0.335914
vt 0.856042 0.342968
vt 0.856915 0.340564
vt 0.858554 0.340245
vt 0.845024 0.349388
vt 0.84561 0.348724
vt 0.848375 0.348818
vt 0.848118 0.349453
vt 0.856289 0.338377
vt 0.83832 0.337696
vt 0.853799 0.345951
vt 0.854675 0.345057
vt 0.83619 0.343686
vt 0.836963 0.343583
vt 0.849801 0.334784
vt 0.849204 0.335748
vt 0.847081 0.334999
vt 0.85118 0.348056
vt 0.843082 0.347869
vt 0.846018 0.3336
vt 0.845136 0.344703
vt 0.850872 0.345486
vt 0.842348 0.341949
vt 0.843023 0.333817
vt 0.835701 0.336494
vt 0.83488 0.339759
vt 0.850556 0.33992
vt 0.8462 0.345418
vt 0.845841 0.344054
vt 0.847313 0.344589
vt 0.847895 0.345069
vt 0.849125 0.345109
vt 0.850237 0.344559
vt 0.850281 0.344119
vt 0.850165 0.343533
vt 0.850134 0.34284
vt 0.85011 0.342059
vt 0.850234 0.341301
vt 0.850393 0.340745
vt 0.84964 0.340272
vt 0.84849 0.339951
vt 0.847275 0.339944
vt 0.846271 0.340054
vt 0.845508 0.339992
vt 0.844756 0.339807
vt 0.844037 0.340101
vt 0.843819 0.340639
vt 0.843672 0.34125
vt 0.843567 0.341897
vt 0.843532 0.342538
vt 0.844018 0.343387
vt 0.84479 0.343718
vt 0.847013 0.340705
vt 0.846334 0.340871
vt 0.845266 0.343158
vt 0.846144 0.343418
vt 0.837173 0.340262
vt 0.848184 0.340761
vt 0.849217 0.340883
vt 0.847483 0.34393
vt 0.846269 0.342748
vt 0.847497 0.342981
vt 0.845377 0.342014
vt 0.84634 0.34215
vt 0.845394 0.342581
vt 0.848266 0.344088
vt 0.848355 0.343046
vt 0.849213 0.343825
vt 0.849165 0.343118
vt 0.849126 0.342373
vt 0.847379 0.342272
vt 0.848341 0.342226
vt 0.847062 0.341404
vt 0.848228 0.341515
vt 0.846331 0.341469
vt 0.845373 0.341447
vt 0.84541 0.340826
vt 0.849108 0.341612
vt 0.85295 0.346673
vt 0.837825 0.338838
vt 0.843784 0.335254
vt 0.845488 0.335022
vt 0.82653 0.337589
vt 0.829995 0.333662
vt 0.839969 0.324113
vt 0.846453 0.323147
vt 0.856637 0.356644
vt 0.829918 0.324616
vt 0.838308 0.362945
vt 0.863805 0.319474
vt 0.820363 0.343515
vt 0.82114 0.349635
vt 0.876342 0.333087
vt 0.831385 0.361134
vt 0.833352 0.321575
vt 0.858198 0.31757
vt 0.833218 0.518189
vt 0.833504 0.51523
vt 0.834501 0.515404
vt 0.834363 0.518361
vt 0.83064 0.518347
vt 0.830924 0.514946
vt 0.832342 0.515149
vt 0.832059 0.518267
vt 0.833492 0.520941
vt 0.832425 0.521251
vt 0.831206 0.521706
vt 0.833358 0.523804
vt 0.832306 0.524781
vt 0.834283 0.523217
vt 0.83441 0.525753
vt 0.833735 0.527009
vt 0.834986 0.52491
vt 0.835445 0.527082
vt 0.835059 0.528755
vt 0.83583 0.525975
vt 0.836482 0.527913
vt 0.836308 0.52989
vt 0.836668 0.526723
vt 0.837694 0.528643
vt 0.837503 0.530446
vt 0.837721 0.52712
vt 0.838723 0.528467
vt 0.838795 0.530383
vt 0.838722 0.526933
vt 0.839947 0.528095
vt 0.840215 0.530197
vt 0.839764 0.526569
vt 0.841031 0.527548
vt 0.841562 0.529517
vt 0.84077 0.526051
vt 0.84462 0.522817
vt 0.845797 0.52361
vt 0.844462 0.526092
vt 0.843579 0.524794
vt 0.843752 0.52231
vt 0.842863 0.524089
vt 0.844206 0.513854
vt 0.845419 0.513407
vt 0.845722 0.516398
vt 0.844436 0.516504
vt 0.846523 0.51338
vt 0.846976 0.516871
vt 0.843724 0.511317
vt 0.844557 0.510733
vt 0.845552 0.510412
vt 0.843143 0.509726
vt 0.843796 0.509041
vt 0.844519 0.508386
vt 0.834407 0.512203
vt 0.835434 0.512494
vt 0.832041 0.511557
vt 0.833337 0.511928
vt 0.833813 0.508595
vt 0.834842 0.509101
vt 0.835752 0.509516
vt 0.836632 0.509831
vt 0.835669 0.506371
vt 0.836357 0.507016
vt 0.836882 0.507609
vt 0.837475 0.50804
vt 0.837233 0.505121
vt 0.837598 0.505806
vt 0.837939 0.506358
vt 0.838563 0.507192
vt 0.839634 0.503909
vt 0.839675 0.504769
vt 0.838649 0.505005
vt 0.838581 0.504356
vt 0.839815 0.505447
vt 0.840193 0.506137
vt 0.839511 0.506453
vt 0.838664 0.505487
vt 0.840721 0.503793
vt 0.840608 0.50474
vt 0.840678 0.505754
vt 0.840718 0.506307
vt 0.841842 0.504214
vt 0.84158 0.505099
vt 0.84139 0.50615
vt 0.841373 0.507166
vt 0.847427 0.524867
vt 0.845704 0.527671
vt 0.845416 0.507344
vt 0.846744 0.509513
vt 0.848137 0.512904
vt 0.850136 0.512279
vt 0.851007 0.517115
vt 0.848731 0.517041
vt 0.842148 0.531539
vt 0.840507 0.532064
vt 0.838864 0.532091
vt 0.837452 0.532
vt 0.8361 0.531468
vt 0.834712 0.530293
vt 0.833224 0.528415
vt 0.831441 0.525624
vt 0.830016 0.522267
vt 0.829471 0.518482
vt 0.829758 0.514836
vt 0.830971 0.511198
vt 0.832914 0.508002
vt 0.835152 0.505667
vt 0.832736 0.530245
vt 0.830539 0.526639
vt 0.838289 0.50353
vt 0.839539 0.50306
vt 0.84081 0.503049
vt 0.842216 0.50372
vt 0.836839 0.504345
vt 0.836251 0.503001
vt 0.837948 0.502111
vt 0.834129 0.504567
vt 0.835693 0.500823
vt 0.837761 0.499896
vt 0.839555 0.499564
vt 0.839449 0.501707
vt 0.841346 0.499753
vt 0.840972 0.501789
vt 0.843421 0.500631
vt 0.842737 0.502701
vt 0.833994 0.494274
vt 0.836729 0.493343
vt 0.83746 0.496859
vt 0.835014 0.49778
vt 0.839558 0.493055
vt 0.842267 0.493415
vt 0.841783 0.496843
vt 0.839674 0.49659
vt 0.845373 0.494928
vt 0.844312 0.497902
vt 0.833188 0.490518
vt 0.8362 0.489781
vt 0.839296 0.489565
vt 0.842633 0.490014
vt 0.846828 0.491553
vt 0.832489 0.486944
vt 0.835621 0.486569
vt 0.851233 0.490748
vt 0.845779 0.486864
vt 0.850122 0.486826
vt 0.839005 0.486429
vt 0.842422 0.486519
vt 0.852507 0.511587
vt 0.853556 0.517109
vt 0.850352 0.507111
vt 0.848202 0.508337
vt 0.84823 0.504597
vt 0.846477 0.506123
vt 0.851804 0.528174
vt 0.849453 0.532225
vt 0.847381 0.529879
vt 0.849363 0.526447
vt 0.837444 0.536417
vt 0.835812 0.535748
vt 0.836024 0.533242
vt 0.837417 0.533758
vt 0.841491 0.536883
vt 0.83931 0.536825
vt 0.838965 0.533999
vt 0.840938 0.534127
vt 0.83415 0.534441
vt 0.834545 0.532224
vt 0.832143 0.531866
vt 0.82996 0.527939
vt 0.828012 0.523272
vt 0.828826 0.522739
vt 0.828587 0.509639
vt 0.830819 0.505601
vt 0.831906 0.507241
vt 0.829827 0.510754
vt 0.827086 0.518605
vt 0.828153 0.518552
vt 0.827272 0.514128
vt 0.828475 0.514653
vt 0.833306 0.50258
vt 0.832251 0.499587
vt 0.831024 0.495915
vt 0.829909 0.491821
vt 0.829278 0.487522
vt 0.824249 0.504232
vt 0.827389 0.499143
vt 0.829034 0.502604
vt 0.826496 0.507387
vt 0.822958 0.511121
vt 0.825212 0.512942
vt 0.824275 0.524615
vt 0.823036 0.518084
vt 0.825212 0.518492
vt 0.826448 0.524034
vt 0.826719 0.530891
vt 0.828839 0.529598
vt 0.840337 0.544135
vt 0.837449 0.543335
vt 0.837498 0.539606
vt 0.839743 0.540149
vt 0.834933 0.542224
vt 0.835562 0.538761
vt 0.843505 0.544206
vt 0.842354 0.540323
vt 0.832253 0.539985
vt 0.833588 0.537189
vt 0.829519 0.536095
vt 0.831308 0.534094
vt 0.824061 0.531927
vt 0.821446 0.524683
vt 0.827315 0.538087
vt 0.819734 0.508617
vt 0.820998 0.499454
vt 0.825776 0.494432
vt 0.840985 0.548265
vt 0.837301 0.54719
vt 0.833909 0.545435
vt 0.844751 0.548378
vt 0.830563 0.542457
vt 0.819997 0.516897
vt 0.848582 0.547701
vt 0.84685 0.54347
vt 0.824867 0.488539
vt 0.82097 0.532874
vt 0.818202 0.525089
vt 0.816531 0.516483
vt 0.815702 0.507631
vt 0.815634 0.49829
vt 0.815595 0.490099
vt 0.820397 0.490284
vt 0.812921 0.516457
vt 0.811985 0.50723
vt 0.817871 0.534065
vt 0.814816 0.525573
vt 0.81167 0.497596
vt 0.811663 0.489784
vt 0.793761 0.552179
vt 0.787405 0.538993
vt 0.794004 0.534692
vt 0.79912 0.547457
vt 0.783087 0.525538
vt 0.790113 0.522341
vt 0.780167 0.512372
vt 0.787471 0.510644
vt 0.84598 0.552974
vt 0.841352 0.552803
vt 0.83693 0.551514
vt 0.832858 0.548945
vt 0.828545 0.545084
vt 0.824692 0.539765
vt 0.850543 0.552105
vt 0.826629 0.547942
vt 0.821996 0.541639
vt 0.831511 0.552882
vt 0.836525 0.556308
vt 0.810839 0.573157
vt 0.801811 0.563357
vt 0.806143 0.558582
vt 0.81402 0.568443
vt 0.796545 0.569219
vt 0.787637 0.557423
vt 0.804121 0.543316
vt 0.810082 0.554201
vt 0.821335 0.581283
vt 0.819576 0.585179
vt 0.807295 0.57801
vt 0.718699 0.615128
vt 0.701241 0.613305
vt 0.709928 0.574969
vt 0.725453 0.583512
vt 0.870032 0.485169
vt 0.868127 0.485498
vt 0.868818 0.492159
vt 0.866724 0.493206
vt 0.866324 0.490469
vt 0.868276 0.489844
vt 0.869573 0.49471
vt 0.867999 0.495671
vt 0.863755 0.491399
vt 0.864653 0.494291
vt 0.866036 0.49734
vt 0.866047 0.488002
vt 0.865896 0.485771
vt 0.868161 0.487528
vt 0.863193 0.486115
vt 0.86334 0.488637
vt 0.869942 0.487143
vt 0.868256 0.500053
vt 0.86978 0.498119
vt 0.872491 0.500456
vt 0.871518 0.502122
vt 0.87545 0.488704
vt 0.874696 0.487779
vt 0.876614 0.486727
vt 0.876798 0.487546
vt 0.874665 0.495701
vt 0.87554 0.495141
vt 0.878003 0.497519
vt 0.876592 0.498184
vt 0.87454 0.486033
vt 0.874595 0.484687
vt 0.876754 0.484581
vt 0.876682 0.485716
vt 0.878776 0.486471
vt 0.878685 0.487426
vt 0.879423 0.484499
vt 0.879225 0.485533
vt 0.880973 0.487006
vt 0.880479 0.487793
vt 0.882221 0.484559
vt 0.881671 0.485709
vt 0.883056 0.48845
vt 0.882 0.489018
vt 0.88219 0.494292
vt 0.882953 0.49122
vt 0.88396 0.491145
vt 0.883563 0.494526
vt 0.880873 0.496628
vt 0.880273 0.495316
vt 0.881304 0.494083
vt 0.876097 0.489939
vt 0.875192 0.48972
vt 0.876207 0.489134
vt 0.876855 0.493617
vt 0.876423 0.494262
vt 0.875334 0.492322
vt 0.876244 0.491929
vt 0.878653 0.495181
vt 0.878306 0.496039
vt 0.877019 0.488104
vt 0.878684 0.488115
vt 0.880104 0.488451
vt 0.88118 0.489589
vt 0.881839 0.491344
vt 0.874477 0.492687
vt 0.872985 0.484733
vt 0.871599 0.484952
vt 0.874219 0.490065
vt 0.870001 0.48934
vt 0.870316 0.491635
vt 0.870945 0.494154
vt 0.871972 0.496483
vt 0.870948 0.497074
vt 0.873161 0.498171
vt 0.872932 0.499205
vt 0.881108 0.498137
vt 0.87477 0.507487
vt 0.880345 0.510793
vt 0.878989 0.516353
vt 0.873188 0.512413
vt 0.883945 0.48468
vt 0.883481 0.486261
vt 0.878798 0.494057
vt 0.879854 0.494397
vt 0.880692 0.493561
vt 0.880665 0.490072
vt 0.879703 0.489321
vt 0.877789 0.489163
vt 0.877276 0.489708
vt 0.877568 0.493195
vt 0.878677 0.489019
vt 0.876843 0.490456
vt 0.881098 0.491368
vt 0.877437 0.491869
vt 0.886547 0.484906
vt 0.897823 0.504127
vt 0.900273 0.503125
vt 0.904276 0.505847
vt 0.902787 0.50728
vt 0.916689 0.501839
vt 0.920203 0.497546
vt 0.92201 0.498476
vt 0.917786 0.502502
vt 0.913974 0.504121
vt 0.914824 0.504923
vt 0.895969 0.484618
vt 0.893287 0.484338
vt 0.890023 0.484712
vt 0.880209 0.491692
vt 0.879876 0.490976
vt 0.878169 0.492619
vt 0.878707 0.493311
vt 0.87982 0.492605
vt 0.879234 0.49319
vt 0.878029 0.4901
vt 0.877635 0.490238
vt 0.878586 0.489947
vt 0.877585 0.490808
vt 0.877746 0.4916
vt 0.879301 0.490263
vt 0.878108 0.490805
vt 0.878332 0.491497
vt 0.878719 0.492325
vt 0.878548 0.4906
vt 0.878884 0.491045
vt 0.879315 0.491783
vt 0.920675 0.504107
vt 0.917605 0.507033
vt 0.924064 0.499605
vt 0.902323 0.502205
vt 0.905019 0.504583
vt 0.889633 0.486679
vt 0.886163 0.486718
vt 0.899198 0.499428
vt 0.900486 0.498706
vt 0.903448 0.501318
vt 0.901584 0.497996
vt 0.904136 0.500503
vt 0.905008 0.499726
vt 0.902994 0.497309
vt 0.903925 0.496635
vt 0.905774 0.499156
vt 0.904947 0.495863
vt 0.906975 0.49841
vt 0.906084 0.49507
vt 0.90741 0.497983
vt 0.908987 0.503361
vt 0.910199 0.503704
vt 0.910439 0.504537
vt 0.90897 0.504623
vt 0.909155 0.502596
vt 0.910011 0.50252
vt 0.909655 0.500662
vt 0.910001 0.500277
vt 0.910039 0.501476
vt 0.909345 0.501773
vt 0.909817 0.499609
vt 0.909923 0.49941
vt 0.91494 0.499714
vt 0.91566 0.500598
vt 0.913301 0.502829
vt 0.912892 0.501771
vt 0.911066 0.498512
vt 0.912483 0.498368
vt 0.911239 0.499625
vt 0.91033 0.499044
vt 0.905737 0.503359
vt 0.906245 0.50229
vt 0.906747 0.501304
vt 0.907783 0.499563
vt 0.906989 0.500593
vt 0.908348 0.499287
vt 0.908838 0.507375
vt 0.908956 0.506048
vt 0.91091 0.505927
vt 0.911268 0.507258
vt 0.914218 0.499006
vt 0.912539 0.500923
vt 0.91347 0.498558
vt 0.912018 0.500303
vt 0.893032 0.486554
vt 0.894849 0.486569
vt 0.89478 0.488587
vt 0.892186 0.488996
vt 0.89702 0.493532
vt 0.898053 0.492987
vt 0.899311 0.495631
vt 0.898213 0.49605
vt 0.899774 0.492565
vt 0.901337 0.492054
vt 0.902364 0.494191
vt 0.900936 0.494891
vt 0.889198 0.48903
vt 0.88895 0.491489
vt 0.885874 0.491402
vt 0.88585 0.488944
vt 0.892363 0.494389
vt 0.895539 0.493908
vt 0.896985 0.496678
vt 0.894179 0.497574
vt 0.899012 0.488122
vt 0.900756 0.488007
vt 0.900828 0.489867
vt 0.899099 0.490172
vt 0.896592 0.488382
vt 0.89744 0.488237
vt 0.897589 0.490421
vt 0.896499 0.490618
vt 0.899423 0.486353
vt 0.900978 0.486213
vt 0.897044 0.486552
vt 0.8977 0.48646
vt 0.899771 0.484471
vt 0.901122 0.484329
vt 0.897683 0.484586
vt 0.898231 0.484573
vt 0.903002 0.4913
vt 0.902913 0.489538
vt 0.903132 0.48793
vt 0.903121 0.486022
vt 0.903197 0.484461
vt 0.8951 0.490868
vt 0.917126 0.49616
vt 0.918507 0.496752
vt 0.913348 0.494608
vt 0.915094 0.494777
vt 0.916065 0.495387
vt 0.923159 0.492519
vt 0.920701 0.492033
vt 0.918603 0.491253
vt 0.917164 0.49086
vt 0.915672 0.490592
vt 0.91442 0.490133
vt 0.917966 0.486393
vt 0.91944 0.486518
vt 0.921499 0.486722
vt 0.927014 0.487424
vt 0.929569 0.487801
vt 0.927626 0.494019
vt 0.925184 0.493472
vt 0.924361 0.486956
vt 0.914846 0.486375
vt 0.916143 0.486424
vt 0.912101 0.494439
vt 0.913127 0.489781
vt 0.91404 0.486312
vt 0.905105 0.487855
vt 0.905237 0.489352
vt 0.905354 0.48582
vt 0.905509 0.490386
vt 0.910862 0.495711
vt 0.911341 0.489411
vt 0.905418 0.484387
vt 0.909795 0.49932
vt 0.909879 0.499326
vt 0.908675 0.497741
vt 0.90916 0.49889
vt 0.906658 0.487579
vt 0.9068 0.488908
vt 0.909994 0.499144
vt 0.91013 0.497995
vt 0.855674 0.02715
vt 0.8665 0.037576
vt 0.864728 0.040494
vt 0.856868 0.031431
vt 0.90676 0.484264
vt 0.906706 0.485575
vt 0.911576 0.486659
vt 0.906694 0.490268
vt 0.907541 0.494498
vt 0.894766 0.018293
vt 0.89819 0.015695
vt 0.901432 0.019093
vt 0.898834 0.021789
vt 0.901169 0.013682
vt 0.903607 0.016527
vt 0.850578 0.028769
vt 0.849489 0.024899
vt 0.890594 0.022033
vt 0.892363 0.020287
vt 0.89612 0.024105
vt 0.894394 0.025611
vt 0.870606 0.046046
vt 0.867315 0.043665
vt 0.870282 0.041095
vt 0.873382 0.044493
vt 0.883482 0.037055
vt 0.881666 0.040063
vt 0.878522 0.038003
vt 0.879683 0.03481
vt 0.884008 0.029583
vt 0.887588 0.032221
vt 0.86156 0.042734
vt 0.855388 0.036356
vt 0.877509 0.045835
vt 0.875765 0.047052
vt 0.87544 0.044493
vt 0.876523 0.04309
vt 0.864541 0.045955
vt 0.87989 0.047135
vt 0.876235 0.048766
vt 0.904926 0.01456
vt 0.909031 0.020189
vt 0.907563 0.021802
vt 0.905342 0.023724
vt 0.90299 0.026039
vt 0.848661 0.033845
vt 0.900702 0.028248
vt 0.899092 0.029544
vt 0.868061 0.048145
vt 0.888568 0.039152
vt 0.886132 0.041796
vt 0.89241 0.035542
vt 0.859134 0.04489
vt 0.85374 0.040457
vt 0.856798 0.049553
vt 0.853003 0.047182
vt 0.862569 0.047694
vt 0.882125 0.048861
vt 0.876872 0.050343
vt 0.912291 0.025385
vt 0.91078 0.026706
vt 0.90882 0.028508
vt 0.906639 0.03035
vt 0.847357 0.037754
vt 0.904504 0.032075
vt 0.903014 0.033243
vt 0.866474 0.049642
vt 0.892874 0.041504
vt 0.890081 0.043906
vt 0.896593 0.037965
vt 0.846788 0.097267
vt 0.846839 0.102177
vt 0.896804 0.045533
vt 0.893698 0.047579
vt 0.900617 0.043105
vt 0.847995 0.076251
vt 0.909973 0.036305
vt 0.908035 0.037943
vt 0.85598 0.056036
vt 0.852216 0.053781
vt 0.860446 0.051433
vt 0.847293 0.06445
vt 0.884341 0.051944
vt 0.87746 0.053095
vt 0.91569 0.032182
vt 0.914015 0.033108
vt 0.846833 0.052315
vt 0.912247 0.034554
vt 0.84588 0.044411
vt 0.906606 0.038961
vt 0.864827 0.05276
vt 0.92041 0.044845
vt 0.918724 0.045321
vt 0.916398 0.046608
vt 0.914026 0.047934
vt 0.911424 0.049262
vt 0.909985 0.049919
vt 0.864544 0.058221
vt 0.859712 0.057248
vt 0.900043 0.053877
vt 0.89654 0.055157
vt 0.903858 0.052756
vt 0.857519 0.065797
vt 0.853042 0.064988
vt 0.886009 0.057886
vt 0.878491 0.058396
vt 0.861115 0.066555
vt 0.886827 0.067403
vt 0.879051 0.06741
vt 0.92374 0.061881
vt 0.921807 0.062297
vt 0.918895 0.063163
vt 0.91624 0.063836
vt 0.913573 0.064311
vt 0.912085 0.064551
vt 0.864732 0.066856
vt 0.902123 0.065374
vt 0.89854 0.065651
vt 0.904963 0.065276
vt 0.857874 0.078004
vt 0.853296 0.076932
vt 0.850972 0.096335
vt 0.854965 0.095066
vt 0.86153 0.078458
vt 0.8866 0.080335
vt 0.879078 0.080079
vt 0.923205 0.082193
vt 0.921046 0.082815
vt 0.917372 0.082619
vt 0.914078 0.082303
vt 0.911043 0.081889
vt 0.9081 0.081617
vt 0.865162 0.07799
vt 0.899801 0.080655
vt 0.896557 0.080473
vt 0.902434 0.080944
vt 0.917721 0.101406
vt 0.915599 0.100732
vt 0.912225 0.099904
vt 0.909424 0.098762
vt 0.906702 0.097667
vt 0.9041 0.096969
vt 0.865089 0.091659
vt 0.858895 0.092353
vt 0.896134 0.094819
vt 0.89268 0.094237
vt 0.898931 0.095432
vt 0.849674 0.102748
vt 0.853335 0.103373
vt 0.883235 0.093699
vt 0.877237 0.093552
vt 0.889491 0.108186
vt 0.886248 0.106979
vt 0.892345 0.109356
vt 0.901431 0.114157
vt 0.899605 0.112887
vt 0.857654 0.105058
vt 0.878917 0.105587
vt 0.87502 0.107271
vt 0.907492 0.118236
vt 0.905552 0.117393
vt 0.903718 0.115992
vt 0.897403 0.111778
vt 0.862823 0.109545
vt 0.861474 0.117929
vt 0.858789 0.116898
vt 0.851525 0.117531
vt 0.855483 0.116559
vt 0.847845 0.117152
vt 0.88266 0.122007
vt 0.881114 0.121263
vt 0.885204 0.12136
vt 0.895277 0.110545
vt 0.887441 0.122849
vt 0.875478 0.117095
vt 0.870367 0.118294
vt 0.896272 0.132118
vt 0.895003 0.130818
vt 0.894086 0.127915
vt 0.89265 0.126647
vt 0.889633 0.126883
vt 0.888352 0.125793
vt 0.866287 0.130236
vt 0.864629 0.131773
vt 0.778648 0.500272
vt 0.785851 0.500156
vt 0.933022 0.48842
vt 0.93078 0.49484
vt 0.909306 0.512524
vt 0.908764 0.509518
vt 0.912277 0.510103
vt 0.913072 0.512424
vt 0.92344 0.505158
vt 0.919918 0.508829
vt 0.927427 0.500854
vt 0.962263 0.490713
vt 0.96853 0.491339
vt 0.96785 0.502309
vt 0.961067 0.499963
vt 0.939363 0.573945
vt 0.931804 0.585888
vt 0.924991 0.581142
vt 0.93162 0.568754
vt 0.418574 0.949612
vt 0.423237 0.951413
vt 0.421701 0.95577
vt 0.417349 0.95344
vt 0.420404 0.942293
vt 0.425478 0.945351
vt 0.424591 0.932713
vt 0.429507 0.936982
vt 0.410301 0.945096
vt 0.414249 0.946906
vt 0.412925 0.951138
vt 0.408684 0.949444
vt 0.412474 0.937914
vt 0.416935 0.940442
vt 0.415436 0.926882
vt 0.419727 0.929707
vt 0.920116 0.599702
vt 0.913639 0.593962
vt 0.977064 0.506097
vt 0.977804 0.492641
vt 0.992106 0.497377
vt 0.99014 0.514495
vt 0.384361 0.950586
vt 0.382552 0.951394
vt 0.382695 0.945153
vt 0.384872 0.944152
vt 0.382886 0.93248
vt 0.385354 0.932303
vt 0.397754 0.932426
vt 0.393717 0.931919
vt 0.944182 0.563404
vt 0.938151 0.558387
vt 0.779893 0.543934
vt 0.431686 0.949293
vt 0.429177 0.954541
vt 0.443869 0.929322
vt 0.435392 0.941736
vt 0.92713 0.664811
vt 0.942957 0.673213
vt 0.933638 0.694102
vt 0.917502 0.686941
vt 0.963777 0.683433
vt 0.954248 0.701639
vt 0.450083 0.935257
vt 0.442 0.945938
vt 0.926188 0.716506
vt 0.910801 0.710992
vt 0.945772 0.723031
vt 0.456172 0.941105
vt 0.449159 0.950454
vt 0.919693 0.736822
vt 0.905476 0.733125
vt 0.939067 0.742104
vt 0.461329 0.946952
vt 0.454899 0.954986
vt 0.914107 0.754414
vt 0.900224 0.750909
vt 0.933708 0.75852
vt 0.466083 0.951824
vt 0.459297 0.959214
vt 0.908196 0.773574
vt 0.894116 0.770124
vt 0.926999 0.77718
vt 0.470155 0.9576
vt 0.463441 0.964413
vt 0.884989 0.803378
vt 0.899856 0.806244
vt 0.89853 0.814783
vt 0.883 0.812613
vt 0.919852 0.809529
vt 0.919027 0.817634
vt 0.47007 0.97219
vt 0.476141 0.966516
vt 0.477847 0.968308
vt 0.471715 0.973856
vt 0.713974 0.683426
vt 0.698941 0.691346
vt 0.686883 0.6553
vt 0.704892 0.651325
vt 0.68329 0.699645
vt 0.668606 0.659024
vt 0.746457 0.667264
vt 0.728926 0.676585
vt 0.721123 0.648436
vt 0.739062 0.643615
vt 0.792019 0.647033
vt 0.777861 0.652973
vt 0.772835 0.637704
vt 0.78829 0.635277
vt 0.762578 0.659748
vt 0.756964 0.640931
vt 0.85576 0.591896
vt 0.856162 0.597652
vt 0.844741 0.594961
vt 0.844793 0.589633
vt 0.832327 0.591326
vt 0.833449 0.586006
vt 0.757613 0.600265
vt 0.773326 0.606491
vt 0.771008 0.620402
vt 0.754528 0.619181
vt 0.866873 0.59311
vt 0.867639 0.600175
vt 0.852349 0.689948
vt 0.848724 0.706359
vt 0.831919 0.703348
vt 0.837743 0.688454
vt 0.736851 0.616944
vt 0.741245 0.59198
vt 0.842713 0.723476
vt 0.824757 0.719581
vt 0.916564 0.574538
vt 0.905735 0.585496
vt 0.426863 0.958422
vt 0.904733 0.679014
vt 0.914393 0.65603
vt 0.899868 0.707048
vt 0.894047 0.729565
vt 0.887554 0.749508
vt 0.88215 0.767247
vt 0.864391 0.539711
vt 0.860031 0.545502
vt 0.856924 0.541178
vt 0.860773 0.535425
vt 0.842788 0.533627
vt 0.843847 0.536385
vt 0.854708 0.530278
vt 0.851872 0.534943
vt 0.845204 0.539835
vt 0.846567 0.535068
vt 0.84835 0.538042
vt 0.857663 0.532617
vt 0.854157 0.537651
vt 0.901988 0.612434
vt 0.897582 0.602534
vt 0.892866 0.592402
vt 0.958195 0.49915
vt 0.95964 0.490435
vt 0.955918 0.509598
vt 0.959342 0.511721
vt 0.955457 0.525206
vt 0.951791 0.521767
vt 0.960366 0.529822
vt 0.965205 0.51516
vt 0.950238 0.537559
vt 0.946312 0.533511
vt 0.954608 0.542444
vt 0.39498 0.949479
vt 0.39143 0.94961
vt 0.392812 0.943499
vt 0.396554 0.943506
vt 0.389272 0.932218
vt 0.387798 0.949928
vt 0.388612 0.943634
vt 0.966981 0.536335
vt 0.97317 0.520714
vt 0.975526 0.54603
vt 0.968866 0.557062
vt 0.960827 0.548636
vt 0.932433 0.552853
vt 0.924788 0.563116
vt 0.40332 0.943591
vt 0.406581 0.943886
vt 0.40492 0.948815
vt 0.401506 0.948921
vt 0.946355 0.579632
vt 0.954696 0.586576
vt 0.94822 0.597202
vt 0.939381 0.591303
vt 0.917865 0.618405
vt 0.930363 0.623285
vt 0.922067 0.63787
vt 0.910544 0.632445
vt 0.951497 0.569
vt 0.959328 0.576622
vt 0.92952 0.604671
vt 0.93973 0.60947
vt 0.903768 0.647415
vt 0.804633 0.642415
vt 0.801391 0.632267
vt 0.815504 0.638499
vt 0.813398 0.630903
vt 0.867277 0.60671
vt 0.856304 0.602889
vt 0.662865 0.710597
vt 0.643204 0.662415
vt 0.880812 0.613063
vt 0.8811 0.602423
vt 0.772307 0.699547
vt 0.761166 0.712823
vt 0.744232 0.697272
vt 0.758672 0.68535
vt 0.895369 0.661285
vt 0.863528 0.800018
vt 0.872755 0.801321
vt 0.870412 0.810953
vt 0.862047 0.810078
vt 0.846832 0.779931
vt 0.845317 0.797014
vt 0.82791 0.792943
vt 0.830179 0.775511
vt 0.849916 0.761339
vt 0.834104 0.757678
vt 0.87749 0.747523
vt 0.872003 0.765371
vt 0.883038 0.727891
vt 0.888133 0.707235
vt 0.891295 0.684246
vt 0.888748 0.787338
vt 0.876851 0.78478
vt 0.806209 0.714958
vt 0.814371 0.700167
vt 0.804849 0.785189
vt 0.800678 0.802406
vt 0.773625 0.795585
vt 0.780688 0.777246
vt 0.821823 0.68654
vt 0.817819 0.735405
vt 0.812665 0.751495
vt 0.791235 0.744719
vt 0.797875 0.729889
vt 0.841874 0.676422
vt 0.829306 0.674521
vt 0.812885 0.669153
vt 0.805822 0.681876
vt 0.794559 0.674518
vt 0.804427 0.662289
vt 0.787321 0.709359
vt 0.77809 0.723404
vt 0.796831 0.695261
vt 0.78337 0.686987
vt 0.75431 0.767287
vt 0.745033 0.784017
vt 0.716101 0.767219
vt 0.728721 0.750924
vt 0.770221 0.73662
vt 0.750943 0.724647
vt 0.73168 0.707515
vt 0.797725 0.65522
vt 0.785067 0.665411
vt 0.772073 0.674939
vt 0.70617 0.730571
vt 0.687931 0.743599
vt 0.702582 0.522638
vt 0.680666 0.55637
vt 0.660913 0.544667
vt 0.690115 0.508931
vt 0.736517 0.56172
vt 0.724828 0.549484
vt 0.772036 0.549508
vt 0.765132 0.534953
vt 0.774343 0.52984
vt 0.781164 0.563168
vt 0.79161 0.574642
vt 0.694494 0.5645
vt 0.683639 0.610131
vt 0.837096 0.740299
vt 0.777714 0.491345
vt 0.78466 0.490734
vt 0.759897 0.520283
vt 0.77065 0.515967
vt 0.775257 0.56865
vt 0.765312 0.554785
vt 0.786274 0.580009
vt 0.808348 0.767969
vt 0.776954 0.59526
vt 0.763078 0.585943
vt 0.74905 0.574008
vt 0.757058 0.539987
vt 0.983347 0.531549
vt 0.898936 0.627068
vt 0.894603 0.640596
vt 0.887908 0.651109
vt 0.886949 0.66813
vt 0.845594 0.666281
vt 0.835497 0.664231
vt 0.820043 0.658837
vt 0.813895 0.652934
vt 0.808234 0.647987
vt 0.757908 0.561937
vt 0.769429 0.575549
vt 0.781282 0.586498
vt 0.826218 0.806112
vt 0.748049 0.54768
vt 0.741177 0.497553
vt 0.753179 0.494037
vt 0.467018 0.968422
vt 0.473598 0.962192
vt 0.666748 0.606618
vt 0.641249 0.600887
vt 0.866463 0.675417
vt 0.855271 0.676371
vt 0.85585 0.666312
vt 0.865012 0.665099
vt 0.713168 0.534826
vt 0.733428 0.516758
vt 0.739961 0.533375
vt 0.767429 0.492132
vt 0.786024 0.76046
vt 0.903202 0.790432
vt 0.923375 0.793725
vt 0.71925 0.718559
vt 0.727882 0.503061
vt 0.762606 0.751615
vt 0.740139 0.737333
vt 0.750479 0.52558
vt 0.936024 0.488887
vt 0.84991 0.503015
vt 0.847262 0.50051
vt 0.84861 0.498511
vt 0.851461 0.501633
vt 0.942962 0.530112
vt 0.948856 0.51948
vt 0.953225 0.508221
vt 0.955402 0.49839
vt 0.956678 0.490247
vt 0.405223 0.933852
vt 0.40903 0.935051
vt 0.839235 0.656282
vt 0.847052 0.657825
vt 0.827371 0.651825
vt 0.821997 0.647551
vt 0.769221 0.501789
vt 0.755756 0.505221
vt 0.745037 0.509655
vt 0.835586 0.518427
vt 0.835555 0.515538
vt 0.837013 0.515746
vt 0.837007 0.518337
vt 0.837298 0.525011
vt 0.837963 0.525473
vt 0.837066 0.525872
vt 0.836263 0.525246
vt 0.83688 0.524487
vt 0.835841 0.524648
vt 0.836576 0.523103
vt 0.835244 0.523085
vt 0.835788 0.521032
vt 0.834575 0.520992
vt 0.836302 0.512655
vt 0.841056 0.508462
vt 0.840668 0.507181
vt 0.838777 0.50809
vt 0.839602 0.507708
vt 0.839443 0.509006
vt 0.838942 0.509208
vt 0.840096 0.506993
vt 0.842187 0.510541
vt 0.841715 0.509777
vt 0.842192 0.509246
vt 0.842677 0.510194
vt 0.842404 0.514206
vt 0.842264 0.512137
vt 0.843185 0.511712
vt 0.843414 0.51412
vt 0.837988 0.508635
vt 0.842537 0.516405
vt 0.843686 0.516492
vt 0.837345 0.510092
vt 0.841797 0.523102
vt 0.842211 0.521452
vt 0.843125 0.521785
vt 0.842361 0.52362
vt 0.840292 0.525064
vt 0.840968 0.524737
vt 0.841293 0.524976
vt 0.840762 0.525377
vt 0.838971 0.525337
vt 0.839642 0.525219
vt 0.839936 0.52577
vt 0.838976 0.526031
vt 0.838539 0.525417
vt 0.838091 0.526169
vt 0.839274 0.51636
vt 0.839385 0.514294
vt 0.841256 0.51435
vt 0.841309 0.516412
vt 0.839625 0.522481
vt 0.839835 0.521207
vt 0.841157 0.521059
vt 0.84094 0.522646
vt 0.839127 0.523468
vt 0.839176 0.523542
vt 0.838932 0.524518
vt 0.838748 0.524453
vt 0.838252 0.51847
vt 0.838658 0.521112
vt 0.837276 0.520978
vt 0.839822 0.510652
vt 0.839392 0.511294
vt 0.838358 0.510713
vt 0.838563 0.509585
vt 0.840003 0.511999
vt 0.841385 0.512368
vt 0.839238 0.523569
vt 0.839054 0.524536
vt 0.838915 0.522531
vt 0.837721 0.52267
vt 0.840043 0.51043
vt 0.83988 0.510569
vt 0.840209 0.511447
vt 0.840306 0.511158
vt 0.841298 0.510201
vt 0.841414 0.51115
vt 0.83933 0.52355
vt 0.839403 0.524514
vt 0.83908 0.523266
vt 0.838293 0.523689
vt 0.840197 0.510355
vt 0.839932 0.508827
vt 0.839419 0.523455
vt 0.839463 0.52329
vt 0.840329 0.523946
vt 0.839802 0.524389
vt 0.839114 0.523391
vt 0.838501 0.524172
vt 0.840301 0.510411
vt 0.840424 0.508999
vt 0.838451 0.513318
vt 0.83817 0.516107
vt 0.83737 0.512981
vt 0.840382 0.510646
vt 0.840928 0.509599
vt 0.098954 0.600965
vt 0.103086 0.608573
vt 0.088613 0.616041
vt 0.086143 0.599128
vt 0.121246 0.566625
vt 0.115029 0.568049
vt 0.107075 0.551327
vt 0.121168 0.547391
vt 0.139713 0.576141
vt 0.135529 0.571398
vt 0.147994 0.561919
vt 0.151156 0.571181
vt 0.141874 0.59973
vt 0.142798 0.595914
vt 0.149523 0.595923
vt 0.149135 0.599323
vt 0.118785 0.615721
vt 0.126574 0.614846
vt 0.136337 0.626557
vt 0.121025 0.632858
vt 0.098235 0.594028
vt 0.089218 0.589692
vt 0.110367 0.570703
vt 0.097147 0.564817
vt 0.143195 0.592365
vt 0.149637 0.593275
vt 0.132708 0.611797
vt 0.143434 0.617443
vt 0.090076 0.586239
vt 0.091728 0.583094
vt 0.101398 0.586256
vt 0.099548 0.589336
vt 0.1081 0.573314
vt 0.106333 0.575931
vt 0.096467 0.571167
vt 0.096477 0.568809
vt 0.143076 0.589117
vt 0.149333 0.59142
vt 0.137227 0.607821
vt 0.147372 0.608627
vt 0.103024 0.584064
vt 0.0939 0.580762
vt 0.142932 0.585756
vt 0.142259 0.581731
vt 0.151156 0.584484
vt 0.150618 0.588029
vt 0.140063 0.603788
vt 0.148514 0.604052
vt 0.103959 0.58199
vt 0.094689 0.579764
vt 0.110581 0.613671
vt 0.103089 0.63154
vt 0.104913 0.579379
vt 0.095145 0.577067
vt 0.107447 0.583534
vt 0.106434 0.585423
vt 0.109333 0.603101
vt 0.114175 0.606299
vt 0.13368 0.599839
vt 0.134967 0.597086
vt 0.119482 0.607451
vt 0.108823 0.581501
vt 0.106052 0.598573
vt 0.121626 0.573483
vt 0.117028 0.574344
vt 0.134267 0.580933
vt 0.131444 0.577488
vt 0.135668 0.594451
vt 0.124462 0.606969
vt 0.104945 0.593948
vt 0.113973 0.575913
vt 0.136033 0.591875
vt 0.12862 0.605198
vt 0.10569 0.587558
vt 0.105149 0.59029
vt 0.112116 0.577424
vt 0.110484 0.579135
vt 0.136196 0.589451
vt 0.131683 0.602643
vt 0.136103 0.587213
vt 0.135693 0.584506
vt 0.119751 0.602897
vt 0.123313 0.602699
vt 0.108816 0.593515
vt 0.110092 0.596799
vt 0.118165 0.57798
vt 0.115803 0.578906
vt 0.132159 0.593608
vt 0.13251 0.591518
vt 0.126379 0.60157
vt 0.108795 0.588333
vt 0.108522 0.590631
vt 0.114256 0.579889
vt 0.112784 0.581119
vt 0.132552 0.589523
vt 0.128763 0.599831
vt 0.109336 0.586474
vt 0.132432 0.587775
vt 0.132001 0.585822
vt 0.130452 0.597817
vt 0.110109 0.584812
vt 0.112616 0.599856
vt 0.116042 0.601944
vt 0.131486 0.5957
vt 0.111198 0.582978
vt 0.121593 0.577623
vt 0.130906 0.583301
vt 0.128858 0.580749
vt 0.116954 0.599657
vt 0.119843 0.600459
vt 0.112584 0.583892
vt 0.111535 0.585525
vt 0.112175 0.595753
vt 0.114244 0.598074
vt 0.121481 0.579851
vt 0.118686 0.579998
vt 0.129067 0.584534
vt 0.127396 0.582494
vt 0.129641 0.594924
vt 0.13026 0.593118
vt 0.122669 0.600378
vt 0.110943 0.5932
vt 0.116729 0.580618
vt 0.130565 0.591282
vt 0.125157 0.599576
vt 0.110524 0.588774
vt 0.11047 0.590809
vt 0.115396 0.581322
vt 0.114073 0.582304
vt 0.130597 0.589559
vt 0.127153 0.598258
vt 0.110899 0.587072
vt 0.130407 0.588097
vt 0.130007 0.586531
vt 0.128633 0.596655
vt 0.126153 0.59723
vt 0.127498 0.595897
vt 0.128446 0.594404
vt 0.129041 0.592807
vt 0.129343 0.591161
vt 0.129342 0.589627
vt 0.113465 0.584564
vt 0.112506 0.58606
vt 0.129167 0.588357
vt 0.128779 0.587029
vt 0.12793 0.585349
vt 0.126466 0.583615
vt 0.121347 0.581275
vt 0.118925 0.581307
vt 0.119885 0.598911
vt 0.122263 0.5989
vt 0.117224 0.581761
vt 0.113438 0.595037
vt 0.115218 0.596888
vt 0.111944 0.587505
vt 0.111688 0.589084
vt 0.111753 0.590903
vt 0.116045 0.58232
vt 0.114851 0.583158
vt 0.112291 0.592942
vt 0.117459 0.59823
vt 0.124394 0.598288
vt 0.123788 0.597227
vt 0.125356 0.596364
vt 0.112687 0.589325
vt 0.112831 0.590945
vt 0.113371 0.592686
vt 0.117563 0.582741
vt 0.116523 0.583208
vt 0.121204 0.582456
vt 0.119074 0.582416
vt 0.114408 0.594419
vt 0.11596 0.595932
vt 0.12828 0.591091
vt 0.128299 0.589733
vt 0.119922 0.597673
vt 0.121947 0.5977
vt 0.128131 0.588629
vt 0.126576 0.595249
vt 0.117861 0.597067
vt 0.113335 0.586557
vt 0.112859 0.587881
vt 0.126993 0.586051
vt 0.125692 0.584547
vt 0.127444 0.593968
vt 0.1142 0.585208
vt 0.128007 0.592562
vt 0.127769 0.587494
vt 0.127192 0.58985
vt 0.127055 0.588921
vt 0.124582 0.595458
vt 0.125662 0.594553
vt 0.115325 0.593783
vt 0.116653 0.595004
vt 0.114981 0.585909
vt 0.114222 0.587089
vt 0.113837 0.588245
vt 0.126037 0.586751
vt 0.124906 0.585453
vt 0.126423 0.593493
vt 0.11826 0.59596
vt 0.119985 0.596491
vt 0.113744 0.589513
vt 0.119229 0.583546
vt 0.117915 0.583774
vt 0.126905 0.592295
vt 0.113922 0.590921
vt 0.114422 0.592383
vt 0.12673 0.587969
vt 0.127154 0.591019
vt 0.121667 0.596536
vt 0.123219 0.596158
vt 0.117005 0.584141
vt 0.121078 0.583632
vt 0.115393 0.58771
vt 0.115103 0.588644
vt 0.124916 0.587485
vt 0.123996 0.586443
vt 0.12461 0.593664
vt 0.125221 0.592848
vt 0.118765 0.594728
vt 0.120115 0.595164
vt 0.115071 0.589678
vt 0.119489 0.584841
vt 0.118401 0.584986
vt 0.125582 0.591888
vt 0.115254 0.590824
vt 0.115667 0.591981
vt 0.125496 0.588451
vt 0.125779 0.590862
vt 0.121415 0.595202
vt 0.122631 0.594896
vt 0.116394 0.593057
vt 0.117652 0.585264
vt 0.120987 0.584947
vt 0.125852 0.589933
vt 0.123731 0.594349
vt 0.117465 0.593993
vt 0.125774 0.5892
vt 0.116014 0.586748
vt 0.122061 0.588885
vt 0.121946 0.588512
vt 0.123534 0.588208
vt 0.123918 0.588871
vt 0.124087 0.589387
vt 0.124115 0.589905
vt 0.121978 0.589591
vt 0.122066 0.589212
vt 0.11781 0.592214
vt 0.117319 0.591485
vt 0.11927 0.591226
vt 0.11942 0.591648
vt 0.12118 0.591731
vt 0.121438 0.591376
vt 0.123247 0.592496
vt 0.122651 0.592972
vt 0.12096 0.586409
vt 0.122125 0.586818
vt 0.121631 0.587719
vt 0.12101 0.587496
vt 0.121917 0.593359
vt 0.12089 0.592034
vt 0.120681 0.587678
vt 0.119952 0.586355
vt 0.121785 0.588106
vt 0.12294 0.587477
vt 0.11966 0.592011
vt 0.119887 0.592346
vt 0.119387 0.593342
vt 0.118527 0.592841
vt 0.121625 0.590965
vt 0.123657 0.591933
vt 0.120371 0.592492
vt 0.120616 0.592274
vt 0.121129 0.593603
vt 0.120299 0.593634
vt 0.119937 0.588366
vt 0.119607 0.588807
vt 0.117553 0.587753
vt 0.118174 0.587072
vt 0.120391 0.587868
vt 0.119206 0.586462
vt 0.119355 0.589272
vt 0.1171 0.588442
vt 0.123896 0.591269
vt 0.121753 0.590512
vt 0.12018 0.588077
vt 0.118694 0.58667
vt 0.121867 0.590039
vt 0.124043 0.590555
vt 0.119223 0.589739
vt 0.116904 0.589119
vt 0.117039 0.590681
vt 0.116899 0.589864
vt 0.119185 0.590233
vt 0.119203 0.590743
vt 0.122702 0.58552
vt 0.852747 0.545283
vt 0.855326 0.549664
vt 0.878458 0.593835
vt 0.881629 0.625917
vt 0.850477 0.541324
vt 0.844932 0.53249
vt 0.84387 0.530149
vt 0.842973 0.528279
vt 0.842181 0.526498
vt 0.84173 0.525313
vt 0.402012 0.932893
vt 0.400036 0.943405
vt 0.398344 0.949106
vt 0.95588 0.559201
vt 0.963795 0.567357
vt 0.949401 0.553316
vt 0.9443 0.548405
vt 0.939918 0.543682
vt 0.935916 0.538977
vt 0.871506 0.486653
vt 0.91496 0.50926
vt 0.916263 0.510984
vt 0.913069 0.505969
vt 0.911882 0.503599
vt 0.912479 0.504925
vt 0.911562 0.502566
vt 0.911522 0.501655
vt 0.911211 0.500961
vt 0.910678 0.500082
vt 0.910129 0.499302
vt 0.909974 0.499229
vt 0.874401 0.044477
vt 0.873184 0.046461
vt 0.872023 0.048075
vt 0.871475 0.049441
vt 0.870873 0.052313
vt 0.871455 0.057724
vt 0.871849 0.066831
vt 0.872219 0.078893
vt 0.87118 0.092839
vt 0.869357 0.109788
vt 0.865516 0.119285
vt 0.869726 0.127532
vt 0.878315 0.119253
vt 0.882474 0.106431
vt 0.887893 0.093984
vt 0.891551 0.080325
vt 0.892601 0.066324
vt 0.89119 0.056291
vt 0.888907 0.049556
vt 0.885963 0.046158
vt 0.882875 0.044299
vt 0.879479 0.042822
vt 0.877462 0.040518
vt 0.909567 0.499148
vt 0.909132 0.499772
vt 0.908656 0.500315
vt 0.907939 0.501294
vt 0.90779 0.501956
vt 0.907847 0.502689
vt 0.907625 0.504098
vt 0.90762 0.505477
vt 0.906965 0.506673
vt 0.906085 0.509145
vt 0.905359 0.511297
vt 0.871494 0.488815
vt 0.871692 0.491052
vt 0.872936 0.488333
vt 0.872997 0.490498
vt 0.87222 0.494002
vt 0.873346 0.496442
vt 0.873174 0.124812
vt 0.86947 0.121153
vt 0.900964 0.508793
vt 0.874795 0.498411
vt 0.836369 0.560637
vt 0.836163 0.565662
vt 0.829081 0.561319
vt 0.830259 0.556839
vt 0.82252 0.554714
vt 0.824532 0.55107
vt 0.816842 0.546582
vt 0.819446 0.5438
vt 0.814903 0.535476
vt 0.811746 0.53743
vt 0.808114 0.527506
vt 0.811547 0.526282
vt 0.805569 0.517309
vt 0.809319 0.516773
vt 0.803789 0.507551
vt 0.808021 0.507179
vt 0.802896 0.498275
vt 0.807419 0.498064
vt 0.802621 0.489743
vt 0.807324 0.489737
vt 0.875802 0.499934
vt 0.87647 0.501509
vt 0.863452 0.51731
vt 0.859322 0.509195
vt 0.861368 0.506323
vt 0.865685 0.512321
vt 0.853287 0.500235
vt 0.850422 0.496499
vt 0.853556 0.494834
vt 0.855985 0.498494
vt 0.859422 0.486405
vt 0.859928 0.489309
vt 0.855896 0.490026
vt 0.855095 0.486729
vt 0.856097 0.504003
vt 0.858543 0.502192
vt 0.878865 0.499566
vt 0.857189 0.510177
vt 0.855052 0.510837
vt 0.852491 0.505908
vt 0.854264 0.505178
vt 0.79716 0.48989
vt 0.797947 0.498756
vt 0.799151 0.50834
vt 0.801228 0.518395
vt 0.885039 0.494456
vt 0.881579 0.501713
vt 0.88461 0.498689
vt 0.872886 0.486304
vt 0.89535 0.505291
vt 0.8425 0.508324
vt 0.843037 0.507487
vt 0.843397 0.506643
vt 0.844075 0.505728
vt 0.845928 0.502671
vt 0.844823 0.504487
vt 0.804236 0.529197
vt 0.87586 0.50393
vt 0.859422 0.517094
vt 0.115458 0.583935
vt 0.116078 0.584781
vt 0.116906 0.58581
vt 0.808255 0.539877
vt 0.945925 0.49006
vt 0.94104 0.489502
vt 0.856516 0.517067
vt 0.873364 0.493387
vt 0.843338 0.567736
vt 0.842668 0.562338
vt 0.933955 0.495312
vt 0.881201 0.505951
vt 0.931065 0.501929
vt 0.927437 0.507842
vt 0.923506 0.51277
vt 0.866486 0.50172
vt 0.870087 0.50454
vt 0.919699 0.516162
vt 0.914956 0.516951
vt 0.910044 0.516744
vt 0.904903 0.514823
vt 0.899718 0.511676
vt 0.893622 0.507846
vt 0.88603 0.51422
vt 0.886858 0.508697
vt 0.892473 0.511762
vt 0.891691 0.517475
vt 0.813707 0.550027
vt 0.819898 0.559308
vt 0.827442 0.566367
vt 0.835623 0.571442
vt 0.875959 0.565875
vt 0.883162 0.559389
vt 0.889705 0.56689
vt 0.88091 0.57315
vt 0.843863 0.573667
vt 0.852046 0.574399
vt 0.850566 0.568301
vt 0.857669 0.567208
vt 0.860138 0.573422
vt 0.864604 0.564342
vt 0.868155 0.570616
vt 0.871306 0.559696
vt 0.877567 0.553361
vt 0.927041 0.546171
vt 0.953169 0.490338
vt 0.950341 0.490552
vt 0.904178 0.52395
vt 0.904544 0.51908
vt 0.910794 0.521324
vt 0.911632 0.526237
vt 0.857363 0.493461
vt 0.944575 0.496584
vt 0.949003 0.497486
vt 0.916973 0.521512
vt 0.91925 0.526719
vt 0.93228 0.519632
vt 0.937959 0.512698
vt 0.941935 0.515028
vt 0.936249 0.523183
vt 0.941956 0.504295
vt 0.946552 0.505911
vt 0.926167 0.524471
vt 0.929501 0.529189
vt 0.921518 0.53231
vt 0.951842 0.497969
vt 0.949648 0.506701
vt 0.872645 0.548309
vt 0.867242 0.554392
vt 0.871735 0.577546
vt 0.861404 0.558811
vt 0.855214 0.561742
vt 0.859131 0.49697
vt 0.86133 0.50043
vt 0.848964 0.562645
vt 0.853492 0.580872
vt 0.854679 0.587069
vt 0.844381 0.585258
vt 0.844232 0.579616
vt 0.834063 0.582091
vt 0.834962 0.576982
vt 0.841943 0.557647
vt 0.84732 0.557986
vt 0.852779 0.557013
vt 0.85832 0.554322
vt 0.863662 0.549861
vt 0.868321 0.544005
vt 0.862609 0.580236
vt 0.86481 0.587185
vt 0.792409 0.490199
vt 0.792573 0.499377
vt 0.793892 0.509156
vt 0.796204 0.520005
vt 0.799555 0.531526
vt 0.823579 0.576155
vt 0.825529 0.571263
vt 0.816999 0.563908
vt 0.875404 0.585293
vt 0.886377 0.581607
vt 0.897276 0.575458
vt 0.888972 0.551402
vt 0.896957 0.557832
vt 0.904154 0.530278
vt 0.912647 0.532424
vt 0.939443 0.495747
vt 0.927956 0.516661
vt 0.932615 0.510244
vt 0.936606 0.502888
vt 0.922809 0.520107
vt 0.945319 0.51668
vt 0.864189 0.503941
vt 0.868134 0.508023
vt 0.871618 0.518591
vt 0.877208 0.522765
vt 0.897805 0.52081
vt 0.898764 0.515593
vt 0.939834 0.526755
vt 0.932673 0.534031
vt 0.923962 0.538708
vt 0.914123 0.541296
vt 0.914977 0.553142
vt 0.906511 0.56546
vt 0.882506 0.545826
vt 0.863889 0.498802
vt 0.862111 0.495529
vt 0.860863 0.492316
vt 0.887852 0.504868
vt 0.855272 0.798768
vt 0.85419 0.809246
vt 0.844575 0.808199
vt 0.866805 0.782969
vt 0.857598 0.781555
vt 0.861917 0.763317
vt 0.853433 0.743782
vt 0.866506 0.745733
vt 0.858616 0.726212
vt 0.871531 0.728232
vt 0.863196 0.707534
vt 0.876642 0.708012
vt 0.867023 0.688855
vt 0.8794 0.687834
vt 0.877222 0.672742
vt 0.873753 0.662059
vt 0.881306 0.6581
vt 0.897025 0.527272
vt 0.895719 0.534602
vt 0.888838 0.530539
vt 0.890555 0.523927
vt 0.884579 0.520353
vt 0.904051 0.538455
vt 0.886313 0.538029
vt 0.893349 0.542669
vt 0.875021 0.52945
vt 0.872306 0.536595
vt 0.867574 0.532388
vt 0.869593 0.524487
vt 0.902277 0.547982
vt 0.863171 0.527551
vt 0.85974 0.525396
vt 0.856482 0.524114
vt 0.853338 0.522878
vt 0.850718 0.521913
vt 0.848565 0.521091
vt 0.846812 0.520375
vt 0.845523 0.519652
vt 0.844417 0.519355
vt 0.12324 0.584327
vt 0.12374 0.583237
vt 0.124241 0.58212
vt 0.124829 0.580766
vt 0.125697 0.578644
vt 0.127162 0.574718
vt 0.129372 0.567773
vt 0.138927 0.552881
vt 0.839501 0.518673
vt 0.841238 0.518841
vt 0.842553 0.51897
vt 0.843727 0.519182
vt 0.87725 0.541267
vt 0.882873 0.52665
vt 0.88048 0.533618
vt 0.889787 0.502382
vt 0.893811 0.501349
vt 0.896378 0.500457
vt 0.89203 0.49135
vt 0.890253 0.498038
vt 0.903618 0.493317
vt 0.905804 0.492902
vt 0.889184 0.494487
vt 0.907012 0.492618
vt 0.886852 0.026005
vt 0.8912 0.028986
vt 0.895969 0.03246
vt 0.899896 0.036106
vt 0.903553 0.041555
vt 0.906875 0.051659
vt 0.908195 0.064949
vt 0.905293 0.081441
vt 0.901402 0.096464
vt 0.856525 0.135553
vt 0.854454 0.135995
vt 0.846427 0.13644
vt 0.818358 0.643269
vt 0.803302 0.583416
vt 0.798798 0.588775
vt 0.794365 0.594633
vt 0.790609 0.601949
vt 0.78768 0.610744
vt 0.803047 0.606757
vt 0.800774 0.613657
vt 0.816507 0.590411
vt 0.811506 0.595141
vt 0.806988 0.600123
vt 0.814017 0.610241
vt 0.811905 0.615659
vt 0.83129 0.597602
vt 0.823285 0.600959
vt 0.817953 0.604908
vt 0.868749 0.654182
vt 0.874716 0.650391
vt 0.854837 0.657741
vt 0.861808 0.656556
vt 0.878783 0.645718
vt 0.882174 0.637378
vt 0.811337 0.621764
vt 0.799891 0.621404
vt 0.786843 0.620778
vt 0.845142 0.600137
vt 0.820867 0.631127
vt 0.824318 0.635175
vt 0.838979 0.647988
vt 0.84723 0.650076
vt 0.865509 0.610718
vt 0.856628 0.606815
vt 0.833813 0.637029
vt 0.832402 0.634832
vt 0.835219 0.632852
vt 0.836602 0.63375
vt 0.875763 0.626366
vt 0.873873 0.61722
vt 0.868836 0.644091
vt 0.872825 0.640086
vt 0.84205 0.606687
vt 0.849233 0.607654
vt 0.850226 0.610008
vt 0.844394 0.609274
vt 0.864651 0.640235
vt 0.8598 0.642163
vt 0.856376 0.636473
vt 0.861138 0.634957
vt 0.826555 0.60822
vt 0.822989 0.612571
vt 0.847581 0.604428
vt 0.825517 0.621962
vt 0.826546 0.617414
vt 0.828131 0.619182
vt 0.829325 0.623607
vt 0.872501 0.626575
vt 0.871208 0.63102
vt 0.868224 0.629858
vt 0.870039 0.62629
vt 0.828357 0.613814
vt 0.831227 0.614209
vt 0.853212 0.649998
vt 0.869181 0.63452
vt 0.865853 0.632606
vt 0.836332 0.607757
vt 0.839371 0.609866
vt 0.836264 0.639274
vt 0.838275 0.634606
vt 0.826673 0.638773
vt 0.864019 0.612902
vt 0.870505 0.61878
vt 0.868406 0.619799
vt 0.862501 0.614289
vt 0.85505 0.643718
vt 0.851626 0.643732
vt 0.849207 0.637682
vt 0.852715 0.637259
vt 0.837461 0.614174
vt 0.834484 0.616542
vt 0.83514 0.611603
vt 0.86649 0.624663
vt 0.864984 0.620124
vt 0.855426 0.614239
vt 0.850635 0.612791
vt 0.85635 0.611633
vt 0.854023 0.634856
vt 0.859669 0.633106
vt 0.831213 0.620288
vt 0.859866 0.616052
vt 0.837439 0.632899
vt 0.838906 0.633579
vt 0.865293 0.628134
vt 0.845777 0.612209
vt 0.841345 0.61256
vt 0.834633 0.631014
vt 0.836252 0.632158
vt 0.833894 0.63186
vt 0.841256 0.634737
vt 0.844349 0.635476
vt 0.84475 0.636937
vt 0.841058 0.635847
vt 0.847738 0.635784
vt 0.863009 0.631136
vt 0.831336 0.623512
vt 0.850766 0.635391
vt 0.832748 0.628059
vt 0.83113 0.628148
vt 0.833598 0.62008
vt 0.832535 0.623078
vt 0.847203 0.63461
vt 0.850413 0.634133
vt 0.833469 0.627667
vt 0.835111 0.630455
vt 0.851026 0.614792
vt 0.846726 0.614191
vt 0.858117 0.632073
vt 0.86138 0.63012
vt 0.839084 0.615452
vt 0.836245 0.617286
vt 0.863758 0.624174
vt 0.862193 0.620417
vt 0.855231 0.615977
vt 0.853121 0.633634
vt 0.857973 0.61705
vt 0.838035 0.632293
vt 0.839695 0.633011
vt 0.863241 0.627424
vt 0.842713 0.614326
vt 0.83664 0.631716
vt 0.841679 0.633711
vt 0.844737 0.634585
vt 0.843694 0.615468
vt 0.847372 0.61548
vt 0.847792 0.616241
vt 0.844415 0.616266
vt 0.860937 0.626803
vt 0.859327 0.629092
vt 0.858294 0.62858
vt 0.859831 0.626447
vt 0.838515 0.631762
vt 0.83697 0.631058
vt 0.837162 0.630639
vt 0.839111 0.630895
vt 0.856655 0.618622
vt 0.858572 0.620731
vt 0.856676 0.620693
vt 0.855526 0.619456
vt 0.834728 0.622487
vt 0.835509 0.620834
vt 0.836305 0.620981
vt 0.835412 0.622663
vt 0.849935 0.632605
vt 0.847666 0.632937
vt 0.847743 0.632432
vt 0.849885 0.632086
vt 0.851219 0.616079
vt 0.851287 0.616861
vt 0.85675 0.630844
vt 0.85213 0.632103
vt 0.851956 0.631579
vt 0.856297 0.63034
vt 0.837842 0.617776
vt 0.838887 0.61845
vt 0.840373 0.631876
vt 0.84074 0.63154
vt 0.861679 0.623856
vt 0.859958 0.623901
vt 0.853353 0.61898
vt 0.851238 0.617607
vt 0.853873 0.617966
vt 0.854523 0.620129
vt 0.836729 0.628099
vt 0.837756 0.629484
vt 0.836314 0.628489
vt 0.843623 0.631684
vt 0.846171 0.631972
vt 0.846131 0.632428
vt 0.843201 0.632059
vt 0.847556 0.631908
vt 0.836341 0.626328
vt 0.835579 0.626546
vt 0.855636 0.630007
vt 0.85748 0.628322
vt 0.842264 0.617827
vt 0.839678 0.618903
vt 0.841412 0.617084
vt 0.858092 0.624034
vt 0.855586 0.620895
vt 0.852789 0.62311
vt 0.852769 0.624056
vt 0.851611 0.624515
vt 0.851604 0.623555
vt 0.846999 0.619264
vt 0.848869 0.619194
vt 0.849082 0.620153
vt 0.847538 0.620298
vt 0.842367 0.625239
vt 0.842424 0.62609
vt 0.841103 0.627024
vt 0.840767 0.626101
vt 0.85153 0.62271
vt 0.852672 0.622164
vt 0.847815 0.62752
vt 0.849212 0.627117
vt 0.849996 0.627871
vt 0.848312 0.628624
vt 0.84247 0.628439
vt 0.841592 0.627775
vt 0.842664 0.626803
vt 0.843079 0.627354
vt 0.845505 0.627646
vt 0.846568 0.627488
vt 0.846754 0.628912
vt 0.845372 0.62903
vt 0.852495 0.625506
vt 0.85145 0.625422
vt 0.851524 0.622007
vt 0.851427 0.621553
vt 0.85191 0.620719
vt 0.852335 0.621369
vt 0.844489 0.627791
vt 0.844192 0.628938
vt 0.840589 0.623502
vt 0.841325 0.621809
vt 0.843748 0.622117
vt 0.842795 0.622801
vt 0.846928 0.630014
vt 0.845375 0.630099
vt 0.843884 0.629894
vt 0.839804 0.627791
vt 0.839343 0.626773
vt 0.84628 0.618372
vt 0.848594 0.618306
vt 0.845264 0.619978
vt 0.844118 0.619146
vt 0.853871 0.623008
vt 0.854174 0.624597
vt 0.841884 0.629357
vt 0.84056 0.628654
vt 0.852465 0.62003
vt 0.853061 0.620777
vt 0.839528 0.620917
vt 0.84153 0.619868
vt 0.84359 0.620698
vt 0.852955 0.628439
vt 0.850879 0.629129
vt 0.85164 0.627154
vt 0.850871 0.619945
vt 0.851002 0.619064
vt 0.853423 0.62179
vt 0.854086 0.627507
vt 0.840631 0.625052
vt 0.838945 0.624979
vt 0.848779 0.629657
vt 0.838899 0.622494
vt 0.840382 0.616213
vt 0.85442 0.616784
vt 0.831907 0.610074
vt 0.851503 0.631124
vt 0.851546 0.63004
vt 0.854917 0.629411
vt 0.837038 0.621105
vt 0.840495 0.619329
vt 0.837723 0.621187
vt 0.840988 0.631048
vt 0.839221 0.630422
vt 0.839682 0.629659
vt 0.841233 0.630518
vt 0.858554 0.62609
vt 0.856915 0.625771
vt 0.856042 0.623368
vt 0.845024 0.616947
vt 0.848118 0.616882
vt 0.848375 0.617518
vt 0.84561 0.617611
vt 0.856289 0.627958
vt 0.83832 0.628639
vt 0.854675 0.621278
vt 0.853799 0.620385
vt 0.83619 0.622649
vt 0.836963 0.622752
vt 0.849801 0.631551
vt 0.847081 0.631337
vt 0.849204 0.630588
vt 0.85118 0.618279
vt 0.843082 0.618467
vt 0.846018 0.632736
vt 0.845136 0.621632
vt 0.850872 0.620849
vt 0.842348 0.624387
vt 0.843023 0.632518
vt 0.835701 0.629841
vt 0.83488 0.626576
vt 0.850556 0.626415
vt 0.8462 0.620917
vt 0.847313 0.621746
vt 0.845841 0.622282
vt 0.847895 0.621266
vt 0.849125 0.621227
vt 0.850237 0.621776
vt 0.850281 0.622216
vt 0.850165 0.622803
vt 0.850134 0.623496
vt 0.85011 0.624276
vt 0.850234 0.625034
vt 0.850393 0.625591
vt 0.84964 0.626063
vt 0.84849 0.626384
vt 0.847275 0.626391
vt 0.846271 0.626282
vt 0.845508 0.626343
vt 0.844756 0.626529
vt 0.844037 0.626234
vt 0.843819 0.625696
vt 0.843672 0.625085
vt 0.843567 0.624439
vt 0.843532 0.623797
vt 0.844018 0.622948
vt 0.84479 0.622617
vt 0.847013 0.625631
vt 0.846334 0.625464
vt 0.845266 0.623177
vt 0.846144 0.622917
vt 0.837173 0.626073
vt 0.848184 0.625574
vt 0.849217 0.625452
vt 0.847483 0.622405
vt 0.847497 0.623355
vt 0.846269 0.623588
vt 0.845377 0.624321
vt 0.845394 0.623755
vt 0.84634 0.624186
vt 0.848266 0.622248
vt 0.848355 0.62329
vt 0.849213 0.62251
vt 0.849165 0.623218
vt 0.849126 0.623962
vt 0.848341 0.624109
vt 0.847379 0.624063
vt 0.848228 0.624821
vt 0.847062 0.624932
vt 0.846331 0.624866
vt 0.845373 0.624888
vt 0.84541 0.625509
vt 0.849108 0.624723
vt 0.85295 0.619662
vt 0.837825 0.627498
vt 0.843784 0.631081
vt 0.845488 0.631313
vt 0.829995 0.632673
vt 0.82653 0.628746
vt 0.846453 0.643188
vt 0.839969 0.642222
vt 0.856637 0.609691
vt 0.829918 0.641719
vt 0.838308 0.60339
vt 0.863805 0.646862
vt 0.820363 0.62282
vt 0.82114 0.6167
vt 0.876342 0.633248
vt 0.831385 0.605201
vt 0.833352 0.64476
vt 0.858198 0.648765
vt 0.903094 0.011863
f 1351/1 1/2 2/3 1350/4
f 1352/9 1351/1 3/6 8/10
f 3/6 1351/1 1350/4 4/7
f 7/1138 1/2 1351/1 1352/9
f 2125/1125 1/2 7/1138 2130/1137
f 1/2 2125/1125 2124/1128 2/3
f 1368/54 1350/4 2/3 55/55
f 2131/1139 55/55 2/3 2124/1128
f 56/57 4/7 1350/4 1368/54
f 1353/14 1352/9 8/10 11/12
f 10/1136 7/1138 1352/9 1353/14
f 5/5 3/6 4/7 6/8
f 8/10 3/6 5/5 9/11
f 11/12 8/10 9/11 12/13
f 57/56 6/8 4/7 56/57
f 2130/1137 7/1138 10/1136 2129/1135
f 2125/1125 991/1126 992/1127 2124/1128
f 991/1126 2125/1125 2130/1137 993/1186
f 993/1186 2130/1137 2129/1135 994/1196
f 1009/1219 2131/1139 2124/1128 992/1127
f 1369/60 1368/54 55/55 58/61
f 59/59 56/57 1368/54 1369/60
f 2143/1158 58/61 55/55 2131/1139
f 1010/1190 2143/1158 2131/1139 1009/1219
f 60/58 57/56 56/57 59/59
f 1354/17 1353/14 11/12 14/15
f 13/1134 10/1136 1353/14 1354/17
f 14/15 11/12 12/13 15/16
f 2129/1135 10/1136 13/1134 2128/1133
f 1399/103 5/5 6/8 1400/104
f 1379/102 9/11 5/5 1399/103
f 1400/104 6/8 57/56 1398/105
f 1401/101 12/13 9/11 1379/102
f 15/16 12/13 1401/101 1380/100
f 1398/105 57/56 60/58 1377/106
f 994/1196 2129/1135 2128/1133 995/1206
f 1017/1185 991/1126 993/1186 1019/1187
f 991/1126 1017/1185 1018/1220 992/1127
f 1035/1218 1009/1219 992/1127 1018/1220
f 1019/1187 993/1186 994/1196 1020/1197
f 1020/1197 994/1196 995/1206 1021/1207
f 1036/1191 1010/1190 1009/1219 1035/1218
f 1370/64 1369/60 58/61 61/65
f 62/63 59/59 1369/60 1370/64
f 2141/1155 61/65 58/61 2143/1158
f 63/62 60/58 59/59 62/63
f 1011/1189 2141/1155 2143/1158 1010/1190
f 1037/1188 1011/1189 1010/1190 1036/1191
f 1377/106 60/58 63/62 1378/107
f 1355/20 1354/17 14/15 17/18
f 16/1130 13/1134 1354/17 1355/20
f 17/18 14/15 15/16 18/19
f 2128/1133 13/1134 16/1130 2127/1129
f 1381/99 18/19 15/16 1380/100
f 995/1206 2128/1133 2127/1129 996/1214
f 92/176 1379/102 1399/103 90/182
f 90/182 1399/103 1400/104 91/185
f 91/185 1400/104 1398/105 94/179
f 93/108 1401/101 1379/102 92/176
f 94/179 1398/105 1377/106 95/180
f 1380/100 1401/101 93/108 83/109
f 84/172 1381/99 1380/100 83/109
f 95/180 1377/106 1378/107 96/117
f 1021/1207 995/1206 996/1214 1022/1215
f 1043/1239 1017/1240 1019/1241 1045/1242
f 1017/1240 1043/1239 1044/1274 1018/1273
f 1045/1242 1019/1241 1020/1249 1046/1250
f 1061/1226 1035/1225 1018/1273 1044/1274
f 1062/1223 1036/1224 1035/1225 1061/1226
f 1046/1250 1020/1249 1021/1261 1047/1262
f 1047/1262 1021/1261 1022/1269 1048/1270
f 1063/1243 1037/1244 1036/1224 1062/1223
f 1375/68 1370/64 61/65 103/69
f 101/67 62/63 1370/64 1375/68
f 2136/1142 103/69 61/65 2141/1155
f 102/66 63/62 62/63 101/67
f 1016/1143 2136/1142 2141/1155 1011/1189
f 63/62 102/66 1394/114 1378/107
f 1042/1198 1016/1143 1011/1189 1037/1188
f 1068/1252 1042/1251 1037/1244 1063/1243
f 1378/107 1394/114 104/116 96/117
f 1356/23 1355/20 17/18 20/21
f 19/1131 16/1130 1355/20 1356/23
f 20/21 17/18 18/19 21/22
f 2127/1129 16/1130 19/1131 2126/1132
f 1382/98 21/22 18/19 1381/99
f 996/1214 2127/1129 2126/1132 997/1182
f 85/166 1382/98 1381/99 84/172
f 1022/1215 996/1214 997/1182 1023/1181
f 155/175 93/108 92/176 154/177
f 154/177 92/176 90/182 152/183
f 152/183 90/182 91/185 153/184
f 153/184 91/185 94/179 156/178
f 156/178 94/179 95/180 157/181
f 83/109 93/108 155/175 145/174
f 157/181 95/180 96/117 158/186
f 146/173 84/172 83/109 145/174
f 147/167 85/166 84/172 146/173
f 109/118 158/186 96/117 104/116
f 1048/1270 1022/1269 1023/1236 1049/1235
f 1043/1239 1069/1283 1070/1280 1044/1274
f 1069/1283 1043/1239 1045/1242 1071/1291
f 1071/1291 1045/1242 1046/1250 1072/1295
f 1087/1279 1061/1226 1044/1274 1070/1280
f 1072/1295 1046/1250 1047/1262 1073/1301
f 1088/1285 1062/1223 1061/1226 1087/1279
f 1089/1292 1063/1243 1062/1223 1088/1285
f 1073/1301 1047/1262 1048/1270 1074/1281
f 1074/1281 1048/1270 1049/1235 1075/1282
f 1094/1296 1068/1252 1063/1243 1089/1292
f 1371/75 1375/68 103/69 64/76
f 65/72 101/67 1375/68 1371/75
f 103/69 2136/1142 2135/1145 64/76
f 66/71 102/66 101/67 65/72
f 2136/1142 1016/1143 1012/1144 2135/1145
f 102/66 66/71 1396/110 1394/114
f 1016/1143 1042/1198 1038/1199 1012/1144
f 1394/114 1396/110 97/115 104/116
f 1042/1251 1068/1252 1064/1253 1038/1254
f 1068/1252 1094/1296 1090/1297 1064/1253
f 109/118 104/116 97/115 105/119
f 1357/26 1356/23 20/21 23/24
f 22/1172 19/1131 1356/23 1357/26
f 23/24 20/21 21/22 24/25
f 2126/1132 19/1131 22/1172 2149/1171
f 1383/97 24/25 21/22 1382/98
f 997/1182 2126/1132 2149/1171 998/1183
f 86/165 1383/97 1382/98 85/166
f 1023/1181 997/1182 998/1183 1024/1184
f 148/164 86/165 85/166 147/167
f 1049/1235 1023/1236 1024/1237 1050/1238
f 145/174 155/175 174/203 161/214
f 155/175 154/177 173/199 174/203
f 154/177 152/183 171/200 173/199
f 152/183 153/184 172/197 171/200
f 153/184 156/178 175/193 172/197
f 156/178 157/181 176/194 175/193
f 157/181 158/186 166/188 176/194
f 146/173 145/174 161/214 160/212
f 114/127 166/188 158/186 109/118
f 147/167 146/173 160/212 159/208
f 148/164 147/167 159/208 186/206
f 109/118 105/119 110/128 114/127
f 1075/1282 1049/1235 1050/1238 1076/1290
f 1095/1304 1069/1283 1071/1291 1097/1305
f 1069/1283 1095/1304 1096/1325 1070/1280
f 1113/1324 1087/1279 1070/1280 1096/1325
f 1097/1305 1071/1291 1072/1295 1098/1312
f 1098/1312 1072/1295 1073/1301 1099/1318
f 1114/1307 1088/1285 1087/1279 1113/1324
f 1099/1318 1073/1301 1074/1281 1100/1322
f 1115/1306 1089/1292 1088/1285 1114/1307
f 1120/1313 1094/1296 1089/1292 1115/1306
f 1100/1322 1074/1281 1075/1282 1101/1326
f 1101/1326 1075/1282 1076/1290 1102/1310
f 1094/1296 1120/1313 1116/1314 1090/1297
f 1372/74 1371/75 64/76 67/77
f 68/73 65/72 1371/75 1372/74
f 2137/1146 67/77 64/76 2135/1145
f 69/70 66/71 65/72 68/73
f 1013/1209 2137/1146 2135/1145 1012/1144
f 1396/110 66/71 69/70 1397/111
f 1039/1208 1013/1209 1012/1144 1038/1199
f 97/115 1396/110 1397/111 98/120
f 1065/1263 1039/1264 1038/1254 1064/1253
f 105/119 97/115 98/120 106/121
f 1091/1278 1065/1263 1064/1253 1090/1297
f 1117/1319 1091/1278 1090/1297 1116/1314
f 105/119 106/121 111/131 110/128
f 1358/29 1357/26 23/24 26/27
f 25/1168 22/1172 1357/26 1358/29
f 26/27 23/24 24/25 27/28
f 2149/1171 22/1172 25/1168 2148/1167
f 1384/96 27/28 24/25 1383/97
f 998/1183 2149/1171 2148/1167 999/1194
f 87/170 1384/96 1383/97 86/165
f 1024/1184 998/1183 999/1194 1025/1195
f 149/171 87/170 86/165 148/164
f 1050/1238 1024/1237 1025/1247 1051/1248
f 149/171 148/164 186/206 187/205
f 1076/1290 1050/1238 1051/1248 1077/1294
f 180/202 174/203 173/199 179/198
f 174/203 180/202 191/215 161/214
f 190/213 160/212 161/214 191/215
f 179/198 173/199 171/200 177/201
f 177/201 171/200 172/197 178/196
f 178/196 172/197 175/193 181/192
f 181/192 175/193 176/194 182/195
f 166/188 167/187 182/195 176/194
f 114/127 119/126 167/187 166/188
f 189/209 159/208 160/212 190/213
f 119/126 114/127 110/128 115/129
f 194/207 186/206 159/208 189/209
f 195/204 187/205 186/206 194/207
f 115/129 110/128 111/131 116/130
f 1102/1310 1076/1290 1077/1294 1103/1311
f 1095/1304 1121/1331 1122/1332 1096/1325
f 1121/1331 1095/1304 1097/1305 1123/1343
f 1123/1343 1097/1305 1098/1312 1124/1347
f 1139/1336 1113/1324 1096/1325 1122/1332
f 1140/1335 1114/1307 1113/1324 1139/1336
f 1124/1347 1098/1312 1099/1318 1125/1353
f 1125/1353 1099/1318 1100/1322 1126/1357
f 1141/1344 1115/1306 1114/1307 1140/1335
f 1126/1357 1100/1322 1101/1326 1127/1341
f 1146/1348 1120/1313 1115/1306 1141/1344
f 1120/1313 1146/1348 1142/1349 1116/1314
f 1127/1341 1101/1326 1102/1310 1128/1342
f 1128/1342 1102/1310 1103/1311 1129/1346
f 1143/1354 1117/1319 1116/1314 1142/1349
f 1373/80 1372/74 67/77 70/81
f 71/79 68/73 1372/74 1373/80
f 2132/1141 70/81 67/77 2137/1146
f 72/78 69/70 68/73 71/79
f 1014/1217 2132/1141 2137/1146 1013/1209
f 1397/111 69/70 72/78 1395/112
f 1040/1216 1014/1217 1013/1209 1039/1208
f 98/120 1397/111 1395/112 99/122
f 1066/1271 1040/1272 1039/1264 1065/1263
f 106/121 98/120 99/122 107/123
f 1092/1277 1066/1271 1065/1263 1091/1278
f 106/121 107/123 112/132 111/131
f 1118/1323 1092/1277 1091/1278 1117/1319
f 1144/1334 1118/1323 1117/1319 1143/1354
f 116/130 111/131 112/132 117/133
f 1359/32 1358/29 26/27 29/30
f 28/1169 25/1168 1358/29 1359/32
f 29/30 26/27 27/28 30/31
f 2148/1167 25/1168 28/1169 2147/1170
f 1386/95 30/31 27/28 1384/96
f 999/1194 2148/1167 2147/1170 1000/1204
f 88/169 1386/95 1384/96 87/170
f 1025/1195 999/1194 1000/1204 1026/1205
f 150/168 88/169 87/170 149/171
f 1051/1248 1025/1247 1026/1259 1052/1260
f 150/168 149/171 187/205 188/211
f 1077/1294 1051/1248 1052/1260 1078/1300
f 196/210 188/211 187/205 195/204
f 1103/1311 1077/1294 1078/1300 1104/1317
f 208/216 180/202 179/198 207/217
f 180/202 208/216 213/218 191/215
f 207/217 179/198 177/201 205/227
f 212/226 190/213 191/215 213/218
f 211/224 189/209 190/213 212/226
f 205/227 177/201 178/196 206/219
f 206/219 178/196 181/192 209/220
f 209/220 181/192 182/195 210/221
f 167/187 168/189 210/221 182/195
f 119/126 125/136 168/189 167/187
f 125/136 119/126 115/129 121/137
f 216/223 194/207 189/209 211/224
f 121/137 115/129 116/130 122/138
f 217/222 195/204 194/207 216/223
f 218/225 196/210 195/204 217/222
f 122/138 116/130 117/133 123/139
f 1129/1346 1103/1311 1104/1317 1130/1352
f 1147/1372 1121/1331 1123/1343 1149/1373
f 1147/1372 1169/1383 1122/1332 1121/1331
f 1139/1336 1122/1332 1169/1383 1166/1375
f 1123/1343 1124/1347 1167/1384 1149/1373
f 1124/1347 1125/1353 1151/1358 1167/1384
f 1139/1336 1166/1375 1165/1376 1140/1335
f 1141/1344 1140/1335 1165/1376 1150/1382
f 1151/1358 1125/1353 1126/1357 1152/1359
f 1126/1357 1127/1341 1164/1360 1152/1359
f 1146/1348 1141/1344 1150/1382 1172/1378
f 1127/1341 1128/1342 1153/1361 1164/1360
f 1146/1348 1172/1378 1168/1379 1142/1349
f 1143/1354 1142/1349 1168/1379 1148/1377
f 1153/1361 1128/1342 1129/1346 1154/1363
f 1129/1346 1130/1352 1161/1362 1154/1363
f 1144/1334 1143/1354 1148/1377 1170/1365
f 1374/84 1373/80 70/81 73/85
f 74/83 71/79 1373/80 1374/84
f 2133/1140 73/85 70/81 2132/1141
f 75/82 72/78 71/79 74/83
f 1015/1222 2133/1140 2132/1141 1014/1217
f 1395/112 72/78 75/82 1376/113
f 1041/1221 1015/1222 1014/1217 1040/1216
f 99/122 1395/112 1376/113 100/124
f 1067/1275 1041/1276 1040/1272 1066/1271
f 107/123 99/122 100/124 108/125
f 1093/1284 1067/1275 1066/1271 1092/1277
f 107/123 108/125 113/134 112/132
f 1119/1327 1093/1284 1092/1277 1118/1323
f 117/133 112/132 113/134 118/135
f 1145/1333 1119/1327 1118/1323 1144/1334
f 1171/1364 1145/1333 1144/1334 1170/1365
f 123/139 117/133 118/135 124/140
f 1480/35 1359/32 29/30 1430/33
f 1431/1164 28/1169 1359/32 1480/35
f 1430/33 29/30 30/31 1429/34
f 2147/1170 28/1169 1431/1164 2151/1163
f 1482/94 1429/34 30/31 1386/95
f 1000/1204 2147/1170 2151/1163 1454/1211
f 1436/914 1482/94 1386/95 88/169
f 1026/1205 1000/1204 1454/1211 1456/1210
f 1436/914 88/169 150/168 1438/915
f 1052/1260 1026/1259 1456/1266 1458/1265
f 188/211 1452/918 1438/915 150/168
f 1078/1300 1052/1260 1458/1265 1460/1302
f 1452/918 188/211 196/210 1440/229
f 1104/1317 1078/1300 1460/1302 1462/1320
f 1442/228 1440/229 196/210 218/225
f 1130/1352 1104/1317 1462/1320 1464/1355
f 226/232 208/216 207/217 225/233
f 226/232 256/261 213/218 208/216
f 225/233 207/217 205/227 223/234
f 255/260 212/226 213/218 256/261
f 223/234 205/227 206/219 224/235
f 254/259 211/224 212/226 255/260
f 257/258 216/223 211/224 254/259
f 206/219 209/220 234/238 224/235
f 234/238 209/220 229/236 236/239
f 209/220 210/221 222/230 229/236
f 168/189 169/190 222/230 210/221
f 125/136 131/141 169/190 168/189
f 131/141 125/136 121/137 127/142
f 127/142 121/137 122/138 128/146
f 258/257 217/222 216/223 257/258
f 128/146 122/138 123/139 129/147
f 259/256 218/225 217/222 258/257
f 1444/262 1442/228 218/225 259/256
f 129/147 123/139 124/140 130/145
f 1130/1352 1464/1355 1466/1367 1161/1362
f 1149/1373 1175/1398 1173/1399 1147/1372
f 1147/1372 1173/1399 1195/1402 1169/1383
f 1167/1384 1193/1386 1175/1398 1149/1373
f 1169/1383 1195/1402 1192/1394 1166/1375
f 1166/1375 1192/1394 1191/1395 1165/1376
f 1151/1358 1177/1385 1193/1386 1167/1384
f 1152/1359 1178/1401 1177/1385 1151/1358
f 1165/1376 1191/1395 1176/1389 1150/1382
f 1150/1382 1176/1389 1198/1387 1172/1378
f 1164/1360 1190/1407 1178/1401 1152/1359
f 1153/1361 1179/1409 1190/1407 1164/1360
f 1172/1378 1198/1387 1194/1388 1168/1379
f 1154/1363 1180/1397 1179/1409 1153/1361
f 1168/1379 1194/1388 1174/1403 1148/1377
f 1148/1377 1174/1403 1196/1404 1170/1365
f 1161/1362 1187/1396 1180/1397 1154/1363
f 1466/1367 1468/1400 1187/1396 1161/1362
f 1170/1365 1196/1404 1197/1408 1171/1364
f 1367/1650 53/1651 74/83 1374/84
f 1374/84 73/85 54/1149 1367/1650
f 73/85 2133/1140 2134/1150 54/1149
f 53/1651 52/1652 75/82 74/83
f 2133/1140 1015/1222 1008/1202 2134/1150
f 1376/113 75/82 52/1652 1391/1653
f 1034/1203 1008/1202 1015/1222 1041/1221
f 1391/1653 82/1655 100/124 1376/113
f 1060/1258 1034/1257 1041/1276 1067/1275
f 82/1655 144/1654 108/125 100/124
f 1067/1275 1093/1284 1086/1299 1060/1258
f 144/1654 1600/1110 113/134 108/125
f 1112/1316 1086/1299 1093/1284 1119/1327
f 1600/1110 854/1109 118/135 113/134
f 1119/1327 1145/1333 1138/1351 1112/1316
f 854/1109 1443/1626 124/140 118/135
f 1145/1333 1171/1364 1163/1381 1138/1351
f 1189/1659 1163/1381 1171/1364 1197/1408
f 120/143 126/144 130/145 124/140
f 120/143 124/140 1443/1626 215/1625
f 1360/1529 1480/35 1430/33 32/1528
f 31/1165 1431/1164 1480/35 1360/1529
f 32/1528 1430/33 1429/34 33/1526
f 2151/1163 1431/1164 31/1165 2138/1166
f 1385/1527 33/1526 1429/34 1482/94
f 1454/1211 2151/1163 2138/1166 1001/1212
f 89/1525 1385/1527 1482/94 1436/914
f 1456/1210 1454/1211 1001/1212 1027/1213
f 89/1525 1436/914 1438/915 151/920
f 1458/1265 1456/1266 1027/1267 1053/1268
f 1452/918 849/919 151/920 1438/915
f 1460/1302 1458/1265 1053/1268 1079/1303
f 849/919 1452/918 1440/229 197/1524
f 1462/1320 1460/1302 1079/1303 1105/1321
f 219/1520 197/1524 1440/229 1442/228
f 1464/1355 1462/1320 1105/1321 1131/1356
f 260/1521 219/1520 1442/228 1444/262
f 1464/1355 1131/1356 1156/1366 1466/1367
f 233/242 226/232 225/233 232/243
f 226/232 233/242 263/264 256/261
f 232/243 225/233 223/234 230/240
f 262/263 255/260 256/261 263/264
f 230/240 223/234 224/235 231/241
f 261/265 254/259 255/260 262/263
f 231/241 224/235 234/238 237/245
f 264/266 257/258 254/259 261/265
f 258/257 257/258 264/266 1540/1746
f 237/245 234/238 236/239 239/246
f 229/236 222/230 221/231 228/237
f 236/239 229/236 228/237 235/244
f 239/246 236/239 235/244 238/247
f 169/190 170/191 221/231 222/230
f 131/141 137/148 170/191 169/190
f 137/148 131/141 127/142 133/149
f 133/149 127/142 128/146 134/152
f 134/152 128/146 129/147 135/153
f 259/256 258/257 1540/1746 1537/1747
f 135/153 129/147 130/145 136/151
f 1444/262 259/256 1537/1747 1534/1748
f 1534/1748 1531/1749 260/1521 1444/262
f 126/144 132/150 136/151 130/145
f 1156/1366 1182/1410 1468/1400 1466/1367
f 1193/1386 1219/1433 1201/1434 1175/1398
f 1175/1398 1201/1434 1199/1423 1173/1399
f 1173/1399 1199/1423 1221/1424 1195/1402
f 1195/1402 1221/1424 1218/1415 1192/1394
f 1177/1385 1203/1414 1219/1433 1193/1386
f 1192/1394 1218/1415 1217/1416 1191/1395
f 1191/1395 1217/1416 1202/1430 1176/1389
f 1178/1401 1204/1413 1203/1414 1177/1385
f 1190/1407 1216/1422 1204/1413 1178/1401
f 1176/1389 1202/1430 1224/1429 1198/1387
f 1198/1387 1224/1429 1220/1425 1194/1388
f 1179/1409 1205/1428 1216/1422 1190/1407
f 1180/1397 1206/1432 1205/1428 1179/1409
f 1194/1388 1220/1425 1200/1419 1174/1403
f 1187/1396 1213/1412 1206/1432 1180/1397
f 1174/1403 1200/1419 1222/1417 1196/1404
f 1196/1404 1222/1417 1223/1418 1197/1408
f 1468/1400 1470/1411 1213/1412 1187/1396
f 1182/1410 1208/1431 1470/1411 1468/1400
f 1197/1408 1223/1418 1215/1660 1189/1659
f 1367/1650 1481/51 1432/52 53/1651
f 54/1149 1433/1148 1481/51 1367/1650
f 53/1651 1432/52 1434/53 52/1652
f 2150/1147 1433/1148 54/1149 2134/1150
f 1455/1201 2150/1147 2134/1150 1008/1202
f 1391/1653 52/1652 1434/53 1483/88
f 1457/1200 1455/1201 1008/1202 1034/1203
f 82/1655 1391/1653 1483/88 1435/159
f 1459/1255 1457/1256 1034/1257 1060/1258
f 144/1654 82/1655 1435/159 1437/158
f 1461/1298 1459/1255 1060/1258 1086/1299
f 1437/158 1485/1107 1600/1110 144/1654
f 1463/1315 1461/1298 1086/1299 1112/1316
f 1485/1107 1660/1108 854/1109 1600/1110
f 1465/1350 1463/1315 1112/1316 1138/1351
f 1660/1108 1453/1623 1443/1626 854/1109
f 1467/1380 1465/1350 1138/1351 1163/1381
f 1453/1623 183/1624 215/1625 1443/1626
f 1163/1381 1189/1659 1469/1390 1467/1380
f 1189/1659 1215/1660 1471/1435 1469/1390
f 126/144 120/143 1417/1629 1415/1628
f 1610/1712 1417/1629 120/143 215/1625
f 132/150 126/144 1415/1628 1416/1634
f 1608/1737 1610/1712 215/1625 183/1624
f 1360/1529 32/1528 35/37 1361/41
f 31/1165 1360/1529 1361/41 34/1160
f 32/1528 33/1526 36/38 35/37
f 34/1160 2146/1159 2138/1166 31/1165
f 1393/87 36/38 33/1526 1385/1527
f 2146/1159 1002/1178 1001/1212 2138/1166
f 76/162 1393/87 1385/1527 89/1525
f 1002/1178 1028/1177 1027/1213 1001/1212
f 89/1525 151/920 138/163 76/162
f 1028/1232 1054/1231 1053/1268 1027/1267
f 848/916 138/163 151/920 849/919
f 1079/1303 1053/1268 1054/1231 1080/1288
f 851/922 848/916 849/919 197/1524
f 1080/1288 1106/1329 1105/1321 1079/1303
f 197/1524 219/1520 846/912 851/922
f 1106/1329 1132/1339 1131/1356 1105/1321
f 219/1520 260/1521 847/913 846/912
f 1131/1356 1132/1339 1157/1369 1156/1366
f 1531/1749 1528/1750 847/913 260/1521
f 1157/1369 1183/1406 1182/1410 1156/1366
f 1613/1603 1614/1601 263/264 233/242
f 233/242 232/243 1612/1604 1613/1603
f 232/243 230/240 841/1607 1612/1604
f 262/263 263/264 1614/1601 1615/1599
f 230/240 231/241 1671/1609 841/1607
f 261/265 262/263 1615/1599 1616/1596
f 231/241 237/245 1618/1611 1671/1609
f 264/266 261/265 1616/1596 1617/1595
f 237/245 239/246 1672/1613 1618/1611
f 1617/1595 1682/1668 1540/1746 264/266
f 1682/1668 1681/1739 1537/1747 1540/1746
f 239/246 238/247 1673/1615 1672/1613
f 2313/2416 2363/2455 221/231 170/191
f 2369/2462 228/237 221/231 2363/2455
f 2375/2461 235/244 228/237 2369/2462
f 2377/2468 238/247 235/244 2375/2461
f 2377/2468 3726/3781 1673/1615 238/247
f 2282/2373 2313/2416 170/191 137/148
f 137/148 133/149 2278/2374 2282/2373
f 133/149 134/152 2279/2378 2278/2374
f 134/152 135/153 2280/2379 2279/2378
f 135/153 136/151 2281/2376 2280/2379
f 1681/1739 1680/1736 1534/1748 1537/1747
f 2277/2377 2281/2376 136/151 132/150
f 1680/1736 1679/1735 1531/1749 1534/1748
f 1679/1735 1678/1733 1528/1750 1531/1749
f 132/150 1416/1634 3481/3795 2277/2377
f 1183/1406 1209/1421 1208/1431 1182/1410
f 1219/1433 1245/1453 1227/1454 1201/1434
f 1203/1414 1229/1459 1245/1453 1219/1433
f 1201/1434 1227/1454 1225/1443 1199/1423
f 1199/1423 1225/1443 1247/1444 1221/1424
f 1221/1424 1247/1444 1244/1460 1218/1415
f 1218/1415 1244/1460 1243/1455 1217/1416
f 1204/1413 1230/1442 1229/1459 1203/1414
f 1217/1416 1243/1455 1228/1450 1202/1430
f 1202/1430 1228/1450 1250/1449 1224/1429
f 1216/1422 1242/1441 1230/1442 1204/1413
f 1205/1428 1231/1448 1242/1441 1216/1422
f 1224/1429 1250/1449 1246/1445 1220/1425
f 1220/1425 1246/1445 1226/1437 1200/1419
f 1206/1432 1232/1452 1231/1448 1205/1428
f 1213/1412 1239/1458 1232/1452 1206/1432
f 1200/1419 1226/1437 1248/1438 1222/1417
f 1470/1411 1472/1461 1239/1458 1213/1412
f 1222/1417 1248/1438 1249/1462 1223/1418
f 1223/1418 1249/1462 1241/1661 1215/1660
f 1208/1431 1234/1451 1472/1461 1470/1411
f 1209/1421 1235/1440 1234/1451 1208/1431
f 1215/1660 1241/1661 1473/1456 1471/1435
f 1481/51 1366/48 50/49 1432/52
f 1433/1148 51/1153 1366/48 1481/51
f 1432/52 50/49 49/50 1434/53
f 2139/1154 51/1153 1433/1148 2150/1147
f 1483/88 1434/53 49/50 1392/89
f 1007/1192 2139/1154 2150/1147 1455/1201
f 1033/1193 1007/1192 1455/1201 1457/1200
f 1435/159 1483/88 1392/89 81/157
f 1059/1246 1033/1245 1457/1256 1459/1255
f 1437/158 1435/159 81/157 143/156
f 1085/1293 1059/1246 1459/1255 1461/1298
f 143/156 1601/1638 1485/1107 1437/158
f 1111/1309 1085/1293 1461/1298 1463/1315
f 1601/1638 1659/1637 1660/1108 1485/1107
f 1137/1345 1111/1309 1463/1315 1465/1350
f 1659/1637 1439/1631 1453/1623 1660/1108
f 1162/1374 1137/1345 1465/1350 1467/1380
f 1439/1631 852/1632 183/1624 1453/1623
f 1467/1380 1469/1390 1188/1391 1162/1374
f 183/1624 852/1632 1606/1738 1608/1737
f 1469/1390 1471/1435 1214/1426 1188/1391
f 1471/1435 1473/1456 1240/1446 1214/1426
f 164/1627 1415/1628 1417/1629 163/1630
f 1610/1712 1609/1792 163/1630 1417/1629
f 165/1633 1416/1634 1415/1628 164/1627
f 1609/1792 1610/1712 1608/1737 1607/1791
f 165/1633 2309/3792 3481/3795 1416/1634
f 1605/1790 1607/1791 1608/1737 1606/1738
f 38/36 35/37 36/38 39/39
f 1362/40 1361/41 35/37 38/36
f 37/1161 34/1160 1361/41 1362/40
f 2146/1159 34/1160 37/1161 2145/1162
f 1388/86 39/39 36/38 1393/87
f 1002/1178 2146/1159 2145/1162 1003/1179
f 77/161 1388/86 1393/87 76/162
f 1028/1177 1002/1178 1003/1179 1029/1180
f 139/160 77/161 76/162 138/163
f 1054/1231 1028/1232 1029/1233 1055/1234
f 139/160 138/163 848/916 184/917
f 1080/1288 1054/1231 1055/1234 1081/1289
f 850/921 184/917 848/916 851/922
f 1106/1329 1080/1288 1081/1289 1107/1330
f 846/912 214/911 850/921 851/922
f 1132/1339 1106/1329 1107/1330 1133/1340
f 220/910 214/911 846/912 847/913
f 1132/1339 1133/1340 1158/1368 1157/1369
f 1528/1750 1419/1751 220/910 847/913
f 1158/1368 1184/1405 1183/1406 1157/1369
f 1678/1733 1677/1732 1419/1751 1528/1750
f 1184/1405 1210/1420 1209/1421 1183/1406
f 1613/1603 1612/1604 1344/1605 1343/1606
f 1343/1606 1342/1602 1614/1601 1613/1603
f 1615/1599 1614/1601 1342/1602 1341/1600
f 1612/1604 841/1607 1345/1608 1344/1605
f 841/1607 1671/1609 1346/1610 1345/1608
f 1616/1596 1615/1599 1341/1600 1340/1597
f 1671/1609 1618/1611 1347/1612 1346/1610
f 1617/1595 1616/1596 1340/1597 1339/1598
f 1618/1611 1672/1613 1348/1614 1347/1612
f 1541/1667 1682/1668 1617/1595 1339/1598
f 1672/1613 1673/1615 1349/1616 1348/1614
f 1681/1739 1682/1668 1541/1667 1538/1696
f 1680/1736 1681/1739 1538/1696 1535/1698
f 3726/3781 3416/3780 1349/1616 1673/1615
f 2276/2368 2312/2415 2313/2416 2282/2373
f 2312/2415 2352/2446 2363/2455 2313/2416
f 2351/2445 2369/2462 2363/2455 2352/2446
f 2374/2460 2375/2461 2369/2462 2351/2445
f 2376/2467 2377/2468 2375/2461 2374/2460
f 2376/2467 3675/3779 3726/3781 2377/2468
f 3675/3779 3415/3778 3416/3780 3726/3781
f 2282/2373 2278/2374 2272/2369 2276/2368
f 2278/2374 2279/2378 2273/2370 2272/2369
f 2279/2378 2280/2379 2274/2371 2273/2370
f 2280/2379 2281/2376 2275/2372 2274/2371
f 2271/2375 2275/2372 2281/2376 2277/2377
f 1679/1735 1680/1736 1535/1698 1532/1700
f 2277/2377 3481/3795 3482/3794 2271/2375
f 1678/1733 1679/1735 1532/1700 1529/1701
f 1677/1732 1678/1733 1529/1701 1505/1702
f 2309/3792 2308/3793 3482/3794 3481/3795
f 1210/1420 1236/1439 1235/1440 1209/1421
f 1477/1497 1227/1454 1245/1453 1276/1484
f 1229/1459 1475/1476 1276/1484 1245/1453
f 1479/1496 1225/1443 1227/1454 1477/1497
f 1475/1476 1229/1459 1230/1442 1474/1477
f 1225/1443 1479/1496 1274/1491 1247/1444
f 1277/1490 1244/1460 1247/1444 1274/1491
f 1278/1471 1243/1455 1244/1460 1277/1490
f 1243/1455 1278/1471 1476/1474 1228/1450
f 1474/1477 1230/1442 1242/1441 1279/1493
f 1228/1450 1476/1474 1271/1515 1250/1449
f 1250/1449 1271/1515 1275/1518 1246/1445
f 1231/1448 1290/1507 1279/1493 1242/1441
f 1290/1507 1231/1448 1232/1452 1289/1511
f 1478/1513 1226/1437 1246/1445 1275/1518
f 1273/1505 1248/1438 1226/1437 1478/1513
f 1239/1458 1282/1470 1289/1511 1232/1452
f 1472/1461 1270/1467 1282/1470 1239/1458
f 1272/1501 1249/1462 1248/1438 1273/1505
f 1270/1467 1472/1461 1234/1451 1287/1464
f 1280/1500 1241/1661 1249/1462 1272/1501
f 1269/1510 1473/1456 1241/1661 1280/1500
f 1287/1464 1234/1451 1235/1440 1286/1465
f 1286/1465 1235/1440 1236/1439 1285/1487
f 1473/1456 1269/1510 1281/1503 1240/1446
f 1366/48 1365/42 47/45 50/49
f 51/1153 48/1152 1365/42 1366/48
f 50/49 47/45 46/47 49/50
f 2140/1151 48/1152 51/1153 2139/1154
f 1392/89 49/50 46/47 1390/90
f 1006/1175 2140/1151 2139/1154 1007/1192
f 81/157 1392/89 1390/90 80/93
f 1032/1176 1006/1175 1007/1192 1033/1193
f 1058/1230 1032/1229 1033/1245 1059/1246
f 143/156 81/157 80/93 142/155
f 1084/1287 1058/1230 1059/1246 1085/1293
f 143/156 142/155 1562/1639 1601/1638
f 1110/1308 1084/1287 1085/1293 1111/1309
f 1656/1636 1659/1637 1601/1638 1562/1639
f 1136/1338 1110/1308 1111/1309 1137/1345
f 1414/1622 1439/1631 1659/1637 1656/1636
f 1136/1338 1137/1345 1162/1374 1155/1370
f 1414/1622 1411/1621 852/1632 1439/1631
f 1162/1374 1188/1391 1181/1392 1155/1370
f 1604/1776 1606/1738 852/1632 1411/1621
f 1188/1391 1214/1426 1207/1427 1181/1392
f 162/1674 1605/1790 1606/1738 1604/1776
f 1214/1426 1240/1446 1233/1447 1207/1427
f 1288/1485 1233/1447 1240/1446 1281/1503
f 164/1627 163/1630 200/301 201/300
f 165/1633 164/1627 201/300 202/299
f 163/1630 1609/1792 199/292 200/301
f 1609/1792 1607/1791 203/293 199/292
f 165/1633 202/299 2344/2517 2309/3792
f 1441/294 203/293 1607/1791 1605/1790
f 2309/3792 2344/2517 2343/2518 2308/3793
f 1441/294 1605/1790 162/1674 198/303
f 38/36 39/39 40/1830 41/1831
f 1362/40 38/36 41/1831 1363/1832
f 1387/1829 40/1830 39/39 1388/86
f 1363/1832 42/1844 37/1161 1362/40
f 42/1844 2144/1843 2145/1162 37/1161
f 2144/1843 1004/1841 1003/1179 2145/1162
f 1388/86 77/161 78/1828 1387/1829
f 1029/1180 1003/1179 1004/1841 1030/1842
f 140/1827 78/1828 77/161 139/160
f 1055/1234 1029/1233 1030/1840 1056/1839
f 139/160 184/917 192/1826 140/1827
f 1081/1289 1055/1234 1056/1839 1082/1838
f 853/1825 192/1826 184/917 850/921
f 1107/1330 1081/1289 1082/1838 1108/1837
f 193/1824 853/1825 850/921 214/911
f 1133/1340 1107/1330 1108/1837 1134/1836
f 214/911 220/910 1486/1821 193/1824
f 1134/1836 1159/1835 1158/1368 1133/1340
f 1418/1822 1486/1821 220/910 1419/1751
f 1159/1835 1185/1834 1184/1405 1158/1368
f 1418/1822 1419/1751 1677/1732 1676/1845
f 1210/1420 1184/1405 1185/1834 1211/1833
f 1504/1789 1676/1845 1677/1732 1505/1702
f 1236/1439 1210/1420 1211/1833 1237/1519
f 715/1644 716/1656 1344/1605 1345/1608
f 716/1656 717/1662 1343/1606 1344/1605
f 1342/1602 1343/1606 717/1662 721/1686
f 721/1686 720/1687 1341/1600 1342/1602
f 720/1687 718/1688 1340/1597 1341/1600
f 714/1643 715/1644 1345/1608 1346/1610
f 1346/1610 1347/1612 244/1642 714/1643
f 718/1688 719/1689 1339/1598 1340/1597
f 1347/1612 1348/1614 246/1641 244/1642
f 1339/1598 719/1689 1542/1694 1541/1667
f 1348/1614 1349/1616 245/1640 246/1641
f 1539/1695 1538/1696 1541/1667 1542/1694
f 3416/3780 2383/3803 245/1640 1349/1616
f 1538/1696 1539/1695 1536/1697 1535/1698
f 1535/1698 1536/1697 1533/1699 1532/1700
f 3415/3778 2382/3804 2383/3803 3416/3780
f 2276/2368 2272/2369 2266/2359 2270/2358
f 2270/2358 2311/2414 2312/2415 2276/2368
f 2311/2414 2325/2418 2352/2446 2312/2415
f 2351/2445 2352/2446 2325/2418 2324/2417
f 2348/2444 2351/2445 2324/2417 2321/2421
f 2348/2444 2365/2459 2374/2460 2351/2445
f 2371/2464 2376/2467 2374/2460 2365/2459
f 2371/2464 3725/3777 3675/3779 2376/2467
f 3725/3777 3414/3776 3415/3778 3675/3779
f 3414/3776 2804/3805 2382/3804 3415/3778
f 2272/2369 2273/2370 2267/2362 2266/2359
f 2273/2370 2274/2371 2268/2363 2267/2362
f 2274/2371 2275/2372 2269/2366 2268/2363
f 2931/3276 2269/2366 2275/2372 3507/3789
f 2271/2375 2357/3790 3507/3789 2275/2372
f 3667/3872 2357/3790 2271/2375 3482/3794
f 1530/1690 1529/1701 1532/1700 1533/1699
f 3667/3872 3482/3794 2308/3793 3666/3946
f 1505/1702 1529/1701 1530/1690 1507/1693
f 1505/1702 1507/1693 1506/1767 1504/1789
f 2308/3793 2343/2518 2342/2511 3666/3946
f 1285/1487 1236/1439 1237/1519 1284/1482
f 1670/1495 1479/1496 1477/1497 1668/1498
f 1668/1498 1477/1497 1276/1484 1261/1483
f 1475/1476 1666/1475 1261/1483 1276/1484
f 1666/1475 1475/1476 1474/1477 1665/1478
f 1479/1496 1670/1495 1263/1492 1274/1491
f 1665/1478 1474/1477 1279/1493 1258/1494
f 1260/1489 1277/1490 1274/1491 1263/1492
f 1259/1472 1278/1471 1277/1490 1260/1489
f 1278/1471 1259/1472 1667/1473 1476/1474
f 1476/1474 1667/1473 1266/1516 1271/1515
f 1290/1507 1664/1508 1258/1494 1279/1493
f 1271/1515 1266/1516 1262/1517 1275/1518
f 1669/1514 1478/1513 1275/1518 1262/1517
f 1664/1508 1290/1507 1289/1511 1663/1512
f 1282/1470 1255/1469 1663/1512 1289/1511
f 1264/1506 1273/1505 1478/1513 1669/1514
f 1265/1502 1272/1501 1273/1505 1264/1506
f 1270/1467 1267/1468 1255/1469 1282/1470
f 1267/1468 1270/1467 1287/1464 1661/1463
f 1257/1499 1280/1500 1272/1501 1265/1502
f 1661/1463 1287/1464 1286/1465 1251/1466
f 1268/1509 1269/1510 1280/1500 1257/1499
f 1269/1510 1268/1509 1256/1504 1281/1503
f 1251/1466 1286/1465 1285/1487 1252/1488
f 1252/1488 1285/1487 1284/1482 1253/1481
f 1662/1486 1288/1485 1281/1503 1256/1504
f 1365/42 1364/43 44/44 47/45
f 48/1152 45/1157 1364/43 1365/42
f 47/45 44/44 43/46 46/47
f 2142/1156 45/1157 48/1152 2140/1151
f 46/47 43/46 1389/91 1390/90
f 1005/1174 2142/1156 2140/1151 1006/1175
f 1390/90 1389/91 79/92 80/93
f 1031/1173 1005/1174 1006/1175 1032/1176
f 79/92 141/154 142/155 80/93
f 1057/1227 1031/1228 1032/1229 1058/1230
f 1083/1286 1057/1227 1058/1230 1084/1287
f 141/154 1572/1665 1562/1639 142/155
f 1109/1328 1083/1286 1084/1287 1110/1308
f 1572/1665 1602/1658 1656/1636 1562/1639
f 1135/1337 1109/1328 1110/1308 1136/1338
f 1602/1658 1413/1619 1414/1622 1656/1636
f 1135/1337 1136/1338 1155/1370 1160/1371
f 1413/1619 1412/1620 1411/1621 1414/1622
f 1155/1370 1181/1392 1186/1393 1160/1371
f 1603/1777 1604/1776 1411/1621 1412/1620
f 1181/1392 1207/1427 1212/1436 1186/1393
f 1604/1776 1603/1777 185/1675 162/1674
f 1207/1427 1233/1447 1238/1457 1212/1436
f 162/1674 185/1675 204/304 198/303
f 1283/1479 1238/1457 1233/1447 1288/1485
f 1254/1480 1283/1479 1288/1485 1662/1486
f 201/300 200/301 290/295 291/297
f 200/301 199/292 280/288 290/295
f 292/298 202/299 201/300 291/297
f 292/298 2427/2515 2344/2517 202/299
f 199/292 203/293 282/289 280/288
f 1446/291 282/289 203/293 1441/294
f 2344/2517 2427/2515 2426/2514 2343/2518
f 284/306 1446/291 1441/294 198/303
f 2343/2518 2426/2514 2416/2507 2342/2511
f 198/303 204/304 1422/305 284/306
f 41/1831 40/1830 43/46 44/44
f 1389/91 43/46 40/1830 1387/1829
f 1363/1832 41/1831 44/44 1364/43
f 1364/43 45/1157 42/1844 1363/1832
f 1387/1829 78/1828 79/92 1389/91
f 45/1157 2142/1156 2144/1843 42/1844
f 2142/1156 1005/1174 1004/1841 2144/1843
f 1005/1174 1031/1173 1030/1842 1004/1841
f 141/154 79/92 78/1828 140/1827
f 1031/1228 1057/1227 1056/1839 1030/1840
f 140/1827 192/1826 1572/1665 141/154
f 1082/1838 1056/1839 1057/1227 1083/1286
f 1602/1658 1572/1665 192/1826 853/1825
f 1108/1837 1082/1838 1083/1286 1109/1328
f 853/1825 193/1824 1413/1619 1602/1658
f 1109/1328 1135/1337 1134/1836 1108/1837
f 1658/1820 1413/1619 193/1824 1486/1821
f 1159/1835 1134/1836 1135/1337 1160/1371
f 1657/1819 1658/1820 1486/1821 1418/1822
f 1160/1371 1186/1393 1185/1834 1159/1835
f 1676/1845 1686/1847 1657/1819 1418/1822
f 1211/1833 1185/1834 1186/1393 1212/1436
f 1655/1818 1686/1847 1676/1845 1504/1789
f 1237/1519 1211/1833 1212/1436 1238/1457
f 1504/1789 1506/1767 1654/1817 1655/1818
f 1238/1457 1283/1479 1284/1482 1237/1519
f 1543/1757 1550/1759 716/1656 715/1644
f 1549/1758 1543/1757 715/1644 714/1643
f 1550/1759 1544/273 717/1662 716/1656
f 721/1686 717/1662 1544/273 1553/274
f 1553/274 1552/1762 720/1687 721/1686
f 1552/1762 1551/1760 718/1688 720/1687
f 1551/1760 1548/1744 719/1689 718/1688
f 714/1643 244/1642 1547/1756 1549/1758
f 244/1642 246/1641 1546/1754 1547/1756
f 1548/1744 1555/1741 1542/1694 719/1689
f 246/1641 245/1640 1545/1755 1546/1754
f 1539/1695 1542/1694 1555/1741 1554/1740
f 2383/3803 3606/3910 1545/1755 245/1640
f 1536/1697 1539/1695 1554/1740 1556/1752
f 2382/3804 3607/3911 3606/3910 2383/3803
f 1536/1697 1556/1752 1557/1734 1533/1699
f 1533/1699 1557/1734 1558/1691 1530/1690
f 2804/3805 3609/3912 3607/3911 2382/3804
f 2270/2358 2266/2359 2261/2360 2265/2361
f 2266/2359 2267/2362 2262/2365 2261/2360
f 2265/2361 2310/2413 2311/2414 2270/2358
f 2310/2413 2319/2419 2325/2418 2311/2414
f 2324/2417 2325/2418 2319/2419 2318/2420
f 2321/2421 2324/2417 2318/2420 2315/2422
f 2347/2452 2348/2444 2321/2421 2320/2424
f 2364/2458 2365/2459 2348/2444 2347/2452
f 2320/2424 2321/2421 2315/2422 2314/2425
f 2370/2463 2371/2464 2365/2459 2364/2458
f 2370/2463 2918/3775 3725/3777 2371/2464
f 2918/3775 3413/3774 3414/3776 3725/3777
f 2804/3805 3414/3776 3413/3774 2805/3806
f 3609/3912 2804/3805 2805/3806 3604/3913
f 2267/2362 2268/2363 2263/2364 2262/2365
f 2268/2363 2269/2366 2264/2367 2263/2364
f 3657/3275 2264/2367 2269/2366 2931/3276
f 3549/3274 3657/3275 2931/3276 3714/3277
f 3714/3277 2931/3276 3507/3789 3517/3788
f 3517/3788 3507/3789 2357/3790 2326/3791
f 3665/3893 2326/3791 2357/3790 3667/3872
f 3666/3946 3664/3945 3665/3893 3667/3872
f 1530/1690 1558/1691 1559/1692 1507/1693
f 3666/3946 2342/2511 2345/2512 3664/3945
f 1507/1693 1559/1692 1561/1766 1506/1767
f 1653/1823 1654/1817 1506/1767 1561/1766
f 2342/2511 2416/2507 2418/2506 2345/2512
f 1283/1479 1254/1480 1253/1481 1284/1482
f 1670/1495 1668/1498 1260/1489 1263/1492
f 1668/1498 1261/1483 1259/1472 1260/1489
f 1261/1483 1666/1475 1667/1473 1259/1472
f 1666/1475 1665/1478 1266/1516 1667/1473
f 1665/1478 1258/1494 1262/1517 1266/1516
f 1669/1514 1262/1517 1258/1494 1664/1508
f 1664/1508 1663/1512 1264/1506 1669/1514
f 1265/1502 1264/1506 1663/1512 1255/1469
f 1257/1499 1265/1502 1255/1469 1267/1468
f 1268/1509 1257/1499 1267/1468 1661/1463
f 1661/1463 1251/1466 1256/1504 1268/1509
f 1251/1466 1252/1488 1662/1486 1256/1504
f 1254/1480 1662/1486 1252/1488 1253/1481
f 1413/1619 1658/1820 1402/1778 1412/1620
f 1402/1778 1500/369 1603/1777 1412/1620
f 1500/369 1420/368 185/1675 1603/1777
f 1499/1657 204/304 185/1675 1420/368
f 204/304 1499/1657 1492/1618 1422/305
f 290/295 1423/296 844/284 291/297
f 1423/296 290/295 280/288 279/287
f 1487/283 292/298 291/297 844/284
f 281/286 279/287 280/288 282/289
f 1487/283 2921/2504 2427/2515 292/298
f 2426/2514 2427/2515 2921/2504 3488/2516
f 1447/290 281/286 282/289 1446/291
f 283/362 1447/290 1446/291 284/306
f 3488/2516 2415/2508 2416/2507 2426/2514
f 283/362 284/306 1422/305 285/365
f 2417/2505 2418/2506 2416/2507 2415/2508
f 1422/305 1492/1618 1404/1617 285/365
f 1402/1778 1658/1820 1657/1819 1503/1779
f 1503/1779 1657/1819 1686/1847 1684/1846
f 1655/1818 1640/1813 1684/1846 1686/1847
f 1654/1817 1642/1814 1640/1813 1655/1818
f 1642/1814 1654/1817 1653/1823 1643/1816
f 240/252 1543/1757 1549/1758 241/254
f 242/250 1550/1759 1543/1757 240/252
f 243/249 1544/273 1550/1759 242/250
f 241/254 1549/1758 1547/1756 251/769
f 1544/273 243/249 267/269 1553/274
f 266/268 1552/1762 1553/274 267/269
f 265/1761 1551/1760 1552/1762 266/268
f 268/1745 1548/1744 1551/1760 265/1761
f 1555/1741 1548/1744 268/1745 269/1742
f 251/769 1547/1756 1546/1754 253/1048
f 253/1048 1546/1754 1545/1755 252/1049
f 1554/1740 1555/1741 269/1742 270/1743
f 2389/3225 252/1049 1545/1755 3606/3910
f 1556/1752 1554/1740 270/1743 1445/1753
f 2388/2949 2389/3225 3606/3910 3607/3911
f 1445/1753 271/1763 1557/1734 1556/1752
f 2379/2476 2388/2949 3607/3911 3609/3912
f 271/1763 855/1764 1558/1691 1557/1734
f 855/1764 737/1765 1559/1692 1558/1691
f 2378/2474 2379/2476 3609/3912 3604/3913
f 2260/2350 2265/2361 2261/2360 2256/2351
f 2256/2351 2261/2360 2262/2365 2257/2352
f 2265/2361 2260/2350 2303/2412 2310/2413
f 2257/2352 2262/2365 2263/2364 2258/2354
f 2302/2405 2319/2419 2310/2413 2303/2412
f 2301/2404 2318/2420 2319/2419 2302/2405
f 2298/2410 2315/2422 2318/2420 2301/2404
f 2297/2408 2314/2425 2315/2422 2298/2410
f 2349/2442 2347/2452 2320/2424 2322/2423
f 2366/2457 2364/2458 2347/2452 2349/2442
f 2322/2423 2320/2424 2314/2425 2316/2426
f 2372/2466 2370/2463 2364/2458 2366/2457
f 2299/2402 2316/2426 2314/2425 2297/2408
f 2372/2466 3669/3773 2918/3775 2370/2463
f 3669/3773 3412/3772 3413/3774 2918/3775
f 2805/3806 3413/3774 3412/3772 2806/3818
f 3604/3913 2805/3806 2806/3818 3610/3914
f 2380/2471 2378/2474 3604/3913 3610/3914
f 2258/2354 2263/2364 2264/2367 2259/2356
f 2289/3816 2259/2356 2264/2367 3657/3275
f 3501/2384 2289/3816 3657/3275 3549/3274
f 2288/2382 3501/2384 3549/3274 3658/3801
f 3658/3801 3549/3274 3714/3277 3713/3802
f 3713/3802 3714/3277 3517/3788 3503/3796
f 3503/3796 3517/3788 2326/3791 2929/3797
f 2326/3791 3665/3893 3663/3894 2929/3797
f 3662/3944 3663/3894 3665/3893 3664/3945
f 3505/2513 3662/3944 3664/3945 2345/2512
f 1561/1766 1559/1692 737/1765 736/1788
f 3510/2510 3505/2513 2345/2512 2418/2506
f 1652/1787 1653/1823 1561/1766 736/1788
f 1652/1787 1581/1786 1643/1816 1653/1823
f 3511/2509 3510/2510 2418/2506 2417/2505
f 1402/1778 1503/1779 1501/370 1500/369
f 1420/368 1500/369 1501/370 1421/371
f 1499/1657 1420/368 1421/371 1428/1670
f 1492/1618 1499/1657 1428/1670 1489/1646
f 1489/1646 289/1635 1404/1617 1492/1618
f 1423/296 293/302 294/285 844/284
f 293/302 1423/296 279/287 278/360
f 295/282 1487/283 844/284 294/285
f 278/360 279/287 281/286 339/361
f 295/282 2429/2503 2921/2504 1487/283
f 281/286 1447/290 1449/364 339/361
f 3488/2516 2921/2504 2429/2503 2428/2519
f 2428/2519 2414/2571 2415/2508 3488/2516
f 1447/290 283/362 340/363 1449/364
f 283/362 285/365 341/366 340/363
f 2414/2571 2468/2572 2417/2505 2415/2508
f 1404/1617 1409/1594 341/366 285/365
f 2417/2505 2468/2572 3513/2573 3511/2509
f 289/1635 338/312 1409/1594 1404/1617
f 1501/370 1503/1779 1684/1846 1685/1815
f 1639/1812 1685/1815 1684/1846 1640/1813
f 1641/1811 1639/1812 1640/1813 1642/1814
f 1641/1811 1642/1814 1643/1816 1526/1768
f 1643/1816 1581/1786 1527/1769 1526/1768
f 1582/251 242/250 240/252 1584/253
f 1584/253 240/252 241/254 1585/255
f 1585/255 241/254 251/769 1598/770
f 1583/248 243/249 242/250 1582/251
f 243/249 1583/248 1587/270 267/269
f 1598/770 251/769 253/1048 1597/1047
f 1586/267 266/268 267/269 1587/270
f 265/1761 266/268 1586/267 1592/275
f 268/1745 265/1761 1592/275 1590/885
f 269/1742 268/1745 1590/885 1589/882
f 270/1743 269/1742 1589/882 1588/881
f 1597/1047 253/1048 252/1049 1596/1050
f 3654/3224 1596/1050 252/1049 2389/3225
f 1445/1753 270/1743 1588/881 1599/891
f 3655/2948 3654/3224 2389/3225 2388/2949
f 271/1763 1445/1753 1599/891 1591/1522
f 3643/2475 3655/2948 2388/2949 2379/2476
f 271/1763 1591/1522 1595/925 855/1764
f 3642/2473 3643/2475 2379/2476 2378/2474
f 737/1765 855/1764 1595/925 1594/902
f 736/1788 737/1765 1594/902 1593/901
f 3640/2470 3642/2473 2378/2474 2380/2471
f 2260/2350 2256/2351 2248/2348 2255/2347
f 2260/2350 2255/2347 2247/2349 2303/2412
f 2256/2351 2257/2352 2249/2353 2248/2348
f 2257/2352 2258/2354 2250/2355 2249/2353
f 2302/2405 2303/2412 2247/2349 2246/2406
f 2258/2354 2259/2356 2251/2357 2250/2355
f 2301/2404 2302/2405 2246/2406 2245/2407
f 2298/2410 2301/2404 2245/2407 2242/2411
f 2297/2408 2298/2410 2242/2411 2241/2409
f 2299/2402 2297/2408 2241/2409 2243/2403
f 2350/2441 2349/2442 2322/2423 2323/2427
f 2367/2456 2366/2457 2349/2442 2350/2441
f 2323/2427 2322/2423 2316/2426 2317/2428
f 2373/2465 2372/2466 2366/2457 2367/2456
f 2300/2401 2317/2428 2316/2426 2299/2402
f 2373/2465 3670/3770 3669/3773 2372/2466
f 2300/2401 2299/2402 2243/2403 2244/2341
f 3670/3770 3411/3771 3412/3772 3669/3773
f 2806/3818 3412/3772 3411/3771 2807/3824
f 3610/3914 2806/3818 2807/3824 3605/2494
f 2381/2472 2380/2471 3610/3914 3605/2494
f 3641/2469 3640/2470 2380/2471 2381/2472
f 2233/3817 2251/2357 2259/2356 2289/3816
f 2289/3816 3501/2384 3499/2385 2233/3817
f 3501/2384 2288/2382 2232/2383 3499/2385
f 2288/2382 2287/2380 2231/2323 2232/2383
f 2288/2382 3658/3801 3622/3800 2287/2380
f 3710/3799 3622/3800 3658/3801 3713/3802
f 3480/3785 3710/3799 3713/3802 3503/3796
f 3480/3785 3503/3796 2929/3797 3477/3786
f 3661/3931 3477/3786 2929/3797 3663/3894
f 2307/3836 3661/3931 3663/3894 3662/3944
f 3505/2513 2341/2520 2307/3836 3662/3944
f 2420/2521 2341/2520 3505/2513 3510/2510
f 738/950 1652/1787 736/1788 1593/901
f 2419/2575 2420/2521 3510/2510 3511/2509
f 1652/1787 1651/1703 1580/1784 1581/1786
f 738/950 860/949 1651/1703 1652/1787
f 1522/1725 1527/1769 1581/1786 1580/1784
f 3511/2509 3513/2573 2469/2574 2419/2575
f 1421/371 1501/370 1685/1815 1675/1682
f 1428/1670 1421/371 1675/1682 1674/1685
f 1489/1646 1428/1670 1674/1685 1683/1793
f 1489/1646 1490/1647 359/367 289/1635
f 1683/1793 373/1848 1490/1647 1489/1646
f 338/312 289/1635 359/367 319/313
f 1406/1539 1405/356 294/285 293/302
f 278/360 1403/1585 1406/1539 293/302
f 295/282 294/285 1405/356 1407/355
f 278/360 339/361 1410/1586 1403/1585
f 295/282 1407/355 3472/2569 2429/2503
f 1484/1589 1410/1586 339/361 1449/364
f 3473/3706 2428/2519 2429/2503 3472/2569
f 1484/1589 1449/364 340/363 1408/1590
f 2414/2571 2428/2519 3473/3706 3470/3752
f 2414/2571 3470/3752 3476/3753 2468/2572
f 1409/1594 1408/1590 340/363 341/366
f 3548/3756 3513/2573 2468/2572 3476/3753
f 338/312 337/311 1408/1590 1409/1594
f 3548/3756 3474/3757 2469/2574 3513/2573
f 337/311 338/312 319/313 320/314
f 1675/1682 1685/1815 1639/1812 1494/1683
f 1639/1812 1641/1811 1493/1781 1494/1683
f 1571/1708 1493/1781 1641/1811 1526/1768
f 1526/1768 1527/1769 1560/1709 1571/1708
f 1527/1769 1522/1725 1565/1716 1560/1709
f 250/271 1583/248 1582/251 249/822
f 249/822 1582/251 1584/253 247/1039
f 247/1039 1584/253 1585/255 248/1051
f 248/1051 1585/255 1598/770 923/1123
f 923/1123 1598/770 1597/1047 925/1091
f 1583/248 250/271 273/272 1587/270
f 272/276 1586/267 1587/270 273/272
f 925/1091 1597/1047 1596/1050 924/1092
f 1592/275 1586/267 272/276 816/277
f 1590/885 1592/275 816/277 815/886
f 1589/882 1590/885 815/886 812/883
f 1588/881 1589/882 812/883 813/884
f 1599/891 1588/881 813/884 1451/892
f 2995/3264 924/1092 1596/1050 3654/3224
f 2994/3289 2995/3264 3654/3224 3655/2948
f 1591/1522 1599/891 1451/892 814/976
f 2385/3227 2994/3289 3655/2948 3643/2475
f 1591/1522 814/976 857/923 1595/925
f 2384/3218 2385/3227 3643/2475 3642/2473
f 1594/902 1595/925 857/923 840/804
f 2386/2999 2384/3218 3642/2473 3640/2470
f 1593/901 1594/902 840/804 839/786
f 1593/901 839/786 838/785 738/950
f 2387/2493 2386/2999 3640/2470 3641/2469
f 3461/2346 2255/2347 2248/2348 3463/2342
f 2248/2348 2249/2353 3464/2343 3463/2342
f 3445/2339 2247/2349 2255/2347 3461/2346
f 2246/2406 2247/2349 3445/2339 3444/2338
f 2249/2353 2250/2355 3462/2344 3464/2343
f 2250/2355 2251/2357 3443/2345 3462/2344
f 2245/2407 2246/2406 3444/2338 3465/2337
f 3458/3815 3443/2345 2251/2357 2233/3817
f 2242/2411 2245/2407 3465/2337 3467/2336
f 2241/2409 2242/2411 3467/2336 3466/2335
f 2243/2403 2241/2409 3466/2335 3446/2334
f 2244/2341 2243/2403 3446/2334 3468/2333
f 2323/2427 2334/2439 2355/2443 2350/2441
f 2367/2456 2350/2441 2355/2443 2392/2482
f 2317/2428 2306/2440 2334/2439 2323/2427
f 2367/2456 2392/2482 2399/2485 2373/2465
f 2290/2400 2306/2440 2317/2428 2300/2401
f 3670/3770 2373/2465 2399/2485 3671/3769
f 2234/2340 2290/2400 2300/2401 2244/2341
f 3411/3771 3670/3770 3671/3769 3410/3768
f 3447/2332 2234/2340 2244/2341 3468/2333
f 3410/3768 2811/3848 2807/3824 3411/3771
f 2811/3848 3613/2495 3605/2494 2807/3824
f 3605/2494 3613/2495 2403/2490 2381/2472
f 2381/2472 2403/2490 3645/2489 3641/2469
f 3641/2469 3645/2489 2409/2492 2387/2493
f 2233/3817 3499/2385 3547/2320 3458/3815
f 3499/2385 2232/2383 3459/2321 3547/2320
f 2232/2383 2231/2323 3457/2322 3459/2321
f 2230/2324 2231/2323 2287/2380 2286/2381
f 2286/2381 2287/2380 3622/3800 3631/3827
f 3457/2322 2231/2323 2230/2324 3456/2325
f 3631/3827 3622/3800 3710/3799 3659/3820
f 3659/3820 3710/3799 3480/3785 3479/3784
f 3479/3784 3480/3785 3477/3786 3478/3787
f 3660/3932 3478/3787 3477/3786 3661/3931
f 3661/3931 2307/3836 2328/3837 3660/3932
f 2307/3836 2341/2520 2346/2523 2328/3837
f 2341/2520 2420/2521 3487/2522 2346/2523
f 2419/2575 2421/2577 3487/2522 2420/2521
f 860/949 738/950 838/785 837/821
f 2419/2575 2469/2574 2470/2576 2421/2577
f 1650/1538 1651/1703 860/949 1297/1537
f 1579/1783 1580/1784 1651/1703 1650/1538
f 1523/1726 1522/1725 1580/1784 1579/1783
f 1296/1536 1297/1537 860/949 837/821
f 1569/1724 1565/1716 1522/1725 1523/1726
f 3475/3761 2470/2576 2469/2574 3474/3757
f 1675/1682 1494/1683 845/1684 1674/1685
f 1674/1685 845/1684 1611/1681 1683/1793
f 1683/1793 1611/1681 377/1649 373/1848
f 375/1849 1694/1852 1490/1647 373/1848
f 1490/1647 1488/1645 361/334 359/367
f 1490/1647 1694/1852 1716/1855 1488/1645
f 359/367 287/337 327/348 319/313
f 361/334 334/333 287/337 359/367
f 375/1849 373/1848 377/1649 378/389
f 319/313 327/348 324/346 320/314
f 296/1648 297/357 1405/356 1406/1539
f 277/1587 296/1648 1406/1539 1403/1585
f 1407/355 1405/356 297/357 298/358
f 1403/1585 1410/1586 336/1588 277/1587
f 1407/355 298/358 2431/2568 3472/2569
f 1448/1666 336/1588 1410/1586 1484/1589
f 2430/3810 3473/3706 3472/2569 2431/2568
f 1484/1589 1408/1590 337/311 1448/1666
f 2413/3754 3470/3752 3473/3706 2430/3810
f 3470/3752 2413/3754 2465/3755 3476/3753
f 3512/3828 3548/3756 3476/3753 2465/3755
f 3548/3756 3512/3828 2466/2528 3474/3757
f 1448/1666 337/311 320/314 288/354
f 2467/2531 3475/3761 3474/3757 2466/2528
f 320/314 324/346 323/345 288/354
f 845/1684 1494/1683 1493/1781 1502/1780
f 1571/1708 1508/1711 1502/1780 1493/1781
f 1571/1708 1560/1709 1509/1710 1508/1711
f 1560/1709 1565/1716 1517/1717 1509/1710
f 1516/1774 1517/1717 1565/1716 1569/1724
f 914/1042 274/1043 273/272 250/271
f 914/1042 250/271 249/822 917/1041
f 249/822 247/1039 921/1040 917/1041
f 921/1040 247/1039 248/1051 922/1052
f 923/1123 227/1122 922/1052 248/1051
f 925/1091 954/1077 227/1122 923/1123
f 954/1077 925/1091 924/1092 955/1078
f 272/276 273/272 274/1043 1747/1872
f 1747/1872 1751/1879 816/277 272/276
f 3023/3252 955/1078 924/1092 2995/3264
f 815/886 816/277 1751/1879 1755/1884
f 812/883 815/886 1755/1884 1764/1895
f 804/973 813/884 812/883 1764/1895
f 1450/972 1451/892 813/884 804/973
f 811/977 814/976 1451/892 1450/972
f 2995/3264 2994/3289 2368/3290 3023/3252
f 2994/3289 2385/3227 2993/3226 2368/3290
f 856/924 857/923 814/976 811/977
f 2992/3217 2993/3226 2385/3227 2384/3218
f 740/805 840/804 857/923 856/924
f 2386/2999 2988/3216 2992/3217 2384/3218
f 741/787 839/786 840/804 740/805
f 2985/3219 2988/3216 2386/2999 2387/2493
f 742/784 838/785 839/786 741/787
f 743/820 837/821 838/785 742/784
f 2985/3219 2387/2493 2409/2492 2410/3220
f 2214/2294 3445/2339 3461/2346 2253/2298
f 2253/2298 3461/2346 3463/2342 2217/2305
f 3463/2342 3464/2343 2220/2302 2217/2305
f 3464/2343 3462/2344 2223/2310 2220/2302
f 3444/2338 3445/2339 2214/2294 2211/2290
f 3465/2337 3444/2338 2211/2290 2208/2288
f 3462/2344 3443/2345 2226/2314 2223/2310
f 3443/2345 3458/3815 2203/3814 2226/2314
f 3467/2336 3465/2337 2208/2288 2157/2238
f 3458/3815 3547/2320 3498/2285 2203/3814
f 3466/2335 3467/2336 2157/2238 2156/2237
f 3446/2334 3466/2335 2156/2237 2160/2243
f 3468/2333 3446/2334 2160/2243 2163/2245
f 2166/2248 3447/2332 3468/2333 2163/2245
f 2333/2437 2334/2439 2306/2440 2305/2438
f 2354/2451 2355/2443 2334/2439 2333/2437
f 2391/2481 2392/2482 2355/2443 2354/2451
f 2398/2484 2399/2485 2392/2482 2391/2481
f 2291/2398 2305/2438 2306/2440 2290/2400
f 2398/2484 3672/3767 3671/3769 2399/2485
f 2291/2398 2290/2400 2234/2340 2235/2399
f 3672/3767 3409/3766 3410/3768 3671/3769
f 2235/2399 2234/2340 3447/2332 3448/2331
f 2811/3848 3410/3768 3409/3766 2810/3849
f 3448/2331 3447/2332 2166/2248 2169/2251
f 3613/2495 2811/3848 2810/3849 3612/3917
f 2402/2491 2403/2490 3613/2495 3612/3917
f 3644/2488 3645/2489 2403/2490 2402/2491
f 2408/2498 2409/2492 3645/2489 3644/2488
f 2408/2498 3795/4024 2410/3220 2409/2492
f 3547/2320 3459/2321 2200/2282 3498/2285
f 3459/2321 3457/2322 2197/2278 2200/2282
f 2197/2278 3457/2322 3456/2325 2194/2279
f 2286/2381 2285/3981 2229/3982 2230/2324
f 3454/3983 3456/2325 2230/2324 2229/3982
f 2285/3981 2286/2381 3631/3827 2335/3980
f 3659/3820 2930/3979 2335/3980 3631/3827
f 3456/2325 3454/3983 2191/3984 2194/2279
f 2930/3979 3659/3820 3479/3784 2336/3978
f 3712/3976 3550/3975 2336/3978 3479/3784
f 3479/3784 3478/3787 3469/3933 3712/3976
f 3469/3933 3478/3787 3660/3932 3563/2582
f 3563/2582 3660/3932 2328/3837 3485/2579
f 3562/3819 3485/2579 2328/3837 2346/2523
f 2346/2523 3487/2522 3555/3783 3562/3819
f 3487/2522 2421/2577 3471/3782 3555/3783
f 3471/3782 2421/2577 2470/2576 3475/3761
f 837/821 743/820 1295/1535 1296/1536
f 1650/1538 1297/1537 862/935 1648/1111
f 1579/1783 1650/1538 1648/1111 1577/1782
f 836/934 862/935 1297/1537 1296/1536
f 1523/1726 1579/1783 1577/1782 1525/1719
f 1569/1724 1523/1726 1525/1719 1570/1718
f 1296/1536 1295/1535 744/936 836/934
f 1516/1774 1569/1724 1570/1718 1514/1771
f 2425/3798 3471/3782 3475/3761 2467/2531
f 1611/1681 845/1684 1502/1780 1498/1680
f 712/1593 377/1649 1611/1681 1498/1680
f 378/389 377/1649 712/1593 379/390
f 1693/494 1694/1852 375/1849 376/1850
f 375/1849 378/389 364/392 376/1850
f 1694/1852 1693/494 1717/493 1716/1855
f 1488/1645 1426/491 360/335 361/334
f 1699/492 1426/491 1488/1645 1716/1855
f 334/333 361/334 360/335 286/336
f 1716/1855 1717/493 1687/1851 1699/492
f 287/337 334/333 335/338 321/339
f 287/337 321/339 326/347 327/348
f 326/347 325/343 324/346 327/348
f 334/333 286/336 333/353 335/338
f 378/389 379/390 369/391 364/392
f 325/343 322/344 323/345 324/346
f 276/310 301/315 296/1648 277/1587
f 301/315 302/318 297/357 296/1648
f 298/358 297/357 302/318 303/322
f 277/1587 336/1588 368/359 276/310
f 298/358 303/322 2435/2533 2431/2568
f 288/354 368/359 336/1588 1448/1666
f 2434/2532 2430/3810 2431/2568 2435/2533
f 2412/2525 2413/3754 2430/3810 2434/2532
f 2413/3754 2412/2525 2495/2570 2465/3755
f 2424/2567 3512/3828 2465/3755 2495/2570
f 3512/3828 2424/2567 2449/2529 2466/2528
f 2466/2528 2449/2529 2448/2530 2467/2531
f 365/342 368/359 288/354 323/345
f 2467/2531 2448/2530 2487/2578 2425/3798
f 322/344 366/340 365/342 323/345
f 1498/1680 1502/1780 1508/1711 1497/1679
f 1508/1711 1509/1710 1496/1678 1497/1679
f 1509/1710 1517/1717 1495/1677 1496/1678
f 1517/1717 1516/1774 1298/1676 1495/1677
f 1516/1774 1514/1771 842/1673 1298/1676
f 1904/1053 914/1042 917/1041 1901/1054
f 1904/1053 1905/1055 274/1043 914/1042
f 1905/1055 1915/1871 1747/1872 274/1043
f 1901/1054 917/1041 921/1040 1902/1060
f 921/1040 922/1052 1908/1101 1902/1060
f 227/1122 1913/1124 1908/1101 922/1052
f 954/1077 1909/1076 1913/1124 227/1122
f 1909/1076 954/1077 955/1078 1907/1079
f 3955/3251 1907/1079 955/1078 3023/3252
f 1915/1871 1916/1878 1751/1879 1747/1872
f 1916/1878 1917/1883 1755/1884 1751/1879
f 3023/3252 2368/3290 3959/3291 3955/3251
f 1755/1884 2107/2225 2116/1920 1764/1895
f 1917/1883 2122/2230 2107/2225 1755/1884
f 2103/1901 804/973 1764/1895 2116/1920
f 2112/1900 1450/972 804/973 2103/1901
f 1450/972 2112/1900 2105/1907 811/977
f 811/977 873/1523 739/1062 856/924
f 2114/1906 873/1523 811/977 2105/1907
f 2368/3290 2993/3226 3954/3272 3959/3291
f 2992/3217 3949/3235 3954/3272 2993/3226
f 937/959 938/965 740/805 856/924
f 856/924 739/1062 936/960 937/959
f 3948/3229 3949/3235 2992/3217 2988/3216
f 741/787 740/805 938/965 941/956
f 3951/3228 3948/3229 2988/3216 2985/3219
f 742/784 741/787 941/956 939/955
f 3951/3228 2985/3219 2410/3220 3952/3230
f 743/820 742/784 939/955 940/963
f 1294/1533 1295/1535 743/820 940/963
f 3952/3230 2410/3220 3795/4024 3961/4025
f 2214/2294 2213/2295 2210/2291 2211/2290
f 2253/2298 2252/2299 2213/2295 2214/2294
f 2217/2305 2216/2304 2252/2299 2253/2298
f 2220/2302 2219/2303 2216/2304 2217/2305
f 2223/2310 2222/2311 2219/2303 2220/2302
f 2226/2314 2225/2315 2222/2311 2223/2310
f 2211/2290 2210/2291 2207/2289 2208/2288
f 2208/2288 2207/2289 2155/2239 2157/2238
f 2204/3813 2225/2315 2226/2314 2203/3814
f 2204/3813 2203/3814 3498/2285 3496/2284
f 2156/2237 2157/2238 2155/2239 2154/2240
f 3496/2284 3498/2285 2200/2282 2201/2281
f 2159/2242 2160/2243 2156/2237 2154/2240
f 2162/2244 2163/2245 2160/2243 2159/2242
f 2165/2247 2166/2248 2163/2245 2162/2244
f 2168/2250 2169/2251 2166/2248 2165/2247
f 2332/2433 2333/2437 2305/2438 2304/2434
f 2353/2449 2354/2451 2333/2437 2332/2433
f 2292/2391 2304/2434 2305/2438 2291/2398
f 2390/2480 2391/2481 2354/2451 2353/2449
f 2397/2486 2398/2484 2391/2481 2390/2480
f 2397/2486 3673/3765 3672/3767 2398/2484
f 2292/2391 2291/2398 2235/2399 2236/2392
f 3673/3765 3408/3764 3409/3766 3672/3767
f 2236/2392 2235/2399 3448/2331 3449/2330
f 2810/3849 3409/3766 3408/3764 2808/3850
f 3449/2330 3448/2331 2169/2251 2172/2254
f 3612/3917 2810/3849 2808/3850 3611/3916
f 2171/2253 2172/2254 2169/2251 2168/2250
f 2401/3915 2402/2491 3612/3917 3611/3916
f 2401/3915 3650/2496 3644/2488 2402/2491
f 3650/2496 2896/2497 2408/2498 3644/2488
f 3795/4024 2408/2498 2896/2497 3799/4031
f 3961/4025 3795/4024 3799/4031 3962/4032
f 2201/2281 2200/2282 2197/2278 2198/2275
f 2198/2275 2197/2278 2194/2279 2195/2276
f 2192/3985 2195/2276 2194/2279 2191/3984
f 2284/2386 2285/3981 2335/3980 2327/3093
f 2285/3981 2284/2386 2228/2389 2229/3982
f 3455/2318 3454/3983 2229/3982 2228/2389
f 3454/3983 3455/2318 2190/2269 2191/3984
f 2930/3979 2927/3098 2327/3093 2335/3980
f 2336/3978 2356/3090 2927/3098 2930/3979
f 2189/2268 2192/3985 2191/3984 2190/2269
f 2356/3090 2336/3978 3550/3975 2362/3087
f 3711/3973 3483/3974 3550/3975 3712/3976
f 3469/3933 3566/3934 3711/3973 3712/3976
f 3483/3974 3484/3907 2362/3087 3550/3975
f 3469/3933 3563/2582 3564/2581 3566/3934
f 3485/2579 3486/2580 3564/2581 3563/2582
f 3562/3819 3492/3832 3486/2580 3485/2579
f 3555/3783 3552/3808 3492/3832 3562/3819
f 3552/3808 3555/3783 3471/3782 2425/3798
f 935/946 744/936 1295/1535 1294/1533
f 836/934 867/930 861/929 862/935
f 1648/1111 862/935 861/929 1647/1112
f 1577/1782 1648/1111 1647/1112 1576/1775
f 1525/1719 1577/1782 1576/1775 1518/1720
f 836/934 744/936 865/932 867/930
f 1570/1718 1525/1719 1518/1720 1563/1721
f 1514/1771 1570/1718 1563/1721 1513/1772
f 865/932 744/936 935/946 934/944
f 843/1672 842/1673 1514/1771 1513/1772
f 3552/3808 2425/3798 2487/2578 3553/3809
f 1338/1584 712/1593 1498/1680 1497/1679
f 379/390 712/1593 1338/1584 1337/1583
f 369/391 379/390 1337/1583 1692/1582
f 1717/493 1693/494 411/495 1707/496
f 376/1850 412/432 411/495 1693/494
f 376/1850 364/392 409/427 412/432
f 364/392 369/391 408/426 409/427
f 1687/1851 1717/493 1707/496 410/523
f 1698/489 1491/490 1426/491 1699/492
f 315/331 360/335 1426/491 1491/490
f 286/336 360/335 315/331 314/330
f 356/478 1698/489 1699/492 1687/1851
f 286/336 314/330 332/352 333/353
f 457/479 356/478 1687/1851 410/523
f 345/375 321/339 335/338 355/377
f 355/377 335/338 333/353 354/385
f 321/339 345/375 348/376 326/347
f 347/382 325/343 326/347 348/376
f 346/386 322/344 325/343 347/382
f 332/352 353/379 354/385 333/353
f 408/426 369/391 1692/1582 1336/1581
f 322/344 346/386 367/384 366/340
f 275/307 299/308 300/309 276/310
f 275/307 276/310 368/359 365/342
f 306/316 301/315 276/310 300/309
f 301/315 306/316 307/317 302/318
f 308/321 303/322 302/318 307/317
f 308/321 2439/2534 2435/2533 303/322
f 2434/2532 2435/2533 2439/2534 2438/2535
f 2438/2535 2433/2526 2412/2525 2434/2532
f 2411/2524 2412/2525 2433/2526 2432/2527
f 2411/2524 2492/2554 2495/2570 2412/2525
f 2492/2554 2452/2558 2424/2567 2495/2570
f 2449/2529 2424/2567 2452/2558 2453/2557
f 2448/2530 2449/2529 2453/2557 2456/2561
f 2487/2578 2448/2530 2456/2561 2423/2550
f 366/340 328/341 275/307 365/342
f 2489/2549 2487/2578 2423/2550 2463/2546
f 3553/3809 2487/2578 2489/2549 3551/3807
f 366/340 367/384 349/380 328/341
f 1497/1679 1496/1678 713/773 1338/1584
f 1496/1678 1495/1677 726/774 713/773
f 1299/1541 726/774 1495/1677 1298/1676
f 1298/1676 842/1673 730/777 1299/1541
f 842/1673 843/1672 731/778 730/777
f 950/1071 1904/1053 1901/1054 949/1072
f 950/1071 951/1073 1905/1055 1904/1053
f 949/1072 1901/1054 1902/1060 952/1075
f 951/1073 1750/1873 1915/1871 1905/1055
f 1750/1873 1754/1880 1916/1878 1915/1871
f 1902/1060 1908/1101 956/1089 952/1075
f 1913/1124 990/1090 956/1089 1908/1101
f 1909/1076 959/1097 990/1090 1913/1124
f 959/1097 1909/1076 1907/1079 953/1098
f 3027/3269 953/1098 1907/1079 3955/3251
f 3955/3251 3959/3291 3058/3262 3027/3269
f 1754/1880 1758/1885 1917/1883 1916/1878
f 1758/1885 2118/1918 2122/2230 1917/1883
f 3959/3291 3954/3272 3024/3263 3058/3262
f 2107/2225 2089/1910 2088/1913 2116/1920
f 2122/2230 2098/1934 2089/1910 2107/2225
f 2080/2223 2103/1901 2116/1920 2088/1913
f 2118/1918 2092/2127 2098/1934 2122/2230
f 2081/1939 2112/1900 2103/1901 2080/2223
f 2112/1900 2081/1939 2084/1942 2105/1907
f 2085/1925 2114/1906 2105/1907 2084/1942
f 829/1063 739/1062 873/1523 1759/1890
f 873/1523 2114/1906 2121/2229 1759/1890
f 829/1063 932/967 936/960 739/1062
f 2114/1906 2085/1925 2096/1928 2121/2229
f 3949/3235 3022/3250 3024/3263 3954/3272
f 3019/3246 3022/3250 3949/3235 3948/3229
f 937/959 936/960 748/961 746/962
f 746/962 756/966 938/965 937/959
f 941/956 938/965 756/966 755/957
f 932/967 830/904 748/961 936/960
f 3020/3247 3019/3246 3948/3229 3951/3228
f 939/955 941/956 755/957 763/958
f 3020/3247 3951/3228 3952/3230 3021/3248
f 940/963 939/955 763/958 872/964
f 3021/3248 3952/3230 3961/4025 3798/4026
f 940/963 872/964 1293/1534 1294/1533
f 1294/1533 1293/1534 767/947 935/946
f 3798/4026 3961/4025 3962/4032 3802/4033
f 2213/2295 3437/2296 3436/2292 2210/2291
f 2252/2299 3442/2300 3437/2296 2213/2295
f 2210/2291 3436/2292 3435/2286 2207/2289
f 2216/2304 3438/2309 3442/2300 2252/2299
f 2219/2303 3439/2306 3438/2309 2216/2304
f 2222/2311 3440/2312 3439/2306 2219/2303
f 2225/2315 3441/2316 3440/2312 2222/2311
f 3434/3812 3441/2316 2225/2315 2204/3813
f 2207/2289 3435/2286 3417/2234 2155/2239
f 2154/2240 2155/2239 3417/2234 3418/2233
f 3434/3812 2204/3813 3496/2284 3545/2283
f 3545/2283 3496/2284 2201/2281 3433/2280
f 3419/2241 2159/2242 2154/2240 3418/2233
f 3433/2280 2201/2281 2198/2275 3432/2274
f 3420/2246 2162/2244 2159/2242 3419/2241
f 3421/2249 2165/2247 2162/2244 3420/2246
f 3422/2252 2168/2250 2165/2247 3421/2249
f 3423/2255 2171/2253 2168/2250 3422/2252
f 2337/2430 2332/2433 2304/2434 2329/2431
f 2358/2448 2353/2449 2332/2433 2337/2430
f 2293/2390 2329/2431 2304/2434 2292/2391
f 2393/2479 2390/2480 2353/2449 2358/2448
f 2293/2390 2292/2391 2236/2392 2237/2393
f 2400/2487 2397/2486 2390/2480 2393/2479
f 2400/2487 3674/3762 3673/3765 2397/2486
f 3674/3762 3407/3763 3408/3764 3673/3765
f 2237/2393 2236/2392 3449/2330 3450/2329
f 2808/3850 3408/3764 3407/3763 2809/3851
f 3450/2329 3449/2330 2172/2254 2175/2257
f 3611/3916 2808/3850 2809/3851 3608/3901
f 2174/2256 2175/2257 2172/2254 2171/2253
f 2404/3900 2401/3915 3611/3916 3608/3901
f 3424/2258 2174/2256 2171/2253 3423/2255
f 2404/3900 3648/3063 3650/2496 2401/3915
f 3648/3063 2895/3062 2896/2497 3650/2496
f 2895/3062 3803/4036 3799/4031 2896/2497
f 3962/4032 3799/4031 3803/4036 3963/4037
f 3802/4033 3962/4032 3963/4037 3806/4038
f 3432/2274 2198/2275 2195/2276 3431/2277
f 3430/3986 3431/2277 2195/2276 2192/3985
f 3429/2272 3430/3986 2192/3985 2189/2268
f 2284/2386 2283/2387 2227/2388 2228/2389
f 2284/2386 2327/3093 2925/3094 2283/2387
f 2927/3098 2928/3099 2925/3094 2327/3093
f 2228/2389 2227/2388 3460/2319 3455/2318
f 3455/2318 3460/2319 2187/2270 2190/2269
f 2189/2268 2190/2269 2187/2270 2186/2271
f 2923/3089 2928/3099 2927/3098 2356/3090
f 2362/3087 2924/3088 2923/3089 2356/3090
f 3429/2272 2189/2268 2186/2271 3428/2273
f 3589/3906 2924/3088 2362/3087 3484/3907
f 3566/3934 3737/4000 3739/4001 3711/3973
f 3729/3999 3483/3974 3711/3973 3739/4001
f 3483/3974 3729/3999 3730/3888 3484/3907
f 3564/2581 3738/3969 3737/4000 3566/3934
f 3731/3889 3589/3906 3484/3907 3730/3888
f 3486/2580 3728/3844 3738/3969 3564/2581
f 3492/3832 3727/3845 3728/3844 3486/2580
f 3552/3808 3736/3947 3727/3845 3492/3832
f 3736/3947 3552/3808 3553/3809 2500/4002
f 934/944 935/946 767/947 868/948
f 859/928 861/929 867/930 866/931
f 865/932 858/933 866/931 867/930
f 1647/1112 861/929 859/928 1646/1113
f 1576/1775 1647/1112 1646/1113 1575/1731
f 1518/1720 1576/1775 1575/1731 1519/1723
f 1563/1721 1518/1720 1519/1723 1566/1722
f 934/944 933/945 858/933 865/932
f 1513/1772 1563/1721 1566/1722 1512/1773
f 735/1671 843/1672 1513/1772 1512/1773
f 868/948 871/1061 933/945 934/944
f 722/779 731/778 843/1672 735/1671
f 2502/4003 2500/4002 3553/3809 3746/4006
f 3553/3809 3551/3807 3767/4009 3746/4006
f 1337/1583 1338/1584 713/773 380/776
f 1692/1582 1337/1583 380/776 370/469
f 1336/1581 1692/1582 370/469 403/472
f 1707/496 411/495 448/482 1704/481
f 412/432 414/431 448/482 411/495
f 410/523 1707/496 1704/481 452/502
f 409/427 413/430 414/431 412/432
f 425/463 413/430 409/427 408/426
f 425/463 408/426 1336/1581 1335/1580
f 452/502 458/501 457/479 410/523
f 1697/428 1698/489 356/478 357/477
f 1427/429 1491/490 1698/489 1697/428
f 1427/429 342/372 315/331 1491/490
f 309/325 314/330 315/331 310/326
f 310/326 315/331 342/372 316/328
f 314/330 309/325 331/351 332/352
f 357/477 356/478 457/479 451/480
f 331/351 352/378 353/379 332/352
f 451/480 457/479 458/501 461/507
f 345/375 382/410 385/408 348/376
f 382/410 345/375 355/377 392/409
f 392/409 355/377 354/385 391/406
f 353/379 390/405 391/406 354/385
f 384/407 347/382 348/376 385/408
f 383/415 346/386 347/382 384/407
f 393/414 367/384 346/386 383/415
f 352/378 389/416 390/405 353/379
f 1335/1580 1336/1581 403/472 423/444
f 367/384 393/414 386/411 349/380
f 299/308 275/307 328/341 329/349
f 299/308 304/319 305/320 300/309
f 304/319 299/308 329/349 330/350
f 300/309 305/320 311/323 306/316
f 306/316 311/323 312/324 307/317
f 313/327 308/321 307/317 312/324
f 313/327 2443/2538 2439/2534 308/321
f 2438/2535 2439/2534 2443/2538 2442/2539
f 2433/2526 2438/2535 2442/2539 2437/2536
f 2432/2527 2433/2526 2437/2536 2436/2537
f 2493/2553 2492/2554 2411/2524 2457/2555
f 2432/2527 2458/2562 2457/2555 2411/2524
f 2436/2537 2459/2563 2458/2562 2432/2527
f 2451/2559 2452/2558 2492/2554 2493/2553
f 2454/2556 2453/2557 2452/2558 2451/2559
f 2455/2560 2456/2561 2453/2557 2454/2556
f 2423/2550 2456/2561 2455/2560 2450/2551
f 2423/2550 2450/2551 2464/2552 2463/2546
f 328/341 349/380 350/381 329/349
f 2463/2546 2422/2547 2488/2548 2489/2549
f 3551/3807 2489/2549 2488/2548 3490/2697
f 2463/2546 2464/2552 2462/2566 2422/2547
f 3750/2696 3767/4009 3551/3807 3490/2697
f 349/380 386/411 387/412 350/381
f 713/773 726/774 381/775 380/776
f 381/775 726/774 1299/1541 1300/1540
f 1300/1540 1299/1541 730/777 400/423
f 400/423 730/777 731/778 401/424
f 731/778 722/779 402/425 401/424
f 926/1058 950/1071 949/1072 927/1059
f 926/1058 929/1057 951/1073 950/1071
f 927/1059 949/1072 952/1075 913/1037
f 1750/1873 951/1073 929/1057 1749/1874
f 828/1038 913/1037 952/1075 956/1089
f 1754/1880 1750/1873 1749/1874 1753/1877
f 1758/1885 1754/1880 1753/1877 1757/1882
f 978/1088 828/1038 956/1089 990/1090
f 968/1033 978/1088 990/1090 959/1097
f 959/1097 953/1098 827/1034 968/1033
f 3027/3269 3036/3210 827/3213 953/1098
f 3036/3210 3027/3269 3058/3262 3046/3261
f 3046/3261 3058/3262 3024/3263 2905/3215
f 2118/1918 1758/1885 1757/1882 2108/1919
f 2092/2127 2118/1918 2108/1919 2091/1930
f 2905/3215 3024/3263 3022/3250 2984/3214
f 2089/1910 1777/1911 1786/1912 2088/1913
f 2098/1934 1919/1935 1777/1911 2089/1910
f 1765/1953 2080/2223 2088/1913 1786/1912
f 2092/2127 1780/1948 1919/1935 2098/1934
f 1774/1940 2081/1939 2080/2223 1765/1953
f 1780/1948 2092/2127 2091/1930 1779/1929
f 2081/1939 1774/1940 1767/1941 2084/1942
f 1773/1926 2085/1925 2084/1942 1767/1941
f 2085/1925 1773/1926 1781/1927 2096/1928
f 874/1064 942/982 932/967 829/1063
f 829/1063 1759/1890 1760/1891 874/1064
f 1759/1890 2121/2229 2106/1909 1760/1891
f 2121/2229 2096/1928 2086/1933 2106/1909
f 942/982 831/905 830/904 932/967
f 2096/1928 1781/1927 1782/1932 2086/1933
f 2997/3234 2984/3214 3022/3250 3019/3246
f 2996/3233 2997/3234 3019/3246 3020/3247
f 749/788 746/789 748/790 750/791
f 750/791 748/790 830/903 776/823
f 746/789 749/788 758/799 756/798
f 757/796 755/797 756/798 758/799
f 755/797 757/796 971/954 763/953
f 780/828 776/827 830/904 831/905
f 2996/3233 3020/3247 3021/3248 2999/3232
f 972/951 872/952 763/953 971/954
f 3798/4026 3797/4027 2999/3232 3021/3248
f 1292/1531 1293/1532 872/952 972/951
f 3802/4033 3801/4029 3797/4027 3798/4026
f 771/938 767/937 1293/1532 1292/1531
f 767/937 771/938 869/939 868/940
f 3806/4038 3805/4034 3801/4029 3802/4033
f 3437/2296 2212/2297 2209/2293 3436/2292
f 3442/2300 2254/2301 2212/2297 3437/2296
f 3436/2292 2209/2293 2206/2287 3435/2286
f 3438/2309 2215/2308 2254/2301 3442/2300
f 3435/2286 2206/2287 2153/2235 3417/2234
f 3439/2306 2218/2307 2215/2308 3438/2309
f 3440/2312 2221/2313 2218/2307 3439/2306
f 3441/2316 2224/2317 2221/2313 3440/2312
f 3441/2316 3434/3812 2205/3316 2224/2317
f 2205/3316 3434/3812 3545/2283 3497/3317
f 3418/2233 3417/2234 2153/2235 2152/2236
f 2158/3305 3419/2241 3418/2233 2152/2236
f 3497/3317 3545/2283 3433/2280 2202/3320
f 2202/3320 3433/2280 3432/2274 2199/3321
f 2161/3303 3420/2246 3419/2241 2158/3305
f 2199/3321 3432/2274 3431/2277 2196/3324
f 2164/3301 3421/2249 3420/2246 2161/3303
f 2167/3299 3422/2252 3421/2249 2164/3301
f 2170/3298 3423/2255 3422/2252 2167/3299
f 2173/3339 3424/2258 3423/2255 2170/3298
f 2338/2429 2337/2430 2329/2431 2330/2432
f 2359/2447 2358/2448 2337/2430 2338/2429
f 2294/2395 2330/2432 2329/2431 2293/2390
f 2394/2478 2393/2479 2358/2448 2359/2447
f 2294/2395 2293/2390 2237/2393 2238/2396
f 2394/2478 3601/3902 2400/2487 2393/2479
f 2238/2396 2237/2393 3450/2329 3451/2328
f 3674/3762 2400/2487 3601/3902 3735/3830
f 3602/3829 3407/3763 3674/3762 3735/3830
f 3407/3763 3602/3829 3603/3856 2809/3851
f 3451/2328 3450/2329 2175/2257 2178/2260
f 3608/3901 2809/3851 3603/3856 3615/3899
f 2177/2259 2178/2260 2175/2257 2174/2256
f 3615/3899 2405/3898 2404/3900 3608/3901
f 3425/2261 2177/2259 2174/2256 3424/2258
f 2405/3898 3647/3061 3648/3063 2404/3900
f 2176/3337 3425/2261 3424/2258 2173/3339
f 3647/3061 2892/3060 2895/3062 3648/3063
f 2892/3060 3812/4048 3803/4036 2895/3062
f 3803/4036 3812/4048 4162/4073 4153/4378
f 3963/4037 3803/4036 4153/4378 4168/4383
f 3806/4038 3963/4037 4168/4383 4164/4071
f 4164/4071 4154/4072 3805/4034 3806/4038
f 3431/2277 3430/3986 2193/3998 2196/3324
f 3430/3986 3429/2272 2188/3328 2193/3998
f 2188/3328 3429/2272 3428/2273 2185/3329
f 2925/3094 2926/3097 2296/3096 2283/2387
f 2240/3692 2227/2388 2283/2387 2296/3096
f 2227/2388 2240/3692 3452/3693 3460/2319
f 2928/3099 2340/3691 2926/3097 2925/3094
f 2340/3691 2928/3099 2923/3089 2361/3687
f 3460/2319 3452/3693 2184/3694 2187/2270
f 2183/3695 2186/2271 2187/2270 2184/3694
f 3427/3696 3428/2273 2186/2271 2183/3695
f 2361/3687 2923/3089 2924/3088 2396/3688
f 3592/3905 2396/3688 2924/3088 3589/3906
f 2182/3332 2185/3329 3428/2273 3427/3696
f 3732/3891 3592/3905 3589/3906 3731/3889
f 3694/3968 3695/3967 3737/4000 3738/3969
f 3709/3971 3739/4001 3737/4000 3695/3967
f 3709/3971 3567/3943 3729/3999 3739/4001
f 3567/3943 3568/3864 3730/3888 3729/3999
f 3730/3888 3568/3864 3590/3863 3731/3889
f 3728/3844 3557/3847 3694/3968 3738/3969
f 3731/3889 3590/3863 3593/3861 3732/3891
f 3728/3844 3727/3845 2922/3846 3557/3847
f 3727/3845 3736/3947 3668/3843 2922/3846
f 3736/3947 2500/4002 2504/3811 3668/3843
f 2502/4003 2505/2598 2504/3811 2500/4002
f 868/940 869/939 870/942 871/943
f 859/928 866/931 728/781 863/927
f 1646/1113 859/928 863/927 1645/1114
f 866/931 858/933 747/782 728/781
f 931/806 747/782 858/933 933/945
f 1575/1731 1646/1113 1645/1114 1574/1730
f 1519/1723 1575/1731 1574/1730 1520/1714
f 1566/1722 1519/1723 1520/1714 1568/1713
f 1512/1773 1566/1722 1568/1713 1511/1770
f 933/945 871/1061 765/807 931/806
f 729/1669 735/1671 1512/1773 1511/1770
f 735/1671 729/1669 723/772 722/779
f 769/811 765/810 871/943 870/942
f 723/772 480/540 402/425 722/779
f 3745/2702 2503/4004 2502/4003 3746/4006
f 2502/4003 2503/4004 2491/2599 2505/2598
f 3746/4006 3767/4009 3768/2699 3745/2702
f 3767/4009 3750/2696 3740/4005 3768/2699
f 380/776 381/775 362/470 370/469
f 370/469 362/470 404/471 403/472
f 403/472 404/471 424/445 423/444
f 1704/481 448/482 449/483 1705/484
f 414/431 416/434 449/483 448/482
f 452/502 1704/481 1705/484 453/503
f 413/430 415/433 416/434 414/431
f 458/501 452/502 453/503 459/504
f 415/433 413/430 425/463 428/464
f 1335/1580 1334/1579 428/464 425/463
f 423/444 426/443 1334/1579 1335/1580
f 461/507 458/501 459/504 462/508
f 1697/428 1696/404 1424/388 1427/429
f 357/477 358/401 1696/404 1697/428
f 451/480 455/402 358/401 357/477
f 342/372 1427/429 1424/388 343/373
f 316/328 342/372 343/373 317/329
f 304/319 309/325 310/326 305/320
f 309/325 304/319 330/350 331/351
f 305/320 310/326 316/328 311/323
f 311/323 316/328 317/329 312/324
f 330/350 351/383 352/378 331/351
f 461/507 464/511 455/402 451/480
f 351/383 388/413 389/416 352/378
f 464/511 461/507 462/508 465/512
f 384/407 385/408 382/410 395/419
f 382/410 392/409 398/422 395/419
f 398/422 392/409 391/406 390/405
f 397/421 398/422 390/405 389/416
f 394/418 383/415 384/407 395/419
f 396/417 393/414 383/415 394/418
f 396/417 387/412 386/411 393/414
f 399/420 397/421 389/416 388/413
f 426/443 423/444 424/445 427/446
f 329/349 350/381 351/383 330/350
f 318/332 313/327 312/324 317/329
f 318/332 2447/2542 2443/2538 313/327
f 2442/2539 2443/2538 2447/2542 2446/2543
f 2437/2536 2442/2539 2446/2543 2441/2540
f 2436/2537 2437/2536 2441/2540 2440/2541
f 2440/2541 2460/2564 2459/2563 2436/2537
f 2493/2553 2457/2555 2477/2591 2494/2594
f 2451/2559 2493/2553 2494/2594 2474/2596
f 2457/2555 2458/2562 2478/2590 2477/2591
f 2458/2562 2459/2563 2479/2593 2478/2590
f 2459/2563 2460/2564 2480/2589 2479/2593
f 2474/2596 2475/2592 2454/2556 2451/2559
f 2475/2592 2476/2585 2455/2560 2454/2556
f 2450/2551 2455/2560 2476/2585 2473/2586
f 2473/2586 2483/2587 2464/2552 2450/2551
f 2483/2587 2482/2595 2462/2566 2464/2552
f 350/381 387/412 388/413 351/383
f 2422/2547 2462/2566 2461/2565 2444/2545
f 2422/2547 2444/2545 2445/2544 2488/2548
f 2445/2544 3554/2698 3490/2697 2488/2548
f 3749/2695 3750/2696 3490/2697 3554/2698
f 2461/2565 2462/2566 2482/2595 2481/2588
f 2484/2686 3740/4005 3750/2696 3749/2695
f 396/417 399/420 388/413 387/412
f 362/470 381/775 1300/1540 1691/1542
f 1691/1542 1300/1540 400/423 374/398
f 374/398 400/423 401/424 372/394
f 372/394 401/424 402/425 371/395
f 371/395 402/425 480/540 1688/539
f 929/1057 926/1058 916/887 928/890
f 926/1058 927/1059 915/898 916/887
f 927/1059 913/1037 912/279 915/898
f 928/890 1748/1875 1749/1874 929/1057
f 913/1037 828/1038 911/280 912/279
f 1748/1875 1752/1876 1753/1877 1749/1874
f 828/1038 978/1088 988/1044 911/280
f 1752/1876 1756/1881 1757/1882 1753/1877
f 1756/1881 2120/2228 2108/1919 1757/1882
f 978/1088 968/1033 963/1036 988/1044
f 968/1033 827/1034 826/1035 963/1036
f 3036/3210 3031/3211 826/3212 827/3213
f 3046/3261 3056/3221 3031/3211 3036/3210
f 2905/3215 2982/2501 3056/3221 3046/3261
f 2984/3214 2983/2502 2982/2501 2905/3215
f 2120/2228 2094/1924 2091/1930 2108/1919
f 2094/1924 1778/1923 1779/1929 2091/1930
f 2997/3234 2986/3075 2983/2502 2984/3214
f 1919/1935 1921/1962 1799/1963 1777/1911
f 1777/1911 1799/1963 1808/1954 1786/1912
f 1787/1952 1765/1953 1786/1912 1808/1954
f 1780/1948 1802/1947 1921/1962 1919/1935
f 1796/1958 1774/1940 1765/1953 1787/1952
f 1802/1947 1780/1948 1779/1929 1801/1949
f 1774/1940 1796/1958 1789/1951 1767/1941
f 1778/1923 1800/1957 1801/1949 1779/1929
f 1795/1950 1773/1926 1767/1941 1789/1951
f 1773/1926 1795/1950 1803/1961 1781/1927
f 1781/1927 1803/1961 1804/1972 1782/1932
f 942/982 874/1064 1629/1809 1630/1065
f 1763/1886 1629/1809 874/1064 1760/1891
f 1630/1065 1638/997 831/905 942/982
f 2115/1908 1763/1886 1760/1891 2106/1909
f 2087/1914 2115/1908 2106/1909 2086/1933
f 1785/1915 2087/1914 2086/1933 1782/1932
f 784/835 780/828 831/905 832/906
f 1638/997 1631/996 832/906 831/905
f 1807/1955 1785/1915 1782/1932 1804/1972
f 2996/3233 2987/3064 2986/3075 2997/3234
f 2999/3232 2998/3065 2987/3064 2996/3233
f 751/792 749/788 750/791 752/793
f 749/788 751/792 760/801 758/799
f 750/791 776/823 777/824 752/793
f 776/827 780/828 781/829 777/830
f 759/800 757/796 758/799 760/801
f 757/796 759/800 973/1117 971/954
f 974/1116 972/951 971/954 973/1117
f 780/828 784/835 785/836 781/829
f 2998/3065 2999/3232 3797/4027 3796/4028
f 1291/1530 1292/1531 972/951 974/1116
f 3796/4028 3797/4027 3801/4029 3800/4030
f 775/817 771/938 1292/1531 1291/1530
f 3800/4030 3801/4029 3805/4034 3804/4035
f 869/939 771/938 775/817 975/816
f 870/942 869/939 975/816 976/941
f 3804/4035 3805/4034 4154/4072 4166/4381
f 4182/3309 4187/3322 2212/2297 2254/2301
f 4187/3322 4189/3325 2209/2293 2212/2297
f 4189/3325 4177/3306 2206/2287 2209/2293
f 2254/2301 2215/2308 4181/3310 4182/3309
f 4177/3306 4170/3293 2153/2235 2206/2287
f 4183/3313 4181/3310 2215/2308 2218/2307
f 2152/2236 2153/2235 4170/3293 4171/3292
f 4178/3308 4183/3313 2218/2307 2221/2313
f 4179/3307 4178/3308 2221/2313 2224/2317
f 2224/2317 2205/3316 4180/3315 4179/3307
f 4196/3314 4180/3315 2205/3316 3497/3317
f 4185/3319 4196/3314 3497/3317 2202/3320
f 4171/3292 4176/3304 2158/3305 2152/2236
f 4176/3304 4175/3302 2161/3303 2158/3305
f 4186/3318 4185/3319 2202/3320 2199/3321
f 4188/3323 4186/3318 2199/3321 2196/3324
f 4175/3302 4174/3300 2164/3301 2161/3303
f 2196/3324 2193/3998 4190/3997 4188/3323
f 4174/3300 4173/3296 2167/3299 2164/3301
f 4173/3296 4172/3297 2170/3298 2167/3299
f 4172/3297 4195/3338 2173/3339 2170/3298
f 4195/3338 4194/3334 2176/3337 2173/3339
f 2339/2435 2338/2429 2330/2432 2331/2436
f 2360/2450 2359/2447 2338/2429 2339/2435
f 2295/2394 2331/2436 2330/2432 2294/2395
f 2395/2477 2394/2478 2359/2447 2360/2450
f 2295/2394 2294/2395 2238/2396 2239/2397
f 2395/2477 3598/3903 3601/3902 2394/2478
f 2239/2397 2238/2396 3451/2328 3453/2327
f 3735/3830 3601/3902 3598/3903 3734/3895
f 3453/2327 3451/2328 2178/2260 2181/2263
f 3734/3895 3599/3858 3602/3829 3735/3830
f 3600/3857 3603/3856 3602/3829 3599/3858
f 3600/3857 3614/3896 3615/3899 3603/3856
f 2180/2262 2181/2263 2178/2260 2177/2259
f 3614/3896 2406/3897 2405/3898 3615/3899
f 3426/2264 2180/2262 2177/2259 3425/2261
f 2406/3897 3646/3058 3647/3061 2405/3898
f 2179/3336 3426/2264 3425/2261 2176/3337
f 3646/3058 2893/3059 2892/3060 3647/3061
f 4194/3334 4193/3335 2179/3336 2176/3337
f 2884/3150 3812/4048 2892/3060 2893/3059
f 4149/4054 4162/4073 3812/4048 2884/3150
f 4153/4378 4162/4073 4134/4064 4135/4063
f 4126/4376 4134/4064 4162/4073 4149/4054
f 4168/4383 4153/4378 4135/4063 4144/4087
f 4164/4071 4168/4383 4144/4087 4138/4280
f 4138/4280 4137/4082 4154/4072 4164/4071
f 4166/4381 4154/4072 4137/4082 4140/4075
f 2193/3998 2188/3328 4191/3327 4190/3997
f 4192/3326 4191/3327 2188/3328 2185/3329
f 2185/3329 2182/3332 4184/3331 4192/3326
f 3516/3095 3502/3092 2296/3096 2926/3097
f 2926/3097 2340/3691 3504/2454 3516/3095
f 2240/3692 2296/3096 3502/3092 3500/3091
f 2240/3692 3500/3091 3546/2326 3452/3693
f 3452/3693 3546/2326 3493/2266 2184/3694
f 2361/3687 3506/2453 3504/2454 2340/3691
f 2396/3688 3508/2483 3506/2453 2361/3687
f 2183/3695 2184/3694 3493/2266 3494/2265
f 3427/3696 2183/3695 3494/2265 3544/2267
f 2182/3332 3427/3696 3544/2267 3495/3333
f 3595/3904 3508/2483 2396/3688 3592/3905
f 3733/3892 3595/3904 3592/3905 3732/3891
f 4197/3330 4184/3331 2182/3332 3495/3333
f 3732/3891 3593/3861 3596/3859 3733/3892
f 3696/3965 3697/3966 3695/3967 3694/3968
f 3694/3968 3557/3847 3556/3935 3696/3965
f 3708/3972 3709/3971 3695/3967 3697/3966
f 3567/3943 3709/3971 3708/3972 3569/3921
f 3568/3864 3567/3943 3569/3921 3570/3853
f 3568/3864 3570/3853 3591/3852 3590/3863
f 3591/3852 3594/3862 3593/3861 3590/3863
f 2922/3846 3565/3936 3556/3935 3557/3847
f 3596/3859 3593/3861 3594/3862 3597/3860
f 3668/3843 3561/3842 3565/3936 2922/3846
f 2802/3760 3561/3842 3668/3843 2504/3811
f 2505/2598 2506/2601 2802/3760 2504/3811
f 2505/2598 2491/2599 2496/2600 2506/2601
f 773/814 769/811 870/942 976/941
f 727/780 728/781 747/782 745/783
f 728/781 727/780 864/926 863/927
f 1645/1114 863/927 864/926 1644/1115
f 1574/1730 1645/1114 1644/1115 1573/1727
f 747/782 931/806 930/809 745/783
f 931/806 765/807 764/808 930/809
f 1520/1714 1574/1730 1573/1727 1521/1715
f 1568/1713 1520/1714 1521/1715 1567/1704
f 1511/1770 1568/1713 1567/1704 1510/1707
f 1511/1770 1510/1707 732/1663 729/1669
f 765/810 769/811 768/812 764/813
f 724/771 723/772 729/1669 732/1663
f 724/771 486/541 480/540 723/772
f 769/811 773/814 772/815 768/812
f 1689/538 1688/539 480/540 486/541
f 3768/2699 3758/2700 2538/2701 3745/2702
f 2503/4004 3745/2702 2538/2701 2539/2636
f 2503/4004 2539/2636 2536/2632 2491/2599
f 2491/2599 2536/2632 2535/2633 2496/2600
f 3740/4005 2537/2724 3758/2700 3768/2699
f 2583/2685 2537/2724 3740/4005 2484/2686
f 404/471 362/470 1691/1542 1301/1544
f 424/445 404/471 1301/1544 1302/1543
f 427/446 424/445 1302/1543 1303/1545
f 1705/484 449/483 505/486 1714/485
f 505/486 449/483 416/434 498/438
f 453/503 1705/484 1714/485 506/498
f 415/433 499/435 498/438 416/434
f 459/504 453/503 506/498 507/497
f 499/435 415/433 428/464 500/465
f 462/508 459/504 507/497 508/505
f 500/465 428/464 1334/1579 1333/1578
f 1333/1578 1334/1579 426/443 501/447
f 501/447 426/443 427/446 502/448
f 465/512 462/508 508/505 509/509
f 1695/403 1425/387 1424/388 1696/404
f 363/400 1695/403 1696/404 358/401
f 1425/387 344/374 343/373 1424/388
f 456/399 363/400 358/401 455/402
f 456/399 455/402 464/511 467/515
f 344/374 318/332 317/329 343/373
f 467/515 464/511 465/512 468/516
f 468/516 465/512 509/509 510/513
f 397/421 394/418 395/419 398/422
f 399/420 396/417 394/418 397/421
f 502/448 427/446 1303/1545 1304/1546
f 344/374 2472/2583 2447/2542 318/332
f 2446/2543 2447/2542 2472/2583 2471/2584
f 2441/2540 2446/2543 2471/2584 2445/2544
f 2440/2541 2441/2540 2445/2544 2444/2545
f 2444/2545 2461/2565 2460/2564 2440/2541
f 2460/2564 2461/2565 2481/2588 2480/2589
f 2477/2591 2478/2590 2514/2617 2513/2618
f 2494/2594 2477/2591 2513/2618 2520/2620
f 2520/2620 2510/2621 2474/2596 2494/2594
f 2510/2621 2511/2613 2475/2592 2474/2596
f 2478/2590 2479/2593 2515/2619 2514/2617
f 2479/2593 2480/2589 2516/2622 2515/2619
f 2480/2589 2481/2588 2517/2612 2516/2622
f 2511/2613 2512/2614 2476/2585 2475/2592
f 2473/2586 2476/2585 2512/2614 2509/2616
f 2509/2616 2519/2615 2483/2587 2473/2586
f 2519/2615 2518/2611 2482/2595 2483/2587
f 2481/2588 2482/2595 2518/2611 2517/2612
f 3491/2635 3554/2698 2445/2544 2471/2584
f 3491/2635 3748/2634 3749/2695 3554/2698
f 3748/2634 2485/2683 2484/2686 3749/2695
f 2485/2683 2578/2684 2583/2685 2484/2686
f 1301/1544 1691/1542 374/398 405/397
f 405/397 374/398 372/394 406/393
f 406/393 372/394 371/395 407/396
f 407/396 371/395 1688/539 481/529
f 487/542 481/529 1688/539 1689/538
f 916/887 918/888 919/889 928/890
f 918/888 916/887 915/898 822/897
f 928/890 919/889 948/1894 1748/1875
f 822/897 915/898 912/279 825/278
f 825/278 912/279 911/280 823/281
f 948/1894 920/1892 1752/1876 1748/1875
f 988/1044 986/1045 823/281 911/280
f 1756/1881 1752/1876 920/1892 817/1893
f 963/1036 964/1083 986/1045 988/1044
f 817/1893 2109/2227 2120/2228 1756/1881
f 2109/2227 2095/1921 2094/1924 2120/2228
f 826/1035 824/1082 964/1083 963/1036
f 826/3212 3031/3211 3032/3255 824/3256
f 3031/3211 3056/3221 3054/3222 3032/3255
f 3056/3221 2982/2501 2903/2500 3054/3222
f 2904/2499 2903/2500 2982/2501 2983/2502
f 2902/3074 2904/2499 2983/2502 2986/3075
f 2095/1921 1768/1922 1778/1923 2094/1924
f 1768/1922 1790/1973 1800/1957 1778/1923
f 2989/3067 2902/3074 2986/3075 2987/3064
f 1921/1962 1923/1997 1821/1983 1799/1963
f 1802/1947 1824/1987 1923/1997 1921/1962
f 1799/1963 1821/1983 1830/1984 1808/1954
f 1809/1991 1787/1952 1808/1954 1830/1984
f 1818/1993 1796/1958 1787/1952 1809/1991
f 1824/1987 1802/1947 1801/1949 1823/1988
f 1796/1958 1818/1993 1811/1990 1789/1951
f 1800/1957 1822/1978 1823/1988 1801/1949
f 1817/1989 1795/1950 1789/1951 1811/1990
f 1790/1973 1812/1977 1822/1978 1800/1957
f 1795/1950 1817/1989 1825/1996 1803/1961
f 1803/1961 1825/1996 1826/1986 1804/1972
f 1829/1985 1807/1955 1804/1972 1826/1986
f 1630/1065 1629/1809 1628/1810 1627/1808
f 1629/1809 1763/1886 1762/1887 1628/1810
f 1627/1808 1626/1807 1638/997 1630/1065
f 1763/1886 2115/1908 2117/2226 1762/1887
f 1626/1807 1625/1805 1631/996 1638/997
f 2115/1908 2087/1914 2090/1917 2117/2226
f 2087/1914 1785/1915 1784/1916 2090/1917
f 1785/1915 1807/1955 1806/1956 1784/1916
f 784/835 788/840 789/841 785/836
f 788/840 784/835 832/906 833/907
f 1631/996 1632/995 833/907 832/906
f 1625/1805 1624/1803 1632/995 1631/996
f 1807/1955 1829/1985 1828/1992 1806/1956
f 2987/3064 2998/3065 2990/3066 2989/3067
f 2998/3065 3796/4028 3018/4047 2990/3066
f 753/794 751/792 752/793 754/795
f 751/792 753/794 762/803 760/801
f 752/793 777/824 778/826 754/795
f 761/802 759/800 760/801 762/803
f 777/830 781/829 782/831 778/832
f 781/829 785/836 786/837 782/831
f 785/836 789/841 790/842 786/837
f 3018/4047 3796/4028 3800/4030 2991/4046
f 3804/4035 2897/4045 2991/4046 3800/4030
f 2897/4045 3804/4035 4166/4381 4155/4380
f 4155/4380 4166/4381 4140/4075 4141/4074
f 4182/3309 4181/3310 3080/3311 3084/3312
f 3084/3312 3079/3358 4187/3322 4182/3309
f 3079/3358 3078/3357 4189/3325 4187/3322
f 3078/3357 3077/3387 4177/3306 4189/3325
f 3077/3387 3060/3294 4170/3293 4177/3306
f 3081/3376 3080/3311 4181/3310 4183/3313
f 4171/3292 4170/3293 3060/3294 3059/3295
f 3082/3384 3081/3376 4183/3313 4178/3308
f 3059/3295 3061/3354 4176/3304 4171/3292
f 3083/3389 3082/3384 4178/3308 4179/3307
f 4179/3307 4180/3315 3076/3369 3083/3389
f 3519/3370 3076/3369 4180/3315 4196/3314
f 3075/3360 3519/3370 4196/3314 4185/3319
f 3074/3342 3075/3360 4185/3319 4186/3318
f 3061/3354 3062/3364 4175/3302 4176/3304
f 3062/3364 3063/3374 4174/3300 4175/3302
f 3073/3343 3074/3342 4186/3318 4188/3323
f 4188/3323 4190/3997 3072/3996 3073/3343
f 3063/3374 3064/3382 4173/3296 4174/3300
f 4190/3997 4191/3327 3071/3346 3072/3996
f 3064/3382 3065/3351 4172/3297 4173/3296
f 3065/3351 3066/3350 4195/3338 4172/3297
f 3066/3350 3067/3362 4194/3334 4195/3338
f 3067/3362 3068/3372 4193/3335 4194/3334
f 3506/2453 2360/2450 2339/2435 3504/2454
f 3516/3095 3504/2454 2339/2435 2331/2436
f 2331/2436 2295/2394 3502/3092 3516/3095
f 3508/2483 2395/2477 2360/2450 3506/2453
f 3500/3091 3502/3092 2295/2394 2239/2397
f 3508/2483 3595/3904 3598/3903 2395/2477
f 3500/3091 2239/2397 3453/2327 3546/2326
f 3734/3895 3598/3903 3595/3904 3733/3892
f 3546/2326 3453/2327 2181/2263 3493/2266
f 3733/3892 3596/3859 3599/3858 3734/3895
f 3494/2265 3493/2266 2181/2263 2180/2262
f 3599/3858 3596/3859 3597/3860 3600/3857
f 3597/3860 3616/3908 3614/3896 3600/3857
f 3616/3908 3509/3909 2406/3897 3614/3896
f 3544/2267 3494/2265 2180/2262 3426/2264
f 3509/3909 3656/3068 3646/3058 2406/3897
f 3495/3333 3544/2267 3426/2264 2179/3336
f 3656/3068 3515/3069 2893/3059 3646/3058
f 4193/3335 4197/3330 3495/3333 2179/3336
f 3514/3149 2884/3150 2893/3059 3515/3069
f 3068/3372 3518/3380 4197/3330 4193/3335
f 4158/4053 4149/4054 2884/3150 3514/3149
f 4127/4092 4126/4376 4149/4054 4158/4053
f 4135/4063 4134/4064 3834/4065 3825/4066
f 3813/4107 3834/4065 4134/4064 4126/4376
f 4144/4087 4135/4063 3825/4066 3965/4088
f 3822/4095 3813/4107 4126/4376 4127/4092
f 4138/4280 4144/4087 3965/4088 3828/4102
f 3828/4102 3827/4083 4137/4082 4138/4280
f 4140/4075 4137/4082 3827/4083 3826/4076
f 4141/4074 4140/4075 3826/4076 3816/4077
f 3070/3347 3071/3346 4191/3327 4192/3326
f 4192/3326 4184/3331 3069/3379 3070/3347
f 3518/3380 3069/3379 4184/3331 4197/3330
f 3630/3868 3587/3923 3696/3965 3556/3935
f 3696/3965 3587/3923 3698/3970 3697/3966
f 3697/3966 3698/3970 3707/3977 3708/3972
f 3630/3868 3556/3935 3565/3936 3571/3869
f 3707/3977 3621/3922 3569/3921 3708/3972
f 3570/3853 3569/3921 3621/3922 3619/3854
f 3591/3852 3570/3853 3619/3854 3618/3855
f 3594/3862 3591/3852 3618/3855 3617/3890
f 3597/3860 3594/3862 3617/3890 3616/3908
f 3561/3842 3560/3841 3571/3869 3565/3936
f 3406/3751 3560/3841 3561/3842 2802/3760
f 2506/2601 3405/3750 3406/3751 2802/3760
f 2496/2600 3744/3749 3405/3750 2506/2601
f 2535/2633 3404/3748 3744/3749 2496/2600
f 864/926 733/1106 1649/1785 1644/1115
f 1644/1115 1649/1785 1578/1728 1573/1727
f 1573/1727 1578/1728 1524/1729 1521/1715
f 764/813 768/812 770/819 766/1105
f 1521/1715 1524/1729 1564/1705 1567/1704
f 1567/1704 1564/1705 1515/1706 1510/1707
f 1510/1707 1515/1706 734/1664 732/1663
f 732/1663 734/1664 725/1104 724/771
f 768/812 772/815 774/818 770/819
f 486/541 724/771 725/1104 492/1102
f 1689/538 486/541 492/1102 1690/1103
f 487/542 1689/538 1690/1103 493/732
f 3758/2700 3755/2687 2575/2690 2538/2701
f 2537/2724 2579/2710 3755/2687 3758/2700
f 2539/2636 2538/2701 2575/2690 2541/2637
f 2536/2632 2539/2636 2541/2637 2540/2638
f 2552/2669 2535/2633 2536/2632 2540/2638
f 2552/2669 3403/3747 3404/3748 2535/2633
f 2579/2710 2537/2724 2583/2685 2584/2707
f 2578/2684 2587/2713 2584/2707 2583/2685
f 1302/1543 1301/1544 405/397 442/457
f 1303/1545 1302/1543 442/457 443/456
f 1304/1546 1303/1545 443/456 504/474
f 1714/485 505/486 450/487 1706/488
f 498/438 418/437 450/487 505/486
f 506/498 1714/485 1706/488 454/499
f 499/435 417/436 418/437 498/438
f 507/497 506/498 454/499 460/500
f 417/436 499/435 500/465 431/466
f 508/505 507/497 460/500 463/506
f 1333/1578 1332/1577 431/466 500/465
f 509/509 508/505 463/506 466/510
f 501/447 429/450 1332/1577 1333/1578
f 429/450 501/447 502/448 430/451
f 1304/1546 1305/1547 430/451 502/448
f 510/513 509/509 466/510 469/514
f 1695/403 3747/2610 3489/2597 1425/387
f 363/400 2486/2609 3747/2610 1695/403
f 1425/387 3489/2597 2472/2583 344/374
f 456/399 2582/2608 2486/2609 363/400
f 456/399 467/515 2590/2717 2582/2608
f 467/515 468/516 2591/2718 2590/2717
f 468/516 510/513 2625/2715 2591/2718
f 510/513 469/514 2592/2716 2625/2715
f 504/474 444/475 1305/1547 1304/1546
f 2471/2584 2472/2583 3489/2597 3491/2635
f 2523/2623 2520/2620 2513/2618 2514/2617
f 2523/2623 2514/2617 2515/2619 2526/2626
f 2523/2623 2521/2624 2510/2621 2520/2620
f 2521/2624 2522/2625 2511/2613 2510/2621
f 2511/2613 2522/2625 2509/2616 2512/2614
f 2526/2626 2515/2619 2516/2622 2524/2627
f 2524/2627 2516/2622 2517/2612 2525/2628
f 2525/2628 2517/2612 2518/2611 2519/2615
f 2509/2616 2522/2625 2525/2628 2519/2615
f 3748/2634 3491/2635 3489/2597 3747/2610
f 2485/2683 3748/2634 3747/2610 2486/2609
f 2578/2684 2485/2683 2486/2609 2582/2608
f 2587/2713 2578/2684 2582/2608 2590/2717
f 405/397 406/393 441/458 442/457
f 406/393 407/396 479/525 441/458
f 481/529 485/530 479/525 407/396
f 481/529 487/542 491/537 485/530
f 493/732 497/729 491/537 487/542
f 809/879 808/877 919/889 918/888
f 1720/872 809/879 918/888 822/897
f 808/877 1722/876 948/1894 919/889
f 806/873 1720/872 822/897 825/278
f 1722/876 805/969 920/1892 948/1894
f 807/866 806/873 825/278 823/281
f 1724/867 807/866 823/281 986/1045
f 805/969 810/971 817/1893 920/1892
f 1723/869 1724/867 986/1045 964/1083
f 2109/2227 817/1893 810/971 2111/1896
f 1721/974 1723/869 964/1083 824/1082
f 2111/1896 2078/2219 2095/1921 2109/2227
f 2078/2219 1766/1976 1768/1922 2095/1921
f 1721/3152 824/3256 3032/3255 3773/3047
f 3773/3047 3032/3255 3054/3222 3774/3044
f 3774/3044 3054/3222 2903/2500 2887/3045
f 2887/3045 2903/2500 2904/2499 2886/3050
f 2886/3050 2904/2499 2902/3074 3771/3051
f 3771/3051 2902/3074 2989/3067 2889/3057
f 1766/1976 1788/1975 1790/1973 1768/1922
f 1812/1977 1790/1973 1788/1975 1810/1981
f 2889/3057 2989/3067 2990/3066 2888/3054
f 1923/1997 1824/1987 1968/2125 1991/2001
f 1991/2001 2014/2004 1821/1983 1923/1997
f 2014/2004 1963/2026 1830/1984 1821/1983
f 1824/1987 1823/1988 2023/2032 1968/2125
f 1809/1991 1830/1984 1963/2026 1969/2126
f 1818/1993 1809/1991 1969/2126 2026/2013
f 2026/2013 2008/2016 1811/1990 1818/1993
f 2007/2020 2023/2032 1823/1988 1822/1978
f 1817/1989 1811/1990 2008/2016 1970/2035
f 2025/2017 2007/2020 1822/1978 1812/1977
f 1970/2035 2020/2005 1825/1996 1817/1989
f 1810/1981 1964/2162 2025/2017 1812/1977
f 2020/2005 2011/2008 1826/1986 1825/1996
f 1829/1985 1826/1986 2011/2008 1962/2027
f 1962/2027 2024/2030 1828/1992 1829/1985
f 1627/1808 1628/1810 1912/1085 1911/1084
f 1628/1810 1762/1887 1918/1888 1912/1085
f 1911/1084 1914/1806 1626/1807 1627/1808
f 1762/1887 2117/2226 2123/2232 1918/1888
f 1914/1806 1910/1804 1625/1805 1626/1807
f 2117/2226 2090/1917 2099/1943 2123/2232
f 1910/1804 1906/1802 1624/1803 1625/1805
f 2090/1917 1784/1916 1920/1944 2099/1943
f 1784/1916 1806/1956 1922/1974 1920/1944
f 1806/1956 1828/1992 1924/1979 1922/1974
f 788/840 792/845 793/846 789/841
f 792/845 788/840 833/907 834/908
f 789/841 793/846 794/847 790/842
f 1632/995 1633/993 834/908 833/907
f 1624/1803 1623/1801 1633/993 1632/995
f 1906/1802 1903/1800 1623/1801 1624/1803
f 1924/1979 1828/1992 2024/2030 1990/2021
f 2888/3054 2990/3066 3018/4047 3772/3055
f 3772/3055 3018/4047 2991/4046 2885/3146
f 778/826 782/833 783/834 779/825
f 782/833 786/838 787/839 783/834
f 786/838 790/843 791/844 787/839
f 790/843 794/848 795/849 791/844
f 2885/3146 2991/4046 2897/4045 2890/3148
f 4155/4380 4157/4049 2890/3148 2897/4045
f 4157/4049 4155/4380 4141/4074 4124/4373
f 4124/4373 4141/4074 3816/4077 3814/4129
f 3084/3312 3080/3311 3106/3365 3110/3366
f 3107/3375 3106/3365 3080/3311 3081/3376
f 3110/3366 3105/3355 3079/3358 3084/3312
f 3105/3355 3104/3356 3078/3357 3079/3358
f 3104/3356 3103/3385 3077/3387 3078/3357
f 3103/3385 3086/3386 3060/3294 3077/3387
f 3059/3295 3060/3294 3086/3386 3085/3352
f 3108/3383 3107/3375 3081/3376 3082/3384
f 3085/3352 3087/3353 3061/3354 3059/3295
f 3109/3388 3108/3383 3082/3384 3083/3389
f 3087/3353 3088/3363 3062/3364 3061/3354
f 3102/3368 3109/3388 3083/3389 3076/3369
f 3521/3367 3102/3368 3076/3369 3519/3370
f 3101/3359 3521/3367 3519/3370 3075/3360
f 3100/3341 3101/3359 3075/3360 3074/3342
f 3099/3340 3100/3341 3074/3342 3073/3343
f 3088/3363 3089/3373 3063/3374 3062/3364
f 3089/3373 3090/3381 3064/3382 3063/3374
f 3073/3343 3072/3996 3098/3995 3099/3340
f 3097/3345 3098/3995 3072/3996 3071/3346
f 3090/3381 3091/3348 3065/3351 3064/3382
f 3096/3344 3097/3345 3071/3346 3070/3347
f 3091/3348 3092/3349 3066/3350 3065/3351
f 3092/3349 3093/3361 3067/3362 3066/3350
f 3093/3361 3094/3371 3068/3372 3067/3362
f 3094/3371 3520/3377 3518/3380 3068/3372
f 3509/3909 3616/3908 3617/3890 2407/3918
f 2407/3918 3649/3689 3656/3068 3509/3909
f 3649/3689 2894/3154 3515/3069 3656/3068
f 2891/3153 3514/3149 3515/3069 2894/3154
f 3514/3149 2891/3153 4151/4060 4158/4053
f 3520/3377 3095/3378 3069/3379 3518/3380
f 4158/4053 4151/4060 4130/4093 4127/4092
f 4127/4092 4130/4093 3815/4094 3822/4095
f 3835/4105 3856/4106 3834/4065 3813/4107
f 3825/4066 3834/4065 3856/4106 3847/4115
f 3965/4088 3825/4066 3847/4115 3967/4116
f 3844/4111 3835/4105 3813/4107 3822/4095
f 3828/4102 3965/4088 3967/4116 3850/4100
f 3822/4095 3815/4094 3837/4104 3844/4111
f 3850/4100 3849/4101 3827/4083 3828/4102
f 3826/4076 3827/4083 3849/4101 3848/4110
f 3816/4077 3826/4076 3848/4110 3838/4126
f 3814/4129 3816/4077 3838/4126 3836/4128
f 3070/3347 3069/3379 3095/3378 3096/3344
f 3630/3868 3571/3869 3572/3870 3620/3871
f 3587/3923 3630/3868 3620/3871 3588/3924
f 3698/3970 3587/3923 3588/3924 3639/3940
f 3706/3941 3707/3977 3698/3970 3639/3940
f 3706/3941 2823/3942 3621/3922 3707/3977
f 3571/3869 3560/3841 3559/3840 3572/3870
f 3621/3922 2823/3942 2824/3920 3619/3854
f 2932/3919 3618/3855 3619/3854 2824/3920
f 2407/3918 3617/3890 3618/3855 2932/3919
f 3560/3841 3406/3751 2803/2952 3559/3840
f 3405/3750 2507/2953 2803/2952 3406/3751
f 3744/3749 2497/2675 2507/2953 3405/3750
f 3404/3748 2530/2676 2497/2675 3744/3749
f 3403/3747 2550/2652 2530/2676 3404/3748
f 2941/3104 3699/3282 1649/1785 733/1106
f 3699/3282 3632/3866 1578/1728 1649/1785
f 3632/3866 3583/3867 1524/1729 1578/1728
f 3583/3867 3626/3825 1564/1705 1524/1729
f 2854/2991 770/819 774/818 2857/2993
f 2851/2990 766/1105 770/819 2854/2991
f 3626/3825 3573/3826 1515/1706 1564/1705
f 3573/3826 2821/3273 734/1664 1515/1706
f 2821/3273 2814/2950 725/1104 734/1664
f 2608/2740 492/1102 725/1104 2814/2950
f 3742/2739 1690/1103 492/1102 2608/2740
f 2609/2743 493/732 1690/1103 3742/2739
f 493/732 2609/2743 2613/2738 497/729
f 3755/2687 3756/2688 2576/2689 2575/2690
f 2579/2710 2580/2709 3756/2688 3755/2687
f 2541/2637 2575/2690 2576/2689 2543/2639
f 2584/2707 2585/2708 2580/2709 2579/2710
f 2540/2638 2541/2637 2543/2639 2542/2640
f 2542/2640 2555/2670 2552/2669 2540/2638
f 3403/3747 2552/2669 2555/2670 3402/3746
f 2550/2652 3403/3747 3402/3746 2553/2649
f 2587/2713 2588/2714 2585/2708 2584/2707
f 2590/2717 2591/2718 2588/2714 2587/2713
f 440/455 443/456 442/457 441/458
f 503/473 504/474 443/456 440/455
f 439/476 444/475 504/474 503/473
f 418/437 420/440 470/1853 450/487
f 470/1853 1715/517 1706/488 450/487
f 1715/517 471/518 454/499 1706/488
f 417/436 419/439 420/440 418/437
f 460/500 454/499 471/518 472/519
f 419/439 417/436 431/466 434/467
f 463/506 460/500 472/519 473/520
f 1332/1577 1331/1576 434/467 431/466
f 466/510 463/506 473/520 474/521
f 429/450 432/449 1331/1576 1332/1577
f 469/514 466/510 474/521 475/522
f 432/449 429/450 430/451 433/452
f 433/452 430/451 1305/1547 1306/1548
f 1306/1548 1305/1547 444/475 445/461
f 469/514 475/522 2597/2723 2592/2716
f 2591/2718 2625/2715 2624/2711 2588/2714
f 2625/2715 2592/2716 2589/2712 2624/2711
f 2592/2716 2597/2723 2596/2722 2589/2712
f 438/462 445/461 444/475 439/476
f 2526/2626 2524/2627 2521/2624 2523/2623
f 2524/2627 2525/2628 2522/2625 2521/2624
f 478/524 440/455 441/458 479/525
f 478/524 479/525 485/530 484/531
f 490/536 484/531 485/530 491/537
f 490/536 491/537 497/729 496/719
f 2612/2737 496/719 497/729 2613/2738
f 905/878 808/877 809/879 906/880
f 906/880 809/879 1720/872 907/871
f 947/875 1722/876 808/877 905/878
f 907/871 1720/872 806/873 908/874
f 904/968 805/969 1722/876 947/875
f 908/874 806/873 807/866 909/865
f 818/970 810/971 805/969 904/968
f 909/865 807/866 1724/867 985/868
f 985/868 1724/867 1723/869 960/870
f 2111/1896 810/971 818/970 2101/1897
f 960/870 1723/869 1721/974 910/975
f 2078/2219 2111/1896 2101/1897 2077/2220
f 3028/3046 910/3151 1721/3152 3773/3047
f 1766/1976 2078/2219 2077/2220 1769/1965
f 1788/1975 1766/1976 1769/1965 1791/1964
f 3053/3043 3028/3046 3773/3047 3774/3044
f 2981/3042 3053/3043 3774/3044 2887/3045
f 2980/3049 2981/3042 2887/3045 2886/3050
f 2979/3048 2980/3049 2886/3050 3771/3051
f 2978/3056 2979/3048 3771/3051 2889/3057
f 2977/3053 2978/3056 2889/3057 2888/3054
f 1810/1981 1788/1975 1791/1964 1813/1982
f 1810/1981 1813/1982 2013/2161 1964/2162
f 3017/3052 2977/3053 2888/3054 3772/3055
f 1968/2125 1846/2054 1925/2002 1991/2001
f 1846/2054 1968/2125 2023/2032 1845/2031
f 1991/2001 1925/2002 1843/2003 2014/2004
f 2014/2004 1843/2003 1852/2025 1963/2026
f 1831/2038 1969/2126 1963/2026 1852/2025
f 2007/2020 1844/2019 1845/2031 2023/2032
f 1840/2014 2026/2013 1969/2126 1831/2038
f 2026/2013 1840/2014 1833/2015 2008/2016
f 1839/2036 1970/2035 2008/2016 1833/2015
f 2025/2017 1834/2018 1844/2019 2007/2020
f 1970/2035 1839/2036 1847/2006 2020/2005
f 1964/2162 1832/2050 1834/2018 2025/2017
f 2020/2005 1847/2006 1848/2007 2011/2008
f 1832/2050 1964/2162 2013/2161 1835/2042
f 1851/2028 1962/2027 2011/2008 1848/2007
f 1962/2027 1851/2028 1850/2029 2024/2030
f 2024/2030 1850/2029 1926/2022 1990/2021
f 1911/1084 1912/1085 876/1086 943/1087
f 1912/1085 1918/1888 1761/1889 876/1086
f 943/1087 877/893 1914/1806 1911/1084
f 1918/1888 2123/2232 2110/1931 1761/1889
f 877/893 878/896 1910/1804 1914/1806
f 2123/2232 2099/1943 2097/1946 2110/1931
f 878/896 879/900 1906/1802 1910/1804
f 2099/1943 1920/1944 1783/1945 2097/1946
f 879/900 880/1046 1903/1800 1906/1802
f 1920/1944 1922/1974 1805/1971 1783/1945
f 1922/1974 1924/1979 1827/1980 1805/1971
f 1990/2021 2021/2024 1827/1980 1924/1979
f 792/845 796/850 797/851 793/846
f 796/850 792/845 834/908 835/909
f 793/846 797/851 798/852 794/847
f 1633/993 1634/994 835/909 834/908
f 794/848 798/853 799/854 795/849
f 1623/1801 1622/1799 1634/994 1633/993
f 1903/1800 1900/991 1622/1799 1623/1801
f 880/1046 881/992 1900/991 1903/1800
f 1990/2021 1926/2022 1849/2023 2021/2024
f 2976/3145 3017/3052 3772/3055 2885/3146
f 2898/3147 2976/3145 2885/3146 2890/3148
f 4157/4049 4147/4050 2898/3147 2890/3148
f 4124/4373 4123/4372 4147/4050 4157/4049
f 3814/4129 3817/4119 4123/4372 4124/4373
f 3836/4128 3839/4117 3817/4119 3814/4129
f 3110/3418 3106/3419 3132/3420 3136/3421
f 3133/3430 3132/3420 3106/3419 3107/3431
f 3136/3421 3131/3410 3105/3411 3110/3418
f 3134/3438 3133/3430 3107/3431 3108/3439
f 3131/3410 3130/3390 3104/3393 3105/3411
f 3130/3390 3129/3391 3103/3392 3104/3393
f 3129/3391 3112/3440 3086/3441 3103/3392
f 3085/3409 3086/3441 3112/3440 3111/3406
f 3111/3406 3113/3407 3087/3408 3085/3409
f 3135/3442 3134/3438 3108/3439 3109/3443
f 3113/3407 3114/3416 3088/3417 3087/3408
f 3128/3423 3135/3442 3109/3443 3102/3424
f 3114/3416 3115/3428 3089/3429 3088/3417
f 3523/3422 3128/3423 3102/3424 3521/3425
f 3127/3412 3523/3422 3521/3425 3101/3413
f 3126/3395 3127/3412 3101/3413 3100/3396
f 3125/3394 3126/3395 3100/3396 3099/3397
f 3099/3397 3098/3994 3124/3993 3125/3394
f 3115/3428 3116/3436 3090/3437 3089/3429
f 3116/3436 3117/3402 3091/3405 3090/3437
f 3123/3399 3124/3993 3098/3994 3097/3400
f 3122/3398 3123/3399 3097/3400 3096/3401
f 3117/3402 3118/3403 3092/3404 3091/3405
f 3096/3401 3095/3434 3121/3433 3122/3398
f 3118/3403 3119/3414 3093/3415 3092/3404
f 3119/3414 3120/3426 3094/3427 3093/3415
f 3120/3426 3522/3432 3520/3435 3094/3427
f 3522/3432 3121/3433 3095/3434 3520/3435
f 2407/3918 2932/3919 3653/3102 3649/3689
f 3649/3689 3653/3102 2934/3101 2894/3154
f 2933/3100 2891/3153 2894/3154 2934/3101
f 2891/3153 2933/3100 2826/3237 2950/3690
f 4160/4059 4151/4060 2891/3153 2950/3690
f 4131/4078 4130/4093 4151/4060 4160/4059
f 3821/4081 3815/4094 4130/4093 4131/4078
f 3843/4103 3837/4104 3815/4094 3821/4081
f 3857/4144 3878/4136 3856/4106 3835/4105
f 3866/4146 3857/4144 3835/4105 3844/4111
f 3847/4115 3856/4106 3878/4136 3869/4137
f 3967/4116 3847/4115 3869/4137 3969/4150
f 3850/4100 3967/4116 3969/4150 3872/4140
f 3844/4111 3837/4104 3859/4143 3866/4146
f 3872/4140 3871/4141 3849/4101 3850/4100
f 3865/4142 3859/4143 3837/4104 3843/4103
f 3848/4110 3849/4101 3871/4141 3870/4130
f 3838/4126 3848/4110 3870/4130 3860/4131
f 3860/4131 3858/4134 3836/4128 3838/4126
f 3858/4134 3861/4135 3839/4117 3836/4128
f 3620/3871 3572/3870 3579/3875 3624/3876
f 3572/3870 3559/3840 3558/3839 3579/3875
f 3588/3924 3620/3871 3624/3876 3584/3885
f 3584/3885 3638/3939 3639/3940 3588/3924
f 3706/3941 3639/3940 3638/3939 3705/3865
f 2825/3127 3706/3941 3705/3865 2937/3126
f 2825/3127 3651/3078 2823/3942 3706/3941
f 2823/3942 3651/3078 3652/3079 2824/3920
f 3559/3840 2803/2952 2815/2955 3558/3839
f 2824/3920 3652/3079 3653/3102 2932/3919
f 2803/2952 2507/2953 2508/2954 2815/2955
f 2507/2953 2497/2675 2490/2678 2508/2954
f 2497/2675 2530/2676 2531/2677 2490/2678
f 2530/2676 2550/2652 2551/2651 2531/2677
f 2553/2649 2554/2650 2551/2651 2550/2652
f 2817/2962 2940/3103 2941/3104 2816/2959
f 3700/3281 3699/3282 2941/3104 2940/3103
f 3633/3886 3632/3866 3699/3282 3700/3281
f 3582/3874 3583/3867 3632/3866 3633/3886
f 3627/3873 3626/3825 3583/3867 3582/3874
f 3574/3925 3573/3826 3626/3825 3627/3873
f 2852/2989 2851/2990 2854/2991 2855/2992
f 2855/2992 2854/2991 2857/2993 2858/2994
f 3001/2985 3000/2986 2851/2987 2852/2988
f 3574/3925 2818/3831 2821/3273 3573/3826
f 2814/2950 2821/3273 2818/3831 2813/2951
f 2814/2950 2813/2951 2602/2741 2608/2740
f 3742/2739 2608/2740 2602/2741 3741/2742
f 2609/2743 3742/2739 3741/2742 2603/2730
f 2603/2730 2607/2731 2613/2738 2609/2743
f 2612/2737 2613/2738 2607/2731 2606/2732
f 3756/2688 3765/2691 2621/2694 2576/2689
f 2580/2709 2622/2706 3765/2691 3756/2688
f 2621/2694 2614/2642 2543/2639 2576/2689
f 2585/2708 2623/2703 2622/2706 2580/2709
f 2542/2640 2543/2639 2614/2642 2615/2641
f 2588/2714 2624/2711 2623/2703 2585/2708
f 2615/2641 2616/2671 2555/2670 2542/2640
f 2616/2671 3401/3745 3402/3746 2555/2670
f 3401/3745 2617/2653 2553/2649 3402/3746
f 2617/2653 2618/2654 2554/2650 2553/2649
f 511/528 503/473 440/455 478/524
f 477/527 439/476 503/473 511/528
f 476/526 438/462 439/476 477/527
f 419/439 421/441 422/442 420/440
f 420/440 422/442 517/1854 470/1853
f 470/1853 517/1854 1713/551 1715/517
f 1715/517 1713/551 516/548 471/518
f 471/518 516/548 515/549 472/519
f 421/441 419/439 434/467 437/468
f 472/519 515/549 523/550 473/520
f 1331/1576 1330/1575 437/468 434/467
f 473/520 523/550 522/554 474/521
f 432/449 435/453 1330/1575 1331/1576
f 474/521 522/554 521/555 475/522
f 435/453 432/449 433/452 436/454
f 2597/2723 475/522 521/555 2635/2755
f 436/454 433/452 1306/1548 1307/1549
f 1307/1549 1306/1548 445/461 446/460
f 447/459 446/460 445/461 438/462
f 2596/2722 2597/2723 2635/2755 2636/2751
f 2624/2711 2589/2712 2586/2704 2623/2703
f 2589/2712 2596/2722 2595/2721 2586/2704
f 2595/2721 2596/2722 2636/2751 2629/2749
f 447/459 438/462 476/526 520/546
f 511/528 478/524 484/531 512/532
f 513/535 512/532 484/531 490/536
f 513/535 490/536 496/719 514/716
f 2628/2736 514/716 496/719 2612/2737
f 2628/2736 2612/2737 2606/2732 2627/2733
f 1733/1028 947/875 905/878 1728/1029
f 1728/1029 905/878 906/880 1731/1030
f 1731/1030 906/880 907/871 1730/979
f 1730/979 907/871 908/874 1727/980
f 1729/1070 904/968 947/875 1733/1028
f 1727/980 908/874 909/865 1726/1027
f 818/970 904/968 1729/1070 1725/1870
f 1726/1027 909/865 985/868 1735/1096
f 2101/1897 818/970 1725/1870 2113/1938
f 1735/1096 985/868 960/870 1734/1031
f 1734/1031 960/870 910/975 1732/1032
f 2077/2220 2101/1897 2113/1938 2082/1905
f 3783/3208 1732/3209 910/3151 3028/3046
f 1769/1965 2077/2220 2082/1905 1775/1904
f 3784/3268 3783/3208 3028/3046 3053/3043
f 1791/1964 1769/1965 1775/1904 1797/1966
f 1813/1982 1791/1964 1797/1966 1819/1998
f 3776/3204 3784/3268 3053/3043 2981/3042
f 3777/3157 3776/3204 2981/3042 2980/3049
f 3780/3158 3777/3157 2980/3049 2979/3048
f 3781/3207 3780/3158 2979/3048 2978/3056
f 3778/3206 3781/3207 2978/3056 2977/3053
f 3782/3205 3778/3206 2977/3053 3017/3052
f 1813/1982 1819/1998 1967/2012 2013/2161
f 1835/2042 2013/2161 1967/2012 1841/2011
f 3779/3245 3782/3205 3017/3052 2976/3145
f 2057/2053 1846/2054 1845/2031 2064/2055
f 1846/2054 2057/2053 2074/2141 1925/2002
f 1925/2002 2074/2141 2068/2144 1843/2003
f 1844/2019 2054/2131 2064/2055 1845/2031
f 1843/2003 2068/2144 2052/2039 1852/2025
f 2062/2037 1831/2038 1852/2025 2052/2039
f 2065/2040 1840/2014 1831/2038 2062/2037
f 1834/2018 2061/2149 2054/2131 1844/2019
f 1840/2014 2065/2040 2072/2057 1833/2015
f 2056/2056 1839/2036 1833/2015 2072/2057
f 1839/2036 2056/2056 2067/2140 1847/2006
f 2061/2149 1834/2018 1832/2050 2073/2049
f 1847/2006 2067/2140 2071/2052 1848/2007
f 2073/2049 1832/2050 1835/2042 2069/2041
f 2053/2051 1851/2028 1848/2007 2071/2052
f 2069/2041 1835/2042 1841/2011 2058/2043
f 1851/2028 2053/2051 2063/2130 1850/2029
f 1850/2029 2063/2130 2075/2151 1926/2022
f 1926/2022 2075/2151 2060/2048 1849/2023
f 876/1086 883/1066 944/1011 943/1087
f 820/1118 883/1066 876/1086 1761/1889
f 943/1087 944/1011 884/894 877/893
f 2102/1899 820/1118 1761/1889 2110/1931
f 877/893 884/894 885/895 878/896
f 2079/2222 2102/1899 2110/1931 2097/1946
f 885/895 886/899 879/900 878/896
f 1771/1969 2079/2222 2097/1946 1783/1945
f 886/899 887/1007 880/1046 879/900
f 1793/1970 1771/1969 1783/1945 1805/1971
f 887/1007 888/1010 881/992 880/1046
f 1815/2000 1793/1970 1805/1971 1827/1980
f 1815/2000 1827/1980 2021/2024 2022/2156
f 1837/2046 2022/2156 2021/2024 1849/2023
f 977/998 796/850 835/909 979/999
f 796/850 977/998 989/1094 797/851
f 797/851 989/1094 981/1095 798/852
f 835/909 1634/994 1635/1797 979/999
f 798/853 981/1080 987/1081 799/854
f 1634/994 1622/1799 1621/1798 1635/1797
f 1622/1799 1900/991 1899/987 1621/1798
f 1900/991 881/992 980/988 1899/987
f 881/992 888/1010 984/1056 980/988
f 2059/2047 1837/2046 1849/2023 2060/2048
f 2898/3147 3775/4023 3779/3245 2976/3145
f 4147/4050 4159/4091 3775/4023 2898/3147
f 4123/4372 4128/4056 4159/4091 4147/4050
f 3817/4119 3823/4057 4128/4056 4123/4372
f 3839/4117 3845/4118 3823/4057 3817/4119
f 3861/4135 3867/4151 3845/4118 3839/4117
f 3136/3421 3132/3420 3158/3463 3162/3464
f 3159/3445 3158/3463 3132/3420 3133/3430
f 3162/3464 3157/3459 3131/3410 3136/3421
f 3160/3444 3159/3445 3133/3430 3134/3438
f 3157/3459 3156/3452 3130/3390 3131/3410
f 3161/3451 3160/3444 3134/3438 3135/3442
f 3156/3452 3155/3446 3129/3391 3130/3390
f 3155/3446 3138/3447 3112/3440 3129/3391
f 3111/3406 3112/3440 3138/3447 3137/3450
f 3137/3450 3139/3458 3113/3407 3111/3406
f 3139/3458 3140/3462 3114/3416 3113/3407
f 3135/3442 3128/3423 3154/3466 3161/3451
f 3140/3462 3141/3468 3115/3428 3114/3416
f 3525/3465 3154/3466 3128/3423 3523/3422
f 3141/3468 3142/3448 3116/3436 3115/3428
f 3153/3460 3525/3465 3523/3422 3127/3412
f 3152/3454 3153/3460 3127/3412 3126/3395
f 3151/3453 3152/3454 3126/3395 3125/3394
f 3150/3992 3151/3453 3125/3394 3124/3993
f 3149/3456 3150/3992 3124/3993 3123/3399
f 3142/3448 3143/3449 3117/3402 3116/3436
f 3143/3449 3144/3457 3118/3403 3117/3402
f 3148/3455 3149/3456 3123/3399 3122/3398
f 3147/3470 3148/3455 3122/3398 3121/3433
f 3144/3457 3145/3461 3119/3414 3118/3403
f 3524/3469 3147/3470 3121/3433 3522/3432
f 3145/3461 3146/3467 3120/3426 3119/3414
f 3146/3467 3524/3469 3522/3432 3120/3426
f 3652/3079 2917/2984 2934/3101 3653/3102
f 2827/2983 2933/3100 2934/3101 2917/2984
f 3007/3136 2933/3100 2827/2983 3008/3142
f 2933/3100 3007/3136 3006/3139 2826/3237
f 2906/3238 2826/3237 3006/3139 3002/3144
f 2906/3238 3807/4044 2950/3690 2826/3237
f 2950/3690 3807/4044 4167/4382 4160/4059
f 4160/4059 4167/4382 4142/4079 4131/4078
f 4131/4078 4142/4079 3829/4080 3821/4081
f 3821/4081 3829/4080 3851/4114 3843/4103
f 3843/4103 3851/4114 3873/4149 3865/4142
f 3857/4144 4015/4279 4009/4178 3878/4136
f 3866/4146 4072/4166 4015/4279 3857/4144
f 4060/4155 3869/4137 3878/4136 4009/4178
f 4072/4166 3866/4146 3859/4143 4054/4167
f 4037/4154 3969/4150 3869/4137 4060/4155
f 3969/4150 4037/4154 4014/4278 3872/4140
f 3872/4140 4014/4278 4069/4184 3871/4141
f 3865/4142 4016/4188 4054/4167 3859/4143
f 4053/4171 3870/4130 3871/4141 4069/4184
f 4016/4188 3865/4142 3873/4149 4066/4158
f 4071/4170 3860/4131 3870/4130 4053/4171
f 3858/4134 3860/4131 4071/4170 4010/4315
f 3858/4134 4010/4315 4059/4314 3861/4135
f 3861/4135 4059/4314 4013/4163 3867/4151
f 3578/3929 3628/3883 3624/3876 3579/3875
f 3579/3875 3558/3839 3366/3838 3578/3929
f 3628/3883 3585/3884 3584/3885 3624/3876
f 3367/3708 3366/3838 3558/3839 2815/2955
f 3585/3884 3637/3938 3638/3939 3584/3885
f 3637/3938 3704/3705 3705/3865 3638/3939
f 3704/3705 3365/3704 2937/3126 3705/3865
f 2937/3126 2914/2998 2915/2966 2825/3127
f 3651/3078 2825/3127 2915/2966 2916/2965
f 3364/3703 2914/2998 2937/3126 3365/3704
f 3651/3078 2916/2965 2917/2984 3652/3079
f 2508/2954 3368/3707 3367/3708 2815/2955
f 2490/2678 3743/3709 3368/3707 2508/2954
f 2531/2677 3369/3711 3743/3709 2490/2678
f 2551/2651 3370/3710 3369/3711 2531/2677
f 2554/2650 3371/3712 3370/3710 2551/2651
f 2618/2654 3372/3713 3371/3712 2554/2650
f 2816/2959 2832/2960 2834/2961 2817/2962
f 2936/3105 2940/3103 2817/2962 2943/3106
f 2943/3106 2817/2962 2834/2961 2935/3110
f 3701/3280 3700/3281 2940/3103 2936/3105
f 3634/3887 3633/3886 3700/3281 3701/3280
f 3581/3882 3582/3874 3633/3886 3634/3887
f 3625/3881 3627/3873 3582/3874 3581/3882
f 3575/3928 3574/3925 3627/3873 3625/3881
f 2818/3831 3574/3925 3575/3928 2822/3833
f 3003/3122 3001/2985 2852/2988 2948/3236
f 2855/2992 2947/3120 2948/3119 2852/2989
f 2858/2994 3044/3118 2947/3120 2855/2992
f 2834/2961 2832/2960 3000/2986 3001/2985
f 3001/2985 3003/3122 2935/3110 2834/2961
f 2822/3833 2812/2958 2813/2951 2818/3831
f 2813/2951 2812/2958 2529/2631 2602/2741
f 2498/2604 3741/2742 2602/2741 2529/2631
f 2534/2603 2603/2730 3741/2742 2498/2604
f 2603/2730 2534/2603 2601/2726 2607/2731
f 2600/2725 2606/2732 2607/2731 2601/2726
f 2626/2729 2627/2733 2606/2732 2600/2725
f 3765/2691 3757/2692 2577/2693 2621/2694
f 2622/2706 2581/2705 3757/2692 3765/2691
f 2614/2642 2621/2694 2577/2693 2545/2643
f 2623/2703 2586/2704 2581/2705 2622/2706
f 2615/2641 2614/2642 2545/2643 2544/2644
f 2544/2644 2558/2673 2616/2671 2615/2641
f 3401/3745 2616/2671 2558/2673 3400/3744
f 2617/2653 3401/3745 3400/3744 2556/2658
f 2556/2658 2557/2657 2618/2654 2617/2653
f 3372/3713 2618/2654 2557/2657 3373/3714
f 512/532 483/533 477/527 511/528
f 476/526 477/527 483/533 482/534
f 482/534 519/545 520/546 476/526
f 525/560 421/441 437/468 529/561
f 421/441 525/560 526/573 422/442
f 534/1856 517/1854 422/442 526/573
f 517/1854 534/1856 1712/572 1713/551
f 1713/551 1712/572 533/562 516/548
f 516/548 533/562 532/563 515/549
f 515/549 532/563 540/570 523/550
f 529/561 437/468 1330/1575 1329/1574
f 523/550 540/570 539/558 522/554
f 1329/1574 1330/1575 435/453 527/556
f 522/554 539/558 538/559 521/555
f 527/556 435/453 436/454 528/557
f 2635/2755 521/555 538/559 2650/2768
f 528/557 436/454 1307/1549 1308/1550
f 2636/2751 2635/2755 2650/2768 2651/2769
f 1308/1550 1307/1549 446/460 530/564
f 530/564 446/460 447/459 531/565
f 531/565 447/459 520/546 537/553
f 2629/2749 2636/2751 2651/2769 2644/2760
f 2586/2704 2595/2721 2594/2720 2581/2705
f 2594/2720 2595/2721 2629/2749 2630/2750
f 2630/2750 2629/2749 2644/2760 2645/2761
f 519/545 536/552 537/553 520/546
f 489/544 483/533 512/532 513/535
f 514/716 495/707 489/544 513/535
f 514/716 2628/2736 2611/2745 495/707
f 2611/2745 2628/2736 2627/2733 2605/2734
f 2627/2733 2626/2729 2599/2728 2605/2734
f 946/1014 1733/1028 1728/1029 898/1015
f 897/1069 1729/1070 1733/1028 946/1014
f 898/1015 1728/1029 1731/1030 899/1020
f 899/1020 1731/1030 1730/979 900/978
f 900/978 1730/979 1727/980 901/981
f 901/981 1727/980 1726/1027 902/1025
f 1729/1070 897/1069 819/1121 1725/1870
f 902/1025 1726/1027 1735/1096 982/1100
f 819/1121 2104/2224 2113/1938 1725/1870
f 982/1100 1735/1096 1734/1031 961/1022
f 2104/2224 2083/1902 2082/1905 2113/1938
f 961/1022 1734/1031 1732/1032 903/1023
f 3029/3201 903/3200 1732/3209 3783/3208
f 2083/1902 1770/1903 1775/1904 2082/1905
f 3050/3271 3029/3201 3783/3208 3784/3268
f 1770/1903 1792/1960 1797/1966 1775/1904
f 2975/3203 3050/3271 3784/3268 3776/3204
f 1792/1960 1814/1995 1819/1998 1797/1966
f 2019/2009 1967/2012 1819/1998 1814/1995
f 2974/3156 2975/3203 3776/3204 3777/3157
f 2973/3155 2974/3156 3777/3157 3780/3158
f 2972/3197 2973/3155 3780/3158 3781/3207
f 2971/3192 2972/3197 3781/3207 3778/3206
f 3016/3193 2971/3192 3778/3206 3782/3205
f 2970/3244 3016/3193 3782/3205 3779/3245
f 2019/2009 1836/2010 1841/2011 1967/2012
f 1836/2010 2066/2137 2058/2043 1841/2011
f 3779/3245 3775/4023 2899/3288 2970/3244
f 2057/2053 1946/2155 1955/2142 2074/2141
f 1946/2155 2057/2053 2064/2055 1938/2133
f 2054/2131 1939/2132 1938/2133 2064/2055
f 2074/2141 1955/2142 1945/2143 2068/2144
f 2068/2144 1945/2143 1934/2154 2052/2039
f 2061/2149 1933/2150 1939/2132 2054/2131
f 1935/2215 2062/2037 2052/2039 1934/2154
f 1940/2147 2065/2040 2062/2037 1935/2215
f 2065/2040 1940/2147 1953/2148 2072/2057
f 2061/2149 2073/2049 1954/2193 1933/2150
f 1944/2138 2056/2056 2072/2057 1953/2148
f 2056/2056 1944/2138 1943/2139 2067/2140
f 2067/2140 1943/2139 1952/2145 2071/2052
f 1954/2193 2073/2049 2069/2041 1948/2216
f 1937/2128 2053/2051 2071/2052 1952/2145
f 1948/2216 2069/2041 2058/2043 1947/2146
f 2053/2051 1937/2128 1936/2129 2063/2130
f 2066/2137 1941/2136 1947/2146 2058/2043
f 2063/2130 1936/2129 1956/2152 2075/2151
f 2075/2151 1956/2152 1951/2153 2060/2048
f 1949/2218 2059/2047 2060/2048 1951/2153
f 883/1066 890/1067 945/1012 944/1011
f 890/1067 883/1066 820/1118 821/1119
f 944/1011 945/1012 891/1006 884/894
f 2100/1898 821/1119 820/1118 2102/1899
f 884/894 891/1006 892/1000 885/895
f 2076/2221 2100/1898 2102/1899 2079/2222
f 885/895 892/1000 893/1001 886/899
f 1772/1968 2076/2221 2079/2222 1771/1969
f 886/899 893/1001 894/1008 887/1007
f 1794/1967 1772/1968 1771/1969 1793/1970
f 887/1007 894/1008 895/1009 888/1010
f 1816/1999 1794/1967 1793/1970 1815/2000
f 888/1010 895/1009 983/1093 984/1056
f 1816/1999 1815/2000 2022/2156 2012/2160
f 1838/2045 2012/2160 2022/2156 1837/2046
f 2070/2044 1838/2045 1837/2046 2059/2047
f 977/998 957/855 958/858 989/1094
f 957/855 977/998 979/999 962/986
f 979/999 1635/1797 1636/983 962/986
f 989/1094 958/858 970/860 981/1095
f 981/1080 970/861 969/864 987/1081
f 1635/1797 1621/1798 1620/1796 1636/983
f 1621/1798 1899/987 1898/990 1620/1796
f 1899/987 980/988 967/989 1898/990
f 980/988 984/1056 966/1002 967/989
f 984/1056 983/1093 965/1003 966/1002
f 1950/2217 2070/2044 2059/2047 1949/2218
f 2899/3288 3775/4023 4159/4091 4150/4377
f 4150/4377 4159/4091 4128/4056 4129/4055
f 4129/4055 4128/4056 3823/4057 3818/4058
f 3818/4058 3823/4057 3845/4118 3840/4112
f 3840/4112 3845/4118 3867/4151 3862/4147
f 4065/4162 3862/4147 3867/4151 4013/4163
f 3162/3464 3158/3463 3184/3480 3188/3481
f 3185/3486 3184/3480 3158/3463 3159/3445
f 3188/3481 3183/3473 3157/3459 3162/3464
f 3186/3490 3185/3486 3159/3445 3160/3444
f 3183/3473 3182/3474 3156/3452 3157/3459
f 3187/3494 3186/3490 3160/3444 3161/3451
f 3182/3474 3181/3491 3155/3446 3156/3452
f 3180/3483 3187/3494 3161/3451 3154/3466
f 3181/3491 3164/3492 3138/3447 3155/3446
f 3137/3450 3138/3447 3164/3492 3163/3471
f 3163/3471 3165/3472 3139/3458 3137/3450
f 3165/3472 3166/3479 3140/3462 3139/3458
f 3166/3479 3167/3485 3141/3468 3140/3462
f 3527/3482 3180/3483 3154/3466 3525/3465
f 3167/3485 3168/3489 3142/3448 3141/3468
f 3179/3476 3527/3482 3525/3465 3153/3460
f 3168/3489 3169/3493 3143/3449 3142/3448
f 3178/3475 3179/3476 3153/3460 3152/3454
f 3177/3495 3178/3475 3152/3454 3151/3453
f 3176/3991 3177/3495 3151/3453 3150/3992
f 3175/3497 3176/3991 3150/3992 3149/3456
f 3174/3496 3175/3497 3149/3456 3148/3455
f 3169/3493 3170/3477 3144/3457 3143/3449
f 3170/3477 3171/3478 3145/3461 3144/3457
f 3148/3455 3147/3470 3173/3488 3174/3496
f 3526/3487 3173/3488 3147/3470 3524/3469
f 3171/3478 3172/3484 3146/3467 3145/3461
f 3172/3484 3526/3487 3524/3469 3146/3467
f 2828/2964 2827/2983 2917/2984 2916/2965
f 2828/2964 3011/3135 3008/3142 2827/2983
f 3007/3136 2833/3137 2835/3138 3006/3139
f 2833/3137 3007/3136 3008/3142 2843/3143
f 3011/3135 2842/3134 2843/3143 3008/3142
f 3002/3144 3006/3139 2835/3138 2907/3082
f 2951/3239 2906/3238 3002/3144 3012/3159
f 2906/3238 2951/3239 3808/4043 3807/4044
f 3012/3159 3002/3144 2907/3082 2908/3081
f 3807/4044 3808/4043 4152/4062 4167/4382
f 4167/4382 4152/4062 4132/4085 4142/4079
f 4142/4079 4132/4085 3830/4086 3829/4080
f 3829/4080 3830/4086 3852/4125 3851/4114
f 3851/4114 3852/4125 3874/4139 3873/4149
f 4066/4158 3873/4149 3874/4139 4057/4159
f 3888/4169 3879/4192 4015/4279 4072/4166
f 3879/4192 3900/4179 4009/4178 4015/4279
f 4060/4155 4009/4178 3900/4179 3891/4156
f 4072/4166 4054/4167 3881/4168 3888/4169
f 4037/4154 4060/4155 3891/4156 3971/4157
f 3887/4189 3881/4168 4054/4167 4016/4188
f 4014/4278 4037/4154 3971/4157 3894/4208
f 3894/4208 3893/4185 4069/4184 4014/4278
f 4053/4171 4069/4184 3893/4185 3892/4172
f 4016/4188 4066/4158 3895/4161 3887/4189
f 4071/4170 4053/4171 3892/4172 3882/4173
f 4066/4158 4057/4159 3896/4160 3895/4161
f 4010/4315 4071/4170 3882/4173 3880/4203
f 3880/4203 3883/4196 4059/4314 4010/4315
f 3883/4196 3889/4164 4013/4163 4059/4314
f 4065/4162 4013/4163 3889/4164 3884/4165
f 3578/3929 3577/3926 3629/3877 3628/3883
f 3578/3929 3366/3838 2919/3835 3577/3926
f 3628/3883 3629/3877 3586/3880 3585/3884
f 3366/3838 3367/3708 2819/2957 2919/3835
f 3585/3884 3586/3880 3636/3937 3637/3938
f 3368/3707 2527/2630 2819/2957 3367/3708
f 3637/3938 3636/3937 3703/3278 3704/3705
f 3704/3705 3703/3278 2939/3112 3365/3704
f 2913/3111 3364/3703 3365/3704 2939/3112
f 2830/2997 2829/2963 2915/2966 2914/2998
f 2914/2998 3364/3703 3363/3702 2830/2997
f 2829/2963 2828/2964 2916/2965 2915/2966
f 3364/3703 2913/3111 2831/3113 3363/3702
f 3743/3709 2501/2607 2527/2630 3368/3707
f 3369/3711 2532/2606 2501/2607 3743/3709
f 3370/3710 2569/2663 2532/2606 3369/3711
f 3371/3712 2570/2664 2569/2663 3370/3710
f 3372/3713 2620/2680 2570/2664 3371/3712
f 2620/2680 3372/3713 3373/3714 2571/2682
f 2936/3105 2943/3106 2944/3107 2938/3108
f 3702/3279 3701/3280 2936/3105 2938/3108
f 2942/3109 2944/3107 2943/3106 2935/3110
f 3004/3121 2942/3109 2935/3110 3003/3122
f 3635/3930 3634/3887 3701/3280 3702/3279
f 3580/3879 3581/3882 3634/3887 3635/3930
f 3623/3878 3625/3881 3581/3882 3580/3879
f 3576/3927 3575/3928 3625/3881 3623/3878
f 2822/3833 3575/3928 3576/3927 2920/3834
f 2812/2958 2822/3833 2920/3834 2820/2956
f 2945/3123 3004/3121 3003/3122 2948/3236
f 2945/3115 2948/3119 2947/3120 2946/3116
f 2947/3120 3044/3118 3043/2996 2946/3116
f 2820/2956 2528/2629 2529/2631 2812/2958
f 2499/2605 2498/2604 2529/2631 2528/2629
f 2533/2602 2534/2603 2498/2604 2499/2605
f 2533/2602 2568/2662 2601/2726 2534/2603
f 2600/2725 2601/2726 2568/2662 2567/2661
f 2626/2729 2600/2725 2567/2661 2619/2679
f 2599/2728 2626/2729 2619/2679 2566/2681
f 3766/2719 3757/2692 2581/2705 2594/2720
f 2593/4007 2577/2693 3757/2692 3766/2719
f 2545/2643 2577/2693 2593/4007 2547/2645
f 2544/2644 2545/2643 2547/2645 2546/2646
f 2546/2646 2561/2672 2558/2673 2544/2644
f 3400/3744 2558/2673 2561/2672 3399/3743
f 2556/2658 3400/3744 3399/3743 2559/2655
f 2559/2655 2560/2656 2557/2657 2556/2658
f 2560/2656 3374/3715 3373/3714 2557/2657
f 3374/3715 2572/2667 2571/2682 3373/3714
f 488/543 482/534 483/533 489/544
f 519/545 482/534 488/543 518/547
f 536/552 519/545 518/547 535/571
f 542/592 525/593 529/594 546/595
f 525/593 542/592 543/596 526/597
f 1329/1573 1328/1572 546/595 529/594
f 551/1858 534/1857 526/597 543/596
f 534/1857 551/1858 1703/585 1712/584
f 1712/584 1703/585 550/586 533/587
f 533/587 550/586 549/579 532/578
f 532/578 549/579 557/580 540/581
f 540/581 557/580 556/575 539/574
f 527/601 544/600 1328/1572 1329/1573
f 539/574 556/575 555/576 538/577
f 544/600 527/601 528/602 545/603
f 2650/2777 538/4386 555/2804 2665/2778
f 1308/1551 1309/1552 545/603 528/602
f 2651/2774 2650/2777 2665/2778 2666/2775
f 530/589 547/588 1309/1552 1308/1551
f 2644/2773 2651/2774 2666/2775 2659/2776
f 547/588 530/589 531/590 548/591
f 548/591 531/590 537/569 554/568
f 536/566 553/567 554/568 537/569
f 2645/2782 2644/2773 2659/2776 2660/2783
f 3766/2719 2594/2720 2630/2750 3764/2752
f 3764/2752 2630/2750 2645/2761 3763/2771
f 3763/2781 2645/2782 2660/2783 3754/2784
f 553/567 536/566 535/582 552/583
f 488/543 489/544 495/707 494/702
f 2610/2744 494/702 495/707 2611/2745
f 2610/2744 2611/2745 2605/2734 2604/2735
f 2598/2727 2604/2735 2605/2734 2599/2728
f 2598/2727 2599/2728 2566/2681 2565/2666
f 1744/1013 946/1014 898/1015 1737/1016
f 1738/1068 897/1069 946/1014 1744/1013
f 1737/1016 898/1015 899/1020 1741/1019
f 1736/1120 819/1121 897/1069 1738/1068
f 1741/1019 899/1020 900/978 1740/1017
f 1740/1017 900/978 901/981 1739/1018
f 1739/1018 901/981 902/1025 1743/1026
f 1743/1026 902/1025 982/1100 1746/1099
f 1736/1120 2119/2231 2104/2224 819/1121
f 1746/1099 982/1100 961/1022 1745/1021
f 2119/2231 2093/1936 2083/1902 2104/2224
f 1745/1021 961/1022 903/1023 1742/1024
f 2093/1936 1776/1937 1770/1903 2083/1902
f 3793/3198 1742/3199 903/3200 3029/3201
f 3794/3270 3793/3198 3029/3201 3050/3271
f 1776/1937 1798/1959 1792/1960 1770/1903
f 3791/3202 3794/3270 3050/3271 2975/3203
f 1798/1959 1820/1994 1814/1995 1792/1960
f 3788/3195 3791/3202 2975/3203 2974/3156
f 2006/2033 2019/2009 1814/1995 1820/1994
f 2006/2033 1842/2034 1836/2010 2019/2009
f 3789/3194 3788/3195 2974/3156 2973/3155
f 3790/3196 3789/3194 2973/3155 2972/3197
f 3786/3191 3790/3196 2972/3197 2971/3192
f 3792/3190 3786/3191 2971/3192 3016/3193
f 3787/3243 3792/3190 3016/3193 2970/3244
f 3785/3287 3787/3243 2970/3244 2899/3288
f 1842/2034 2055/2134 2066/2137 1836/2010
f 2055/2134 1942/2135 1941/2136 2066/2137
f 3785/3287 2899/3288 4150/4377 4165/4384
f 1946/2155 1938/2133 1867/2113 1868/2103
f 1955/2142 1946/2155 1868/2103 1927/2101
f 1927/2101 1865/2102 1945/2143 1955/2142
f 1866/2111 1867/2113 1938/2133 1939/2132
f 1856/2124 1866/2111 1939/2132 1933/2150
f 1865/2102 1874/2117 1934/2154 1945/2143
f 1935/2215 1934/2154 1874/2117 1853/2110
f 1854/2122 1856/2124 1933/2150 1954/2193
f 1940/2147 1935/2215 1853/2110 1862/2109
f 1862/2109 1855/2119 1953/2148 1940/2147
f 1944/2138 1953/2148 1855/2119 1861/2105
f 1954/2193 1948/2216 1857/2099 1854/2122
f 1861/2105 1869/2106 1943/2139 1944/2138
f 1869/2106 1870/2120 1952/2145 1943/2139
f 1937/2128 1952/2145 1870/2120 1873/2114
f 1948/2216 1947/2146 1863/2100 1857/2099
f 1873/2114 1872/2116 1936/2129 1937/2128
f 1858/2108 1863/2100 1947/2146 1941/2136
f 1956/2152 1936/2129 1872/2116 1928/2123
f 1864/2107 1858/2108 1941/2136 1942/2135
f 1928/2123 1871/2097 1951/2153 1956/2152
f 1949/2218 1951/2153 1871/2097 1859/2096
f 1950/2217 1949/2218 1859/2096 1860/2098
f 1736/1120 1738/1068 890/1067 821/1119
f 945/1012 890/1067 1738/1068 1744/1013
f 1744/1013 1737/1016 891/1006 945/1012
f 2119/2231 1736/1120 821/1119 2100/1898
f 1737/1016 1741/1019 892/1000 891/1006
f 2100/1898 2076/2221 2093/1936 2119/2231
f 1741/1019 1740/1017 893/1001 892/1000
f 2076/2221 1772/1968 1776/1937 2093/1936
f 1740/1017 1739/1018 894/1008 893/1001
f 1798/1959 1776/1937 1772/1968 1794/1967
f 1739/1018 1743/1026 895/1009 894/1008
f 1794/1967 1816/1999 1820/1994 1798/1959
f 983/1093 895/1009 1743/1026 1746/1099
f 1816/1999 2012/2160 2006/2033 1820/1994
f 1746/1099 1745/1021 965/1003 983/1093
f 2012/2160 1838/2045 1842/2034 2006/2033
f 2055/2134 1842/2034 1838/2045 2070/2044
f 2070/2044 1950/2217 1942/2135 2055/2134
f 957/855 800/856 801/857 958/858
f 800/856 957/855 962/986 875/985
f 958/858 801/857 802/859 970/860
f 1636/983 1637/984 875/985 962/986
f 1620/1796 1619/1795 1637/984 1636/983
f 970/861 802/862 803/863 969/864
f 1898/990 1897/1794 1619/1795 1620/1796
f 967/989 882/1074 1897/1794 1898/990
f 967/989 966/1002 889/1005 882/1074
f 966/1002 965/1003 896/1004 889/1005
f 1745/1021 1742/1024 896/1004 965/1003
f 1864/2107 1942/2135 1950/2217 1860/2098
f 4165/4384 4150/4377 4129/4055 4139/4089
f 4139/4089 4129/4055 3818/4058 3824/4090
f 3824/4090 3818/4058 3840/4112 3846/4113
f 3846/4113 3840/4112 3862/4147 3868/4148
f 4052/4186 3868/4148 3862/4147 4065/4162
f 4052/4186 4065/4162 3884/4165 3890/4187
f 3188/3481 3184/3480 3210/3515 3214/3516
f 3211/3521 3210/3515 3184/3480 3185/3486
f 3214/3516 3209/3511 3183/3473 3188/3481
f 3212/3501 3211/3521 3185/3486 3186/3490
f 3209/3511 3208/3502 3182/3474 3183/3473
f 3213/3500 3212/3501 3186/3490 3187/3494
f 3208/3502 3207/3503 3181/3491 3182/3474
f 3187/3494 3180/3483 3206/3518 3213/3500
f 3207/3503 3190/3498 3164/3492 3181/3491
f 3529/3517 3206/3518 3180/3483 3527/3482
f 3163/3471 3164/3492 3190/3498 3189/3499
f 3189/3499 3191/3510 3165/3472 3163/3471
f 3191/3510 3192/3514 3166/3479 3165/3472
f 3192/3514 3193/3520 3167/3485 3166/3479
f 3193/3520 3194/3524 3168/3489 3167/3485
f 3205/3512 3529/3517 3527/3482 3179/3476
f 3194/3524 3195/3508 3169/3493 3168/3489
f 3204/3505 3205/3512 3179/3476 3178/3475
f 3195/3508 3196/3509 3170/3477 3169/3493
f 3203/3504 3204/3505 3178/3475 3177/3495
f 3177/3495 3176/3991 3202/3990 3203/3504
f 3201/3507 3202/3990 3176/3991 3175/3497
f 3200/3506 3201/3507 3175/3497 3174/3496
f 3174/3496 3173/3488 3199/3523 3200/3506
f 3196/3509 3197/3513 3171/3478 3170/3477
f 3197/3513 3198/3519 3172/3484 3171/3478
f 3528/3522 3199/3523 3173/3488 3526/3487
f 3198/3519 3528/3522 3526/3487 3172/3484
f 2829/2963 3009/3132 3011/3135 2828/2964
f 3009/3132 2850/3133 2842/3134 3011/3135
f 2836/2967 2837/2968 2835/2969 2833/2970
f 2833/2970 2843/2977 2845/2976 2836/2967
f 2837/2968 2860/3001 2907/3080 2835/2969
f 2844/2975 2845/2976 2843/2977 2842/2978
f 2842/2978 2850/3130 3039/3129 2844/2975
f 2864/3007 2908/3081 2907/3082 2860/3004
f 3012/3159 3686/3240 3685/3964 2951/3239
f 3811/4040 3808/4043 2951/3239 3685/3964
f 3686/3240 3012/3159 2908/3081 3693/3174
f 4161/4061 4152/4062 3808/4043 3811/4040
f 2868/3013 2909/3083 2908/3081 2864/3007
f 3693/3174 2908/3081 2909/3083 3687/3173
f 4133/4067 4132/4085 4152/4062 4161/4061
f 3833/4070 3830/4086 4132/4085 4133/4067
f 3855/4109 3852/4125 3830/4086 3833/4070
f 3877/4138 3874/4139 3852/4125 3855/4109
f 3877/4138 4008/4180 4057/4159 3874/4139
f 3899/4183 3896/4160 4057/4159 4008/4180
f 4111/4193 4108/4190 3879/4192 3888/4169
f 3888/4169 3881/4168 4118/4210 4111/4193
f 4108/4190 4098/4191 3900/4179 3879/4192
f 3891/4156 3900/4179 4098/4191 4114/4295
f 3971/4157 3891/4156 4114/4295 4120/4294
f 4102/4209 4118/4210 3881/4168 3887/4189
f 3894/4208 3971/4157 4120/4294 4103/4206
f 3887/4189 3895/4161 4113/4291 4102/4209
f 4103/4206 4110/4207 3893/4185 3894/4208
f 3892/4172 3893/4185 4110/4207 4100/4284
f 3882/4173 3892/4172 4100/4284 4107/4302
f 3895/4161 3896/4160 4117/4205 4113/4291
f 4107/4302 4119/4202 3880/4203 3882/4173
f 4099/4204 4117/4205 3896/4160 3899/4183
f 4119/4202 4115/4194 3883/4196 3880/4203
f 4115/4194 4104/4195 3889/4164 3883/4196
f 3884/4165 3889/4164 4104/4195 4112/4288
f 3890/4187 3884/4165 4112/4288 4101/4287
f 3577/3926 3576/3927 3623/3878 3629/3877
f 2920/3834 3576/3927 3577/3926 2919/3835
f 3629/3877 3623/3878 3580/3879 3586/3880
f 2919/3835 2819/2957 2820/2956 2920/3834
f 3586/3880 3580/3879 3635/3930 3636/3937
f 2527/2630 2528/2629 2820/2956 2819/2957
f 3636/3937 3635/3930 3702/3279 3703/3278
f 2501/2607 2499/2605 2528/2629 2527/2630
f 3703/3278 3702/3279 2938/3108 2939/3112
f 2913/3111 2939/3112 2938/3108 2944/3107
f 2913/3111 2944/3107 2942/3109 2831/3113
f 2830/2997 3010/3140 3009/3132 2829/2963
f 3362/3700 3010/3140 2830/2997 3363/3702
f 3005/3125 3362/3700 3363/3702 2831/3113
f 2942/3109 3004/3121 3005/3125 2831/3113
f 2532/2606 2533/2602 2499/2605 2501/2607
f 2532/2606 2569/2663 2568/2662 2533/2602
f 2567/2661 2568/2662 2569/2663 2570/2664
f 2619/2679 2567/2661 2570/2664 2620/2680
f 2566/2681 2619/2679 2620/2680 2571/2682
f 2565/2666 2566/2681 2571/2682 2572/2667
f 3004/3121 2945/3123 2853/3124 3005/3125
f 2853/3114 2945/3115 2946/3116 2856/3117
f 2946/3116 3043/2996 2859/2995 2856/3117
f 2593/4007 3766/2719 3764/2752 2631/4008
f 2547/2645 2593/4007 2631/4008 2549/2647
f 2546/2646 2547/2645 2549/2647 2548/2648
f 2548/2648 2564/2674 2561/2672 2546/2646
f 3399/3743 2561/2672 2564/2674 3398/3742
f 2559/2655 3399/3743 3398/3742 2562/2659
f 2562/2659 2563/2660 2560/2656 2559/2655
f 2563/2660 3375/3716 3374/3715 2560/2656
f 3375/3716 2573/2668 2572/2667 3374/3715
f 2574/2665 2565/2666 2572/2667 2573/2668
f 518/547 488/543 494/702 524/695
f 535/571 518/547 524/695 541/696
f 552/583 535/582 541/686 558/681
f 559/615 542/592 546/595 563/616
f 542/592 559/615 560/617 543/596
f 1328/1572 1327/1571 563/616 546/595
f 568/1859 551/1858 543/596 560/617
f 544/600 561/605 1327/1571 1328/1572
f 551/1858 568/1859 1702/612 1703/585
f 1703/585 1702/612 567/613 550/586
f 550/586 567/613 566/609 549/579
f 549/579 566/609 574/610 557/580
f 557/580 574/610 573/607 556/575
f 556/575 573/607 572/608 555/576
f 561/605 544/600 545/603 562/606
f 2665/2778 555/2804 572/2805 2680/2806
f 562/606 545/603 1309/1552 1310/1553
f 2666/2775 2665/2778 2680/2806 2681/2807
f 1310/1553 1309/1552 547/588 564/614
f 2659/2776 2666/2775 2681/2807 2674/2808
f 564/614 547/588 548/591 565/604
f 2660/2783 2659/2776 2674/2808 2675/2810
f 565/604 548/591 554/568 571/598
f 571/598 554/568 553/567 570/599
f 570/599 553/567 552/583 569/611
f 3754/2784 2660/2783 2675/2810 3753/2811
f 2631/4008 3764/2752 3763/2771 2646/4010
f 2646/4011 3763/2781 3754/2784 2661/4012
f 2661/4012 3754/2784 3753/2811 2676/4013
f 569/611 552/583 558/681 575/677
f 2632/2748 524/695 494/702 2610/2744
f 2633/2747 2632/2748 2610/2744 2604/2735
f 2604/2735 2598/2727 2634/2746 2633/2747
f 2574/2665 2634/2746 2598/2727 2565/2666
f 3793/3198 3033/3182 896/3181 1742/3199
f 3794/3270 3051/3265 3033/3182 3793/3198
f 3051/3265 3794/3270 3791/3202 2969/3186
f 3788/3195 2968/3187 2969/3186 3791/3202
f 3789/3194 2967/3177 2968/3187 3788/3195
f 3790/3196 2966/3178 2967/3177 3789/3194
f 3786/3191 2965/3183 2966/3178 3790/3196
f 3792/3190 3015/3189 2965/3183 3786/3191
f 3015/3189 3792/3190 3787/3243 2964/3242
f 3785/3287 2901/3285 2964/3242 3787/3243
f 4165/4384 4146/4051 2901/3285 3785/3287
f 4146/4051 4165/4384 4139/4089 4122/4375
f 1866/2111 1887/2095 1886/2112 1867/2113
f 1885/2104 1868/2103 1867/2113 1886/2112
f 1878/2062 1927/2101 1868/2103 1885/2104
f 1927/2101 1878/2062 1888/2065 1865/2102
f 1865/2102 1888/2065 1879/2118 1874/2117
f 1856/2124 1929/2092 1887/2095 1866/2111
f 1854/2122 1931/2121 1929/2092 1856/2124
f 1932/2088 1853/2110 1874/2117 1879/2118
f 1891/2087 1862/2109 1853/2110 1932/2088
f 1931/2121 1854/2122 1857/2099 1896/2067
f 1862/2109 1891/2087 1930/2070 1855/2119
f 1892/2058 1861/2105 1855/2119 1930/2070
f 1861/2105 1892/2058 1884/2061 1869/2106
f 1896/2067 1857/2099 1863/2100 1890/2068
f 1869/2106 1884/2061 1883/2085 1870/2120
f 1880/2115 1873/2114 1870/2120 1883/2085
f 1873/2114 1880/2115 1881/2074 1872/2116
f 1858/2108 1895/2079 1890/2068 1863/2100
f 1877/2073 1928/2123 1872/2116 1881/2074
f 1864/2107 1889/2076 1895/2079 1858/2108
f 1928/2123 1877/2073 1882/2082 1871/2097
f 1860/2098 1893/2091 1889/2076 1864/2107
f 1894/2081 1859/2096 1871/2097 1882/2082
f 1893/2091 1860/2098 1859/2096 1894/2081
f 3025/3032 3026/3033 801/3034 800/3035
f 800/3035 875/3162 3030/3161 3025/3032
f 3026/3033 3038/3036 802/3037 801/3034
f 3692/3160 3030/3161 875/3162 1637/3163
f 3038/3038 3037/3039 803/3040 802/3041
f 3676/3948 3692/3160 1637/3163 1619/3949
f 3945/3165 3676/3948 1619/3949 1897/3950
f 3035/3166 3945/3165 1897/3950 882/3249
f 3035/3166 882/3249 889/3180 3034/3179
f 3034/3179 889/3180 896/3181 3033/3182
f 4122/4375 4139/4089 3824/4090 3820/4123
f 3846/4113 3842/4120 3820/4123 3824/4090
f 3842/4120 3846/4113 3868/4148 3864/4152
f 3864/4152 3868/4148 4052/4186 4058/4313
f 4058/4313 4052/4186 3890/4187 3886/4200
f 4101/4287 4116/4197 3886/4200 3890/4187
f 3214/3516 3210/3515 3236/3545 3240/3546
f 3211/3521 3216/3544 3236/3545 3210/3515
f 3214/3516 3240/3546 3218/3549 3209/3511
f 3212/3501 3238/3532 3216/3544 3211/3521
f 3209/3511 3218/3549 3233/3542 3208/3502
f 3239/3531 3238/3532 3212/3501 3213/3500
f 3207/3503 3208/3502 3233/3542 3234/3543
f 3213/3500 3206/3518 3231/3548 3239/3531
f 3207/3503 3234/3543 3237/3550 3190/3498
f 3531/3547 3231/3548 3206/3518 3529/3517
f 3215/3539 3189/3499 3190/3498 3237/3550
f 3230/3541 3531/3547 3529/3517 3205/3512
f 3215/3539 3217/3540 3191/3510 3189/3499
f 3191/3510 3217/3540 3235/3551 3192/3514
f 3192/3514 3235/3551 3219/3525 3193/3520
f 3219/3525 3220/3526 3194/3524 3193/3520
f 3194/3524 3220/3526 3232/3527 3195/3508
f 3204/3505 3223/3538 3230/3541 3205/3512
f 3195/3508 3232/3527 3221/3528 3196/3509
f 3203/3504 3228/3537 3223/3538 3204/3505
f 3221/3528 3222/3529 3197/3513 3196/3509
f 3227/3989 3228/3537 3203/3504 3202/3990
f 3202/3990 3201/3507 3226/3536 3227/3989
f 3200/3506 3225/3535 3226/3536 3201/3507
f 3199/3523 3224/3534 3225/3535 3200/3506
f 3528/3522 3530/3533 3224/3534 3199/3523
f 3197/3513 3222/3529 3229/3530 3198/3519
f 3198/3519 3229/3530 3530/3533 3528/3522
f 3010/3140 2949/3141 2850/3133 3009/3132
f 3040/3128 3039/3129 2850/3130 2949/3131
f 2838/2971 2839/2972 2837/2968 2836/2967
f 2836/2967 2845/2976 2847/2980 2838/2971
f 2837/2968 2839/2972 2861/3000 2860/3001
f 2846/2979 2847/2980 2845/2976 2844/2975
f 2860/3004 2861/3005 2865/3006 2864/3007
f 2844/2975 3039/3129 3041/3284 2846/2979
f 3042/3283 3041/3284 3039/3129 3040/3128
f 2864/3007 2865/3006 2869/3012 2868/3013
f 3686/3240 3683/3962 3684/3963 3685/3964
f 3683/3962 3686/3240 3693/3174 3682/3961
f 3685/3964 3684/3963 3810/4039 3811/4040
f 3811/4040 3810/4039 4163/4379 4161/4061
f 3682/3961 3693/3174 3687/3173 3681/3959
f 4161/4061 4163/4379 4136/4068 4133/4067
f 2868/3013 2869/3012 2873/3017 2872/3018
f 2872/3018 2910/3084 2909/3083 2868/3013
f 3687/3173 2909/3083 2910/3084 3688/3172
f 3681/3959 3687/3173 3688/3172 3680/3957
f 4133/4067 4136/4068 3832/4069 3833/4070
f 3833/4070 3832/4069 3854/4108 3855/4109
f 3855/4109 3854/4108 3876/4145 3877/4138
f 4008/4180 3877/4138 3876/4145 4070/4181
f 4008/4180 4070/4181 3898/4182 3899/4183
f 3899/4183 3898/4182 4109/4281 4099/4204
f 4111/4193 4118/4210 3999/4300 3986/4301
f 3986/4301 3981/4368 4108/4190 4111/4193
f 3981/4368 3980/4307 4098/4191 4108/4190
f 3990/4293 3999/4300 4118/4210 4102/4209
f 4114/4295 4098/4191 3980/4307 3991/4296
f 4120/4294 4114/4295 3991/4296 4001/4297
f 4103/4206 4120/4294 4001/4297 3992/4308
f 4102/4209 4113/4291 3989/4292 3990/4293
f 3992/4308 3984/4285 4110/4207 4103/4206
f 4113/4291 4117/4205 3998/4298 3989/4292
f 4100/4284 4110/4207 3984/4285 3985/4286
f 4107/4302 4100/4284 3985/4286 3979/4303
f 4107/4302 3979/4303 4000/4346 4119/4202
f 3983/4283 3998/4298 4117/4205 4099/4204
f 4000/4346 3994/4369 4115/4194 4119/4202
f 4099/4204 4109/4281 3982/4282 3983/4283
f 3994/4369 3993/4299 4104/4195 4115/4194
f 4112/4288 4104/4195 3993/4299 3987/4289
f 4101/4287 4112/4288 3987/4289 3988/4290
f 4116/4197 4101/4287 3988/4290 3996/4370
f 3010/3140 3362/3700 3361/3701 2949/3141
f 3362/3700 3005/3125 2853/3124 3361/3701
f 2856/3117 3360/3698 3361/3699 2853/3114
f 2859/2995 3359/3697 3360/3698 2856/3117
f 2646/4010 2638/2772 2549/2647 2631/4008
f 2548/2648 2549/2647 2638/2772 2637/2758
f 2637/2758 2641/2759 2564/2674 2548/2648
f 2641/2759 3397/3741 3398/3742 2564/2674
f 3397/3741 2639/2756 2562/2659 3398/3742
f 2639/2756 2640/2757 2563/2660 2562/2659
f 2640/2757 3376/3717 3375/3716 2563/2660
f 3376/3717 2642/2762 2573/2668 3375/3716
f 2642/2762 2643/2763 2574/2665 2573/2668
f 2643/2763 2649/2753 2634/2746 2574/2665
f 2647/2770 541/696 524/695 2632/2748
f 2662/2779 558/681 541/686 2647/2780
f 2677/2809 575/677 558/681 2662/2779
f 576/633 559/615 563/616 580/634
f 559/615 576/633 577/635 560/617
f 580/634 563/616 1327/1571 1326/1570
f 585/1860 568/1859 560/617 577/635
f 1326/1570 1327/1571 561/605 578/623
f 568/1859 585/1860 1701/630 1702/612
f 578/623 561/605 562/606 579/624
f 1702/612 1701/630 584/631 567/613
f 567/613 584/631 583/627 566/609
f 566/609 583/627 591/628 574/610
f 574/610 591/628 590/625 573/607
f 573/607 590/625 589/626 572/608
f 2680/2806 572/2805 589/2823 2695/2824
f 579/624 562/606 1310/1553 1311/1554
f 2681/2807 2680/2806 2695/2824 2696/2825
f 1311/1554 1310/1553 564/614 581/632
f 2674/2808 2681/2807 2696/2825 2689/2826
f 581/632 564/614 565/604 582/622
f 2675/2810 2674/2808 2689/2826 2690/2828
f 582/622 565/604 571/598 588/619
f 3753/2811 2675/2810 2690/2828 3752/2829
f 570/599 587/618 588/619 571/598
f 587/618 570/599 569/611 586/629
f 586/629 569/611 575/677 592/674
f 2676/4013 3753/2811 3752/2829 2691/4014
f 2661/4012 2653/2794 2638/2793 2646/4011
f 2676/4013 2668/2815 2653/2794 2661/4012
f 2691/4014 2683/2833 2668/2815 2676/4013
f 2692/2827 592/674 575/677 2677/2809
f 2648/2754 2647/2770 2632/2748 2633/2747
f 2633/2747 2634/2746 2649/2753 2648/2754
f 3052/3231 3034/3179 3033/3182 3051/3265
f 2963/3185 3052/3231 3051/3265 2969/3186
f 2962/3184 2963/3185 2969/3186 2968/3187
f 2961/3077 2962/3184 2968/3187 2967/3177
f 2960/3072 2961/3077 2967/3177 2966/3178
f 2959/3073 2960/3072 2966/3178 2965/3183
f 3014/3188 2959/3073 2965/3183 3015/3189
f 2958/3241 3014/3188 3015/3189 2964/3242
f 2964/3242 2901/3285 2900/3286 2958/3241
f 4146/4051 4148/4052 2900/3286 2901/3285
f 4122/4375 4125/4374 4148/4052 4146/4051
f 3820/4123 3819/4122 4125/4374 4122/4375
f 1929/2092 2002/2093 1965/2094 1887/2095
f 1887/2095 1965/2094 1985/2157 1886/2112
f 1984/2164 1885/2104 1886/2112 1985/2157
f 1875/2063 1878/2062 1885/2104 1984/2164
f 1878/2062 1875/2063 1966/2064 1888/2065
f 1888/2065 1966/2064 1980/2158 1879/2118
f 1977/2089 1932/2088 1879/2118 1980/2158
f 1931/2121 1976/2159 2002/2093 1929/2092
f 1976/2159 1931/2121 1896/2067 1961/2066
f 1992/2086 1891/2087 1932/2088 1977/2089
f 1891/2087 1992/2086 2003/2071 1930/2070
f 1961/2066 1896/2067 1890/2068 1974/2069
f 1993/2059 1892/2058 1930/2070 2003/2071
f 1892/2058 1993/2059 1972/2060 1884/2061
f 1884/2061 1972/2060 1971/2084 1883/2085
f 1895/2079 1998/2078 1974/2069 1890/2068
f 1981/2163 1880/2115 1883/2085 1971/2084
f 1880/2115 1981/2163 1982/2075 1881/2074
f 1876/2072 1877/2073 1881/2074 1982/2075
f 1889/2076 1973/2077 1998/2078 1895/2079
f 1877/2073 1876/2072 1983/2083 1882/2082
f 1893/2091 1994/2090 1973/2077 1889/2076
f 1997/2080 1894/2081 1882/2082 1983/2083
f 1994/2090 1893/2091 1894/2081 1997/2080
f 3045/3175 3057/3266 3026/3033 3025/3032
f 3025/3032 3030/3161 3047/3176 3045/3175
f 3057/3266 3049/3267 3038/3036 3026/3033
f 3047/3176 3030/3161 3692/3160 3691/3951
f 3049/3253 3055/3254 3037/3039 3038/3038
f 3691/3951 3692/3160 3676/3948 3677/3952
f 3677/3952 3676/3948 3945/3165 3946/3164
f 3946/3164 3945/3165 3035/3166 3048/3167
f 3048/3167 3035/3166 3034/3179 3052/3231
f 3842/4120 3841/4121 3819/4122 3820/4123
f 3864/4152 3863/4153 3841/4121 3842/4120
f 3864/4152 4058/4313 4068/4309 3863/4153
f 3886/4200 3885/4199 4068/4309 4058/4313
f 4116/4197 4105/4198 3885/4199 3886/4200
f 3996/4370 3995/4371 4105/4198 4116/4197
f 3240/3546 3236/3545 3262/3554 3266/3555
f 3236/3545 3216/3544 3242/3571 3262/3554
f 3218/3549 3240/3546 3266/3555 3244/3556
f 3216/3544 3238/3532 3264/3570 3242/3571
f 3233/3542 3218/3549 3244/3556 3259/3561
f 3238/3532 3239/3531 3265/3575 3264/3570
f 3234/3543 3233/3542 3259/3561 3260/3562
f 3257/3821 3265/3575 3239/3531 3231/3548
f 3237/3550 3234/3543 3260/3562 3263/3569
f 3231/3548 3531/3547 3533/3558 3257/3821
f 3215/3539 3237/3550 3263/3569 3241/3565
f 3531/3547 3230/3541 3256/3557 3533/3558
f 3217/3540 3215/3539 3241/3565 3243/3566
f 3230/3541 3223/3538 3249/3560 3256/3557
f 3235/3551 3217/3540 3243/3566 3261/3552
f 3219/3525 3235/3551 3261/3552 3245/3553
f 3220/3526 3219/3525 3245/3553 3246/3568
f 3232/3527 3220/3526 3246/3568 3258/3574
f 3221/3528 3232/3527 3258/3574 3247/3576
f 3223/3538 3228/3537 3254/3559 3249/3560
f 3222/3529 3221/3528 3247/3576 3248/3563
f 3228/3537 3227/3989 3253/3988 3254/3559
f 3229/3530 3222/3529 3248/3563 3255/3564
f 3227/3989 3226/3536 3252/3573 3253/3988
f 3226/3536 3225/3535 3251/3572 3252/3573
f 3225/3535 3224/3534 3250/3577 3251/3572
f 3224/3534 3530/3533 3532/3567 3250/3577
f 3530/3533 3229/3530 3255/3564 3532/3567
f 3360/3698 3040/3128 2949/3131 3361/3699
f 3359/3697 3042/3283 3040/3128 3360/3698
f 2840/2973 2841/2974 2839/2972 2838/2971
f 2838/2971 2847/2980 2849/2982 2840/2973
f 2839/2972 2841/2974 2862/3003 2861/3000
f 2848/2981 2849/2982 2847/2980 2846/2979
f 2861/3005 2862/3008 2866/3009 2865/3006
f 2865/3006 2866/3009 2870/3014 2869/3012
f 2869/3012 2870/3014 2874/3019 2873/3017
f 3957/3257 3683/3962 3682/3961 3960/3960
f 3683/3962 3957/3257 3958/3260 3684/3963
f 3684/3963 3958/3260 3964/4042 3810/4039
f 3960/3960 3682/3961 3681/3959 3956/3958
f 3810/4039 3964/4042 4169/4385 4163/4379
f 4163/4379 4169/4385 4145/4096 4136/4068
f 3956/3958 3681/3959 3680/3957 3953/3956
f 4136/4068 4145/4096 3966/4099 3832/4069
f 2872/3018 2873/3017 2877/3022 2876/3023
f 2873/3017 2874/3019 2878/3024 2877/3022
f 2876/3023 2911/3085 2910/3084 2872/3018
f 3688/3172 2910/3084 2911/3085 3689/3170
f 3680/3957 3688/3172 3689/3170 3679/3955
f 3953/3956 3680/3957 3679/3955 3950/3954
f 3832/4069 3966/4099 3968/4127 3854/4108
f 3854/4108 3968/4127 3970/4133 3876/4145
f 3970/4133 4036/4174 4070/4181 3876/4145
f 4070/4181 4036/4174 3972/4177 3898/4182
f 3898/4182 3972/4177 4121/4304 4109/4281
f 4109/4281 4121/4304 4002/4306 3982/4282
f 3910/4263 3986/4301 3999/4300 3903/4272
f 3990/4293 3909/4258 3903/4272 3999/4300
f 3986/4301 3910/4263 3901/4262 3981/4368
f 3981/4368 3901/4262 3922/4271 3980/4307
f 3913/4255 3991/4296 3980/4307 3922/4271
f 3909/4258 3990/4293 3989/4292 3917/4259
f 3973/4254 4001/4297 3991/4296 3913/4255
f 4001/4297 3973/4254 3916/4257 3992/4308
f 3992/4308 3916/4257 3915/4265 3984/4285
f 3917/4259 3989/4292 3998/4298 3918/4273
f 3914/4264 3985/4286 3984/4285 3915/4265
f 3983/4283 3921/4267 3918/4273 3998/4298
f 3904/4277 3979/4303 3985/4286 3914/4264
f 3902/4275 4000/4346 3979/4303 3904/4277
f 4000/4346 3902/4275 3905/4253 3994/4369
f 3921/4267 3983/4283 3982/4282 3920/4268
f 3994/4369 3905/4253 3911/4252 3993/4299
f 4002/4306 3974/4276 3920/4268 3982/4282
f 3906/4261 3987/4289 3993/4299 3911/4252
f 3912/4260 3988/4290 3987/4289 3906/4261
f 3912/4260 3908/4251 3996/4370 3988/4290
f 3996/4370 3908/4251 3907/4250 3995/4371
f 2637/2792 2638/2793 2653/2794 2652/2789
f 2652/2789 2656/2790 2641/2791 2637/2792
f 3397/3740 2641/2791 2656/2790 3396/3739
f 2639/2800 3397/3740 3396/3739 2654/2797
f 2654/2797 2655/2798 2640/2799 2639/2800
f 3376/3718 2640/2799 2655/2798 3377/3719
f 2642/2788 3376/3718 3377/3719 2657/2785
f 2657/2785 2658/2786 2643/2787 2642/2788
f 2658/2786 2664/2766 2649/2765 2643/2787
f 2648/2764 2649/2765 2664/2766 2663/2767
f 2663/2767 2662/2779 2647/2780 2648/2764
f 2678/2796 2677/2809 2662/2779 2663/2767
f 2693/2817 2692/2827 2677/2809 2678/2796
f 593/640 576/633 580/634 597/641
f 576/633 593/640 594/642 577/635
f 597/641 580/634 1326/1570 1325/1569
f 577/635 594/642 602/1861 585/1860
f 1325/1569 1326/1570 578/623 595/652
f 585/1860 602/1861 1700/660 1701/630
f 595/652 578/623 579/624 596/653
f 1701/630 1700/660 601/645 584/631
f 1311/1554 1312/1555 596/653 579/624
f 584/631 601/645 600/646 583/627
f 583/627 600/646 608/658 591/628
f 591/628 608/658 607/654 590/625
f 590/625 607/654 606/655 589/626
f 2695/2824 589/2823 606/2848 2710/2849
f 2696/2825 2695/2824 2710/2849 2711/2851
f 581/632 598/661 1312/1555 1311/1554
f 2689/2826 2696/2825 2711/2851 2704/2840
f 598/661 581/632 582/622 599/649
f 2690/2828 2689/2826 2704/2840 2705/2841
f 599/649 582/622 588/619 605/620
f 3752/2829 2690/2828 2705/2841 3751/2853
f 605/620 588/619 587/618 604/621
f 2691/4014 3752/2829 3751/2853 2706/4015
f 604/621 587/618 586/629 603/659
f 592/674 609/664 603/659 586/629
f 592/674 2692/2827 2707/2852 609/664
f 2683/2833 2691/4014 2706/4015 2698/2838
f 2652/2789 2653/2794 2668/2815 2667/2813
f 2667/2813 2668/2815 2683/2833 2682/2831
f 2682/2831 2683/2833 2698/2838 2697/2836
f 2708/2819 2707/2852 2692/2827 2693/2817
f 2957/3169 3048/3167 3052/3231 2963/3185
f 2962/3184 2956/3223 2957/3169 2963/3185
f 2961/3077 2955/3076 2956/3223 2962/3184
f 2960/3072 2954/3071 2955/3076 2961/3077
f 2953/3070 2954/3071 2960/3072 2959/3073
f 3013/3258 2953/3070 2959/3073 3014/3188
f 2952/3259 3013/3258 3014/3188 2958/3241
f 2900/3286 3809/4041 2952/3259 2958/3241
f 4148/4052 4156/4084 3809/4041 2900/3286
f 4125/4374 4143/4097 4156/4084 4148/4052
f 3819/4122 3831/4098 4143/4097 4125/4374
f 3841/4121 3853/4124 3831/4098 3819/4122
f 2017/2187 2015/2188 1965/2094 2002/2093
f 2017/2187 2002/2093 1976/2159 2004/2186
f 2015/2188 1960/2165 1985/2157 1965/2094
f 1984/2164 1985/2157 1960/2165 1959/2166
f 1875/2063 1984/2164 1959/2166 2000/2167
f 2000/2167 2016/2168 1966/2064 1875/2063
f 2016/2168 1958/2169 1980/2158 1966/2064
f 1977/2089 1980/2158 1958/2169 2005/2170
f 1992/2086 1977/2089 2005/2170 1995/2171
f 1976/2159 1961/2066 1999/2185 2004/2186
f 1961/2066 1974/2069 1987/2184 1999/2185
f 1995/2171 2018/2172 2003/2071 1992/2086
f 1993/2059 2003/2071 2018/2172 1996/2173
f 1979/2183 1987/2184 1974/2069 1998/2078
f 1996/2173 1989/2174 1972/2060 1993/2059
f 1989/2174 1988/2175 1971/2084 1972/2060
f 1981/2163 1971/2084 1988/2175 1957/2176
f 1986/2182 1979/2183 1998/2078 1973/2077
f 1957/2176 2010/2177 1982/2075 1981/2163
f 1876/2072 1982/2075 2010/2177 2001/2178
f 2001/2178 2009/2179 1983/2083 1876/2072
f 1986/2182 1973/2077 1994/2090 1975/2181
f 1997/2080 1983/2083 2009/2179 1978/2180
f 1994/2090 1997/2080 1978/2180 1975/2181
f 3045/3175 3047/3176 2912/3086 2880/3028
f 2880/3028 2881/3027 3057/3266 3045/3175
f 2881/3027 2882/3029 3049/3267 3057/3266
f 2912/3086 3047/3176 3691/3951 3690/3171
f 2882/3031 2883/3030 3055/3254 3049/3253
f 3690/3171 3691/3951 3677/3952 3678/3953
f 3678/3953 3677/3952 3946/3164 3947/3168
f 3947/3168 3946/3164 3048/3167 2957/3169
f 3863/4153 3875/4132 3853/4124 3841/4121
f 3863/4153 4068/4309 4067/4175 3875/4132
f 3885/4199 3897/4176 4067/4175 4068/4309
f 4105/4198 4106/4201 3897/4176 3885/4199
f 3995/4371 3997/4305 4106/4201 4105/4198
f 3995/4371 3907/4250 3919/4249 3997/4305
f 3262/3554 3242/3571 3268/3586 3288/3592
f 3266/3555 3262/3554 3288/3592 3292/3596
f 3244/3556 3266/3555 3292/3596 3270/3597
f 3242/3571 3264/3570 3290/3585 3268/3586
f 3259/3561 3244/3556 3270/3597 3285/3582
f 3264/3570 3265/3575 3291/3584 3290/3585
f 3260/3562 3259/3561 3285/3582 3286/3583
f 3265/3575 3257/3821 3283/3822 3291/3584
f 3263/3569 3260/3562 3286/3583 3289/3590
f 3257/3821 3533/3558 3535/3602 3283/3822
f 3241/3565 3263/3569 3289/3590 3267/3591
f 3533/3558 3256/3557 3282/3594 3535/3602
f 3243/3566 3241/3565 3267/3591 3269/3600
f 3256/3557 3249/3560 3275/3593 3282/3594
f 3261/3552 3243/3566 3269/3600 3287/3601
f 3249/3560 3254/3559 3280/3603 3275/3593
f 3245/3553 3261/3552 3287/3601 3271/3580
f 3246/3568 3245/3553 3271/3580 3272/3581
f 3258/3574 3246/3568 3272/3581 3284/3589
f 3247/3576 3258/3574 3284/3589 3273/3595
f 3248/3563 3247/3576 3273/3595 3274/3599
f 3279/3987 3280/3603 3254/3559 3253/3988
f 3255/3564 3248/3563 3274/3599 3281/3578
f 3278/3588 3279/3987 3253/3988 3252/3573
f 3532/3567 3255/3564 3281/3578 3534/3579
f 3252/3573 3251/3572 3277/3587 3278/3588
f 3251/3572 3250/3577 3276/3598 3277/3587
f 3250/3577 3532/3567 3534/3579 3276/3598
f 2862/3003 2863/3002 2867/3010 2866/3011
f 2866/3011 2867/3010 2871/3015 2870/3016
f 2870/3016 2871/3015 2875/3020 2874/3021
f 2874/3021 2875/3020 2879/3025 2878/3026
f 3957/3257 3013/3258 2952/3259 3958/3260
f 3013/3258 3957/3257 3960/3960 2953/3070
f 2953/3070 3960/3960 3956/3958 2954/3071
f 3958/3260 2952/3259 3809/4041 3964/4042
f 3964/4042 3809/4041 4156/4084 4169/4385
f 2954/3071 3956/3958 3953/3956 2955/3076
f 4169/4385 4156/4084 4143/4097 4145/4096
f 4145/4096 4143/4097 3831/4098 3966/4099
f 2955/3076 3953/3956 3950/3954 2956/3223
f 3966/4099 3831/4098 3853/4124 3968/4127
f 2876/3023 2877/3022 2881/3027 2880/3028
f 2877/3022 2878/3024 2882/3029 2881/3027
f 2880/3028 2912/3086 2911/3085 2876/3023
f 2878/3026 2879/3025 2883/3030 2882/3031
f 3689/3170 2911/3085 2912/3086 3690/3171
f 3679/3955 3689/3170 3690/3171 3678/3953
f 3950/3954 3679/3955 3678/3953 3947/3168
f 2956/3223 3950/3954 3947/3168 2957/3169
f 3968/4127 3853/4124 3875/4132 3970/4133
f 4036/4174 3970/4133 3875/4132 4067/4175
f 4036/4174 4067/4175 3897/4176 3972/4177
f 3972/4177 3897/4176 4106/4201 4121/4304
f 4121/4304 4106/4201 3997/4305 4002/4306
f 3974/4276 4002/4306 3997/4305 3919/4249
f 3939/4242 3978/4241 3901/4262 3910/4263
f 3910/4263 3903/4272 3976/4224 3939/4242
f 3940/4211 3976/4224 3903/4272 3909/4258
f 3909/4258 3917/4259 3932/4212 3940/4211
f 3978/4241 3927/4270 3922/4271 3901/4262
f 3913/4255 3922/4271 3927/4270 3936/4216
f 3973/4254 3913/4255 3936/4216 3926/4215
f 3917/4259 3918/4273 3931/4237 3932/4212
f 3926/4215 3933/4256 3916/4257 3973/4254
f 3933/4256 3934/4266 3915/4265 3916/4257
f 3914/4264 3915/4265 3934/4266 3935/4246
f 3928/4269 3931/4237 3918/4273 3921/4267
f 3904/4277 3914/4264 3935/4246 3975/4245
f 3921/4267 3920/4268 3929/4227 3928/4269
f 3902/4275 3904/4277 3975/4245 3977/4274
f 3977/4274 3944/4222 3905/4253 3902/4275
f 3944/4222 3938/4221 3911/4252 3905/4253
f 3925/4228 3929/4227 3920/4268 3974/4276
f 3906/4261 3911/4252 3938/4221 3943/4230
f 3974/4276 3919/4249 3930/4235 3925/4228
f 3912/4260 3906/4261 3943/4230 3937/4229
f 3908/4251 3912/4260 3937/4229 3941/4244
f 3941/4244 3942/4236 3907/4250 3908/4251
f 3942/4236 3930/4235 3919/4249 3907/4250
f 2667/2813 2671/2814 2656/2790 2652/2789
f 3396/3739 2656/2790 2671/2814 3395/3738
f 2654/2797 3396/3739 3395/3738 2669/2802
f 2669/2802 2670/2803 2655/2798 2654/2797
f 2670/2803 3378/3720 3377/3719 2655/2798
f 3378/3720 2672/2812 2657/2785 3377/3719
f 2672/2812 2673/2801 2658/2786 2657/2785
f 2673/2801 2679/2795 2664/2766 2658/2786
f 2679/2795 2678/2796 2663/2767 2664/2766
f 2678/2796 2679/2795 2694/2816 2693/2817
f 2709/2818 2708/2819 2693/2817 2694/2816
f 610/671 593/640 597/641 614/672
f 593/640 610/671 611/673 594/642
f 1325/1569 1324/1568 614/672 597/641
f 619/1862 602/1861 594/642 611/673
f 595/652 612/678 1324/1568 1325/1569
f 602/1861 619/1862 1711/667 1700/660
f 612/678 595/652 596/653 613/679
f 1700/660 1711/667 618/668 601/645
f 1312/1555 1313/1556 613/679 596/653
f 601/645 618/668 617/665 600/646
f 598/661 615/669 1313/1556 1312/1555
f 600/646 617/665 625/666 608/658
f 608/658 625/666 624/662 607/654
f 607/654 624/662 623/663 606/655
f 2710/2849 606/2848 623/2855 2725/2856
f 2711/2851 2710/2849 2725/2856 2726/2857
f 2704/2840 2711/2851 2726/2857 2719/2858
f 615/669 598/661 599/649 616/670
f 2705/2841 2704/2840 2719/2858 2720/2859
f 616/670 599/649 605/620 622/648
f 3751/2853 2705/2841 2720/2859 3762/2860
f 604/621 621/647 622/648 605/620
f 2706/4015 3751/2853 3762/2860 2721/4016
f 621/647 604/621 603/659 620/656
f 2721/4016 2713/2865 2698/2838 2706/4015
f 620/656 603/659 609/664 626/657
f 2722/2850 626/657 609/664 2707/2852
f 2723/2843 2722/2850 2707/2852 2708/2819
f 2697/2836 2698/2838 2713/2865 2712/2863
f 2682/2831 2686/2832 2671/2814 2667/2813
f 2697/2836 2701/2837 2686/2832 2682/2831
f 2712/2863 2716/2864 2701/2837 2697/2836
f 2708/2819 2709/2818 2724/2842 2723/2843
f 2004/2186 2042/2191 2015/2188 2017/2187
f 2042/2191 2040/2192 1960/2165 2015/2188
f 2004/2186 1999/2185 2027/2201 2042/2191
f 1959/2166 1960/2165 2040/2192 2041/2196
f 2000/2167 1959/2166 2041/2196 2032/2202
f 2016/2168 2000/2167 2032/2202 2043/2204
f 2043/2204 2005/2170 1958/2169 2016/2168
f 2031/2205 1995/2171 2005/2170 2043/2204
f 2039/2206 2018/2172 1995/2171 2031/2205
f 1999/2185 1987/2184 2044/2199 2027/2201
f 2035/2212 2044/2199 1987/2184 1979/2183
f 2051/2214 1996/2173 2018/2172 2039/2206
f 2037/2195 1989/2174 1996/2173 2051/2214
f 2047/2213 2035/2212 1979/2183 1986/2182
f 1957/2176 1988/2175 1989/2174 2037/2195
f 2037/2195 2036/2194 2010/2177 1957/2176
f 1975/2181 1978/2180 2047/2213 1986/2182
f 2036/2194 2048/2189 2001/2178 2010/2177
f 2048/2189 2049/2190 2009/2179 2001/2178
f 1978/2180 2009/2179 2049/2190 2047/2213
f 3268/3586 3290/3585 3316/3604 3294/3605
f 3288/3592 3268/3586 3294/3605 3314/3612
f 3292/3596 3288/3592 3314/3612 3318/3616
f 3270/3597 3292/3596 3318/3616 3296/3617
f 3285/3582 3270/3597 3296/3617 3311/3622
f 3290/3585 3291/3584 3317/3629 3316/3604
f 3286/3583 3285/3582 3311/3622 3312/3627
f 3291/3584 3283/3822 3309/3823 3317/3629
f 3289/3590 3286/3583 3312/3627 3315/3610
f 3283/3822 3535/3602 3537/3623 3309/3823
f 3267/3591 3289/3590 3315/3610 3293/3611
f 3535/3602 3282/3594 3308/3614 3537/3623
f 3269/3600 3267/3591 3293/3611 3295/3620
f 3282/3594 3275/3593 3301/3613 3308/3614
f 3287/3601 3269/3600 3295/3620 3313/3621
f 3275/3593 3280/3603 3306/3624 3301/3613
f 3271/3580 3287/3601 3313/3621 3297/3626
f 3305/3686 3306/3624 3280/3603 3279/3987
f 3272/3581 3271/3580 3297/3626 3298/3608
f 3284/3589 3272/3581 3298/3608 3310/3609
f 3273/3595 3284/3589 3310/3609 3299/3615
f 3274/3599 3273/3595 3299/3615 3300/3619
f 3281/3578 3274/3599 3300/3619 3307/3625
f 3304/3607 3305/3686 3279/3987 3278/3588
f 3534/3579 3281/3578 3307/3625 3536/3628
f 3278/3588 3277/3587 3303/3606 3304/3607
f 3276/3598 3534/3579 3536/3628 3302/3618
f 3277/3587 3276/3598 3302/3618 3303/3606
f 4038/4239 4023/4240 3978/4241 3939/4242
f 3939/4242 3976/4224 4049/4223 4038/4239
f 4023/4240 4026/4311 3927/4270 3978/4241
f 4039/4214 4049/4223 3976/4224 3940/4211
f 3940/4211 3932/4212 4018/4213 4039/4214
f 3932/4212 3931/4237 4017/4238 4018/4213
f 3936/4216 3927/4270 4026/4311 4012/4217
f 3926/4215 3936/4216 4012/4217 3923/4218
f 3923/4218 4030/4317 3933/4256 3926/4215
f 4027/4316 4017/4238 3931/4237 3928/4269
f 4030/4317 4031/4310 3934/4266 3933/4256
f 3935/4246 3934/4266 4031/4310 4011/4247
f 3975/4245 3935/4246 4011/4247 4048/4248
f 3928/4269 3929/4227 4028/4226 4027/4316
f 3977/4274 3975/4245 4048/4248 4022/4312
f 3924/4225 4028/4226 3929/4227 3925/4228
f 4022/4312 4007/4219 3944/4222 3977/4274
f 4007/4219 4020/4220 3938/4221 3944/4222
f 3943/4230 3938/4221 4020/4220 4044/4231
f 3925/4228 3930/4235 4029/4234 3924/4225
f 3937/4229 3943/4230 4044/4231 4019/4232
f 4043/4233 4029/4234 3930/4235 3942/4236
f 3941/4244 3937/4229 4019/4232 4040/4243
f 4040/4243 4043/4233 3942/4236 3941/4244
f 2686/2832 3394/3737 3395/3738 2671/2814
f 3394/3737 2684/2821 2669/2802 3395/3738
f 2684/2821 2685/2822 2670/2803 2669/2802
f 2685/2822 3379/3721 3378/3720 2670/2803
f 3379/3721 2687/2830 2672/2812 3378/3720
f 2687/2830 2688/2820 2673/2801 2672/2812
f 2688/2820 2694/2816 2679/2795 2673/2801
f 2703/2844 2709/2818 2694/2816 2688/2820
f 2718/2862 2724/2842 2709/2818 2703/2844
f 627/692 610/671 614/672 631/693
f 610/671 627/692 628/694 611/673
f 1324/1568 1323/1567 631/693 614/672
f 636/1863 619/1862 611/673 628/694
f 612/678 629/682 1323/1567 1324/1568
f 619/1862 636/1863 1710/689 1711/667
f 629/682 612/678 613/679 630/683
f 1711/667 1710/689 635/690 618/668
f 630/683 613/679 1313/1556 1314/1557
f 618/668 635/690 634/687 617/665
f 1314/1557 1313/1556 615/669 632/691
f 617/665 634/687 642/688 625/666
f 632/691 615/669 616/670 633/680
f 625/666 642/688 641/684 624/662
f 624/662 641/684 640/685 623/663
f 2725/2856 623/2855 640/2873 2740/2874
f 2726/2857 2725/2856 2740/2874 2741/2875
f 2719/2858 2726/2857 2741/2875 2734/2876
f 2720/2859 2719/2858 2734/2876 2735/2877
f 633/680 616/670 622/648 639/675
f 3762/2860 2720/2859 2735/2877 3761/2878
f 639/675 622/648 621/647 638/676
f 2721/4016 3762/2860 3761/2878 2736/4017
f 638/676 621/647 620/656 637/650
f 2736/4017 2728/2882 2713/2865 2721/4016
f 643/651 637/650 620/656 626/657
f 2712/2863 2713/2865 2728/2882 2727/2880
f 643/651 626/657 2722/2850 2737/2845
f 2738/2867 2737/2845 2722/2850 2723/2843
f 2739/2866 2738/2867 2723/2843 2724/2842
f 2727/2880 2731/2881 2716/2864 2712/2863
f 2701/2837 3393/3736 3394/3737 2686/2832
f 3393/3736 2701/2837 2716/2864 3392/3735
f 3392/3735 2716/2864 2731/2881 3391/3734
f 2733/2870 2739/2866 2724/2842 2718/2862
f 2027/2201 2029/2197 2040/2192 2042/2191
f 2041/2196 2040/2192 2029/2197 2028/2198
f 2044/2199 2046/2200 2029/2197 2027/2201
f 2032/2202 2041/2196 2028/2198 2030/2203
f 2043/2204 2032/2202 2030/2203 2031/2205
f 2031/2205 2030/2203 2038/2208 2039/2206
f 2039/2206 2038/2208 2050/2210 2051/2214
f 2035/2212 2033/2211 2046/2200 2044/2199
f 2047/2213 2049/2190 2033/2211 2035/2212
f 2051/2214 2050/2210 2036/2194 2037/2195
f 2050/2210 2034/2209 2048/2189 2036/2194
f 2034/2209 2033/2211 2049/2190 2048/2189
f 3341/3673 3542/3681 3294/3605 3316/3604
f 3340/3668 3341/3673 3316/3604 3317/3629
f 3542/3681 3343/3683 3314/3612 3294/3605
f 3318/3616 3314/3612 3343/3683 3339/3682
f 3296/3617 3318/3616 3339/3682 3540/3639
f 3311/3622 3296/3617 3540/3639 3346/3638
f 3346/3638 3345/3659 3312/3627 3311/3622
f 3348/3669 3340/3668 3317/3629 3309/3823
f 3345/3659 3342/3658 3315/3610 3312/3627
f 3337/3677 3348/3669 3309/3823 3537/3623
f 3293/3611 3315/3610 3342/3658 3543/3665
f 3537/3623 3308/3614 3349/3671 3337/3677
f 3543/3665 3541/3664 3295/3620 3293/3611
f 3356/3653 3349/3671 3308/3614 3301/3613
f 3541/3664 3344/3650 3313/3621 3295/3620
f 3351/3646 3356/3653 3301/3613 3306/3624
f 3297/3626 3313/3621 3344/3650 3539/3645
f 3306/3624 3305/3686 3352/3647 3351/3646
f 3539/3645 3538/3644 3298/3608 3297/3626
f 3353/3655 3352/3647 3305/3686 3304/3607
f 3538/3644 3347/3661 3310/3609 3298/3608
f 3299/3615 3310/3609 3347/3661 3358/3674
f 3358/3674 3357/3679 3300/3619 3299/3615
f 3307/3625 3300/3619 3357/3679 3350/3635
f 3536/3628 3307/3625 3350/3635 3338/3634
f 3354/3632 3353/3655 3304/3607 3303/3606
f 3338/3634 3355/3633 3302/3618 3536/3628
f 3355/3633 3354/3632 3303/3606 3302/3618
f 4038/4239 4041/4324 4051/4323 4023/4240
f 4041/4324 4038/4239 4049/4223 4064/4325
f 4023/4240 4051/4323 4004/4322 4026/4311
f 4039/4214 4042/4326 4064/4325 4049/4223
f 4062/4321 4012/4217 4026/4311 4004/4322
f 4042/4326 4039/4214 4018/4213 4035/4327
f 4035/4327 4018/4213 4017/4238 4034/4328
f 4027/4316 4003/4329 4034/4328 4017/4238
f 4046/4320 3923/4218 4012/4217 4062/4321
f 3923/4218 4046/4320 4005/4318 4030/4317
f 4030/4317 4005/4318 4006/4319 4031/4310
f 4003/4329 4027/4316 4028/4226 4056/4330
f 4061/4341 4011/4247 4031/4310 4006/4319
f 4063/4340 4048/4248 4011/4247 4061/4341
f 4063/4340 4050/4339 4022/4312 4048/4248
f 3924/4225 4047/4331 4056/4330 4028/4226
f 4022/4312 4050/4339 4045/4338 4007/4219
f 4047/4331 3924/4225 4029/4234 4055/4332
f 4007/4219 4045/4338 4033/4337 4020/4220
f 4025/4336 4044/4231 4020/4220 4033/4337
f 4032/4335 4019/4232 4044/4231 4025/4336
f 4043/4233 4024/4333 4055/4332 4029/4234
f 4032/4335 4021/4334 4040/4243 4019/4232
f 4040/4243 4021/4334 4024/4333 4043/4233
f 3393/3736 2699/2846 2684/2821 3394/3737
f 2699/2846 2700/2847 2685/2822 2684/2821
f 3379/3721 2685/2822 2700/2847 3380/3722
f 2687/2830 3379/3721 3380/3722 2702/2854
f 2702/2854 2703/2844 2688/2820 2687/2830
f 2717/2861 2718/2862 2703/2844 2702/2854
f 2732/2879 2733/2870 2718/2862 2717/2861
f 644/713 627/692 631/693 648/714
f 627/692 644/713 645/715 628/694
f 648/714 631/693 1323/1567 1322/1566
f 653/1864 636/1863 628/694 645/715
f 1322/1566 1323/1567 629/682 646/703
f 636/1863 653/1864 1709/710 1710/689
f 646/703 629/682 630/683 647/704
f 1710/689 1709/710 652/711 635/690
f 647/704 630/683 1314/1557 1315/1558
f 635/690 652/711 651/708 634/687
f 1315/1558 1314/1557 632/691 649/712
f 634/687 651/708 659/709 642/688
f 649/712 632/691 633/680 650/701
f 642/688 659/709 658/705 641/684
f 650/701 633/680 639/675 656/698
f 641/684 658/705 657/706 640/685
f 2740/2874 640/2873 657/2890 2755/2891
f 2741/2875 2740/2874 2755/2891 2756/2892
f 2734/2876 2741/2875 2756/2892 2749/2893
f 2735/2877 2734/2876 2749/2893 2750/2894
f 3761/2878 2735/2877 2750/2894 3760/2895
f 639/675 638/676 655/697 656/698
f 2736/4017 3761/2878 3760/2895 2751/4018
f 655/697 638/676 637/650 654/643
f 2751/4018 2743/2899 2728/2882 2736/4017
f 660/644 654/643 637/650 643/651
f 2727/2880 2728/2882 2743/2899 2742/2897
f 660/644 643/651 2737/2845 2752/2839
f 2742/2897 2746/2898 2731/2881 2727/2880
f 2753/2884 2752/2839 2737/2845 2738/2867
f 2739/2866 2754/2883 2753/2884 2738/2867
f 2748/2887 2754/2883 2739/2866 2733/2870
f 2746/2898 3390/3733 3391/3734 2731/2881
f 2699/2846 3393/3736 3392/3735 2714/2868
f 2714/2868 3392/3735 3391/3734 2729/2871
f 3390/3733 2744/2888 2729/2871 3391/3734
f 2747/2896 2748/2887 2733/2870 2732/2879
f 2028/2198 2029/2197 2046/2200 2045/2207
f 2030/2203 2028/2198 2045/2207 2038/2208
f 2045/2207 2046/2200 2033/2211 2034/2209
f 2038/2208 2045/2207 2034/2209 2050/2210
f 3333/3667 3332/3672 3341/3673 3340/3668
f 3332/3672 3723/3680 3542/3681 3341/3673
f 3723/3680 3330/3684 3343/3683 3542/3681
f 3325/3666 3333/3667 3340/3668 3348/3669
f 3339/3682 3343/3683 3330/3684 3334/3685
f 3540/3639 3339/3682 3334/3685 3721/3640
f 3346/3638 3540/3639 3721/3640 3327/3641
f 3327/3641 3328/3656 3345/3659 3346/3638
f 3328/3656 3331/3657 3342/3658 3345/3659
f 3336/3676 3325/3666 3348/3669 3337/3677
f 3543/3665 3342/3658 3331/3657 3724/3662
f 3337/3677 3349/3671 3324/3670 3336/3676
f 3724/3662 3722/3663 3541/3664 3543/3665
f 3716/3652 3324/3670 3349/3671 3356/3653
f 3722/3663 3329/3651 3344/3650 3541/3664
f 3322/3649 3716/3652 3356/3653 3351/3646
f 3539/3645 3344/3650 3329/3651 3720/3642
f 3351/3646 3352/3647 3321/3648 3322/3649
f 3720/3642 3719/3643 3538/3644 3539/3645
f 3320/3654 3321/3648 3352/3647 3353/3655
f 3719/3643 3326/3660 3347/3661 3538/3644
f 3319/3631 3320/3654 3353/3655 3354/3632
f 3358/3674 3347/3661 3326/3660 3718/3675
f 3718/3675 3717/3678 3357/3679 3358/3674
f 3350/3635 3357/3679 3717/3678 3323/3636
f 3338/3634 3350/3635 3323/3636 3335/3637
f 3335/3637 3715/3630 3355/3633 3338/3634
f 3715/3630 3319/3631 3354/3632 3355/3633
f 4085/4359 4077/4358 4041/4324 4064/4325
f 4077/4358 4089/4357 4051/4323 4041/4324
f 4089/4357 4062/4321 4004/4322 4051/4323
f 4097/4367 4085/4359 4064/4325 4042/4326
f 4083/4348 4097/4367 4042/4326 4035/4327
f 4062/4321 4089/4357 4078/4355 4046/4320
f 4003/4329 4083/4348 4035/4327 4034/4328
f 4083/4348 4003/4329 4056/4330 4082/4347
f 4046/4320 4078/4355 4087/4349 4005/4318
f 4005/4318 4087/4349 4086/4345 4006/4319
f 4088/4344 4061/4341 4006/4319 4086/4345
f 4082/4347 4056/4330 4047/4331 4094/4342
f 4050/4339 4063/4340 4061/4341 4088/4344
f 4050/4339 4088/4344 4073/4353 4045/4338
f 4094/4342 4047/4331 4055/4332 4095/4343
f 4045/4338 4073/4353 4090/4352 4033/4337
f 4024/4333 4093/4366 4095/4343 4055/4332
f 4081/4365 4025/4336 4033/4337 4090/4352
f 4093/4366 4032/4335 4025/4336 4081/4365
f 4021/4334 4032/4335 4093/4366 4024/4333
f 2714/2868 2715/2869 2700/2847 2699/2846
f 3380/3722 2700/2847 2715/2869 3381/3723
f 2702/2854 3380/3722 3381/3723 2717/2861
f 3382/3724 2732/2879 2717/2861 3381/3723
f 3383/3725 2747/2896 2732/2879 3382/3724
f 661/726 644/713 648/714 665/727
f 644/713 661/726 662/728 645/715
f 1322/1566 1321/1565 665/727 648/714
f 670/1865 653/1864 645/715 662/728
f 646/703 663/733 1321/1565 1322/1566
f 653/1864 670/1865 1708/722 1709/710
f 663/733 646/703 647/704 664/734
f 1709/710 1708/722 669/723 652/711
f 1315/1558 1316/1559 664/734 647/704
f 652/711 669/723 668/720 651/708
f 649/712 666/724 1316/1559 1315/1558
f 651/708 668/720 676/721 659/709
f 666/724 649/712 650/701 667/725
f 659/709 676/721 675/717 658/705
f 667/725 650/701 656/698 673/700
f 658/705 675/717 674/718 657/706
f 672/699 673/700 656/698 655/697
f 2755/2891 657/2890 674/2900 2770/2901
f 2756/2892 2755/2891 2770/2901 2771/2902
f 2749/2893 2756/2892 2771/2902 2764/2903
f 2750/2894 2749/2893 2764/2903 2765/2904
f 3760/2895 2750/2894 2765/2904 3759/2905
f 2751/4018 3760/2895 3759/2905 2766/4019
f 672/699 655/697 654/643 671/636
f 2766/4019 2758/2910 2743/2899 2751/4018
f 654/643 660/644 677/637 671/636
f 2742/2897 2743/2899 2758/2910 2757/2908
f 2752/2839 2767/2834 677/637 660/644
f 2757/2908 2761/2909 2746/2898 2742/2897
f 2768/2885 2767/2834 2752/2839 2753/2884
f 3390/3733 2746/2898 2761/2909 3389/3732
f 2768/2885 2753/2884 2754/2883 2769/2886
f 2763/2907 2769/2886 2754/2883 2748/2887
f 2762/2906 2763/2907 2748/2887 2747/2896
f 2744/2888 3390/3733 3389/3732 2759/2913
f 2729/2871 2730/2872 2715/2869 2714/2868
f 2744/2888 2745/2889 2730/2872 2729/2871
f 2759/2913 2760/2914 2745/2889 2744/2888
f 2747/2896 3383/3725 3384/3726 2762/2906
f 3333/3667 3323/3636 3717/3678 3332/3672
f 3325/3666 3335/3637 3323/3636 3333/3667
f 3718/3675 3723/3680 3332/3672 3717/3678
f 3723/3680 3718/3675 3326/3660 3330/3684
f 3719/3643 3334/3685 3330/3684 3326/3660
f 3336/3676 3715/3630 3335/3637 3325/3666
f 3720/3642 3721/3640 3334/3685 3719/3643
f 3329/3651 3327/3641 3721/3640 3720/3642
f 3722/3663 3328/3656 3327/3641 3329/3651
f 3724/3662 3331/3657 3328/3656 3722/3663
f 3715/3630 3336/3676 3324/3670 3319/3631
f 3319/3631 3324/3670 3716/3652 3320/3654
f 3322/3649 3321/3648 3320/3654 3716/3652
f 4077/4358 4085/4359 4084/4360 4076/4356
f 4085/4359 4097/4367 4096/4362 4084/4360
f 4089/4357 4077/4358 4076/4356 4078/4355
f 4097/4367 4083/4348 4082/4347 4096/4362
f 4078/4355 4076/4356 4074/4350 4087/4349
f 4096/4362 4082/4347 4094/4342 4080/4363
f 4087/4349 4074/4350 4075/4351 4086/4345
f 4073/4353 4088/4344 4086/4345 4075/4351
f 4080/4363 4094/4342 4095/4343 4079/4364
f 4090/4352 4073/4353 4075/4351 4092/4354
f 4093/4366 4081/4365 4079/4364 4095/4343
f 4081/4365 4090/4352 4092/4354 4079/4364
f 2730/2872 3382/3724 3381/3723 2715/2869
f 2745/2889 3383/3725 3382/3724 2730/2872
f 3383/3725 2745/2889 2760/2914 3384/3726
f 678/735 661/726 665/727 682/736
f 661/726 678/735 679/737 662/728
f 682/736 665/727 1321/1565 1320/1564
f 662/728 679/737 687/757 670/1865
f 1320/1564 1321/1565 663/733 680/741
f 670/1865 687/757 1719/746 1708/722
f 680/741 663/733 664/734 681/742
f 1708/722 1719/746 686/738 669/723
f 1316/1559 1317/1560 681/742 664/734
f 669/723 686/738 685/739 668/720
f 666/724 683/747 1317/1560 1316/1559
f 668/720 685/739 693/745 676/721
f 683/747 666/724 667/725 684/740
f 676/721 693/745 692/743 675/717
f 684/740 667/725 673/700 690/731
f 675/717 692/743 691/744 674/718
f 689/730 690/731 673/700 672/699
f 2770/2901 674/2900 691/2923 2785/2924
f 689/730 672/699 671/636 688/639
f 2771/2902 2770/2901 2785/2924 2786/2925
f 2764/2903 2771/2902 2786/2925 2779/2918
f 2765/2904 2764/2903 2779/2918 2780/2919
f 3759/2905 2765/2904 2780/2919 3770/2926
f 2766/4019 3759/2905 3770/2926 2781/2936
f 2758/2910 2766/4019 2781/2936 2773/2917
f 671/636 677/637 694/638 688/639
f 2757/2908 2758/2910 2773/2917 2772/2915
f 2767/2834 2782/2835 694/638 677/637
f 2772/2915 2776/2916 2761/2909 2757/2908
f 2783/2911 2782/2835 2767/2834 2768/2885
f 2776/2916 3388/3731 3389/3732 2761/2909
f 2783/2911 2768/2885 2769/2886 2784/2912
f 3388/3731 2774/2921 2759/2913 3389/3732
f 2778/2920 2784/2912 2769/2886 2763/2907
f 2777/2927 2778/2920 2763/2907 2762/2906
f 2762/2906 3384/3726 3385/3727 2777/2927
f 2774/2921 2775/2922 2760/2914 2759/2913
f 3384/3726 2760/2914 2775/2922 3385/3727
f 4076/4356 4084/4360 4091/4361 4074/4350
f 4084/4360 4096/4362 4080/4363 4091/4361
f 4074/4350 4091/4361 4092/4354 4075/4351
f 4091/4361 4080/4363 4079/4364 4092/4354
f 695/754 678/735 682/736 699/755
f 678/735 695/754 696/756 679/737
f 699/755 682/736 1320/1564 1319/1563
f 687/757 679/737 696/756 704/758
f 1319/1563 1320/1564 680/741 697/759
f 687/757 704/758 1718/765 1719/746
f 697/759 680/741 681/742 698/760
f 1719/746 1718/765 703/766 686/738
f 1317/1560 1318/1561 698/760 681/742
f 703/766 702/763 685/739 686/738
f 683/747 700/748 1318/1561 1317/1560
f 685/739 702/763 710/764 693/745
f 700/748 683/747 684/740 701/749
f 693/745 710/764 709/761 692/743
f 701/749 684/740 690/731 707/751
f 692/743 709/761 708/762 691/744
f 706/750 707/751 690/731 689/730
f 2785/2924 691/2923 708/2940 2800/2941
f 689/730 688/639 705/753 706/750
f 2786/2925 2785/2924 2800/2941 2801/2942
f 688/639 694/638 711/752 705/753
f 2779/2918 2786/2925 2801/2942 2794/2943
f 2795/2944 2780/2919 2779/2918 2794/2943
f 3770/2926 2780/2919 2795/2944 3769/2945
f 2781/2936 3770/2926 3769/2945 2796/2937
f 2781/2936 2796/2937 2788/2935 2773/2917
f 2772/2915 2773/2917 2788/2935 2787/2933
f 2782/2835 2797/2932 711/752 694/638
f 2787/2933 2791/2934 2776/2916 2772/2915
f 2783/2911 2798/2930 2797/2932 2782/2835
f 2791/2934 3387/3730 3388/3731 2776/2916
f 2798/2930 2783/2911 2784/2912 2799/2931
f 3387/3730 2789/2938 2774/2921 3388/3731
f 2793/2929 2799/2931 2784/2912 2778/2920
f 2789/2938 2790/2939 2775/2922 2774/2921
f 2792/2928 2793/2929 2778/2920 2777/2927
f 2777/2927 3385/3727 3386/3728 2792/2928
f 3385/3727 2775/2922 2790/2939 3386/3728
f 1718/765 704/758 696/756 695/754
f 700/748 701/749 695/767 699/768
f 701/749 707/751 1718/1866 695/767
f 1319/1562 1318/1561 700/748 699/768
f 697/1591 698/1592 1318/1561 1319/1562
f 707/751 706/750 703/1867 1718/1866
f 703/766 709/761 710/764 702/763
f 706/750 705/753 709/1868 703/1867
f 705/753 711/752 708/1869 709/1868
f 2797/2932 2800/4022 708/1869 711/752
f 2795/2944 2794/2943 2801/2942 2800/2941
f 2798/2930 2795/4021 2800/4022 2797/2932
f 2799/2931 3769/4020 2795/4021 2798/2930
f 3769/2945 2787/2933 2788/2935 2796/2937
f 2793/2929 2787/2947 3769/4020 2799/2931
f 2792/2928 2791/2946 2787/2947 2793/2929
f 3387/3729 2791/2946 2792/2928 3386/3728
f 2789/3758 3387/3729 3386/3728 2790/3759
