# AXM compact hm08 head seed
# Derived from pinned MakeHuman CC0 base.obj; see seed-manifest.json
o axm_hm08_head
v -0.3492 7.3299 1.4076
v -0.311 7.3315 1.4107
v -0.3481 7.3465 1.4062
v -0.3095 7.3456 1.4117
v -0.3487 7.3574 1.4039
v -0.308 7.3566 1.4103
v -0.3835 7.3242 1.4009
v -0.3849 7.3413 1.3972
v -0.3886 7.3508 1.393
v -0.4099 7.3169 1.3895
v -0.4154 7.331 1.385
v -0.423 7.339 1.3777
v -0.4279 7.3066 1.3788
v -0.4363 7.3188 1.3727
v -0.4462 7.3246 1.365
v -0.4337 7.3008 1.3734
v -0.4473 7.3085 1.3624
v -0.4582 7.3114 1.3514
v -0.4385 7.2937 1.3653
v -0.4521 7.2991 1.3548
v -0.4638 7.3001 1.342
v -0.4394 7.2874 1.358
v -0.4531 7.2897 1.3462
v -0.4645 7.2899 1.3358
v -0.4367 7.2823 1.355
v -0.4513 7.281 1.3462
v -0.4631 7.2784 1.3355
v -0.4336 7.2755 1.3562
v -0.4463 7.2714 1.3465
v -0.4584 7.2665 1.3339
v -0.4249 7.2677 1.3656
v -0.4313 7.2544 1.3572
v -0.4422 7.2435 1.3469
v -0.4086 7.257 1.3768
v -0.4142 7.2427 1.3697
v -0.4237 7.2315 1.363
v -0.3865 7.2481 1.3873
v -0.3927 7.2332 1.3822
v -0.3976 7.2201 1.3774
v -0.3597 7.2113 1.3915
v -0.3536 7.2243 1.3969
v -0.3519 7.2406 1.4016
v -0.3161 7.2096 1.4009
v -0.3097 7.2215 1.3981
v -0.3109 7.2395 1.4046
v -0.2708 7.2133 1.3995
v -0.2696 7.224 1.3978
v -0.276 7.2434 1.3986
v -0.2322 7.2216 1.3934
v -0.2332 7.2327 1.3932
v -0.241 7.2478 1.3915
v -0.1856 7.2391 1.3849
v -0.1937 7.2438 1.3837
v -0.21 7.2549 1.3795
v -0.2725 7.3227 1.4055
v -0.2682 7.3372 1.4082
v -0.2655 7.3477 1.408
v -0.2353 7.3097 1.3949
v -0.2303 7.3232 1.4012
v -0.2265 7.3319 1.4044
v -0.2093 7.2945 1.3918
v -0.2016 7.3061 1.3992
v -0.1964 7.3135 1.402
v -0.1817 7.2799 1.3835
v -0.174 7.284 1.3989
v -0.1678 7.2859 1.4006
v -0.1752 7.2736 1.3807
v -0.1676 7.2761 1.3942
v -0.1612 7.2762 1.3998
v -0.1757 7.2671 1.3781
v -0.1651 7.2673 1.3918
v -0.1583 7.2656 1.3982
v -0.1846 7.2588 1.3761
v -0.1675 7.2576 1.3887
v -0.1602 7.2545 1.3936
v -0.4442 7.1992 1.3345
v -0.4129 7.1829 1.3539
v -0.3698 7.1722 1.3779
v -0.3179 7.1697 1.3913
v -0.2625 7.176 1.3983
v -0.2145 7.1901 1.3934
v -0.1632 7.2214 1.3891
v -0.4636 7.3308 1.3402
v -0.4784 7.3149 1.3273
v -0.4841 7.3014 1.3195
v -0.4865 7.2885 1.3154
v -0.4867 7.2742 1.3131
v -0.4841 7.2563 1.3099
v -0.4668 7.2202 1.3182
v -0.3502 7.3738 1.3999
v -0.3059 7.3734 1.4073
v -0.395 7.3657 1.3825
v -0.4351 7.3502 1.3646
v -0.2593 7.3638 1.4106
v -0.2157 7.3477 1.412
v -0.1821 7.3289 1.4127
v -0.1484 7.2937 1.4117
v -0.1422 7.2787 1.4114
v -0.1409 7.2631 1.4091
v -0.1454 7.2447 1.3996
v -0.185 7.2941 1.3984
v -0.1788 7.2987 1.4006
v -0.1952 7.2848 1.3878
v -0.1603 7.3103 1.4108
v -0.1293 7.2967 1.4247
v -0.123 7.2788 1.4229
v -0.1225 7.2601 1.4202
v -0.1299 7.2378 1.416
v -0.1424 7.3165 1.4256
v -0.1055 7.3001 1.4449
v -0.0994 7.2784 1.4428
v -0.1003 7.2567 1.4412
v -0.1089 7.23 1.4365
v -0.1185 7.3232 1.4463
v -0.0812 7.3069 1.47
v -0.0757 7.2801 1.4686
v -0.078 7.2537 1.4677
v -0.0886 7.2217 1.4606
v -0.0925 7.3326 1.4701
v -0.0645 7.1705 1.5077
v -0.055 7.312 1.491
v -0.0515 7.2837 1.4905
v -0.0546 7.2526 1.4908
v -0.0666 7.2112 1.4883
v -0.0635 7.3397 1.4918
v -0.0332 7.1876 1.5278
v -0.0285 7.3178 1.5032
v -0.0271 7.2876 1.5044
v -0.0286 7.2574 1.5094
v -0.032 7.227 1.5145
v -0.0325 7.3464 1.5046
v 0 7.1963 1.5364
v 0 7.3231 1.5057
v 0 7.2916 1.5075
v 0 7.2609 1.5139
v 0 7.233 1.5223
v 0 7.3512 1.5074
v -0.4629 7.1764 1.3244
v -0.4293 7.1566 1.3512
v -0.38 7.1439 1.379
v -0.3206 7.1429 1.401
v -0.2588 7.1514 1.4109
v -0.2058 7.1688 1.4096
v -0.1493 7.2102 1.4061
v -0.4751 7.3375 1.3299
v -0.4933 7.3189 1.3127
v -0.5023 7.3029 1.3045
v -0.5057 7.2873 1.2995
v -0.5062 7.2697 1.2954
v -0.5048 7.2491 1.2949
v -0.4867 7.2021 1.3059
v -0.3519 7.3856 1.4022
v -0.3021 7.3866 1.413
v -0.4008 7.3749 1.382
v -0.4443 7.3569 1.3554
v -0.2503 7.3772 1.4203
v -0.2023 7.359 1.4248
v -0.1654 7.338 1.4262
v -0.5241 7.3044 1.2854
v -0.514 7.3239 1.2961
v -0.4922 7.3462 1.3167
v -0.1712 6.9974 1.4719
v -0.063 7.0869 1.556
v -0.0341 7.0978 1.5712
v 0 7.1046 1.583
v -0.1407 7.3489 1.446
v -0.1115 7.3603 1.47
v -0.078 7.3703 1.4932
v -0.0382 7.3767 1.5049
v 0 7.382 1.5092
v -0.3522 7.4063 1.4055
v -0.2928 7.409 1.4238
v -0.4086 7.3923 1.3801
v -0.4578 7.3693 1.3463
v -0.2324 7.3982 1.4402
v -0.1783 7.3762 1.4482
v -0.35 7.4301 1.4111
v -0.2774 7.4333 1.4379
v -0.4139 7.4161 1.3779
v -0.4688 7.3916 1.3399
v -0.2048 7.4222 1.4612
v -0.1485 7.3935 1.4693
v -0.1297 7.1108 1.468
v -0.4495 7.126 1.3467
v -0.2034 6.9603 1.4628
v -0.5289 7.2854 1.2797
v -0.5301 7.2637 1.2749
v -0.5283 7.2387 1.2727
v -0.5485 7.3092 1.2618
v -0.5349 7.3362 1.2779
v -0.5087 7.3639 1.3054
v -0.3942 7.1108 1.3816
v -0.4303 7.0406 1.3772
v -0.5543 7.2842 1.2539
v -0.5579 7.2557 1.2486
v -0.5538 7.2253 1.2462
v -0.5333 7.1598 1.2713
v -0.1577 6.9774 1.4854
v -0.0897 7.041 1.5597
v -0.0637 7.0525 1.5817
v -0.0367 7.0608 1.5991
v 0 7.0665 1.608
v -0.1146 7.0251 1.5359
v -0.1811 6.9431 1.4736
v -0.34 7.4636 1.4197
v -0.2558 7.4685 1.4553
v -0.4149 7.4468 1.3788
v -0.4771 7.4194 1.3337
v -0.1615 7.4572 1.4891
v -0.1063 7.41 1.4934
v -0.5678 7.3179 1.2363
v -0.5501 7.3521 1.2581
v -0.5244 7.3859 1.2923
v -0.4954 7.0618 1.3262
v -0.0974 7.1406 1.4862
v -0.5758 7.2838 1.2229
v -0.5823 7.2474 1.217
v -0.5814 7.2108 1.2177
v -0.5599 7.1351 1.2453
v -0.5278 7.0229 1.2994
v 0 7.4266 1.5172
v -0.0493 7.4194 1.5109
v -0.3373 7.5016 1.4232
v -0.2494 7.5124 1.4654
v -0.4188 7.4819 1.3766
v -0.4833 7.4515 1.3256
v -0.1703 8.1089 1.3046
v 0 7.4664 1.5241
v -0.0682 7.4647 1.5153
v -0.3382 7.5411 1.4241
v -0.247 7.5533 1.4692
v -0.423 7.5184 1.3726
v -0.4918 7.4836 1.3153
v -0.1537 7.5145 1.5027
v 0 7.5158 1.5294
v -0.0669 7.5153 1.5215
v -0.1475 7.558 1.5072
v 0 7.5602 1.5335
v -0.0636 7.5578 1.5258
v -0.3787 7.7833 1.3533
v -0.2693 7.8177 1.4145
v -0.4891 7.7355 1.2824
v -0.5776 7.6691 1.1867
v -0.1581 7.7103 1.4952
v 0 7.7191 1.5139
v -0.0601 7.7176 1.5103
v -0.4233 7.9395 1.2634
v -0.297 7.9828 1.3317
v -0.5406 7.8719 1.1777
v -0.6219 7.7734 1.0755
v -0.1623 7.8373 1.4528
v 0 7.8495 1.4727
v -0.0614 7.8478 1.4683
v -0.5859 7.3265 1.2062
v -0.5645 7.371 1.2353
v -0.534 7.4121 1.2771
v -0.5999 7.2851 1.1877
v -0.6036 7.2411 1.1786
v -0.6041 7.1961 1.1802
v -0.5864 7.1073 1.2137
v -0.6 7.3369 1.1691
v -0.5766 7.3882 1.2082
v -0.5411 7.4381 1.2573
v -0.6163 7.2857 1.1434
v -0.6675 7.3927 0.9465
v -0.6492 7.4938 1.0074
v -0.6246 7.5836 1.0922
v -0.6829 7.2872 0.903
v -0.6905 7.187 0.8833
v -0.6879 7.089 0.8745
v -0.6613 6.9044 0.9022
v -0.6802 7.5466 0.9105
v -0.6671 7.665 0.9799
v -0.6872 7.7052 0.9211
v -0.0872 6.8778 1.6197
v -0.0788 6.8862 1.6365
v -0.0884 6.9178 1.6368
v -0.0959 6.9671 1.6192
v -0.0945 6.9913 1.6037
v -0.0938 7.016 1.5862
v -0.1224 6.9827 1.5822
v -0.115 7.0033 1.5569
v -0.159 6.9502 1.5261
v -0.1592 6.9636 1.5117
v -0.1705 6.9265 1.5018
v -0.0806 6.813 1.5317
v -0.1394 6.8387 1.5004
v -0.136 6.8975 1.5808
v -0.1645 6.8614 1.4846
v -0.0664 7.0244 1.6078
v -0.0369 7.03 1.6221
v 0 7.034 1.631
v -0.0674 6.9707 1.6438
v -0.0348 6.9707 1.6595
v 0 6.9688 1.6689
v -0.0589 6.9167 1.6614
v -0.0295 6.9138 1.674
v 0 6.909 1.6807
v -0.0645 6.861 1.616
v -0.0543 6.8607 1.6252
v -0.052 6.8851 1.6553
v -0.0267 6.8828 1.6633
v 0 6.8809 1.6678
v -0.0524 6.8462 1.5955
v -0.0429 6.8396 1.6025
v -0.038 6.86 1.6294
v -0.0198 6.8565 1.6344
v 0 6.854 1.6405
v -0.052 6.831 1.5753
v -0.0429 6.8234 1.577
v -0.0289 6.8351 1.6014
v -0.0151 6.8304 1.6038
v 0 6.8268 1.6033
v -0.0577 6.8206 1.5522
v -0.0534 6.8064 1.5529
v -0.0266 6.8159 1.5762
v -0.0125 6.811 1.574
v 0 6.8053 1.5732
v -0.1582 6.8652 1.5081
v -0.1545 6.8867 1.5472
v -0.13 6.8468 1.5104
v -0.1217 6.8712 1.5804
v -0.1292 6.8845 1.5809
v -0.1458 6.8725 1.5537
v -0.1383 6.8643 1.5579
v -0.1395 6.8588 1.5234
v -0.1512 6.8558 1.5226
v -0.0878 6.8705 1.6079
v -0.0701 6.8608 1.6082
v -0.0557 6.8528 1.5889
v -0.0575 6.8394 1.5716
v -0.0629 6.8328 1.551
v -0.0816 6.8281 1.5333
v -0.1147 6.8247 1.5118
v -0.1137 6.836 1.5145
v -0.1145 6.9187 1.6104
v -0.1584 6.8999 1.5424
v -0.1687 6.881 1.5072
v -0.1226 6.9613 1.5938
v -0.1606 6.9375 1.5347
v -0.1694 6.9232 1.5139
v -0.0306 6.7987 1.5627
v -0.0139 6.7923 1.5677
v 0 6.7894 1.5627
v -0.1227 6.8527 1.5189
v -0.1105 6.8754 1.565
v -0.1265 6.8671 1.5518
v -0.1263 6.8633 1.5292
v -0.0834 6.8718 1.5892
v -0.0719 6.8678 1.5885
v -0.0601 6.8636 1.5793
v -0.0575 6.8521 1.5634
v -0.0665 6.8417 1.5483
v -0.0818 6.8383 1.535
v -0.1095 6.8441 1.5203
v -0.0719 6.7401 1.5606
v -0.0459 6.7328 1.5767
v -0.0177 6.7243 1.5742
v -0.1509 6.8366 1.4881
v -0.0824 6.8 1.5334
v -0.1191 6.808 1.5131
v -0.2714 6.5934 1.4105
v 0 6.7216 1.5706
v -0.2427 6.6597 1.4614
v -0.1012 6.883 1.6111
v -0.0983 6.8722 1.6011
v -0.0972 6.87 1.5868
v -0.1078 6.8985 1.6121
v -0.2662 6.6353 1.4323
v -0.2745 6.6089 1.4133
v -0.1889 6.5242 1.465
v -0.2293 6.5555 1.4342
v -0.2121 6.752 1.4771
v -0.2515 6.573 1.4189
v -0.2083 6.7215 1.483
v -0.2087 6.6897 1.4875
v -0.2499 6.7048 1.4565
v -0.2454 6.6823 1.4611
v -0.2731 6.6485 1.4294
v -0.288 6.6087 1.4086
v -0.2886 6.5836 1.4023
v -0.1123 6.8622 1.5318
v -0.1041 6.8724 1.5641
v -0.1139 6.8699 1.5486
v -0.118 6.8663 1.536
v -0.0863 6.8735 1.5791
v -0.0805 6.8718 1.5752
v -0.0729 6.8685 1.5694
v -0.0718 6.8621 1.5571
v -0.0794 6.8554 1.545
v -0.0881 6.851 1.5367
v -0.1014 6.8563 1.5318
v -0.0945 6.8736 1.5739
v -0.097 6.8722 1.5567
v -0.105 6.8686 1.5441
v -0.0892 6.8736 1.5666
v -0.0856 6.8685 1.5537
v -0.093 6.8636 1.5421
v -0.082 6.8713 1.5625
v -0.2605 6.5474 1.4121
v -0.2348 6.5269 1.4279
v -0.1917 6.504 1.4544
v -0.2668 6.6089 1.4153
v -0.264 6.5973 1.4128
v -0.2484 6.5809 1.4202
v -0.228 6.5663 1.4363
v -0.1865 6.5429 1.4728
v -0.2599 6.6281 1.4354
v -0.2391 6.6458 1.4619
v -0.1091 6.7162 1.5654
v -0.1787 6.687 1.5235
v -0.2108 6.667 1.4958
v -0.2343 6.6355 1.4617
v -0.2069 6.6549 1.4962
v -0.2296 6.6289 1.4632
v -0.2025 6.6447 1.4964
v -0.2209 6.6155 1.4585
v -0.1906 6.6245 1.4879
v -0.2117 6.6149 1.4488
v -0.1846 6.6147 1.4854
v -0.2073 6.6171 1.4402
v -0.1728 6.6165 1.4685
v -0.2589 6.6096 1.4172
v -0.2565 6.6022 1.4118
v -0.2538 6.6208 1.4374
v -0.2528 6.6087 1.4196
v -0.2528 6.6048 1.4139
v -0.2466 6.6167 1.4373
v -0.2463 6.6094 1.4174
v -0.2464 6.6078 1.4142
v -0.2335 6.6131 1.4352
v -0.2428 6.6108 1.4115
v -0.2439 6.6095 1.4072
v -0.2273 6.6132 1.4314
v -0.2409 6.6143 1.399
v -0.2441 6.612 1.3935
v -0.2221 6.6167 1.4227
v -0.2107 6.6062 1.4261
v -0.2117 6.6017 1.437
v -0.2197 6.5879 1.444
v -0.224 6.5787 1.4421
v -0.2426 6.5891 1.423
v -0.2379 6.5951 1.4249
v -0.2312 6.6041 1.4211
v -0.2294 6.6068 1.4117
v -0.2313 6.6077 1.3948
v -0.2174 6.6082 1.4041
v -0.1782 6.6749 1.5289
v -0.1755 6.6645 1.5267
v -0.1626 6.6307 1.5184
v -0.0515 6.7093 1.5955
v -0.1105 6.701 1.5703
v -0.1088 6.6885 1.5729
v -0.1045 6.6418 1.5566
v -0.0224 6.6983 1.5975
v 0 6.696 1.5973
v -0.0799 6.7186 1.5853
v -0.0806 6.7047 1.588
v -0.0803 6.6946 1.5905
v -0.077 6.6413 1.5657
v -0.0532 6.6957 1.5957
v -0.0533 6.684 1.5955
v -0.05 6.6352 1.5722
v -0.023 6.6839 1.5992
v -0.0233 6.6742 1.5981
v -0.0198 6.6295 1.5775
v 0 6.6826 1.6019
v 0 6.6712 1.6012
v 0 6.6297 1.5778
v -0.156 6.6146 1.5163
v -0.1014 6.6133 1.5452
v -0.0761 6.6127 1.5452
v -0.0466 6.6114 1.5488
v -0.0215 6.6095 1.5497
v 0 6.6081 1.553
v -0.1638 6.6063 1.4586
v -0.1724 6.5999 1.4789
v -0.1824 6.5773 1.4785
v -0.1837 6.5617 1.4765
v -0.1297 6.475 1.4831
v -0.1296 6.5135 1.5116
v -0.1107 6.6043 1.517
v -0.1151 6.5928 1.5173
v -0.1234 6.5648 1.5253
v -0.1277 6.5406 1.5168
v -0.0534 6.4615 1.5001
v -0.0571 6.4953 1.5417
v -0.0508 6.6011 1.5345
v -0.0511 6.5899 1.5419
v -0.0528 6.5544 1.5535
v -0.0544 6.5296 1.5489
v 0 6.4583 1.5032
v 0 6.4885 1.5565
v 0 6.6014 1.5396
v 0 6.5885 1.5512
v 0 6.5563 1.5657
v 0 6.5271 1.5616
v -0.196 6.6324 1.4904
v -0.2243 6.6214 1.4612
v -0.2391 6.6143 1.4354
v -0.2494 6.6089 1.4192
v -0.249 6.6067 1.4168
v -0.2148 6.5957 1.4419
v -0.2339 6.6002 1.4251
v -0.168 6.647 1.5218
v -0.1061 6.6645 1.5641
v -0.0785 6.666 1.5776
v -0.0515 6.6581 1.5828
v -0.0214 6.6509 1.586
v 0 6.6491 1.5887
v -0.1786 6.5903 1.4819
v -0.1196 6.5797 1.5248
v -0.0517 6.571 1.5529
v 0 6.5736 1.5593
v -0.0734 6.6198 1.5117
v -0.0949 6.6198 1.5073
v -0.1437 6.6183 1.4834
v -0.0508 6.6061 1.5312
v -0.1044 6.607 1.5077
v -0.1587 6.6097 1.443
v 0 6.6149 1.5144
v -0.019 6.6182 1.5076
v -0.0423 6.6183 1.508
v 0 6.6057 1.5271
v -0.206 6.6242 1.4296
v -0.1667 6.6268 1.4544
v -0.2419 6.6201 1.3812
v -0.2496 6.615 1.3739
v -0.2188 6.6233 1.4103
v -0.2395 6.606 1.3714
v -0.2122 6.6045 1.388
v -0.0726 6.6296 1.5043
v -0.0932 6.6295 1.4988
v -0.1419 6.629 1.4737
v -0.0552 6.6022 1.5105
v -0.096 6.6069 1.492
v -0.18 6.6042 1.4117
v 0 6.6269 1.5109
v -0.0181 6.6293 1.5068
v -0.0432 6.629 1.5065
v 0 6.6025 1.5086
v -0.1935 6.6473 1.4142
v -0.1564 6.653 1.4395
v -0.2469 6.6278 1.3634
v -0.256 6.6169 1.3576
v -0.2095 6.6433 1.3952
v -0.2293 6.59 1.3595
v -0.2008 6.5821 1.3712
v -0.0641 6.6646 1.4964
v -0.0863 6.6632 1.4847
v -0.1293 6.6608 1.4602
v -0.0638 6.5879 1.4881
v -0.1087 6.5914 1.4663
v -0.1714 6.5851 1.3907
v 0 6.6497 1.507
v -0.0156 6.6555 1.5042
v -0.0386 6.661 1.5013
v 0 6.5769 1.4964
v -0.1866 6.6875 1.4128
v -0.1537 6.6972 1.4363
v -0.2483 6.6469 1.3563
v -0.2608 6.6206 1.3457
v -0.2064 6.6797 1.3937
v -0.2287 6.5644 1.3518
v -0.1979 6.5513 1.3674
v -0.0613 6.7079 1.4968
v -0.0826 6.7088 1.4842
v -0.1253 6.7047 1.4592
v -0.0618 6.5454 1.4851
v -0.1158 6.5529 1.4541
v -0.1658 6.5508 1.3916
v 0 6.6996 1.5078
v -0.0153 6.7031 1.5052
v -0.037 6.7051 1.5031
v 0 6.5366 1.506
v -0.1817 6.7275 1.4092
v -0.1462 6.736 1.4338
v -0.2529 6.6678 1.3467
v -0.2661 6.6258 1.334
v -0.2044 6.7166 1.3895
v -0.2283 6.5462 1.3437
v -0.195 6.5272 1.3617
v -0.0583 6.7531 1.4915
v -0.0785 6.7523 1.4802
v -0.1234 6.7486 1.4534
v -0.0588 6.5076 1.4783
v -0.1181 6.5138 1.4418
v -0.1605 6.521 1.3876
v 0 6.7438 1.4999
v -0.015 6.747 1.4997
v -0.0355 6.7511 1.4972
v 0 6.5078 1.4967
v -0.182 6.7751 1.3917
v -0.1482 6.79 1.4128
v -0.265 6.694 1.3273
v -0.2779 6.6315 1.3127
v -0.2082 6.7604 1.373
v -0.2324 6.5199 1.32
v -0.1967 6.4905 1.3374
v -0.0576 6.8087 1.4671
v -0.0787 6.8088 1.4566
v -0.122 6.8004 1.4259
v -0.0453 6.4514 1.4311
v -0.1245 6.4617 1.3916
v -0.1598 6.4756 1.3583
v 0 6.7929 1.4682
v -0.0139 6.7987 1.473
v -0.0325 6.8049 1.4722
v 0 6.4527 1.4237
v -0.1958 6.8384 1.3303
v -0.1605 6.8586 1.3405
v -0.2915 6.7249 1.2797
v -0.3041 6.6441 1.2665
v -0.2273 6.8172 1.3175
v -0.2526 6.499 1.2673
v -0.211 6.4574 1.2795
v -0.0589 6.8865 1.3799
v -0.0864 6.8853 1.3723
v -0.1317 6.8717 1.3506
v -0.0609 6.4006 1.3471
v -0.1239 6.4239 1.3224
v -0.1707 6.4336 1.2949
v 0 6.8644 1.3795
v -0.0117 6.8728 1.3849
v -0.0341 6.8815 1.3839
v 0 6.4046 1.3379
v -0.2107 6.8989 1.2153
v -0.1826 6.9165 1.2171
v -0.3168 6.7538 1.1754
v -0.3265 6.659 1.1653
v -0.2453 6.8739 1.2113
v -0.2722 6.4891 1.1623
v -0.2319 6.4651 1.1622
v -0.067 6.9602 1.2344
v -0.0955 6.9582 1.2311
v -0.1498 6.9338 1.2219
v -0.0629 6.395 1.1847
v -0.1384 6.4141 1.1784
v -0.1914 6.4407 1.1698
v 0 6.9294 1.2385
v -0.0131 6.9423 1.24
v -0.0399 6.954 1.2373
v 0 6.3689 1.1989
v -0.2536 6.9334 1.0263
v -0.2237 6.9525 1.0268
v -0.3579 6.7824 1.0112
v -0.3636 6.6746 1.0023
v -0.2892 6.9064 1.0237
v -0.2959 6.489 1.0158
v -0.2528 6.4658 1.0062
v -0.0861 6.9937 1.0308
v -0.1223 6.9938 1.0301
v -0.1889 6.9669 1.0251
v -0.0741 6.4084 1.021
v -0.1495 6.4225 1.0159
v -0.2122 6.4361 1.009
v 0 6.9572 1.0474
v -0.0145 6.9713 1.038
v -0.0501 6.9853 1.0334
v 0 6.3912 1.0281
v -0.2481 6.8989 0.8262
v -0.2153 6.9194 0.8276
v -0.3602 6.7525 0.8097
v -0.3507 6.6645 0.8067
v -0.2866 6.8691 0.823
v -0.298 6.4903 0.8227
v -0.2775 6.3915 0.8046
v -0.0834 6.9559 0.8306
v -0.1179 6.9555 0.8294
v -0.1814 6.9308 0.8245
v -0.0824 6.238 0.6836
v -0.1707 6.2753 0.7114
v -0.2452 6.3224 0.7469
v 0 6.9265 0.8525
v -0.016 6.9401 0.8449
v -0.0501 6.95 0.8341
v 0 6.2249 0.6917
v -0.2162 6.8013 0.656
v -0.1812 6.8158 0.661
v -0.3223 6.7 0.633
v -0.3085 6.644 0.6113
v -0.2557 6.7802 0.6489
v -0.215 6.5227 0.6022
v -0.2076 6.4366 0.603
v -0.0687 6.8409 0.6685
v -0.0933 6.8406 0.6676
v -0.146 6.8211 0.6726
v -0.0649 6.3166 0.6148
v -0.1129 6.3387 0.6082
v -0.1663 6.3775 0.61
v 0 6.8243 0.6889
v -0.0169 6.8296 0.6777
v -0.0378 6.8363 0.6715
v 0 6.3045 0.6199
v -0.1512 6.6758 0.5712
v -0.1411 6.6967 0.5686
v -0.2283 6.6487 0.5602
v -0.212 6.6136 0.5639
v -0.1668 6.6692 0.5692
v -0.1665 6.5672 0.5695
v -0.1497 6.5491 0.5734
v -0.0521 6.7037 0.5692
v -0.0733 6.6881 0.5722
v -0.1141 6.7036 0.5674
v -0.0445 6.5182 0.5744
v -0.0824 6.5298 0.5788
v -0.1233 6.5326 0.5696
v 0 6.6804 0.589
v -0.0174 6.684 0.5875
v -0.0315 6.701 0.5711
v 0 6.5256 0.5873
v -0.2815 6.6644 1.4263
v -0.3065 6.6044 1.397
v -0.2584 7.695 1.4579
v -0.3541 7.668 1.4028
v -0.4513 7.6307 1.3389
v -0.5313 7.5811 1.262
v -0.6451 7.3655 1.0419
v -0.6617 7.2822 1.0035
v -0.6221 7.4458 1.0994
v -0.5861 7.5163 1.1785
v -0.1923 6.4724 1.4401
v -0.1292 6.4472 1.4675
v -0.0537 6.4311 1.4834
v 0 6.4303 1.4908
v -0.3026 6.5761 1.3928
v -0.0638 6.168 1.341
v -0.1443 6.1869 1.3181
v -0.1309 6.4115 1.4639
v -0.2693 6.5259 1.4039
v -0.2374 6.5013 1.4219
v -0.0584 6.3945 1.4866
v 0 6.1683 1.3778
v 0 6.3877 1.4983
v -0.1941 6.4353 1.4294
v -0.5552 6.651 1.0493
v -0.6007 6.7262 0.9796
v -0.5091 6.5107 1.0424
v -0.5729 6.7387 0.6068
v -0.5527 6.5791 0.7813
v -0.5123 6.4917 0.8663
v -0.4745 6.4321 0.9384
v -0.4429 6.388 1.0012
v -0.3558 6.2998 1.1108
v -0.059 6.1675 1.2867
v -0.4884 6.5532 0.6252
v -0.1377 6.1857 1.2578
v 0 6.1614 1.3455
v -0.5059 6.6051 0.5364
v -0.4489 6.4929 0.5913
v -0.4674 6.5281 0.5065
v -0.4069 6.3838 0.5431
v -0.4411 6.4271 0.4679
v -0.4071 6.248 0.4841
v -0.4329 6.2985 0.4171
v -0.4192 6.0961 0.412
v -0.4327 6.1222 0.3386
v -0.4582 5.9302 0.3306
v -0.4828 5.9669 0.2557
v -0.5318 5.7939 0.2605
v -0.5447 5.8062 0.1857
v -0.431 6.433 0.7762
v -0.4631 6.4903 0.7063
v -0.3857 6.3902 0.7128
v -0.4192 6.434 0.6585
v -0.3416 6.3137 0.6373
v -0.3742 6.3577 0.586
v -0.3353 6.1829 0.5737
v -0.3792 6.2132 0.5413
v -0.3704 6.0409 0.5352
v -0.3945 6.0668 0.4781
v -0.4082 5.894 0.4662
v -0.4395 5.9111 0.4017
v -0.4802 5.7613 0.3913
v -0.5021 5.773 0.3338
v -0.4001 6.3906 0.8362
v -0.2934 6.156 0.5989
v -0.3305 6.0164 0.5724
v -0.3735 5.8714 0.5245
v -0.4484 5.735 0.4631
v 0 6.1588 1.2949
v -0.0562 6.1744 1.1324
v -0.1238 6.1969 1.0977
v 0 6.1645 1.1405
v -0.3135 6.2867 0.9835
v -0.052 6.1791 1.011
v -0.1103 6.1937 0.9846
v 0 6.1687 1.0302
v -0.2707 6.2766 0.8815
v -0.0378 6.1645 0.8488
v -0.0815 6.1726 0.8335
v 0 6.1615 0.8517
v -0.2164 6.2046 0.7584
v -0.0286 6.0729 0.7447
v -0.1529 6.0866 0.7036
v -0.0653 6.0764 0.7335
v -0.1805 5.6504 0.7008
v 0 6.0719 0.7456
v -0.1924 6.1019 0.6761
v -0.0339 5.9333 0.7084
v -0.1589 5.9601 0.6541
v -0.0733 5.9356 0.699
v -0.1375 5.8042 0.6658
v 0 5.9307 0.7103
v -0.2048 5.9697 0.636
v -0.0466 5.7833 0.6895
v -0.1924 5.8107 0.657
v -0.0918 5.7879 0.6854
v -0.1142 5.9453 0.6813
v 0 5.7815 0.6917
v -0.2482 5.8235 0.637
v -0.0575 5.631 0.6954
v -0.2462 5.6667 0.6785
v -0.1157 5.6458 0.6922
v -0.1098 6.0787 0.7234
v 0 5.6374 0.6974
v -0.3113 5.674 0.6503
v -0.4881 6.5739 0.3906
v -0.4675 6.478 0.3607
v -0.4483 6.3518 0.3248
v -0.4482 6.1629 0.2527
v -0.4962 6.0001 0.178
v -0.5744 5.8344 0.1046
v -0.4861 6.6045 0.2563
v -0.4668 6.5086 0.234
v -0.4445 6.3874 0.2129
v -0.4614 6.211 0.1545
v -0.4985 6.0347 0.0924
v -0.5903 5.8862 0.0187
v -0.4612 6.6199 0.1174
v -0.4501 6.529 0.1027
v -0.4497 6.413 0.084
v -0.459 6.2487 0.0492
v -0.4897 6.0744 -0.0012
v -0.566 5.9191 -0.0638
v -0.4265 6.63 -0.0071
v -0.4218 6.5468 -0.0134
v -0.4175 6.4332 -0.0252
v -0.4217 6.2819 -0.0458
v -0.446 6.103 -0.0847
v -0.5111 5.9424 -0.1489
v -0.3563 6.6424 -0.0856
v -0.3475 6.5616 -0.085
v -0.3433 6.448 -0.0888
v -0.3438 6.2916 -0.1052
v -0.3453 6.106 -0.1438
v -0.4087 5.9524 -0.207
v -0.2494 6.6588 -0.1257
v -0.2393 6.5778 -0.1141
v -0.2339 6.4691 -0.1099
v -0.2362 6.3079 -0.1234
v -0.2494 6.1072 -0.168
v -0.3024 5.9559 -0.2392
v 0 6.6897 -0.1335
v 0 6.6028 -0.1097
v 0 6.4862 -0.0875
v 0 6.3199 -0.0989
v 0 6.1063 -0.1395
v 0 5.9416 -0.2341
v -0.702 7.0583 0.7287
v -0.7402 7.5018 0.4165
v -0.5408 8.1168 0.0604
v -0.4443 8.2145 0.0034
v -0.7313 7.7319 0.2937
v -0.6888 7.8574 0.2221
v -0.7329 7.4072 0.4543
v -0.6705 6.8377 0.6827
v -0.7011 7.1751 0.793
v -0.6982 7.0655 0.7778
v -0.6663 6.8461 0.7629
v -0.6964 7.2945 0.8158
v -0.6848 7.4204 0.8579
v -0.7342 7.442 0.5247
v -0.7278 7.3739 0.3993
v -0.7068 7.3033 0.3482
v -0.6488 7.0933 0.34
v -0.666 7.1544 0.332
v -0.6385 8.1058 0.3765
v -0.4362 8.3577 0.3138
v 0 8.4777 0.3158
v -0.5444 8.2459 0.343
v 0 8.4913 0.6961
v 0 8.4104 0.9715
v -0.3856 8.3294 0.924
v -0.5636 6.7716 0.5163
v -0.5103 6.6522 0.4254
v -0.5104 6.698 0.2849
v -0.4767 6.6956 0.1223
v -0.4283 6.6982 -0.0024
v -0.35 6.7098 -0.0919
v -0.2538 6.7217 -0.133
v -0.3553 6.3161 1.156
v -0.4581 6.4145 1.0499
v -0.5005 6.4694 0.9891
v -0.5378 6.5262 0.9089
v -0.5796 6.6127 0.8261
v -0.3415 7.5805 1.4212
v -0.2912 6.4928 1.3829
v -0.2483 6.463 1.4034
v -0.0374 7.0011 1.6434
v -0.2948 6.7418 1.4282
v -0.5352 7.0969 1.2808
v -0.563 7.0636 1.2505
v -0.486 7.1506 1.3137
v -0.5093 7.1826 1.2903
v -0.4706 7.0947 1.3384
v -0.508 7.1263 1.3006
v -0.1678 7.083 1.4551
v -0.411 7.0777 1.387
v -0.1176 7.185 1.4415
v -0.632 6.8146 0.9334
v -0.6072 6.7005 0.6967
v -0.6364 6.7219 0.7674
v -0.2158 6.2152 1.217
v -0.2231 6.2312 1.3031
v -0.4562 6.4483 1.1001
v -0.2907 6.2829 1.2487
v -0.3521 6.3342 1.1948
v -0.1472 6.1926 1.3453
v -0.0649 6.1747 1.3653
v -0.292 6.2577 1.1631
v -0.2224 6.2224 1.2696
v -0.2946 6.2688 1.2118
v -0.2619 6.2578 1.0239
v -0.2275 6.2524 0.9168
v -0.172 6.2211 0.9528
v -0.1967 6.2261 1.0632
v -0.3749 6.3561 0.8903
v -0.2637 6.1397 0.6201
v -0.2936 5.9969 0.5964
v -0.3469 5.8516 0.5834
v -0.4031 5.7128 0.5228
v -0.6525 6.8231 0.5952
v -0.5637 6.8145 0.4445
v 0 6.7598 -0.1515
v -0.6041 7.0198 0.3002
v -0.5529 7.0052 0.1373
v -0.5109 6.9987 0.0314
v -0.4538 7.0034 -0.073
v -0.3779 7.0057 -0.157
v -0.2851 6.9941 -0.2139
v 0 6.989 -0.2571
v -0.6253 7.0908 0.2769
v -0.5724 7.1039 0.1115
v -0.5306 7.1107 0.0056
v -0.4702 7.121 -0.101
v -0.3952 7.1288 -0.1905
v -0.3079 7.1256 -0.2593
v 0 7.1164 -0.3296
v -0.6503 7.1656 0.2646
v -0.6032 7.2125 0.0747
v -0.5546 7.2321 -0.0295
v -0.491 7.2498 -0.1348
v -0.4148 7.2647 -0.2306
v -0.3265 7.2684 -0.3031
v 0 7.2663 -0.3791
v -0.7026 7.3519 0.2862
v -0.6513 7.4431 0.0729
v -0.5991 7.4904 -0.0452
v -0.5283 7.5315 -0.1531
v -0.4468 7.5647 -0.2584
v -0.3544 7.5913 -0.3295
v 0 7.6357 -0.391
v -0.729 7.4505 0.3421
v -0.7087 7.6416 0.1815
v -0.6615 7.7449 0.0846
v -0.5987 7.847 -0.0197
v -0.5124 7.9446 -0.1382
v -0.4048 8.011 -0.2012
v 0 8.0801 -0.2604
v -0.4128 8.3912 0.6644
v -0.5333 8.2829 0.6464
v -0.5129 8.2441 0.8799
v -0.6467 7.8305 1.0103
v -0.6326 8.142 0.6218
v -0.7073 7.9778 0.5941
v -0.5609 7.9428 1.1079
v -0.7067 7.9505 0.4073
v -0.7443 7.7993 0.4428
v -0.7429 7.5394 0.5052
v -0.4425 8.0225 1.195
v -0.3127 8.0778 1.265
v -0.1595 7.9979 1.3813
v 0 8.0143 1.3948
v -0.0616 8.0101 1.3911
v -0.692 7.9616 0.7468
v -0.6182 8.1187 0.8167
v -0.7407 7.8148 0.5784
v -0.7306 7.8074 0.6939
v -0.055 6.166 1.2186
v -0.131 6.1866 1.1871
v 0 6.1555 1.2306
v -0.5362 6.7157 0.4753
v -0.2054 6.2166 1.1502
v -0.2808 6.2539 1.1008
v -0.339 6.2914 1.0529
v -0.5406 6.6689 0.5704
v -0.5394 6.6144 0.6584
v -0.5099 6.5342 0.7426
v -0.4398 6.4127 0.8904
v -0.4087 6.371 0.9502
v -0.4738 6.464 0.8222
v -0.5402 6.7637 0.3836
v -0.5853 7.0074 0.2297
v -0.6092 7.0964 0.197
v -0.6409 7.1844 0.1729
v -0.692 7.4 0.1884
v -0.7314 7.5409 0.2698
v -0.7521 7.655 0.4809
v -0.5975 8.0607 0.9572
v -0.6769 7.9237 0.864
v -0.7222 7.7849 0.7886
v -0.4851 8.1678 1.0415
v 0 8.2895 1.1671
v -0.0651 8.1239 1.3146
v 0 8.1256 1.3205
v -0.3535 8.2339 1.102
v -0.09 5.9493 -0.2313
v -0.054 6.685 -0.1354
v -0.049 6.6005 -0.1164
v -0.0941 8.2749 1.1621
v -0.1497 8.0686 -0.2535
v -0.126 7.6282 -0.3872
v -0.0559 6.7532 -0.1475
v -0.1519 8.4771 0.6926
v -0.1747 8.4575 0.3073
v -0.1159 7.2609 -0.3713
v -0.102 7.1154 -0.3205
v -0.0762 6.991 -0.2536
v -0.1196 8.3974 0.9698
v -0.0475 6.3253 -0.1061
v -0.0461 6.4865 -0.0951
v -0.0683 6.112 -0.1649
v -0.3554 6.3525 0.7607
v -0.3297 6.3282 0.8026
v -0.3058 6.271 0.6628
v -0.2751 6.2464 0.6972
v -0.1765 6.1908 0.7831
v -0.1323 6.1799 0.8137
v -0.1479 6.6761 -0.1324
v -0.1587 6.1154 -0.1927
v -0.2386 8.3787 0.9608
v -0.1519 6.7401 -0.1436
v -0.1794 6.9939 -0.2456
v -0.1372 6.477 -0.1098
v -0.191 5.9516 -0.233
v -0.2429 7.6127 -0.3705
v -0.2265 7.2627 -0.3541
v -0.209 7.1192 -0.305
v -0.279 8.0499 -0.2402
v -0.3019 8.4243 0.3057
v -0.1387 6.3132 -0.1207
v -0.2708 8.4542 0.6879
v -0.1409 6.5933 -0.118
v -0.2057 8.2615 1.147
v -0.3487 7.3318 1.389
v -0.3114 7.3316 1.3973
v -0.3806 7.3248 1.376
v -0.4067 7.3159 1.3602
v -0.4238 7.3088 1.3476
v -0.4297 7.3006 1.3437
v -0.434 7.2931 1.3409
v -0.435 7.2875 1.3389
v -0.4342 7.283 1.3386
v -0.4316 7.275 1.3412
v -0.4202 7.2676 1.3512
v -0.4009 7.2578 1.3647
v -0.3807 7.2493 1.3752
v -0.3497 7.2428 1.3877
v -0.3109 7.2415 1.3928
v -0.276 7.2442 1.3879
v -0.2438 7.2496 1.38
v -0.2178 7.2571 1.3676
v -0.272 7.3243 1.396
v -0.2353 7.3097 1.3848
v -0.2194 7.2952 1.3751
v -0.2087 7.2812 1.3697
v -0.203 7.2751 1.369
v -0.203 7.2683 1.3675
v -0.2108 7.2625 1.366
v -0.2139 7.2883 1.3724
v -0.3508 7.3255 1.3617
v -0.3141 7.325 1.368
v -0.3846 7.3209 1.3522
v -0.4066 7.317 1.3399
v -0.4217 7.3084 1.3277
v -0.428 7.3019 1.3218
v -0.4322 7.2943 1.3154
v -0.4335 7.2877 1.3109
v -0.4338 7.2816 1.3081
v -0.4347 7.2768 1.3077
v -0.4254 7.2662 1.3187
v -0.4017 7.2566 1.3362
v -0.3807 7.2519 1.3462
v -0.3528 7.2468 1.3554
v -0.3103 7.2467 1.3611
v -0.2774 7.2487 1.3573
v -0.2404 7.2546 1.3471
v -0.2222 7.2575 1.3421
v -0.2706 7.3184 1.3657
v -0.2354 7.3088 1.3574
v -0.2178 7.2988 1.348
v -0.2096 7.2827 1.3462
v -0.2048 7.2754 1.3457
v -0.2036 7.2715 1.3456
v -0.2081 7.265 1.3445
v -0.2146 7.2904 1.3461
v -0.3512 7.3748 1.3641
v -0.3087 7.3751 1.371
v -0.3865 7.3654 1.3528
v -0.4121 7.3522 1.3403
v -0.4298 7.3367 1.329
v -0.4407 7.3218 1.3209
v -0.4476 7.3071 1.3146
v -0.4513 7.2931 1.3105
v -0.4524 7.2794 1.3089
v -0.451 7.2665 1.31
v -0.4383 7.2406 1.3229
v -0.42 7.222 1.337
v -0.3939 7.205 1.3506
v -0.3555 7.1918 1.3629
v -0.3018 7.1882 1.3688
v -0.2597 7.1949 1.3643
v -0.2294 7.2057 1.3554
v -0.1983 7.2262 1.3405
v -0.2632 7.364 1.3704
v -0.2253 7.3443 1.362
v -0.2005 7.3228 1.3508
v -0.1794 7.2874 1.3326
v -0.1765 7.2731 1.3271
v -0.1776 7.2597 1.3273
v -0.1838 7.2438 1.3313
v -0.1867 7.3036 1.3411
v -0.3512 7.4102 1.3266
v -0.3044 7.4128 1.3329
v -0.3895 7.3968 1.3171
v -0.418 7.378 1.3066
v -0.4377 7.3573 1.2966
v -0.4504 7.337 1.2885
v -0.4582 7.3174 1.2822
v -0.4623 7.2984 1.278
v -0.4634 7.2793 1.2764
v -0.4617 7.2611 1.2775
v -0.4495 7.2261 1.2875
v -0.4325 7.2013 1.2981
v -0.4042 7.1763 1.31
v -0.3603 7.156 1.3217
v -0.3007 7.1498 1.3276
v -0.2524 7.16 1.3247
v -0.2209 7.1755 1.3185
v -0.1864 7.2069 1.3081
v -0.2545 7.4005 1.3335
v -0.2124 7.375 1.3279
v -0.1849 7.3449 1.3192
v -0.164 7.2937 1.3074
v -0.1625 7.2735 1.3056
v -0.1645 7.254 1.3036
v -0.1717 7.2316 1.3033
v -0.1703 7.3172 1.3112
v -0.3484 7.4299 1.2864
v -0.3004 7.4336 1.2908
v -0.3879 7.4151 1.2797
v -0.4177 7.3942 1.2718
v -0.4388 7.371 1.2639
v -0.4527 7.3476 1.257
v -0.4614 7.3248 1.2513
v -0.466 7.3021 1.2474
v -0.4672 7.2793 1.2456
v -0.4652 7.2575 1.2459
v -0.4528 7.2176 1.252
v -0.436 7.19 1.259
v -0.4069 7.1613 1.2678
v -0.3611 7.1375 1.2768
v -0.2991 7.1301 1.2827
v -0.2495 7.1417 1.2827
v -0.2176 7.159 1.2801
v -0.1809 7.1953 1.2753
v -0.2496 7.4215 1.2916
v -0.206 7.3944 1.2887
v -0.1768 7.3603 1.2838
v -0.1547 7.2993 1.2757
v -0.1536 7.2749 1.2735
v -0.1564 7.2515 1.2725
v -0.1647 7.2245 1.2732
v -0.1612 7.3275 1.2792
v -0.3444 7.437 1.2547
v -0.2975 7.4404 1.2575
v -0.3837 7.4225 1.25
v -0.4139 7.4016 1.2443
v -0.4357 7.3779 1.2382
v -0.4505 7.3534 1.2326
v -0.4598 7.329 1.2278
v -0.4648 7.3044 1.2243
v -0.466 7.2795 1.2223
v -0.4637 7.2561 1.2219
v -0.4508 7.2147 1.2251
v -0.434 7.1866 1.2293
v -0.405 7.1572 1.2352
v -0.3592 7.1327 1.2419
v -0.2976 7.125 1.2478
v -0.2489 7.1364 1.2502
v -0.2176 7.1535 1.2503
v -0.1801 7.1906 1.2494
v -0.2482 7.4286 1.2583
v -0.2055 7.4024 1.2571
v -0.1758 7.3684 1.2551
v -0.1518 7.3037 1.2515
v -0.1505 7.2769 1.2503
v -0.1536 7.2511 1.2495
v -0.1627 7.2217 1.2492
v -0.1591 7.3342 1.2531
v -0.3403 7.4379 1.23
v -0.1505 7.2794 1.2317
v -0.3788 7.4244 1.2269
v -0.1779 7.3721 1.2326
v -0.4312 7.3809 1.2183
v -0.4465 7.3563 1.214
v -0.4616 7.3061 1.2068
v -0.4628 7.2804 1.2047
v -0.2484 7.1373 1.2256
v -0.4472 7.2153 1.2048
v -0.4305 7.1877 1.2068
v -0.4017 7.1585 1.2103
v -0.3563 7.1342 1.2152
v -0.2959 7.1263 1.2212
v -0.4603 7.2565 1.2039
v -0.218 7.1537 1.2277
v -0.1807 7.1903 1.2291
v -0.4563 7.3314 1.2101
v -0.2073 7.4045 1.2328
v -0.2481 7.4292 1.2327
v -0.409 7.4043 1.2228
v -0.1524 7.3074 1.2321
v -0.2951 7.4406 1.2319
v -0.1536 7.2523 1.2311
v -0.1629 7.2219 1.23
v -0.1605 7.3385 1.2324
v -0.3362 7.4354 1.2077
v -0.1527 7.2822 1.214
v -0.3733 7.4232 1.2057
v -0.1819 7.3733 1.212
v -0.4254 7.3817 1.1998
v -0.4411 7.3577 1.1967
v -0.4566 7.3079 1.1905
v -0.4579 7.2821 1.1881
v -0.248 7.1419 1.2028
v -0.4422 7.2184 1.186
v -0.4256 7.1916 1.186
v -0.3971 7.1631 1.1875
v -0.3526 7.1395 1.1909
v -0.294 7.1317 1.1969
v -0.4554 7.2583 1.187
v -0.2186 7.1574 1.2067
v -0.1823 7.1928 1.21
v -0.4511 7.3332 1.1935
v -0.2102 7.4033 1.211
v -0.2488 7.4262 1.2097
v -0.403 7.4044 1.2029
v -0.1552 7.3105 1.2136
v -0.2931 7.4373 1.2087
v -0.1553 7.2548 1.2134
v -0.1645 7.2244 1.2117
v -0.1642 7.3413 1.2128
v -0.332 7.429 1.1846
v -0.1578 7.2851 1.1935
v -0.3666 7.4185 1.1834
v -0.1883 7.372 1.1898
v -0.4173 7.3801 1.1792
v -0.433 7.3573 1.1774
v -0.4483 7.3098 1.1717
v -0.4495 7.2845 1.1691
v -0.2488 7.1508 1.1782
v -0.4343 7.2238 1.1654
v -0.4178 7.1986 1.1637
v -0.3899 7.1715 1.1637
v -0.3477 7.1495 1.1659
v -0.2927 7.1419 1.1714
v -0.4472 7.2614 1.1679
v -0.2207 7.1648 1.1835
v -0.1859 7.1983 1.1882
v -0.443 7.3341 1.1749
v -0.2148 7.3988 1.188
v -0.2506 7.4194 1.1859
v -0.395 7.4014 1.1813
v -0.1611 7.3126 1.1924
v -0.2919 7.4299 1.1848
v -0.1599 7.2586 1.1929
v -0.1688 7.2291 1.1905
v -0.1708 7.3423 1.191
v -0.3278 7.4157 1.1573
v -0.1699 7.288 1.1655
v -0.358 7.4072 1.1566
v -0.2004 7.3665 1.1618
v -0.4042 7.3734 1.1534
v -0.4192 7.3533 1.1525
v -0.4329 7.3104 1.1473
v -0.4339 7.287 1.1448
v -0.2537 7.1668 1.1491
v -0.4199 7.2324 1.1408
v -0.4041 7.2103 1.1382
v -0.3784 7.1864 1.1373
v -0.3412 7.1672 1.1387
v -0.2931 7.1602 1.1428
v -0.432 7.2658 1.1438
v -0.2277 7.1783 1.1548
v -0.1958 7.2083 1.1595
v -0.4284 7.3326 1.1505
v -0.2241 7.3892 1.1601
v -0.2558 7.4065 1.1577
v -0.3834 7.3924 1.1548
v -0.174 7.3133 1.1641
v -0.2925 7.4158 1.1569
v -0.1715 7.2638 1.1649
v -0.1799 7.2367 1.162
v -0.184 7.3404 1.1626
v -0.3378 7.2421 1.0915
v -0.3306 7.2311 1.0938
v -0.3237 7.2209 1.0968
v -0.3037 7.2178 1.0975
v -0.3452 7.2735 1.088
v -0.2869 7.2318 1.0935
v -0.2758 7.2491 1.0906
v -0.3431 7.3156 1.0906
v -0.2835 7.3492 1.1001
v -0.2934 7.3575 1.1028
v -0.3289 7.35 1.0997
v -0.2654 7.3101 1.0918
v -0.3025 7.3647 1.1062
v -0.2638 7.2802 1.0899
v -0.2684 7.2645 1.0897
v -0.2699 7.325 1.0941
v -0.3455 7.2619 1.0892
v -0.2816 7.2391 1.092
v -0.2344 7.2114 1.1216
v -0.3983 7.2578 1.1136
v -0.2137 7.3333 1.1254
v -0.2091 7.2488 1.1234
v -0.2016 7.2709 1.1257
v -0.2965 7.3902 1.1257
v -0.2047 7.3115 1.1257
v -0.3634 7.3726 1.1231
v -0.2694 7.3828 1.1252
v -0.2454 7.3704 1.1258
v -0.3989 7.3257 1.1187
v -0.2221 7.2258 1.1221
v -0.2475 7.2023 1.12
v -0.4014 7.2713 1.1138
v -0.2971 7.19 1.1141
v -0.3329 7.1955 1.1119
v -0.3595 7.2101 1.1106
v -0.379 7.2281 1.1108
v -0.3918 7.2447 1.1125
v -0.2679 7.1944 1.117
v -0.4026 7.2886 1.1143
v -0.402 7.3077 1.1162
v -2.2172 5.2975 0.2559
v -2.0698 5.2479 0.557
v -1.899 5.2051 0.6451
v -1.5915 5.108 0.7934
v -1.4686 5.0218 0.8345
v -1.3826 4.9169 0.8732
v -1.3219 4.8229 0.9211
v -1.2747 4.7176 0.985
v -1.233 4.5923 1.0586
v -1.1837 4.4574 1.1453
v -1.769 5.3543 0.6999
v -1.9357 5.4027 0.6075
v -2.0885 5.4436 0.2634
v -1.4565 5.2245 0.8566
v -1.3256 5.1312 0.9088
v -1.2232 5.023 0.9587
v -1.1491 4.9221 1.0159
v -1.0991 4.8164 1.0883
v -1.0615 4.6927 1.155
v -1.0233 4.5577 1.2219
v -1.5842 5.4897 0.7269
v -1.7436 5.5803 0.6205
v -1.8529 5.6398 0.268
v -1.2589 5.3046 0.8893
v -1.0963 5.201 0.9542
v -0.9875 5.0879 1.0141
v -0.9082 4.9832 1.0748
v -0.8448 4.875 1.1423
v -0.8051 4.7557 1.1984
v -0.7666 4.6146 1.2622
v -1.3198 5.5422 0.7237
v -1.4147 5.629 0.5973
v -1.5132 5.7281 0.2635
v -1.0064 5.3488 0.8939
v -0.7773 5.238 0.9696
v -0.7189 5.0995 1.041
v -0.6663 4.9882 1.1028
v -0.6162 4.8702 1.1542
v -0.5856 4.7668 1.2001
v -0.5546 4.6146 1.2645
v -1.0353 5.5373 0.6586
v -1.1027 5.5862 0.5304
v -1.1767 5.6457 0.2522
v -0.7813 5.4113 0.842
v 0 5.0217 1.0242
v 0 4.9224 1.0629
v 0 4.7192 1.1425
v 0 4.5723 1.2031
v -0.6124 5.3568 0.9182
v -2.4127 5.0065 0.2413
v -2.2644 4.965 0.4923
v -2.1009 4.9212 0.554
v -1.7773 4.8405 0.5673
v -1.6511 4.7806 0.5225
v -1.5485 4.7022 0.5106
v -1.4739 4.6145 0.5249
v -1.4139 4.5084 0.5613
v -1.3505 4.3776 0.6172
v -1.272 4.2084 0.6892
v -2.531 4.802 0.2457
v -2.3714 4.7905 0.4964
v -2.2096 4.7442 0.5574
v -1.8841 4.6915 0.4761
v -1.7643 4.645 0.3247
v -1.7209 4.5712 0.1721
v -1.5235 4.5165 0.1942
v -1.4857 4.4293 0.2095
v -1.4538 4.3057 0.2336
v -1.4227 4.1293 0.2658
v -2.5988 4.6789 0.2344
v -2.4517 4.663 0.5009
v -2.2896 4.6217 0.5677
v -2.007 4.5364 0.4691
v -1.8854 4.5041 0.3204
v -1.8107 4.473 0.1606
v -2.2975 5.1891 0.249
v -2.17 5.1371 0.5338
v -1.9938 5.0928 0.6025
v -1.6844 4.998 0.7181
v -1.5712 4.9218 0.7413
v -1.4871 4.8248 0.7661
v -1.4185 4.7358 0.8037
v -1.3588 4.635 0.8591
v -1.2994 4.5138 0.9343
v -1.2372 4.3582 1.0374
v -2.4795 4.9137 0.2457
v -2.3071 4.882 0.4863
v -2.1469 4.8432 0.5486
v -1.8164 4.7817 0.503
v -1.6775 4.7051 0.3767
v -1.5653 4.6433 0.3581
v -1.4966 4.5695 0.3649
v -1.4473 4.4697 0.391
v -1.4014 4.3359 0.4345
v -1.3602 4.1518 0.4899
v -2.1812 5.2854 0.4275
v -2.0454 5.433 0.4469
v -1.8279 5.6297 0.4514
v -1.4854 5.7009 0.4304
v -1.1458 5.6281 0.3861
v -2.3698 4.9951 0.3797
v -2.4919 4.8083 0.3771
v -2.556 4.6816 0.3791
v -2.2697 5.1741 0.4077
v -2.4234 4.9079 0.3752
v -0.3326 5.5361 0.7395
v -0.2468 5.5158 0.7787
v -0.5396 5.5856 0.5004
v -0.6061 5.6219 0.4273
v -0.6542 5.6516 0.3435
v -0.3405 5.5998 -0.4633
v -0.1611 5.5818 -0.4221
v 0 5.5708 -0.4117
v -0.5183 5.6104 -0.4509
v -0.7001 5.622 -0.4171
v -0.8818 5.6505 -0.3534
v -0.4788 5.1876 0.9899
v 0 4.3685 1.2956
v -0.0706 4.3967 1.2853
v -0.1128 4.6322 1.193
v -0.2466 5.2731 0.9528
v -0.116 4.763 1.1401
v -0.1134 4.9256 1.0677
v -1.0063 5.6557 -0.2786
v -1.1125 5.676 -0.1988
v -1.1898 5.6969 -0.1029
v -1.2191 5.6938 0.0097
v -1.22 5.6942 0.1311
v -0.9687 5.6796 0.1573
v -0.9908 5.7049 0.0565
v -0.9847 5.7208 -0.0378
v -0.9389 5.7177 -0.1257
v -0.8746 5.7291 -0.21
v -0.7619 5.748 -0.2953
v -0.5931 5.7292 -0.3708
v -0.4364 5.7266 -0.3964
v 0 5.6958 -0.3435
v -0.1355 5.7087 -0.3601
v -0.2863 5.7218 -0.3921
v -0.237 5.8399 -0.3157
v -0.111 5.8324 -0.2981
v 0 5.8234 -0.2654
v -0.3671 5.8427 -0.3271
v -0.494 5.8395 -0.2996
v -0.6346 5.8452 -0.2243
v -0.7177 5.8268 -0.1401
v -0.7589 5.796 -0.056
v -0.1109 5.0309 1.0294
v -0.7739 5.7679 0.0286
v -0.769 5.7526 0.1148
v -0.7422 5.7199 0.2011
v -0.2531 5.047 1.0353
v -0.2474 4.9388 1.0714
v -0.2484 5.153 0.9901
v -0.4149 5.2997 0.9379
v -0.1607 5.5059 0.7896
v -0.403 5.5425 0.6597
v -0.6953 5.6802 0.2801
v -0.5484 5.4443 0.7189
v -0.2185 5.3934 0.8915
v -0.4531 5.4333 0.8199
v -0.3389 5.4135 0.8763
v -0.7488 5.5173 0.5396
v -0.8221 5.5537 0.4624
v -0.8818 5.6041 0.3556
v -0.9323 5.6513 0.2561
v -0.0565 5.4729 0.7621
v 0 5.4775 0.7482
v -0.1013 5.3707 0.8769
v 0 5.3771 0.8359
v -0.1165 5.2563 0.951
v 0 5.248 0.9423
v -0.1115 5.1356 0.9866
v 0 5.1283 0.988
v -0.2327 4.8001 1.1346
v -0.2101 4.6719 1.1882
v -0.1826 4.4623 1.2714
v -0.3661 4.5748 1.2496
v -0.4027 4.7315 1.1882
v -0.436 4.8493 1.138
v -0.4604 4.9573 1.0859
v -0.4828 5.0633 1.0449
v -0.386 5.4722 -0.4981
v -0.1787 5.4486 -0.4669
v 0 5.4312 -0.4523
v -0.592 5.4919 -0.483
v -0.779 5.5129 -0.4524
v -0.9587 5.5415 -0.4032
v -1.1301 5.5738 -0.345
v -1.2859 5.6211 -0.2744
v -1.4178 5.6691 -0.1728
v -1.5026 5.7251 -0.0418
v -1.5373 5.7422 0.1086
v -0.3976 5.34 -0.5186
v -0.1739 5.3164 -0.4908
v 0 5.3002 -0.4817
v -0.6334 5.3698 -0.5117
v -0.8225 5.3933 -0.4954
v -1.0261 5.4289 -0.4565
v -1.2508 5.4769 -0.408
v -1.47 5.5413 -0.3424
v -1.664 5.5891 -0.2357
v -1.8305 5.6384 -0.091
v -1.8793 5.6465 0.0882
v -1.3763 5.3371 -0.4563
v -1.2765 5.1646 -0.5047
v -1.2074 5.0053 -0.5246
v -1.1094 4.5175 -0.5471
v -1.0652 4.3834 -0.4859
v -1.004 4.2307 -0.3931
v -1.0679 5.2956 -0.5041
v -1.0407 5.1416 -0.5437
v -1.0054 4.9858 -0.5789
v -0.8885 4.5322 -0.5183
v -0.8634 4.3925 -0.481
v -0.8253 4.2431 -0.4214
v -0.8298 5.2565 -0.5311
v -0.8141 5.1099 -0.559
v -0.7949 4.9624 -0.6077
v -0.692 4.5468 -0.4575
v -0.6752 4.4088 -0.4445
v -0.6586 4.2518 -0.4221
v -0.6079 5.2198 -0.4923
v -0.5833 5.0748 -0.4695
v -0.569 4.9335 -0.4852
v -0.5283 4.5484 -0.4855
v -0.5189 4.4109 -0.4689
v -0.5093 4.256 -0.4451
v -0.3955 5.2006 -0.53
v -0.3904 5.0515 -0.5217
v -0.3834 4.9118 -0.5292
v -0.363 4.5457 -0.4886
v -0.3615 4.4116 -0.4727
v -0.3604 4.258 -0.4467
v -0.1915 5.1794 -0.511
v -0.1977 5.034 -0.52
v -0.1974 4.8893 -0.5167
v -0.1956 4.5517 -0.4791
v -0.2015 4.4259 -0.4626
v -0.2023 4.2552 -0.4384
v 0 5.1639 -0.4977
v 0 5.0203 -0.5017
v 0 4.8958 -0.4932
v 0 4.5585 -0.4533
v 0 4.4326 -0.4382
v 0 4.253 -0.4075
v -1.6517 5.4272 -0.3794
v -1.8645 5.4557 -0.2671
v -2.0026 5.4596 -0.1072
v -2.093 5.4451 0.0744
v -1.8285 5.3127 -0.3728
v -2.0139 5.3247 -0.2654
v -2.1405 5.3193 -0.1101
v -2.226 5.3077 0.0707
v -1.6225 5.2535 -0.4347
v -1.4798 5.1383 -0.4667
v -1.5226 4.9591 -0.4327
v -1.4297 4.4891 -0.2976
v -1.3746 4.3408 -0.2607
v -1.3233 4.1986 -0.2172
v -1.9453 5.1969 -0.3468
v -2.1079 5.2094 -0.2471
v -2.2433 5.2067 -0.1072
v -2.3047 5.2036 0.0746
v -1.7718 5.155 -0.4035
v -1.6269 5.0723 -0.429
v -1.3846 4.999 -0.4763
v -1.5072 4.3858 -0.1377
v -1.461 4.2828 -0.1194
v -1.41 4.1578 -0.0897
v -2.0849 4.9743 -0.2983
v -2.2289 5.0065 -0.2159
v -2.3498 5.0166 -0.0808
v -2.4186 5.0169 0.0819
v -1.9438 4.9283 -0.349
v -1.8196 4.8598 -0.3706
v -1.5913 4.5406 -0.2233
v -1.5972 4.4851 -0.1144
v -1.5175 4.3895 0.0272
v -1.4804 4.2827 0.0406
v -2.1444 4.8641 -0.2903
v -2.285 4.8919 -0.2028
v -2.4009 4.9096 -0.0764
v -2.4832 4.9195 0.0795
v -2.0049 4.8236 -0.3405
v -1.8869 4.7752 -0.3516
v -1.6628 4.5143 -0.2018
v -1.6559 4.4797 -0.0995
v -1.6472 4.5226 0.0345
v -2.2172 4.7289 -0.274
v -2.3477 4.768 -0.2036
v -2.464 4.7949 -0.0837
v -2.5287 4.8019 0.0791
v -2.0921 4.6936 -0.3058
v -1.9823 4.665 -0.3168
v -1.7491 4.4567 -0.1841
v -1.7344 4.4361 -0.0815
v -1.7195 4.4917 0.034
v -1.5733 4.5736 0.1894
v -2.3085 4.5791 -0.2659
v -2.4268 4.6222 -0.1961
v -2.5332 4.6615 -0.0789
v -2.5914 4.675 0.0791
v -2.1981 4.5377 -0.2997
v -2.101 4.5088 -0.2902
v -1.848 4.3637 -0.1583
v -1.8222 4.3406 -0.0774
v -1.8088 4.4177 0.0459
v -1.6444 4.6032 0.1899
v -1.5894 4.5102 0.0293
v -1.5484 4.465 0.0266
v -1.5241 4.5352 -0.2525
v -1.733 4.9766 -0.3954
v -1.5535 4.4525 -0.1285
v -2.2995 5.1128 -0.0915
v -2.3646 5.1093 0.0798
v -2.1763 5.1094 -0.2341
v -2.0219 5.086 -0.3197
v -1.8681 5.045 -0.3725
v -2.0541 5.0016 0.5718
v -2.2211 5.0421 0.5104
v -2.3535 5.0911 0.2441
v -1.4534 4.6688 0.6712
v -1.5277 4.759 0.645
v -1.6193 4.8439 0.6373
v -1.7362 4.9045 0.64
v -2.3195 5.075 0.3912
v -1.2541 4.2976 0.8895
v -1.321 4.4491 0.7876
v -1.3884 4.5668 0.7181
v -1.7219 4.7859 -0.3647
v -1.7898 4.7234 -0.3372
v -1.8911 4.6298 -0.2964
v -2.0166 4.4814 -0.2831
v -1.6251 4.8963 -0.3983
v -1.4402 4.1375 0.0608
v -1.1808 4.2193 -0.3204
v -1.2313 4.371 -0.3779
v -1.2743 4.5153 -0.4221
v -2.6938 4.5419 0.2334
v -2.5525 4.505 0.5128
v -2.4257 4.4518 0.5692
v -2.1552 4.3393 0.4783
v -2.038 4.3124 0.3484
v -1.9799 4.2816 0.1825
v -2.6528 4.5329 0.3895
v -2.424 4.4194 -0.2524
v -2.5314 4.4748 -0.1864
v -2.6344 4.5162 -0.0674
v -2.6857 4.5356 0.0864
v -2.3225 4.3691 -0.2932
v -2.2336 4.3326 -0.2861
v -1.9805 4.2287 -0.1447
v -1.9625 4.2193 -0.0583
v -1.9497 4.2525 0.0498
v -2.1516 4.2989 -0.2804
v -2.7976 4.3978 0.2588
v -2.6692 4.3438 0.5238
v -2.552 4.2606 0.5713
v -2.3068 4.1609 0.4845
v -2.2313 4.1119 0.355
v -2.1586 4.072 0.184
v -2.7627 4.3855 0.4209
v -2.5586 4.2543 -0.2484
v -2.6624 4.3134 -0.1726
v -2.7537 4.3634 -0.0522
v -2.797 4.3884 0.103
v -2.4646 4.2026 -0.2896
v -2.3802 4.1608 -0.2826
v -2.1342 4.0421 -0.1334
v -2.1194 4.0436 -0.0508
v -2.1145 4.0411 0.0465
v -2.2969 4.1189 -0.2741
v -2.9053 4.2671 0.2902
v -2.7831 4.1759 0.5425
v -2.6851 4.0824 0.5857
v -2.4605 3.9737 0.4817
v -2.368 3.9489 0.3558
v -2.3086 3.9066 0.2036
v -2.8751 4.247 0.4415
v -2.7035 4.108 -0.2271
v -2.7891 4.1676 -0.1473
v -2.8793 4.2161 -0.0235
v -2.9129 4.2469 0.1399
v -2.6144 4.0493 -0.2715
v -2.5365 4.0109 -0.2669
v -2.3019 3.8933 -0.1119
v -2.2809 3.8824 -0.0387
v -2.2737 3.8736 0.0611
v -2.4553 3.9675 -0.2589
v -3.0057 4.1445 0.3208
v -2.8676 4.0442 0.5584
v -2.7749 3.966 0.5855
v -2.5871 3.8162 0.4856
v -2.5092 3.7759 0.3592
v -2.4385 3.7492 0.2136
v -2.9627 4.1214 0.4593
v -2.8469 3.9781 -0.1875
v -2.9157 4.0381 -0.1031
v -2.9934 4.0928 0.0283
v -3.0151 4.1221 0.179
v -2.7683 3.9226 -0.2378
v -2.6935 3.8775 -0.244
v -2.4293 3.7523 -0.107
v -2.407 3.7387 -0.038
v -2.3945 3.7273 0.0682
v -2.6047 3.8381 -0.2357
v -0.807 3.8437 1.5752
v -0.7866 3.8414 1.5795
v -0.7687 3.8317 1.584
v -0.756 3.8163 1.5895
v -0.7505 3.7974 1.593
v -0.7531 3.7779 1.5956
v -0.7636 3.7608 1.5958
v -0.7804 3.7486 1.5931
v -0.8008 3.7433 1.5887
v -0.8213 3.7456 1.5839
v -0.8392 3.7552 1.5787
v -0.8514 3.7707 1.5748
v -0.8565 3.7896 1.5721
v -0.8538 3.8091 1.5706
v -0.8433 3.8263 1.5708
v -0.827 3.8384 1.5723
v -0.8061 3.8227 1.5818
v -0.7943 3.8213 1.5846
v -0.7839 3.8157 1.5876
v -0.7765 3.8068 1.5905
v -0.7733 3.7958 1.5928
v -0.7748 3.7844 1.5941
v -0.7809 3.7744 1.5944
v -0.7908 3.7674 1.5937
v -0.8026 3.7643 1.5911
v -0.8146 3.7656 1.5883
v -0.825 3.7712 1.5849
v -0.832 3.7802 1.5823
v -0.8349 3.7912 1.5803
v -0.8332 3.8026 1.5793
v -0.8271 3.8125 1.5792
v -0.8177 3.8196 1.5803
v -0.8094 3.9034 1.5558
v -0.7678 3.8986 1.5644
v -0.7312 3.879 1.5742
v -0.7054 3.8476 1.5843
v -0.6943 3.8091 1.5927
v -0.6996 3.7693 1.5976
v -0.7207 3.7344 1.5974
v -0.7548 3.7097 1.5901
v -0.7961 3.6988 1.5802
v -0.8375 3.7036 1.5681
v -0.8743 3.7232 1.5573
v -0.8999 3.7546 1.5533
v -0.9102 3.7932 1.5494
v -0.9047 3.8329 1.5474
v -0.8834 3.8678 1.5477
v -0.8501 3.8926 1.5505
v -0.794 4.0375 1.5046
v -0.7068 4.029 1.5204
v -0.6303 3.992 1.5386
v -0.5765 3.9322 1.5535
v -0.5543 3.8587 1.5741
v -0.5665 3.7826 1.5883
v -0.6116 3.7156 1.5933
v -0.6838 3.6679 1.5862
v -0.7689 3.6466 1.5583
v -0.8558 3.6552 1.5367
v -0.9266 3.695 1.5083
v -0.9837 3.752 1.4911
v -1.004 3.8256 1.4839
v -0.9919 3.9017 1.4766
v -0.9483 3.9686 1.4874
v -0.8785 4.0163 1.4926
v -0.7709 4.2531 1.405
v -0.6264 4.25 1.4163
v -0.488 4.183 1.4381
v -0.39 4.0705 1.471
v -0.3627 3.942 1.5098
v -0.3826 3.8197 1.5371
v -0.4471 3.7122 1.5576
v -0.5588 3.6201 1.5524
v -0.7253 3.5847 1.5201
v -0.8685 3.5972 1.4613
v -0.9984 3.6495 1.3857
v -1.086 3.752 1.3436
v -1.1016 3.8896 1.3314
v -1.0865 4.0115 1.3543
v -1.0195 4.1189 1.3918
v -0.909 4.2166 1.4042
v -0.7553 4.3683 1.3505
v -0.5829 4.354 1.3652
v -0.425 4.2847 1.3812
v -0.2845 4.1454 1.4131
v -0.2371 3.9891 1.4534
v -0.2661 3.8271 1.4963
v -0.3671 3.6843 1.5355
v -0.4972 3.5885 1.5389
v -0.7051 3.5378 1.4892
v -0.8853 3.5564 1.4131
v -1.0231 3.6217 1.317
v -1.137 3.7494 1.2261
v -1.1453 3.9257 1.2267
v -1.1559 4.122 1.2462
v -1.0689 4.2357 1.3128
v -0.9386 4.323 1.347
v -0.7429 4.5114 1.3011
v -0.5626 4.4938 1.3123
v -0.3838 4.4071 1.3224
v -0.1703 4.2239 1.3608
v -0.1233 4.022 1.4235
v -0.1476 3.8174 1.4848
v -0.2724 3.6315 1.5367
v -0.4507 3.5262 1.5437
v -0.6946 3.4638 1.4852
v -0.9274 3.4748 1.3416
v -1.0618 3.5846 1.2004
v -1.1215 3.7589 1.0853
v -1.1658 3.9736 1.1083
v -1.1947 4.2089 1.1406
v -1.1355 4.3458 1.2382
v -0.9902 4.4403 1.2882
v -0.8935 4.1059 1.4513
v -0.9839 4.0437 1.4404
v -0.8634 3.6235 1.5069
v -0.751 3.6144 1.5416
v -0.7822 4.1335 1.4622
v -0.9608 3.6709 1.4533
v -0.6677 4.1224 1.4785
v -1.0256 3.75 1.4332
v -0.4851 3.8016 1.5709
v -0.4689 3.9006 1.5475
v -0.5676 4.0743 1.4993
v -1.0528 3.8576 1.4125
v -0.545 3.7143 1.5826
v -0.498 3.9964 1.5211
v -1.0392 3.9566 1.4127
v -0.6255 3.6471 1.5768
v 0 4.2119 1.3564
v 0 3.9785 1.4336
v 0 3.7996 1.494
v 0 3.616 1.5502
v -0.0662 4.2142 1.359
v -0.0609 4.0123 1.4244
v -0.0885 3.803 1.4908
v -0.1421 3.621 1.5438
v -4.4866 1.8664 2.9792
v -4.579 1.7736 2.8901
v -4.6047 1.8276 2.9362
v -4.555 1.8778 2.9757
v -4.5551 1.9733 2.8727
v -4.6165 1.9215 2.8228
v -4.5956 1.855 2.7847
v -4.4914 1.9562 2.8828
v -4.4692 2.0157 2.7915
v -4.5762 1.9178 2.6807
v -4.5935 1.9748 2.7207
v -4.54 2.054 2.7338
v -4.5888 2.0018 2.6731
v -4.5626 1.9102 2.6325
v -4.4587 2.0499 2.7433
v -4.5425 2.023 2.7828
v -4.4677 1.9447 2.8794
v -4.4646 1.8516 2.9726
v -4.5352 1.8945 2.6121
v -4.5471 1.901 2.6738
v -4.5572 1.8311 2.7748
v -4.5521 1.7581 2.8771
v -4.4249 2.0264 2.7309
v -4.4414 1.9985 2.7835
v -4.5074 1.6923 3.174
v -4.5497 1.7374 3.1249
v -4.5043 1.6539 3.1995
v -4.5962 1.6295 3.1179
v -4.593 1.5986 3.1435
v -4.5384 1.5908 3.1998
v -4.5938 1.7028 3.0944
v -4.5766 1.7278 3.1094
v -4.5514 1.5996 3.2023
v -4.5712 1.7175 3.1134
v -4.5186 1.6502 3.2063
v -4.5932 1.6002 3.1572
v -4.5864 1.6907 3.101
v -4.5921 1.6293 3.1321
v -4.5182 1.6845 3.1803
v -4.5907 1.863 2.961
v -4.6014 1.9569 2.8486
v -4.5745 2.0353 2.7086
v -4.5816 2.008 2.7568
v -4.5437 1.7234 3.1312
v -4.4583 1.7771 2.8974
v -4.4663 1.8487 2.8186
v -4.437 1.9396 2.6364
v -4.4397 1.9078 2.7054
v -4.5516 1.753 3.1133
v -4.4927 1.7156 3.1436
v -4.5886 1.6336 3.0824
v -4.5974 1.7113 3.0848
v -4.5749 1.6034 3.1006
v -4.4838 1.6914 3.156
v -4.5814 1.741 3.0979
v -4.4963 1.5881 3.1677
v -4.4706 1.6551 3.0631
v -4.5863 1.7693 3.0723
v -4.4676 1.7428 3.0882
v -4.5531 1.6522 3.0185
v -4.6004 1.7403 3.0524
v -4.5773 1.6717 3.0195
v -4.4785 1.7595 3.0881
v -4.5484 1.7821 3.088
v -4.5848 1.9029 2.7176
v -4.5961 1.9579 2.76
v -4.5433 2.0077 2.8086
v -4.5521 1.8813 2.7141
v -4.4545 1.9812 2.8169
v -4.4781 1.9964 2.8216
v -4.5873 1.9925 2.7876
v -4.4486 1.8849 2.7521
v -4.601 1.9381 2.8708
v -4.5563 1.8211 2.7918
v -4.6241 1.8994 2.8404
v -4.5952 1.8428 2.7999
v -4.4625 1.8253 2.8404
v -4.5999 1.9169 2.8951
v -4.4666 1.9136 2.9119
v -4.5536 1.809 2.8064
v -4.5496 1.8063 3.0628
v -4.4812 1.7941 3.0511
v -4.5771 1.7099 2.9776
v -4.6042 1.7656 3.0263
v -4.549 1.6978 2.968
v -4.4686 1.7837 3.0439
v -4.5874 1.7926 3.0483
v -4.4718 1.7158 2.9937
v -4.4614 1.8119 2.8523
v -4.4646 1.8938 2.9296
v -4.558 1.9117 2.9449
v -4.484 1.9027 2.9408
v -4.6216 1.8792 2.8635
v -4.5583 1.9357 2.9213
v -4.5928 1.8279 2.8169
v -4.489 1.9253 2.9198
v -4.5897 1.8115 2.8391
v -4.6141 1.8587 2.8891
v -4.598 1.8946 2.9256
v -4.5516 1.7922 2.8271
v -4.4661 1.9566 2.8632
v -4.4885 1.9683 2.8648
v -4.5964 1.9702 2.8264
v -4.4603 1.8552 2.7991
v -4.4639 1.8388 2.8304
v -4.4664 1.9273 2.8966
v -4.4921 1.9407 2.9035
v -4.5557 1.9592 2.8993
v -4.5935 1.8744 2.7595
v -4.6054 1.9362 2.7977
v -4.551 1.9846 2.8523
v -4.5585 1.8475 2.751
v -4.5496 1.832 3.0277
v -4.5807 1.7323 2.9503
v -4.5496 1.7147 2.9435
v -4.5861 1.8189 3.0136
v -4.4717 1.7343 2.9672
v -4.4855 1.8185 3.028
v -4.6025 1.7902 2.9902
v -4.4697 1.8057 3.0222
v -4.5496 1.8175 3.0476
v -4.5796 1.72 2.9642
v -4.5504 1.7065 2.9553
v -4.5871 1.8026 3.034
v -4.4743 1.7267 2.9812
v -4.484 1.8056 3.0407
v -4.603 1.7773 3.0116
v -4.4696 1.7942 3.0338
v -4.4761 1.6096 3.123
v -4.4715 1.7199 3.1134
v -4.5992 1.7229 3.0682
v -4.5607 1.6263 3.0564
v -4.5834 1.6518 3.0488
v -4.5846 1.7541 3.0844
v -4.55 1.7676 3.1006
v -4.4806 1.7369 3.1118
v -4.442 1.8022 2.9244
v -4.4463 1.888 2.8484
v -4.4137 1.963 2.68
v -4.4195 1.9389 2.741
v -4.5176 1.6136 3.2088
v -4.5289 1.6199 3.2146
v -4.4798 1.6221 3.1775
v -4.457 1.6828 3.0753
v -4.4288 1.9238 2.7862
v -4.443 1.8627 2.873
v -4.4405 1.8446 2.8878
v -4.4583 1.7381 3.0131
v -4.4405 1.8944 2.8321
v -4.446 1.8771 2.8619
v -4.4556 1.7605 2.986
v -4.4597 1.7523 3.0004
v -4.4618 1.6496 3.1257
v -4.5021 1.7094 2.9646
v -4.4994 1.7158 2.9497
v -4.5051 1.8231 2.8056
v -4.4929 1.8396 2.7711
v -4.5124 1.594 3.0952
v -4.488 1.8676 2.7274
v -4.5406 1.5743 3.1412
v -4.5728 1.5883 3.1821
v -4.4779 1.8945 2.6849
v -4.5005 1.698 2.9764
v -4.5023 1.8089 2.8186
v -4.5025 1.6377 3.0426
v -4.5021 1.794 2.832
v -4.4681 1.9003 2.5865
v -4.5021 1.8313 2.7926
v -4.497 1.7528 2.8811
v -4.5693 1.5798 3.1768
v -4.5623 1.7127 3.111
v -4.5568 1.609 3.2023
v -4.5254 1.6452 3.2017
v -4.5834 1.6035 3.1613
v -4.579 1.6872 3.1031
v -4.5829 1.6272 3.1375
v -4.5213 1.6737 3.1776
v -4.5434 1.7148 3.1296
v -4.5364 1.6252 3.2074
v -4.5762 1.5988 3.1808
v -4.5653 1.6535 3.1685
v -4.5615 1.6277 3.1898
v -4.5506 1.6794 2.9878
v -4.5764 1.6959 2.9931
v -4.4699 1.6959 3.0141
v -4.5487 1.7949 3.0741
v -4.6016 1.7537 3.0389
v -4.5867 1.7813 3.0596
v -4.4665 1.767 3.059
v -4.4788 1.7807 3.064
v -4.4573 1.7147 3.0307
v -4.4981 1.6777 2.9967
v -4.7001 1.6046 2.8585
v -4.7795 1.5316 2.7483
v -4.8044 1.5842 2.7925
v -4.7545 1.6107 2.8512
v -4.7401 1.754 2.751
v -4.7981 1.7185 2.681
v -4.7705 1.659 2.6306
v -4.6822 1.7394 2.7566
v -4.6206 1.8291 2.6586
v -4.7241 1.7514 2.537
v -4.7596 1.8284 2.5776
v -4.6741 1.9232 2.5871
v -4.7513 1.8833 2.5084
v -4.6834 1.8084 2.4723
v -4.5743 1.8934 2.6083
v -4.6983 1.8537 2.641
v -4.6589 1.7283 2.7498
v -4.6765 1.5891 2.8549
v -4.6575 1.7778 2.4617
v -4.6898 1.7268 2.5256
v -4.7426 1.6384 2.6212
v -4.7434 1.5082 2.7377
v -4.5495 1.8762 2.5921
v -4.5939 1.8097 2.6415
v -4.7733 1.4249 3.0151
v -4.789 1.4617 2.9679
v -4.7767 1.395 3.0352
v -4.8306 1.3794 2.9278
v -4.8331 1.3382 2.9508
v -4.8074 1.3213 3.0214
v -4.8244 1.4331 2.9184
v -4.8103 1.4568 2.939
v -4.818 1.3339 3.0208
v -4.8054 1.4455 2.9435
v -4.7874 1.3924 3.0343
v -4.8355 1.3441 2.9648
v -4.8174 1.4268 2.9273
v -4.8321 1.3744 2.9405
v -4.7779 1.4197 3.0155
v -4.7935 1.6083 2.8225
v -4.7827 1.7457 2.7193
v -4.7286 1.9068 2.56
v -4.7396 1.8548 2.6132
v -4.7862 1.449 2.9698
v -4.6683 1.5253 2.7849
v -4.6405 1.6557 2.6755
v -4.5316 1.7837 2.4896
v -4.5891 1.7349 2.5708
v -4.789 1.4762 2.9599
v -4.7566 1.445 2.9999
v -4.8277 1.3868 2.9049
v -4.8266 1.4427 2.9098
v -4.8181 1.35 2.9187
v -4.7487 1.4075 3.0236
v -4.813 1.4679 2.9331
v -4.7614 1.31 3.001
v -4.7027 1.3941 2.9032
v -4.8122 1.4932 2.9152
v -4.7222 1.4773 2.9567
v -4.7795 1.4028 2.8505
v -4.8246 1.471 2.8867
v -4.8071 1.4257 2.8513
v -4.7391 1.4912 2.9569
v -4.7825 1.5045 2.9407
v -4.7334 1.7328 2.5561
v -4.7681 1.8001 2.6062
v -4.7056 1.8257 2.6685
v -4.7026 1.7049 2.5465
v -4.6113 1.7893 2.6721
v -4.6377 1.8096 2.6812
v -4.7503 1.8239 2.6418
v -4.5998 1.7149 2.6013
v -4.7836 1.7188 2.7413
v -4.7457 1.6228 2.6353
v -4.7996 1.6899 2.7065
v -4.7749 1.6412 2.6498
v -4.6406 1.6198 2.7071
v -4.7838 1.6774 2.7701
v -4.6686 1.6847 2.7897
v -4.7469 1.5961 2.6608
v -4.7714 1.529 2.9234
v -4.7296 1.5254 2.9272
v -4.7986 1.4595 2.8208
v -4.8202 1.4957 2.8602
v -4.7673 1.4406 2.8104
v -4.7099 1.5179 2.9218
v -4.8099 1.5212 2.8947
v -4.6883 1.4521 2.8535
v -4.6535 1.5691 2.7475
v -4.6692 1.639 2.8183
v -4.7465 1.6565 2.8136
v -4.6902 1.6475 2.8235
v -4.7974 1.656 2.7366
v -4.746 1.6875 2.7898
v -4.7752 1.6157 2.6776
v -4.6908 1.6894 2.7945
v -4.7752 1.5793 2.7092
v -4.7994 1.6258 2.7619
v -4.787 1.6479 2.7922
v -4.7382 1.5517 2.6979
v -4.6534 1.7432 2.7371
v -4.6769 1.7564 2.7402
v -4.7738 1.7705 2.6963
v -4.6328 1.6662 2.6623
v -4.6403 1.6394 2.6893
v -4.6628 1.7127 2.7647
v -4.6873 1.7202 2.7726
v -4.7401 1.7265 2.7681
v -4.765 1.6787 2.6141
v -4.7892 1.7413 2.6595
v -4.7297 1.7728 2.7284
v -4.7359 1.6535 2.6069
v -4.7646 1.5643 2.8961
v -4.7928 1.4898 2.7941
v -4.7629 1.4671 2.7827
v -4.8048 1.5596 2.8647
v -4.6906 1.4851 2.8304
v -4.7194 1.5569 2.9011
v -4.8143 1.5336 2.8316
v -4.7017 1.545 2.8982
v -4.7676 1.5468 2.911
v -4.7959 1.4746 2.8079
v -4.7653 1.4547 2.7976
v -4.8099 1.5415 2.8799
v -4.6886 1.4692 2.8417
v -4.7246 1.5423 2.9131
v -4.8198 1.5148 2.8459
v -4.7052 1.5309 2.9094
v -4.72 1.34 2.9531
v -4.7325 1.4424 2.9889
v -4.8246 1.4502 2.9008
v -4.7969 1.3677 2.8888
v -4.8188 1.4002 2.8811
v -4.8113 1.474 2.9272
v -4.7853 1.4855 2.9537
v -4.7494 1.468 2.9794
v -4.658 1.5441 2.8145
v -4.6355 1.6845 2.7135
v -4.4978 1.8487 2.5325
v -4.5778 1.7658 2.606
v -4.79 1.3478 3.0428
v -4.8025 1.3515 3.0385
v -4.7431 1.3432 3.0284
v -4.6925 1.4235 2.9327
v -4.5905 1.745 2.6381
v -4.6332 1.6479 2.7416
v -4.6426 1.595 2.7797
v -4.6789 1.4765 2.8853
v -4.6272 1.6975 2.7018
v -4.6343 1.6693 2.729
v -4.6802 1.5096 2.8608
v -4.6793 1.4921 2.8727
v -4.7083 1.3703 2.9807
v -4.7126 1.4537 2.8174
v -4.7127 1.4694 2.8057
v -4.6698 1.6202 2.6575
v -4.6626 1.6462 2.6317
v -4.7475 1.3359 2.9176
v -4.636 1.698 2.5693
v -4.7846 1.3016 2.9651
v -4.8295 1.3277 2.9951
v -4.6207 1.7238 2.5435
v -4.713 1.4381 2.828
v -4.67 1.5954 2.6763
v -4.7298 1.3844 2.8741
v -4.679 1.551 2.7168
v -4.5944 1.777 2.4426
v -4.6716 1.6352 2.6443
v -4.6907 1.509 2.7584
v -4.821 1.3128 2.9902
v -4.802 1.4399 2.9464
v -4.8206 1.3431 3.0176
v -4.7915 1.3821 3.0307
v -4.8325 1.346 2.9713
v -4.8131 1.4248 2.9286
v -4.8276 1.3739 2.9507
v -4.7839 1.4103 3.0113
v -4.7854 1.4443 2.9688
v -4.8076 1.3534 3.0292
v -4.8267 1.3336 2.9973
v -4.8118 1.3927 2.9828
v -4.8175 1.366 3.0035
v -4.7711 1.4263 2.8247
v -4.8013 1.4462 2.8321
v -4.6914 1.4322 2.8688
v -4.7775 1.5176 2.931
v -4.8218 1.4845 2.873
v -4.8103 1.5061 2.906
v -4.7168 1.5039 2.9355
v -4.7335 1.5121 2.9388
v -4.6817 1.4569 2.9014
v -4.7156 1.419 2.843
v -4.8226 1.5545 2.5955
v -4.8837 1.4995 2.4828
v -4.9046 1.529 2.5135
v -4.8716 1.5607 2.5761
v -4.8427 1.6928 2.5041
v -4.8799 1.6595 2.4371
v -4.8609 1.6209 2.4009
v -4.7899 1.6808 2.5278
v -4.7313 1.7612 2.4715
v -4.8076 1.7067 2.3293
v -4.8356 1.7657 2.3723
v -4.7653 1.8347 2.4193
v -4.8253 1.8174 2.3331
v -4.7411 1.7434 2.2661
v -4.6983 1.7969 2.4417
v -4.7876 1.7854 2.4414
v -4.763 1.6653 2.522
v -4.7941 1.5416 2.5921
v -4.7223 1.7052 2.2682
v -4.7814 1.6794 2.3235
v -4.8336 1.5978 2.3877
v -4.8551 1.4778 2.4702
v -4.6717 1.7736 2.4467
v -4.7097 1.7372 2.4661
v -4.9113 1.3134 2.7447
v -4.9184 1.3661 2.6879
v -4.9068 1.2781 2.7589
v -4.9525 1.2675 2.6476
v -4.9545 1.2372 2.6651
v -4.9218 1.2221 2.7246
v -4.9421 1.3395 2.6352
v -4.9358 1.3631 2.6573
v -4.9408 1.228 2.7315
v -4.9324 1.3539 2.6622
v -4.9229 1.2722 2.7569
v -4.9627 1.2422 2.6781
v -4.941 1.3318 2.643
v -4.9622 1.264 2.6598
v -4.9202 1.3053 2.7457
v -4.9028 1.5513 2.5446
v -4.8738 1.6829 2.4692
v -4.8076 1.8305 2.3787
v -4.8211 1.783 2.4094
v -4.9164 1.3556 2.6909
v -4.7733 1.4853 2.5107
v -4.7362 1.5992 2.435
v -4.64 1.7202 2.3344
v -4.682 1.673 2.3783
v -4.9173 1.3797 2.6812
v -4.8864 1.3336 2.7299
v -4.9414 1.2868 2.6242
v -4.9437 1.349 2.628
v -4.9321 1.2569 2.6326
v -4.8743 1.3054 2.7427
v -4.9364 1.3757 2.6503
v -4.8788 1.2316 2.6985
v -4.822 1.3244 2.617
v -4.9324 1.4097 2.6281
v -4.8347 1.3888 2.6857
v -4.8954 1.3348 2.5719
v -4.9354 1.3872 2.6019
v -4.9179 1.3516 2.5775
v -4.857 1.4062 2.6854
v -4.9078 1.4201 2.6553
v -4.823 1.6873 2.3519
v -4.8459 1.7358 2.3916
v -4.802 1.7605 2.4555
v -4.7956 1.6628 2.3403
v -4.725 1.7251 2.4786
v -4.7514 1.7447 2.4855
v -4.8328 1.7577 2.4225
v -4.6939 1.6562 2.3894
v -4.8836 1.6618 2.4814
v -4.8361 1.5813 2.3952
v -4.8895 1.6388 2.4504
v -4.8674 1.6017 2.4105
v -4.7482 1.5763 2.4511
v -4.8856 1.639 2.4925
v -4.7724 1.6361 2.5403
v -4.8381 1.5631 2.4059
v -4.898 1.4543 2.639
v -4.8477 1.4477 2.6597
v -4.9054 1.398 2.5457
v -4.9301 1.4242 2.5791
v -4.8752 1.3833 2.537
v -4.8205 1.4374 2.6554
v -4.9267 1.4431 2.6072
v -4.8112 1.3975 2.5698
v -4.7498 1.5644 2.458
v -4.775 1.6175 2.5493
v -4.8601 1.6313 2.5343
v -4.8009 1.629 2.5568
v -4.8904 1.618 2.4637
v -4.8592 1.655 2.5232
v -4.8699 1.5824 2.4238
v -4.7977 1.6503 2.5463
v -4.8697 1.5627 2.4357
v -4.8916 1.5952 2.4756
v -4.8885 1.6169 2.5037
v -4.8411 1.5499 2.4159
v -4.7572 1.682 2.512
v -4.784 1.6984 2.5161
v -4.8633 1.7021 2.4577
v -4.7285 1.6076 2.4231
v -4.7421 1.5928 2.4431
v -4.7674 1.6539 2.5292
v -4.7934 1.6675 2.5364
v -4.8535 1.6769 2.5143
v -4.8501 1.6441 2.3899
v -4.8706 1.6796 2.4258
v -4.8317 1.7082 2.4905
v -4.824 1.617 2.3759
v -4.8845 1.4946 2.6149
v -4.8984 1.4404 2.5214
v -4.873 1.4184 2.512
v -4.9163 1.4849 2.577
v -4.7965 1.4248 2.5482
v -4.8409 1.4887 2.6349
v -4.9154 1.4689 2.5471
v -4.8132 1.4785 2.6335
v -4.8905 1.4731 2.6273
v -4.9026 1.418 2.5344
v -4.8748 1.3985 2.5263
v -4.9204 1.4633 2.5936
v -4.8062 1.4085 2.5615
v -4.8453 1.4657 2.6487
v -4.922 1.4418 2.5637
v -4.8177 1.4551 2.6456
v -4.8436 1.2685 2.6607
v -4.8521 1.3434 2.7134
v -4.9413 1.3679 2.6182
v -4.9172 1.2879 2.607
v -4.9339 1.3159 2.6041
v -4.9343 1.3917 2.6405
v -4.9131 1.3991 2.6688
v -4.8736 1.3705 2.708
v -4.7651 1.504 2.5469
v -4.7327 1.6239 2.4778
v -4.6366 1.7561 2.3966
v -4.6773 1.6954 2.4216
v -4.9093 1.2372 2.747
v -4.9299 1.2389 2.7487
v -4.8689 1.2519 2.7245
v -4.8117 1.3444 2.6489
v -4.6897 1.678 2.4316
v -4.7433 1.6 2.4936
v -4.7448 1.5851 2.5021
v -4.7998 1.4125 2.6063
v -4.723 1.6344 2.4674
v -4.7395 1.6172 2.4847
v -4.7854 1.4418 2.5821
v -4.7955 1.4254 2.5975
v -4.8341 1.2925 2.688
v -4.8288 1.3981 2.5373
v -4.822 1.4128 2.5227
v -4.7726 1.5811 2.4039
v -4.759 1.5985 2.3898
v -4.8684 1.2595 2.6338
v -4.7282 1.6435 2.3563
v -4.8969 1.2234 2.6704
v -4.9542 1.2225 2.7139
v -4.7154 1.6615 2.3423
v -4.8361 1.3848 2.5461
v -4.7794 1.5671 2.4146
v -4.8468 1.3153 2.5911
v -4.7803 1.5528 2.4242
v -4.6611 1.7063 2.2677
v -4.7672 1.5889 2.3971
v -4.8028 1.4726 2.4786
v -4.9403 1.2159 2.7026
v -4.9242 1.3451 2.6642
v -4.9437 1.2392 2.7277
v -4.9263 1.278 2.7472
v -4.9619 1.2485 2.6877
v -4.938 1.3272 2.6466
v -4.9595 1.2677 2.6682
v -4.9217 1.3019 2.7385
v -4.9145 1.3492 2.6911
v -4.9341 1.2476 2.742
v -4.9517 1.2337 2.7129
v -4.9475 1.2843 2.7074
v -4.9506 1.2665 2.7181
v -4.8801 1.3669 2.5487
v -4.9096 1.3792 2.5582
v -4.8119 1.3749 2.5817
v -4.9023 1.4382 2.6464
v -4.932 1.4064 2.5905
v -4.9298 1.4265 2.6177
v -4.824 1.4191 2.6662
v -4.8509 1.4308 2.6702
v -4.8006 1.3923 2.6188
v -4.8398 1.3661 2.5558
v -4.8143 1.5373 2.313
v -4.8485 1.4949 2.2066
v -4.8791 1.5229 2.239
v -4.8661 1.5362 2.2851
v -4.8562 1.6405 2.2428
v -4.8704 1.6195 2.1936
v -4.8335 1.5759 2.1641
v -4.7964 1.6318 2.2851
v -4.7643 1.7088 2.2503
v -4.8019 1.6476 2.1252
v -4.8369 1.7002 2.1564
v -4.8075 1.7909 2.1807
v -4.8147 1.7627 2.1274
v -4.7775 1.689 2.0942
v -4.7499 1.7452 2.2397
v -4.8219 1.7284 2.2038
v -4.7702 1.6161 2.2788
v -4.7917 1.5302 2.3115
v -4.7472 1.6609 2.099
v -4.7734 1.6276 2.1228
v -4.8041 1.5591 2.1587
v -4.8264 1.4824 2.2006
v -4.7293 1.7119 2.2475
v -4.7398 1.6933 2.2512
v -4.8624 1.3633 2.3823
v -4.8772 1.3861 2.3507
v -4.8615 1.3431 2.3905
v -4.8903 1.3191 2.3092
v -4.8895 1.3029 2.3155
v -4.8807 1.2898 2.3661
v -4.8892 1.3612 2.3116
v -4.8855 1.3777 2.3287
v -4.8896 1.2953 2.3666
v -4.8855 1.3721 2.3318
v -4.8705 1.3404 2.3898
v -4.8955 1.3056 2.3226
v -4.8902 1.358 2.3134
v -4.8959 1.32 2.316
v -4.8717 1.358 2.3821
v -4.88 1.5337 2.2634
v -4.8698 1.6352 2.2173
v -4.8197 1.7801 2.1525
v -4.8338 1.7191 2.1796
v -4.8779 1.3793 2.3526
v -4.7671 1.4876 2.2398
v -4.7429 1.5684 2.2074
v -4.6982 1.6694 2.1699
v -4.7155 1.639 2.1815
v -4.8765 1.398 2.3467
v -4.8492 1.3796 2.3761
v -4.8838 1.3281 2.2941
v -4.8888 1.3713 2.3044
v -4.8786 1.3097 2.2993
v -4.8424 1.3596 2.3837
v -4.8861 1.3881 2.3236
v -4.845 1.2853 2.3551
v -4.7901 1.3714 2.2972
v -4.8914 1.4271 2.308
v -4.817 1.4202 2.3546
v -4.8522 1.3749 2.2521
v -4.8928 1.4117 2.2833
v -4.8705 1.3859 2.2545
v -4.8359 1.4312 2.3543
v -4.8785 1.4351 2.3325
v -4.8101 1.6309 2.1355
v -4.8427 1.674 2.1664
v -4.8309 1.6996 2.2148
v -4.7825 1.6129 2.131
v -4.7456 1.6726 2.2547
v -4.77 1.6891 2.2569
v -4.8432 1.6928 2.1914
v -4.724 1.6219 2.1837
v -4.8727 1.6135 2.228
v -4.8105 1.5418 2.1687
v -4.8729 1.5999 2.204
v -4.8379 1.5584 2.1749
v -4.7534 1.5335 2.2228
v -4.8736 1.5899 2.2397
v -4.7789 1.5785 2.2919
v -4.814 1.5273 2.1774
v -4.8744 1.4791 2.3121
v -4.8288 1.4748 2.3364
v -4.8639 1.434 2.2319
v -4.8905 1.4625 2.2636
v -4.843 1.4228 2.2271
v -4.8087 1.4678 2.3351
v -4.889 1.4756 2.2885
v -4.7816 1.4272 2.2697
v -4.7589 1.5164 2.2287
v -4.784 1.5552 2.3001
v -4.8618 1.568 2.2722
v -4.8091 1.5647 2.3023
v -4.8733 1.5773 2.2165
v -4.8591 1.5944 2.262
v -4.8409 1.5417 2.1844
v -4.8038 1.5886 2.2957
v -4.8426 1.5213 2.1937
v -4.8748 1.5495 2.2257
v -4.8754 1.5657 2.2514
v -4.8167 1.5094 2.1875
v -4.7668 1.6354 2.2728
v -4.7917 1.6523 2.2778
v -4.8626 1.6532 2.2107
v -4.7384 1.5855 2.1999
v -4.7481 1.55 2.2154
v -4.7748 1.597 2.2856
v -4.8004 1.6098 2.2905
v -4.8586 1.6185 2.2524
v -4.8287 1.5936 2.154
v -4.8638 1.6353 2.1852
v -4.8478 1.659 2.235
v -4.7993 1.5756 2.1497
v -4.8684 1.508 2.2994
v -4.8567 1.4641 2.2199
v -4.837 1.4521 2.2142
v -4.883 1.5047 2.2768
v -4.7802 1.4561 2.2569
v -4.8212 1.5054 2.3258
v -4.8836 1.4924 2.2527
v -4.7999 1.4992 2.3227
v -4.871 1.4944 2.3051
v -4.8601 1.4492 2.2257
v -4.8396 1.4398 2.2197
v -4.8855 1.4922 2.2824
v -4.7823 1.4412 2.2629
v -4.8253 1.4896 2.3308
v -4.8871 1.4781 2.2586
v -4.8061 1.4828 2.3284
v -4.8061 1.3152 2.3281
v -4.8282 1.3867 2.3697
v -4.8927 1.3886 2.2942
v -4.8675 1.3318 2.2784
v -4.8785 1.349 2.2749
v -4.8916 1.405 2.317
v -4.88 1.4175 2.344
v -4.842 1.4042 2.3657
v -4.761 1.4988 2.2666
v -4.74 1.5782 2.229
v -4.6919 1.7055 2.2118
v -4.7146 1.6535 2.2042
v -4.8693 1.3036 2.383
v -4.8798 1.3087 2.3839
v -4.834 1.3052 2.3776
v -4.7873 1.3841 2.3226
v -4.7227 1.634 2.2062
v -4.7488 1.5448 2.2454
v -4.7542 1.5249 2.2521
v -4.779 1.4401 2.2978
v -4.7367 1.596 2.2218
v -4.7444 1.5609 2.2383
v -4.7759 1.4671 2.2805
v -4.7787 1.4524 2.2885
v -4.8017 1.3338 2.3508
v -4.7967 1.4342 2.2393
v -4.7932 1.4481 2.235
v -4.759 1.5427 2.1953
v -4.7487 1.5764 2.1793
v -4.8245 1.3071 2.3036
v -4.7328 1.6124 2.1619
v -4.858 1.2794 2.3275
v -4.8955 1.2921 2.3448
v -4.7239 1.6268 2.1569
v -4.7973 1.4175 2.2454
v -4.7649 1.5271 2.2019
v -4.8068 1.363 2.272
v -4.7719 1.5101 2.2081
v -4.7073 1.6532 2.1466
v -4.7539 1.5599 2.1868
v -4.7816 1.4791 2.2188
v -4.887 1.2863 2.3412
v -4.8847 1.3671 2.3331
v -4.8947 1.3048 2.3654
v -4.8769 1.3348 2.3844
v -4.8954 1.3108 2.3274
v -4.8881 1.353 2.3168
v -4.8942 1.3205 2.3213
v -4.8718 1.3527 2.3789
v -4.8765 1.3742 2.3537
v -4.8848 1.3147 2.3798
v -4.8978 1.2996 2.3465
v -4.8882 1.3373 2.35
v -4.8912 1.3245 2.355
v -4.8469 1.4083 2.2341
v -4.8664 1.4158 2.2401
v -4.7822 1.4111 2.2775
v -4.8757 1.4607 2.3192
v -4.8913 1.4406 2.2721
v -4.89 1.455 2.2969
v -4.8104 1.4506 2.3419
v -4.8313 1.4583 2.3432
v -4.7798 1.4247 2.3063
v -4.7984 1.4029 2.2511
v -3.9118 2.1358 2.6379
v -4.0829 2.128 2.6982
v -4.0239 2.1768 2.6968
v -3.9218 2.1751 2.6635
v -3.9216 2.0971 2.6181
v -4.0823 2.0967 2.6674
v -3.8669 2.0342 2.7921
v -3.9 2.0782 2.7709
v -3.8547 1.9997 2.8191
v -3.9988 2.0783 2.8466
v -3.9931 2.0394 2.8713
v -3.9328 1.9815 2.8756
v -3.9745 2.101 2.8093
v -3.9384 2.1031 2.7803
v -3.9148 2.0013 2.8978
v -3.9367 2.0941 2.7869
v -3.857 2.0121 2.8497
v -3.967 2.0446 2.8923
v -3.9687 2.0958 2.8216
v -3.9794 2.0817 2.8556
v -3.869 2.036 2.8078
v -3.9627 2.1976 2.6885
v -3.8982 2.0741 2.7791
v -4.0255 2.0544 2.6191
v -3.903 2.0864 2.7592
v -3.869 2.0436 2.7708
v -4.0148 2.0787 2.8302
v -3.9814 2.1052 2.7982
v -4.0148 2.0401 2.8445
v -3.862 2.0021 2.7831
v -3.9411 2.1108 2.7721
v -3.9475 1.9736 2.8419
v -3.9869 1.9911 2.7447
v -3.9481 2.1311 2.7539
v -3.888 2.0231 2.7202
v -4.0469 2.0491 2.7796
v -3.9964 2.1186 2.7718
v -4.0419 2.0862 2.7871
v -3.8829 2.0677 2.725
v -3.9097 2.1104 2.7343
v -3.9145 2.1328 2.7126
v -3.8951 2.0922 2.6919
v -4.0591 2.0991 2.7503
v -4.0083 2.136 2.7474
v -4.0687 2.0674 2.7277
v -3.9033 2.0512 2.675
v -3.9535 2.1531 2.7362
v -4.0097 2.016 2.679
v -4.0355 2.0696 2.5865
v -3.9308 2.1162 2.5905
v -3.932 2.1919 2.6316
v -3.9204 2.1537 2.6102
v -4.095 2.1485 2.6642
v -4.0349 2.1944 2.6671
v -3.9741 2.2132 2.66
v -4.0974 2.1146 2.6361
v -3.9153 2.1595 2.6862
v -4.0696 2.1159 2.7164
v -4.0765 2.0843 2.6927
v -3.9569 2.1818 2.7126
v -4.0169 2.0327 2.6451
v -3.9049 2.1185 2.6611
v -4.0172 2.1586 2.7183
v -3.9143 2.0771 2.6423
v -3.9128 2.145 2.702
v -4.0648 2.105 2.7348
v -4.0733 2.0745 2.7116
v -3.953 2.1679 2.7279
v -4.0131 2.0234 2.6599
v -3.8995 2.1034 2.6791
v -4.0123 2.146 2.7361
v -3.9078 2.062 2.6614
v -3.9683 1.9766 2.7907
v -3.8736 2.0084 2.7484
v -3.9888 2.111 2.7859
v -4.0311 2.0431 2.8151
v -4.0289 2.0813 2.8106
v -3.9445 2.1201 2.7637
v -3.9065 2.0978 2.747
v -3.8766 2.0549 2.747
v -3.9605 2.0588 2.6073
v -3.8815 1.9753 2.8512
v -3.8726 1.9996 2.8744
v -3.8936 1.9675 2.8148
v -3.9285 1.9859 2.7222
v -3.9713 2.0806 2.5761
v -3.9479 2.0118 2.6636
v -3.9569 2.034 2.6326
v -3.9513 2.0197 2.6501
v -3.9117 1.9716 2.7697
v -4.0567 2.0492 2.6883
v -4.0604 2.0593 2.6722
v -4.0126 2.0115 2.8088
v -3.9931 2.0069 2.8482
v -3.9505 2.0183 2.9037
v -4.0524 2.0424 2.7037
v -4.0299 2.0215 2.7654
v -4.0803 2.0884 2.6147
v -4.072 2.0794 2.6517
v -3.9702 2.0071 2.8797
v -3.9365 2.0874 2.792
v -3.9084 2.0215 2.8893
v -3.868 2.0166 2.8545
v -3.9553 2.0504 2.8865
v -3.9697 2.0923 2.8212
v -3.9709 2.0744 2.8518
v -3.8738 2.0376 2.8163
v -3.899 2.0703 2.7802
v -3.8794 2.0137 2.8748
v -3.9439 2.0348 2.896
v -3.9152 2.0616 2.8445
v -3.9085 2.0386 2.8772
v -4.0603 2.0588 2.7488
v -4.0513 2.0925 2.7677
v -4.0046 2.0104 2.694
v -3.9118 2.1227 2.7237
v -4.0031 2.1275 2.7607
v -3.9507 2.1432 2.7464
v -3.8971 2.0393 2.693
v -3.8896 2.0813 2.7064
v -3.9431 2.0028 2.6813
v -4.0447 2.0345 2.7259
v -4.511 1.8758 2.9815
v -4.5986 1.7957 2.9125
v -4.6123 1.8871 2.8022
v -4.516 1.9666 2.8845
v -4.5796 1.9571 2.6384
v -4.5025 2.0565 2.745
v -4.5022 2.025 2.7913
v -4.5916 1.9514 2.7015
v -4.5229 1.7287 3.1452
v -4.5974 1.6638 3.0993
v -4.5276 1.7102 3.1519
v -4.5895 1.6587 3.1111
v -4.6009 1.6704 3.0814
v -4.5123 1.7444 3.1277
v -4.5068 2.0051 2.8179
v -4.596 1.9329 2.7397
v -4.6101 1.8493 2.8365
v -4.5175 1.934 2.927
v -4.4982 1.7752 3.0889
v -4.5996 1.7328 2.9948
v -4.4993 1.8029 3.059
v -4.6064 1.8321 2.8587
v -4.5137 1.9114 2.9483
v -4.598 1.7062 3.0293
v -4.6124 1.8692 2.8165
v -4.5195 1.95 2.9073
v -4.513 1.9784 2.8638
v -4.606 1.9071 2.7794
v -4.5087 1.8274 3.0339
v -4.5996 1.7572 2.9659
v -4.5032 1.8146 3.0471
v -4.6004 1.7445 2.9815
v -4.5983 1.6829 3.0522
v -4.5022 1.758 3.1093
v -4.5836 1.6557 3.112
v -4.528 1.7041 3.1516
v -4.5668 1.6735 3.1502
v -4.599 1.7206 3.0102
v -4.4971 1.7922 3.0694
v -4.7246 1.6089 2.8586
v -4.795 1.5541 2.7656
v -4.7942 1.6923 2.6532
v -4.7105 1.7483 2.7573
v -4.7048 1.8492 2.463
v -4.6005 1.9226 2.5922
v -4.6558 1.8428 2.6589
v -4.747 1.79 2.553
v -4.7748 1.451 2.992
v -4.8288 1.4048 2.9154
v -4.7762 1.4403 2.9924
v -4.8249 1.4052 2.9245
v -4.8302 1.4148 2.9014
v -4.7707 1.4672 2.9824
v -4.6707 1.8219 2.6783
v -4.7612 1.7662 2.5751
v -4.7912 1.6334 2.7046
v -4.7173 1.6879 2.7971
v -4.7607 1.5031 2.9501
v -4.8135 1.4758 2.8367
v -4.7544 1.5318 2.9262
v -4.7906 1.599 2.7302
v -4.7175 1.6548 2.8211
v -4.8191 1.4454 2.8641
v -4.7977 1.6706 2.6759
v -4.7147 1.7238 2.7735
v -4.7046 1.767 2.7377
v -4.7835 1.7095 2.6334
v -4.746 1.5639 2.9004
v -4.8073 1.5089 2.8094
v -4.7482 1.5464 2.915
v -4.8109 1.4915 2.8234
v -4.8265 1.4254 2.8858
v -4.7667 1.4831 2.9686
v -4.8225 1.4027 2.9304
v -4.7795 1.4352 2.991
v -4.8069 1.4163 2.9646
v -4.8153 1.4629 2.8483
v -4.7563 1.517 2.9382
v -4.8476 1.5621 2.5873
v -4.8966 1.5143 2.4974
v -4.8746 1.6399 2.4162
v -4.8126 1.6903 2.5204
v -4.8018 1.8164 2.2809
v -4.7107 1.8265 2.4273
v -4.7596 1.779 2.462
v -4.8244 1.7363 2.3424
v -4.9104 1.3467 2.7177
v -4.9488 1.3027 2.6368
v -4.9133 1.3357 2.7193
v -4.9538 1.2995 2.6445
v -4.9457 1.3144 2.6248
v -4.9037 1.3646 2.7085
v -4.7762 1.7575 2.4743
v -4.8358 1.7061 2.3649
v -4.8851 1.5996 2.4423
v -4.8193 1.6595 2.5412
v -4.8823 1.4181 2.6739
v -4.92 1.409 2.5581
v -4.8727 1.4544 2.652
v -4.8839 1.5779 2.455
v -4.8262 1.6348 2.5515
v -4.9304 1.3692 2.5873
v -4.8836 1.6212 2.4272
v -4.815 1.6766 2.5312
v -4.8053 1.7068 2.5065
v -4.8613 1.6624 2.4036
v -4.8633 1.494 2.627
v -4.909 1.454 2.5326
v -4.8682 1.4725 2.6406
v -4.915 1.4303 2.5463
v -4.9399 1.3431 2.6076
v -4.8915 1.3913 2.6912
v -4.9516 1.2995 2.6514
v -4.9176 1.3319 2.7152
v -4.9381 1.3111 2.6883
v -4.9235 1.3911 2.5689
v -4.8776 1.4385 2.6614
v -4.8413 1.5384 2.3035
v -4.8682 1.5118 2.2218
v -4.8622 1.6036 2.178
v -4.831 1.641 2.2717
v -4.8059 1.7365 2.1107
v -4.7838 1.7917 2.2218
v -4.8012 1.7263 2.2313
v -4.8264 1.6752 2.1384
v -4.8681 1.381 2.368
v -4.8898 1.3418 2.3058
v -4.8718 1.3736 2.3687
v -4.8922 1.3389 2.3124
v -4.887 1.3513 2.2944
v -4.8628 1.3949 2.3634
v -4.8099 1.7011 2.2396
v -4.8319 1.6547 2.1475
v -4.8614 1.5624 2.1984
v -4.8345 1.593 2.2841
v -4.8593 1.4399 2.3487
v -4.8836 1.4491 2.2497
v -4.8549 1.4793 2.3284
v -4.8635 1.5372 2.2096
v -4.837 1.5683 2.2921
v -4.8847 1.3977 2.2657
v -4.863 1.5823 2.19
v -4.8341 1.6187 2.2773
v -4.8255 1.6603 2.261
v -4.8569 1.6194 2.1703
v -4.8481 1.5092 2.3158
v -4.8749 1.4789 2.2364
v -4.8513 1.4946 2.3224
v -4.8791 1.4624 2.2422
v -4.8868 1.3674 2.2768
v -4.8589 1.4166 2.3575
v -4.8914 1.3383 2.3157
v -4.8715 1.3666 2.3668
v -4.8848 1.3543 2.3419
v -4.8843 1.4319 2.2558
v -4.8578 1.4615 2.3356
v -4.4462 1.8318 2.9552
v -4.4503 1.9235 2.87
v -4.4132 2.0006 2.7059
v -4.4232 1.9751 2.7659
v -4.5826 1.5815 3.1623
v -4.5209 1.6317 3.2147
v -4.5244 1.7527 2.8727
v -4.5307 1.828 2.7808
v -4.4967 1.8872 2.5977
v -4.5132 1.8952 2.6726
v -4.4768 1.6518 3.1709
v -4.4593 1.7216 3.0866
v -4.4352 1.9554 2.8062
v -4.4497 1.8983 2.8988
v -4.449 1.8797 2.9141
v -4.4595 1.769 3.0327
v -4.4481 1.9324 2.8552
v -4.4496 1.9109 2.8855
v -4.4588 1.7916 3.0118
v -4.4602 1.7798 3.0228
v -4.5391 1.6088 3.0699
v -4.5064 1.6322 3.2063
v -4.4654 1.6981 3.1188
v -4.5236 1.7038 2.9568
v -4.5295 1.8202 2.7971
v -4.5285 1.8433 2.7581
v -4.5226 1.71 2.9432
v -4.525 1.8707 2.7159
v -4.5853 1.5897 3.1655
v -4.5631 1.5829 3.1185
v -4.5235 1.695 2.9685
v -4.5237 1.6389 3.0297
v -4.5287 1.7927 2.8291
v -4.5295 1.8073 2.81
v -4.5307 1.6351 3.2083
v -4.5823 1.5981 3.1691
v -4.5577 1.6177 3.1926
v -4.4577 1.752 3.0486
v -4.5221 1.6766 2.9866
v -4.6599 1.5663 2.8388
v -4.6409 1.7046 2.7329
v -4.5164 1.8558 2.5706
v -4.5796 1.7865 2.6218
v -4.8301 1.3221 2.9666
v -4.7919 1.37 3.0451
v -4.7184 1.4969 2.7397
v -4.7079 1.6291 2.6267
v -4.6321 1.7766 2.4546
v -4.6596 1.7172 2.5278
v -4.7398 1.3759 3.0306
v -4.7025 1.4537 2.9498
v -4.5964 1.7675 2.6574
v -4.6425 1.6678 2.7695
v -4.6483 1.6195 2.803
v -4.6893 1.4995 2.9095
v -4.6339 1.7188 2.7212
v -4.6426 1.6918 2.7486
v -4.6853 1.5304 2.8837
v -4.6876 1.5163 2.8951
v -4.7702 1.3408 2.9049
v -4.7823 1.3651 3.0465
v -4.7132 1.4034 2.9903
v -4.7411 1.4502 2.802
v -4.7082 1.614 2.64
v -4.7024 1.6436 2.6114
v -4.7392 1.4631 2.7884
v -4.673 1.6908 2.5496
v -4.8328 1.3323 2.9807
v -4.8068 1.3157 2.9437
v -4.7432 1.4344 2.8137
v -4.7571 1.3896 2.8576
v -4.7102 1.5412 2.6969
v -4.7113 1.5866 2.6612
v -4.7988 1.3687 3.0367
v -4.83 1.3362 2.9858
v -4.8199 1.3517 3.012
v -4.693 1.4838 2.9236
v -4.7467 1.4178 2.8279
v -4.7765 1.5262 2.5791
v -4.7451 1.6456 2.505
v -4.653 1.7616 2.4245
v -4.6897 1.7151 2.4496
v -4.9516 1.221 2.6843
v -4.9261 1.2499 2.7552
v -4.8318 1.472 2.469
v -4.8027 1.5866 2.385
v -4.6969 1.7026 2.2746
v -4.7484 1.6653 2.3279
v -4.8689 1.2738 2.7381
v -4.8197 1.3698 2.6756
v -4.7022 1.6998 2.4614
v -4.7553 1.6195 2.5228
v -4.7575 1.6014 2.5331
v -4.8055 1.4246 2.6376
v -4.7364 1.6593 2.4954
v -4.7508 1.6363 2.5118
v -4.7944 1.4642 2.6191
v -4.802 1.4425 2.6286
v -4.8895 1.2641 2.6203
v -4.905 1.2526 2.7555
v -4.8396 1.3168 2.7066
v -4.8532 1.3945 2.528
v -4.8027 1.5767 2.392
v -4.7929 1.6024 2.3757
v -4.852 1.4133 2.5106
v -4.764 1.6463 2.3431
v -4.9611 1.2255 2.6988
v -4.9109 1.2291 2.6535
v -4.8537 1.3814 2.54
v -4.8672 1.3171 2.5808
v -4.8099 1.5504 2.4099
v -4.805 1.5639 2.4013
v -4.9302 1.2592 2.7454
v -4.9579 1.2376 2.7039
v -4.9483 1.252 2.7245
v -4.8083 1.4055 2.6512
v -4.8587 1.3639 2.5495
v -4.7684 1.5118 2.2939
v -4.7476 1.594 2.2553
v -4.709 1.7091 2.2273
v -4.7179 1.6704 2.2254
v -4.8877 1.293 2.3247
v -4.8732 1.3214 2.3887
v -4.8024 1.4763 2.2055
v -4.776 1.5541 2.1669
v -4.7222 1.6505 2.1158
v -4.7433 1.6187 2.133
v -4.8376 1.3347 2.3845
v -4.7947 1.4 2.3424
v -4.7243 1.6463 2.2286
v -4.7558 1.5628 2.2719
v -4.7615 1.5407 2.2819
v -4.7884 1.4541 2.321
v -4.7438 1.6106 2.2452
v -4.7525 1.5793 2.2653
v -4.7813 1.4828 2.3048
v -4.7862 1.4682 2.3115
v -4.8516 1.3211 2.2896
v -4.8631 1.3224 2.3891
v -4.8123 1.3586 2.3643
v -4.8176 1.4327 2.2243
v -4.7825 1.5379 2.1757
v -4.7694 1.5705 2.1587
v -4.8135 1.4466 2.2181
v -4.7476 1.6033 2.1391
v -4.8949 1.2969 2.3308
v -4.8717 1.2964 2.3098
v -4.8212 1.4178 2.2296
v -4.8335 1.3666 2.256
v -4.7933 1.5053 2.1937
v -4.7877 1.5231 2.1841
v -4.881 1.3243 2.3843
v -4.8974 1.3039 2.3352
v -4.8929 1.3172 2.3581
v -4.7881 1.4365 2.3276
v -4.8245 1.4032 2.236
v -4.5331 2.0792 2.7123
v -4.5945 2.0231 2.6399
v -4.4545 2.0664 2.72
v -4.4158 2.0428 2.7048
v -4.5718 2.0579 2.6797
v -4.4262 1.947 2.6169
v -4.4195 1.9701 2.6431
v -4.4506 1.9124 2.5601
v -4.6748 1.9642 2.5577
v -4.7439 1.9268 2.4746
v -4.725 1.9435 2.5248
v -4.5051 1.8137 2.4455
v -4.4759 1.8545 2.497
v -4.5464 1.7993 2.4046
v -4.7519 1.8797 2.3914
v -4.8159 1.8617 2.2983
v -4.8008 1.8711 2.351
v -4.6149 1.7359 2.3035
v -4.5863 1.7639 2.3486
v -4.6482 1.7121 2.2506
v -4.7849 1.8347 2.1726
v -4.799 1.7943 2.1006
v -4.7605 1.7114 2.0745
v -4.7248 1.6839 2.082
v -4.8016 1.8161 2.1348
v -4.685 1.6855 2.1538
v -4.672 1.7065 2.195
v -4.6956 1.669 2.1392
v -4.5044 2.0753 2.7176
v -4.7875 1.7688 2.0914
v -4.4047 2.0052 2.6448
v -4.6951 1.6736 2.1144
v -4.5368 2.0992 2.6699
v -4.5882 2.0572 2.6212
v -4.4277 2.0952 2.6703
v -4.569 2.0929 2.6407
v -4.3818 1.9859 2.5582
v -4.3787 2.0309 2.6219
v -4.3986 1.9474 2.4978
v -4.6798 1.9971 2.5134
v -4.7309 1.9672 2.4575
v -4.7103 2.0033 2.4731
v -4.4655 1.8864 2.3823
v -4.4331 1.9129 2.4331
v -4.5055 1.8594 2.3301
v -4.7496 1.9149 2.3401
v -4.7909 1.9032 2.2808
v -4.7733 1.9223 2.3042
v -4.5674 1.7784 2.2282
v -4.5341 1.8203 2.2743
v -4.5993 1.7412 2.1754
v -4.7699 1.8662 2.1405
v -4.7783 1.8249 2.0921
v -4.7437 1.75 2.0529
v -4.7721 1.859 2.1082
v -4.6912 1.7009 2.0707
v -4.6334 1.7082 2.1124
v -4.5048 2.1172 2.6595
v -4.7581 1.8216 2.0594
v -4.5721 1.7584 2.1341
v -4.4034 2.1374 2.6161
v -4.563 2.1237 2.6035
v -4.3632 2.0459 2.5928
v -4.3556 2.0199 2.5375
v -4.3714 1.98 2.4656
v -4.6944 2.0347 2.4394
v -4.4536 1.9233 2.3502
v -4.411 1.9499 2.4057
v -4.4899 1.8992 2.2957
v -4.5157 1.8647 2.2405
v -4.6093 1.8329 1.9141
v -3.9974 2.3365 2.3152
v -4.0053 2.2448 2.2938
v -4.7152 1.9437 2.353
v -4.5959 2.0546 2.5765
v -4.605 2.2027 2.2487
v -4.4649 2.1644 2.5985
v -4.3137 2.0573 2.4993
v -4.5456 1.8082 1.9379
v -4.2893 2.2203 2.5065
v -4.338 2.0365 2.4255
v -4.4278 1.9798 2.3128
v -4.3858 2.0059 2.3626
v -4.4685 1.9492 2.264
v -4.5152 1.8644 2.1499
v -4.497 1.915 2.2108
v -4.5387 1.8008 2.0814
v -4.7334 1.9341 2.1175
v -4.7346 1.8455 2.0269
v -4.6594 1.7631 1.9938
v -4.6773 1.7264 2.0428
v -4.7404 1.9068 2.0609
v -4.032 2.167 2.3049
v -4.1009 2.13 2.3403
v -4.7252 1.8913 2.3982
v -4.4269 2.3132 2.3819
v -4.6953 1.8267 1.986
v -4.6497 2.1271 2.3408
v -4.5543 2.185 2.4382
v -4.7135 2.0022 2.1246
v -4.0144 2.3465 2.2137
v -4.035 2.237 2.1949
v -4.0645 2.1608 2.2152
v -4.1445 2.1158 2.2728
v -4.2526 2.0825 2.3709
v -4.4968 2.2202 2.4907
v -4.7139 1.9721 2.0746
v -4.7122 1.8815 1.9928
v -4.7219 1.7897 2.0216
v -4.7208 1.9393 2.0263
v -4.1752 2.1186 2.396
v -4.2342 2.117 2.4471
v -4.7691 1.9123 2.2243
v -4.6639 2.0808 2.2904
v -4.6045 2.1531 2.3905
v -4.714 2.035 2.1792
v -4.0961 2.4293 2.2748
v -4.2413 2.3557 2.4121
v -4.6927 2.0152 2.0276
v -4.6993 1.9739 1.9839
v -4.5439 1.8138 2.1806
v -4.7181 1.9698 2.4119
v -4.4028 2.4315 2.1503
v -4.684 2.0497 2.2347
v -4.7037 1.9903 2.3001
v -4.7341 1.9895 2.2403
v -4.5988 2.2114 1.916
v -4.5443 2.3302 2.0233
v -4.464 2.3959 2.108
v -4.5876 2.2541 1.9492
v -4.5676 2.2942 1.9854
v -4.3142 2.4673 2.1855
v -4.6054 2.1711 1.8851
v -4.4729 2.0197 1.7447
v -4.4278 1.9293 1.8459
v -4.607 2.0985 1.8333
v -4.1951 2.3427 2.4364
v -4.7308 1.9211 2.4356
v -4.5122 2.3638 2.0641
v -4.6534 2.1245 2.1575
v -4.4581 1.9487 1.7868
v -4.6518 1.8783 1.9232
v -4.6252 2.0809 2.4586
v -4.6859 2.0122 2.3644
v -4.7405 1.958 2.178
v -4.6808 2.097 2.1117
v -4.5551 2.2311 2.2934
v -4.6294 2.1608 2.2031
v -4.5841 2.1118 2.5068
v -4.6798 2.0593 2.4159
v -4.5422 2.1598 2.5648
v -4.6858 2.0555 2.0686
v -4.5012 2.2692 2.3402
v -4.6392 2.0213 2.5161
v -4.7907 1.8545 2.2526
v -4.4633 2.0315 2.7688
v -4.5419 2.0376 2.759
v -4.5906 1.9833 2.6977
v -4.5701 1.9204 2.6615
v -4.5399 1.9068 2.6522
v -4.4336 2.0131 2.7588
v -4.5762 2.0198 2.7337
v -4.4393 1.9227 2.6818
v -4.4158 1.9545 2.7088
v -4.479 1.9121 2.6572
v -4.5019 2.0421 2.7663
v -4.5878 1.9507 2.6775
v -4.4166 1.991 2.7381
v -4.5082 1.9027 2.648
v -4.5595 1.7666 2.5214
v -4.7316 1.8883 2.5793
v -4.5774 1.8394 2.6152
v -4.6689 1.7614 2.489
v -4.7304 1.8145 2.5215
v -4.6363 1.878 2.6293
v -4.603 1.7532 2.4902
v -4.5446 1.7952 2.5542
v -4.7941 1.6682 2.1124
v -4.8273 1.7297 2.1433
v -4.638 1.7567 2.4881
v -4.558 1.815 2.5889
v -4.6772 1.7315 2.4367
v -4.7332 1.6872 2.3085
v -4.7537 1.7022 2.2984
v -4.686 1.7467 2.4541
v -4.7099 1.7707 2.4586
v -4.7817 1.8029 2.4292
v -4.6646 1.7093 2.4151
v -4.7058 1.6805 2.3222
v -4.7457 1.7931 2.4506
v -4.8154 1.7648 2.3216
v -4.816 1.7616 2.1897
v -4.7666 1.7264 2.2471
v -4.8153 1.8043 2.3939
v -4.6693 1.6867 2.3665
v -4.828 1.7915 2.3573
v -4.7827 1.7267 2.2982
v -4.737 1.6333 2.1255
v -4.7187 1.6899 2.2267
v -4.7089 1.6525 2.1782
v -4.8262 1.7494 2.1665
v -4.818 1.7021 2.1244
v -4.7924 1.7579 2.2232
v -4.7054 1.7841 2.5021
v -4.7519 1.8581 2.5468
v -4.6818 1.888 2.6125
v -4.5992 1.8578 2.6304
v -4.7659 1.6429 2.113
v -4.74 1.702 2.2517
v -4.7176 1.6377 2.1515
v -4.7079 1.6716 2.2041
v -3.0903 4.0281 0.3437
v -2.9598 3.9399 0.5525
v -2.8646 3.8635 0.5727
v -2.6865 3.6914 0.4766
v -2.6108 3.6413 0.3576
v -2.5367 3.6164 0.2226
v -3.0445 4.0031 0.4665
v -2.9762 3.8589 -0.1544
v -3.0317 3.9211 -0.065
v -3.0869 3.9744 0.0634
v -3.1021 4.009 0.2078
v -2.91 3.8045 -0.1981
v -2.8368 3.7624 -0.2199
v -2.5482 3.6372 -0.1001
v -2.5146 3.6188 -0.0302
v -2.4981 3.6023 0.0753
v -2.7443 3.7259 -0.2231
v -3.1707 3.9361 0.3663
v -3.0363 3.8576 0.5577
v -2.9436 3.7792 0.5747
v -2.7599 3.6069 0.4664
v -2.6788 3.5548 0.3556
v -2.6104 3.5239 0.2268
v -3.1204 3.9151 0.4805
v -3.0963 3.7429 -0.1204
v -3.1454 3.808 -0.0378
v -3.1907 3.8703 0.0895
v -3.1907 3.9129 0.2308
v -3.0387 3.6867 -0.1622
v -2.9752 3.6389 -0.1909
v -2.6615 3.5447 -0.1011
v -2.6146 3.5271 -0.03
v -2.5882 3.5123 0.0776
v -2.8861 3.6053 -0.1892
v -3.2346 3.8694 0.3931
v -3.0924 3.7987 0.5659
v -3.0038 3.716 0.5793
v -2.8156 3.5459 0.4632
v -2.73 3.4949 0.3649
v -2.6693 3.4619 0.2371
v -3.1784 3.8521 0.4967
v -3.1858 3.6535 -0.0825
v -3.2275 3.7248 -0.0021
v -3.265 3.795 0.1204
v -3.2602 3.842 0.2597
v -3.135 3.5937 -0.1301
v -3.0754 3.5441 -0.1675
v -2.7511 3.4694 -0.0959
v -2.6966 3.4581 -0.0231
v -2.6608 3.4504 0.0878
v -2.9846 3.515 -0.1585
v -3.2937 3.8123 0.4265
v -3.1455 3.7444 0.5788
v -3.0573 3.6646 0.5885
v -2.8681 3.4929 0.4713
v -2.7809 3.437 0.3778
v -2.7295 3.4004 0.2542
v -3.2318 3.7979 0.5211
v -3.264 3.5765 -0.0352
v -3.3005 3.6521 0.0434
v -3.3266 3.7303 0.1568
v -3.3232 3.7824 0.2955
v -3.2144 3.5152 -0.0886
v -3.153 3.4653 -0.1395
v -2.8364 3.3977 -0.0745
v -2.7807 3.3884 0.0006
v -2.7368 3.3883 0.1083
v -3.07 3.4338 -0.1298
v -3.3511 3.7606 0.4604
v -3.2005 3.6997 0.6086
v -3.1084 3.624 0.6091
v -2.9206 3.4397 0.4959
v -2.8468 3.3662 0.4002
v -2.8076 3.321 0.2828
v -3.2888 3.7456 0.5537
v -3.3438 3.5008 0.0334
v -3.3775 3.5802 0.1048
v -3.393 3.6629 0.2071
v -3.3842 3.7267 0.3346
v -3.2981 3.4326 -0.0185
v -3.2411 3.3745 -0.0696
v -2.947 3.2988 -0.0012
v -2.8805 3.2999 0.0579
v -2.8282 3.3079 0.1478
v -3.1658 3.344 -0.0578
v -3.4334 3.6926 0.5167
v -3.2656 3.6567 0.6512
v -3.1586 3.5983 0.6565
v -2.9628 3.3892 0.5528
v -2.9084 3.2916 0.4568
v -2.8909 3.2274 0.3418
v -3.3621 3.6866 0.6026
v -3.4504 3.4012 0.1319
v -3.4877 3.4871 0.1955
v -3.4985 3.5724 0.298
v -3.4773 3.6478 0.4113
v -3.4023 3.3295 0.0846
v -3.3405 3.27 0.0485
v -3.0491 3.2045 0.1241
v -2.9806 3.2064 0.1652
v -2.9256 3.2113 0.2374
v -3.2661 3.2479 0.0577
v -3.5343 3.5967 0.6027
v -3.3401 3.6101 0.7241
v -3.2324 3.5541 0.7432
v -3.0208 3.3173 0.6663
v -2.9737 3.2123 0.5762
v -2.9677 3.1301 0.4742
v -3.4482 3.6092 0.6797
v -3.5799 3.2706 0.2745
v -3.618 3.3587 0.3286
v -3.6247 3.4523 0.4205
v -3.5945 3.5377 0.5163
v -3.5286 3.2017 0.2304
v -3.4597 3.1522 0.2103
v -3.1495 3.0798 0.2841
v -3.0808 3.0869 0.332
v -3.0214 3.1015 0.3933
v -3.3841 3.1228 0.2026
v -3.6621 3.4499 0.7587
v -3.4608 3.4703 0.8676
v -3.357 3.4144 0.8876
v -3.1564 3.1721 0.8447
v -3.1176 3.069 0.7761
v -3.1154 2.9937 0.6959
v -3.5693 3.4744 0.8229
v -3.7351 3.1184 0.4604
v -3.7691 3.1991 0.5183
v -3.7603 3.3009 0.6034
v -3.7272 3.3854 0.6869
v -3.6808 3.0508 0.4207
v -3.5963 3.0102 0.4114
v -3.2906 2.9324 0.4948
v -3.226 2.9387 0.5423
v -3.1655 2.9621 0.6178
v -3.5206 2.975 0.4129
v -3.82 3.2555 0.9643
v -3.6256 3.2704 1.0456
v -3.5319 3.2199 1.0586
v -3.349 3.0264 1.0392
v -3.313 2.9358 0.986
v -3.3156 2.8687 0.9137
v -3.7246 3.2809 1.0146
v -3.8879 2.9677 0.6943
v -3.9165 3.0461 0.7539
v -3.9146 3.1317 0.8251
v -3.8846 3.2014 0.9002
v -3.8445 2.8948 0.6449
v -3.7529 2.8597 0.6425
v -3.456 2.7885 0.7309
v -3.3966 2.8015 0.7772
v -3.3486 2.8299 0.8459
v -3.6774 2.8309 0.6508
v -3.9721 3.0653 1.1956
v -3.795 3.0751 1.2697
v -3.7083 3.0334 1.2724
v -3.5394 2.88 1.2479
v -3.5096 2.8069 1.203
v -3.5141 2.7457 1.1399
v -3.8898 3.078 1.2402
v -4.0504 2.8259 0.9305
v -4.0726 2.8961 0.9953
v -4.0698 2.9691 1.0612
v -4.0336 3.0276 1.1347
v -4.012 2.7658 0.8968
v -3.9514 2.7173 0.8804
v -3.6439 2.6401 0.9737
v -3.5852 2.6696 1.0224
v -3.5341 2.6979 1.0835
v -3.8669 2.6845 0.8942
v -4.0805 2.9118 1.3632
v -3.9285 2.926 1.4359
v -3.8551 2.8909 1.4538
v -3.7157 2.7649 1.4284
v -3.6878 2.7001 1.3879
v -3.6889 2.642 1.3345
v -4.0084 2.9297 1.4069
v -4.176 2.7317 1.1551
v -4.1835 2.7855 1.2006
v -4.1724 2.8358 1.2524
v -4.1382 2.8774 1.3088
v -4.1522 2.6759 1.1234
v -4.1174 2.6163 1.1142
v -3.8189 2.5248 1.18
v -3.7586 2.5528 1.224
v -3.7117 2.5895 1.2764
v -4.0465 2.57 1.1152
v -4.1646 2.7851 1.5119
v -4.0383 2.805 1.5811
v -3.9767 2.7816 1.6078
v -3.8604 2.6731 1.5855
v -3.8384 2.6159 1.5468
v -3.837 2.5597 1.5001
v -4.1041 2.8042 1.5517
v -4.2745 2.6456 1.3318
v -4.269 2.6889 1.3716
v -4.2486 2.7274 1.4181
v -4.2133 2.7586 1.4665
v -4.2615 2.5967 1.3014
v -4.2263 2.5419 1.2826
v -3.9557 2.4296 1.344
v -3.8991 2.4592 1.3902
v -3.8562 2.5025 1.4436
v -4.1788 2.4856 1.2839
v -4.2261 2.6903 1.6275
v -4.1231 2.7093 1.6946
v -4.0647 2.6936 1.7232
v -3.974 2.6092 1.6997
v -3.9581 2.5615 1.6641
v -3.9572 2.5083 1.6252
v -4.1772 2.7062 1.6643
v -4.3418 2.571 1.4632
v -4.3291 2.6089 1.4995
v -4.3046 2.6423 1.5421
v -4.271 2.6668 1.5858
v -4.3368 2.5264 1.4341
v -4.3088 2.4748 1.4135
v -4.048 2.3562 1.4706
v -3.9992 2.3932 1.5189
v -3.9682 2.447 1.5738
v -4.2671 2.4215 1.4091
v -4.2868 2.6175 1.7207
v -4.1933 2.6416 1.7878
v -4.1451 2.6286 1.8127
v -4.0556 2.5532 1.778
v -4.0365 2.5112 1.7459
v -4.032 2.462 1.7118
v -4.2428 2.6359 1.7572
v -4.3906 2.4938 1.5647
v -4.379 2.5307 1.5984
v -4.3549 2.5664 1.6398
v -4.3223 2.5953 1.6831
v -4.3874 2.4542 1.5371
v -4.3673 2.4093 1.5137
v -4.1108 2.3087 1.5597
v -4.0643 2.3498 1.6098
v -4.0388 2.4051 1.6649
v -4.337 2.3636 1.5042
v -4.3813 2.5208 1.8528
v -4.2847 2.5572 1.9221
v -4.223 2.5553 1.9421
v -4.1289 2.4806 1.8917
v -4.1068 2.4442 1.8549
v -4.0973 2.4066 1.8146
v -4.3393 2.5445 1.8896
v -4.4641 2.3774 1.7081
v -4.4538 2.4161 1.7415
v -4.4358 2.4553 1.779
v -4.4119 2.4908 1.8166
v -4.4639 2.3395 1.6775
v -4.4497 2.2988 1.6431
v -4.171 2.2585 1.6557
v -4.1254 2.3056 1.7111
v -4.1016 2.3601 1.7685
v -4.4237 2.2672 1.6127
v -4.3561 2.4865 2.0651
v -4.1932 2.5011 2.0905
v -4.0586 2.3344 2.0871
v -4.279 2.5026 2.0899
v -4.5186 2.36 1.908
v -4.4947 2.3961 1.9451
v -4.4624 2.4288 1.9849
v -4.4167 2.4593 2.027
v -4.5368 2.3204 1.872
v -4.5493 2.2434 1.797
v -4.6171 1.969 2.5635
v -4.5916 1.9976 2.609
v -4.7458 1.9625 2.2777
v -4.7777 1.8361 2.2004
v -4.7522 1.8969 2.1526
v -4.754 1.8899 2.0922
v -4.5476 2.2789 1.8369
v -4.0511 2.0873 2.545
v -3.9412 2.1351 2.5567
v -3.9425 2.2079 2.6019
v -3.9319 2.17 2.5767
v -4.1111 2.1659 2.6237
v -4.0501 2.2209 2.6338
v -3.9871 2.2306 2.6268
v -4.1142 2.1305 2.5957
v -3.98 2.1008 2.5367
v -4.0959 2.104 2.5751
v -4.0604 2.0978 2.519
v -3.9512 2.1495 2.5232
v -3.956 2.2225 2.5624
v -3.9449 2.1845 2.5401
v -4.1274 2.1772 2.5891
v -4.0703 2.2349 2.5991
v -4.0026 2.2489 2.5883
v -4.1287 2.1424 2.5608
v -3.9844 2.1142 2.5078
v -4.1083 2.1161 2.5445
v -4.0695 2.1047 2.5011
v -3.9566 2.1603 2.4939
v -3.9655 2.2345 2.523
v -3.9537 2.1973 2.5059
v -4.1438 2.1861 2.5608
v -4.0867 2.2512 2.569
v -4.0138 2.2703 2.5493
v -4.1438 2.1519 2.5354
v -3.9902 2.1223 2.4884
v -4.1202 2.1246 2.522
v -4.0783 2.1103 2.4829
v -3.967 2.169 2.4666
v -3.9761 2.2531 2.4862
v -3.9621 2.2107 2.4738
v -4.1625 2.1933 2.5367
v -4.1051 2.2678 2.5408
v -4.0243 2.2944 2.5092
v -4.1602 2.1576 2.5138
v -4.0012 2.1287 2.4658
v -4.1304 2.1296 2.5008
v -4.0914 2.1171 2.4609
v -3.981 2.1748 2.4321
v -3.9851 2.2773 2.4418
v -3.9703 2.2237 2.4307
v -4.1878 2.2082 2.5172
v -4.1282 2.2864 2.511
v -4.0441 2.3232 2.473
v -4.182 2.1603 2.4938
v -4.0071 2.1352 2.4468
v -4.1488 2.135 2.4778
v -4.1328 2.1263 2.43
v -4.0061 2.1723 2.3755
v -3.9937 2.3114 2.3856
v -3.9883 2.2369 2.3701
v -4.2364 2.2258 2.4995
v -4.1479 2.3138 2.4776
v -4.0438 2.3512 2.4204
v -4.225 2.1673 2.4895
v -4.065 2.13 2.3963
v -4.1842 2.1377 2.4586
v -4.0745 2.2299 2.1001
v -4.1009 2.1657 2.1351
v -4.1824 2.1068 2.2038
v -4.3014 2.0584 2.2947
v -4.2284 2.1007 2.1434
v -4.3527 2.0482 2.238
v -4.2761 2.0904 2.0908
v -4.4001 2.0363 2.1888
v -4.1528 2.2622 1.9089
v -4.3247 2.0745 2.0405
v -4.4295 1.9999 2.1368
v -4.189 2.2201 1.8515
v -4.3561 2.0106 1.9873
v -4.4508 1.9443 2.0761
v -4.2336 2.1661 1.7941
v -4.4116 1.9315 1.9358
v -4.4814 1.872 2.008
v -4.3001 2.0875 1.7491
v -4.617 1.7186 2.0814
v -4.6477 2.1302 1.9978
v -4.6137 2.2107 2.0723
v -4.6035 1.9256 1.8622
v -4.6609 2.0278 1.9174
v -4.5084 2.3132 2.1991
v -4.5598 2.2833 2.1543
v -4.6368 2.176 2.0335
v -4.2414 2.1248 1.8357
v -4.5014 1.8534 1.8896
v -4.59 2.2479 2.1113
v -4.3628 2.4013 2.2809
v -4.6589 2.0815 1.9684
v -4.0626 2.391 2.3565
v -4.4502 2.3562 2.2437
v -4.5524 1.8762 1.8659
v -4.5991 1.7478 2.0253
v -4.2035 2.4787 2.1869
v -4.1162 2.2806 1.9724
v -4.2941 2.17 1.6886
v -4.2196 2.2172 1.7357
v -4.4082 2.133 1.6729
v -4.1743 2.2604 1.7941
v -4.1376 2.3455 1.9089
v -4.1481 2.3081 1.8525
v -4.142 2.4509 2.0616
v -0.4759 5.5657 0.5827
v -0.361 5.6931 0.5912
v -0.3011 5.8325 0.614
v -0.2502 5.9843 0.6142
v -0.2289 6.1198 0.6447
v -0.2498 6.2246 0.7236
v -0.3036 6.3007 0.8416
v -0.3488 6.3212 0.9364
v -0.377 6.3338 1.0023
v -0.4025 6.3443 1.0562
v -0.4109 6.3639 1.1033
v -0.4049 6.3886 1.145
v -0.3194 6.522 1.3701
v -0.2894 6.5526 1.3961
v -0.2795 6.5647 1.4033
v -0.2562 6.5891 1.4165
v -0.2496 6.5956 1.4174
v -0.2454 6.6 1.4194
v -0.2415 6.6034 1.421
v -0.2388 6.606 1.4176
v -0.2367 6.6081 1.4095
v -0.2377 6.6099 1.3942
v -0.2445 6.6105 1.3726
v -0.2427 6.6035 1.3585
v -0.2448 6.5925 1.3487
v -0.2472 6.586 1.3389
v -0.2552 6.5757 1.3164
v -0.2784 6.5716 1.2669
v -0.2994 6.574 1.1638
v -0.3297 6.5818 1.0091
v -0.3158 6.5835 0.8143
v -0.2617 6.5846 0.5995
v -0.1892 6.5904 0.5667
v -0.1975 6.659 0.5647
v -0.289 6.7401 0.641
v -0.3234 6.8108 0.8164
v -0.3235 6.8444 1.0174
v -0.281 6.8139 1.1934
v -0.2594 6.771 1.2986
v -0.2366 6.7272 1.3501
v -0.2286 6.6922 1.3681
v -0.2274 6.6633 1.375
v -0.2282 6.6356 1.3793
v -0.2304 6.6217 1.3957
v -0.2315 6.6155 1.4109
v -0.2351 6.612 1.4214
v -0.2399 6.6112 1.4263
v -0.2443 6.6116 1.4273
v -0.249 6.6119 1.4262
v -0.2575 6.6136 1.4252
v -0.2652 6.6148 1.422
v -0.2863 6.6273 1.4142
v -0.2997 6.6336 1.4075
v -0.6472 7.282 1.0577
v -0.6302 7.3541 1.0902
v -0.6054 7.424 1.1442
v -0.5714 7.4875 1.2133
v -0.5148 7.5462 1.2847
v -0.4384 7.5899 1.3549
v -0.3462 7.6214 1.4155
v -0.2505 7.6438 1.4644
v -0.1546 7.6553 1.5029
v -0.061 7.6578 1.5214
v 0 7.6611 1.5263
v -0.6501 5.4769 0.6253
v -0.928 5.4778 0.751
v -1.1852 5.452 0.811
v -1.4188 5.4026 0.8138
v -1.6021 5.2992 0.7867
v -1.7392 5.1679 0.7287
v -1.8258 5.0542 0.6722
v -1.8772 4.9573 0.621
v -1.92 4.8828 0.5824
v -1.9623 4.8169 0.5602
v -2.0324 4.721 0.5595
v -2.1481 4.5786 0.5538
v -2.2944 4.3989 0.5531
v -2.4296 4.2052 0.5544
v -2.5785 4.0159 0.5719
v -2.6782 3.8848 0.5615
v -2.7726 3.7748 0.55
v -3.9116 2.7338 1.6075
v -4.0131 2.6564 1.7236
v -4.0955 2.5936 1.8044
v -4.1675 2.5211 1.9245
v -4.1171 2.3842 1.9908
v -3.7805 2.8382 1.4498
v -1.1604 4.851 -0.5279
v -0.9682 4.8252 -0.5861
v -0.7655 4.819 -0.5977
v -0.5545 4.8009 -0.4955
v -0.376 4.7876 -0.5217
v -0.1894 4.7746 -0.5068
v 0 4.783 -0.4785
v -1.4576 4.8268 -0.4179
v -1.6522 4.7132 -0.3381
v -1.7339 4.6515 -0.3079
v -1.8228 4.578 -0.2772
v -1.9354 4.4453 -0.2762
v -1.5609 4.7807 -0.3741
v -1.3267 4.8476 -0.4706
v -2.0814 4.2726 -0.2522
v -2.2309 4.0891 -0.2343
v -2.3884 3.9389 -0.2205
v -2.5233 3.8056 -0.1998
v -2.6534 3.6967 -0.19
v -2.7783 3.5911 -0.1843
v -2.8846 3.5046 -0.1533
v -2.9813 3.4178 -0.1214
v -3.0847 3.3269 -0.0514
v -3.1899 3.2279 0.0628
v -3.3121 3.0964 0.2134
v -3.4452 2.9438 0.4263
v -3.6041 2.7964 0.666
v -3.7887 2.6452 0.9147
v -3.9678 2.5336 1.1295
v -4.1025 2.4453 1.2932
v -4.1994 2.373 1.4194
v -4.2716 2.3179 1.5104
v -4.3425 2.2309 1.6045
v -4.5356 2.182 1.7478
v -4.4576 1.8818 2.4691
v -4.5909 1.7615 2.2642
v -4.5576 1.7834 2.3082
v -4.4029 1.9643 2.5887
v -4.493 1.8471 2.4148
v -4.5236 1.826 2.3666
v -4.6487 1.7058 2.1592
v -4.6796 1.6861 2.1164
v -4.3929 2.0691 2.6573
v -4.429 1.9251 2.5337
v -4.624 1.7357 2.2186
v -4.2752 2.151 2.5171
v -4.3422 2.2025 2.5378
v -4.316 2.1256 2.5642
v -4.2839 2.0919 2.475
v -4.3293 2.3416 2.4002
v -4.4162 2.2268 2.5273
v -4.2402 2.4415 2.2917
v -4.1166 2.4454 2.1647
v -4.3167 2.0351 1.7968
v -4.3451 1.9898 1.8626
v -4.2771 2.0674 1.8974
v -4.1956 2.1882 1.8912
v -4.2326 2.135 1.9463
v -4.1595 2.216 1.9459
v -4.1906 2.1597 1.9994
v -4.1147 2.2253 2.0087
v -4.143 2.1691 2.061
v -4.3492 2.0887 2.6078
v -1.1313 4.6825 -0.5223
v -0.9248 4.6727 -0.554
v -0.7247 4.6808 -0.5247
v -0.5397 4.675 -0.4943
v -0.3685 4.6679 -0.508
v -0.1936 4.6654 -0.4941
v 0 4.6726 -0.4711
v -1.4279 4.6732 -0.3794
v -1.6067 4.629 -0.295
v -1.6862 4.5839 -0.2698
v -1.777 4.5144 -0.2492
v -1.8804 4.4118 -0.2272
v -1.525 4.6616 -0.3302
v -2.0258 4.2562 -0.1957
v -2.1768 4.0648 -0.1827
v -2.3353 3.9127 -0.1707
v -2.4623 3.7745 -0.1589
v -4.5996 2.0533 1.7952
v -2.5877 3.663 -0.1478
v -2.7094 3.5659 -0.1528
v -2.8128 3.4863 -0.1368
v -2.9062 3.4047 -0.1048
v -3.0171 3.3069 -0.0286
v -3.1181 3.2136 0.088
v -3.226 3.085 0.2449
v -3.3638 2.9341 0.4522
v -3.5259 2.7845 0.688
v -3.7187 2.6311 0.9441
v -3.8896 2.517 1.1515
v -4.0227 2.4232 1.3127
v -4.1143 2.3463 1.4372
v -4.1801 2.2934 1.5256
v -4.2469 2.227 1.6148
v -4.6467 1.9877 1.8794
v -1.2956 4.6823 -0.4514
v -4.5097 2.1476 1.6974
v -4.6865 1.9259 1.9475
v -3.4429 3.1427 1.0603
v -3.6285 2.9833 1.2677
v -3.2553 3.3065 0.8775
v -3.114 3.4451 0.7177
v -3.0509 3.4976 0.6173
v -3.0088 3.5335 0.563
v -2.9625 3.5748 0.5414
v -2.9108 3.6246 0.5387
v -2.8512 3.6882 0.5438
v -4.37 2.5361 1.7567
v -4.3379 2.5634 1.7934
v -4.4265 2.3915 1.6152
v -4.4276 2.428 1.6439
v -4.0809 2.4704 1.8063
v -4.0992 2.5109 1.8382
v -4.4122 2.3521 1.5861
v -4.3907 2.3178 1.5641
v -4.0721 2.4277 1.7736
v -4.1448 2.2756 1.6148
v -4.2972 2.5828 1.8282
v -4.2458 2.5902 1.8582
v -4.0996 2.3218 1.6691
v -4.3972 2.5028 1.716
v -4.1886 2.5785 1.8773
v -4.0762 2.3783 1.7274
v -4.4173 2.465 1.6768
v -4.139 2.5512 1.8653
v -4.3149 2.2761 1.5624
v -4.2162 2.2499 1.5769
v -4.3732 2.1783 1.6369
v -4.4685 2.2064 1.6549
v -4.4911 2.242 1.6951
v -4.5047 2.2894 1.7362
v -4.5041 2.331 1.77
v -4.4933 2.3726 1.804
v -4.4754 2.4125 1.8404
v -4.452 2.4488 1.877
v -4.4208 2.4804 1.9147
v -4.3771 2.5079 1.9545
v -4.3197 2.5269 1.9894
v -4.2527 2.5284 2.0081
v -4.273 2.2053 1.6486
v -4.1952 2.2406 1.6937
v -4.1514 2.2853 1.7521
v -4.1265 2.3357 1.8095
v -4.1217 2.3803 1.8566
v -4.1328 2.4115 1.9146
v -4.1539 2.4581 1.9661
v -4.1885 2.5024 1.998
v -1.2784 4.03 0.7541
v -1.3787 3.9397 0.3079
v -1.3373 3.9452 0.5505
v -0.9628 4.0638 -0.35
v -0.7934 4.0786 -0.3792
v -0.6388 4.0827 -0.396
v -0.4953 4.0815 -0.4151
v -0.3542 4.08 -0.4304
v -0.1991 4.0747 -0.4069
v 0 4.0596 -0.3773
v -1.252 4.0288 -0.159
v -1.3353 3.9962 -0.0437
v -1.377 3.9648 0.1009
v -1.1213 4.046 -0.2584
v -1.2682 3.8632 0.7823
v -1.3306 3.7365 0.355
v -1.3097 3.7615 0.5797
v -0.9053 3.8786 -0.2665
v -0.7551 3.8951 -0.3212
v -0.6092 3.8964 -0.3492
v -0.4793 3.8937 -0.3885
v -0.3409 3.8946 -0.3989
v -0.1753 3.896 -0.3613
v 0 3.8817 -0.3363
v -1.1893 3.8336 -0.0981
v -1.2633 3.7963 0.0137
v -1.3089 3.7649 0.1615
v -1.066 3.8523 -0.1927
v -1.2425 3.6467 0.8156
v -1.2759 3.5224 0.4098
v -1.2788 3.5435 0.6186
v -0.8546 3.6544 -0.2105
v -0.7153 3.6758 -0.2639
v -0.5825 3.68 -0.3093
v -0.4596 3.6818 -0.3488
v -0.3212 3.6958 -0.3502
v -0.1696 3.6925 -0.3226
v 0 3.6687 -0.2769
v -1.1234 3.5984 -0.0449
v -1.2039 3.5714 0.063
v -1.2476 3.5466 0.2195
v -1.0021 3.6218 -0.1357
v -1.213 3.3966 0.8538
v -1.2335 3.2999 0.4779
v -1.2471 3.325 0.6652
v -0.7959 3.4004 -0.1692
v -0.6681 3.422 -0.2177
v -0.548 3.4335 -0.2569
v -0.4325 3.4419 -0.2873
v -0.2946 3.4452 -0.2776
v -0.156 3.4588 -0.2771
v 0 3.4563 -0.2527
v -1.054 3.3506 0.0158
v -1.1241 3.3293 0.1702
v -1.1844 3.305 0.3019
v -0.9322 3.3716 -0.0888
v -1.2012 3.153 0.9005
v -1.1707 3.0669 0.5293
v -1.2246 3.0931 0.7184
v -0.7501 3.1656 -0.1332
v -0.6305 3.1779 -0.1742
v -0.5197 3.1878 -0.2051
v -0.4081 3.199 -0.2222
v -0.2899 3.2002 -0.2345
v -0.1625 3.1917 -0.2197
v 0 3.1814 -0.2148
v -0.987 3.1119 0.1014
v -1.0696 3.0912 0.229
v -1.1344 3.0728 0.3663
v -0.8784 3.1409 -0.0507
v -1.1923 2.9054 0.9153
v -1.1705 2.8545 0.5471
v -1.2034 2.8691 0.7355
v -0.7361 2.9401 -0.0837
v -0.6208 2.9595 -0.1425
v -0.5115 2.9716 -0.183
v -0.3964 2.9724 -0.1938
v -0.2792 2.9692 -0.1921
v -0.1579 2.9566 -0.1885
v 0 2.9614 -0.1692
v -0.9521 2.8887 0.1412
v -1.0473 2.8672 0.2582
v -1.1107 2.8495 0.3949
v -0.8469 2.9115 0.0218
v -1.207 2.6703 0.8972
v -1.1871 2.6542 0.5241
v -1.2077 2.6576 0.716
v -0.7295 2.7286 -0.0538
v -0.6142 2.7518 -0.1204
v -0.5021 2.7654 -0.1581
v -0.3934 2.7681 -0.1799
v -0.2813 2.7563 -0.1852
v -0.1637 2.7513 -0.1906
v 0 2.7426 -0.1792
v -0.9312 2.6818 0.17
v -1.0352 2.6632 0.271
v -1.1199 2.6485 0.3832
v -0.8375 2.7066 0.0541
v -1.2164 2.499 0.8543
v -1.1985 2.4865 0.4894
v -1.2311 2.4983 0.6764
v -0.7297 2.5459 -0.0242
v -0.6186 2.5711 -0.1153
v -0.5075 2.5847 -0.1646
v -0.3999 2.5859 -0.1882
v -0.2938 2.5733 -0.1984
v -0.1725 2.559 -0.1975
v 0 2.5569 -0.1935
v -0.9632 2.5138 0.1485
v -1.0645 2.4997 0.2423
v -1.1518 2.4878 0.345
v -0.8409 2.5307 0.0632
v -1.2634 2.2358 0.7989
v -1.2742 2.2581 0.4356
v -1.2946 2.2481 0.6192
v -0.4752 2.181 1.4061
v -0.752 2.409 -0.041
v -0.6324 2.431 -0.1141
v -0.5177 2.4401 -0.1675
v -0.4104 2.4362 -0.2025
v -0.2923 2.4216 -0.233
v -0.1686 2.4023 -0.2427
v 0 2.3833 -0.2245
v -0.1187 2.2087 1.4572
v -1.1328 2.2645 0.1682
v -1.2165 2.2629 0.2871
v -0.912 2.274 -0.0095
v -1.304 2.1084 0.786
v -1.3152 2.1339 0.4034
v -1.3425 2.1214 0.5969
v -0.2823 2.1965 1.4434
v -0.806 2.1583 -0.1299
v -0.6706 2.1703 -0.1857
v -0.5426 2.1788 -0.2268
v -0.4205 2.182 -0.2576
v -0.2999 2.1842 -0.2946
v -0.1624 2.1855 -0.3041
v 0 2.1733 -0.2599
v -1.1663 2.1382 0.1314
v -1.2685 2.138 0.2509
v -0.9414 2.1459 -0.0627
v -1.2272 4.1127 0.9289
v -1.1887 3.9273 0.9459
v -1.1732 3.7221 0.9663
v -1.1199 3.2033 1.062
v -1.1513 3.4834 1.0222
v 0 2.2368 1.4434
v 0 3.2169 1.6111
v 0 2.6869 1.5309
v -0.6947 3.2829 1.5009
v -0.8987 3.2334 1.3631
v -1.0967 2.215 1.1297
v -0.1318 2.6828 1.5375
v -0.1334 3.1978 1.6204
v -0.2948 2.6509 1.5241
v -0.6801 3.0305 1.4715
v -0.874 2.9741 1.3451
v -1.0571 2.4872 1.1603
v -0.4798 2.6127 1.4779
v -0.1487 3.4484 1.6002
v -0.4783 2.8423 1.53
v -0.6897 2.7346 1.4577
v -0.874 2.6787 1.3209
v -1.0284 2.6745 1.1899
v -0.2988 2.9021 1.5719
v 0 3.4426 1.5959
v -0.135 2.9377 1.5876
v -0.6826 2.5399 1.4003
v -0.8898 2.4881 1.29
v -1.0194 2.9497 1.2128
v 0 2.9525 1.5802
v -0.4642 3.3587 1.5828
v -0.2938 3.1627 1.614
v -0.6937 2.1894 1.3394
v -0.9179 2.1994 1.249
v -1.0225 3.2371 1.2133
v -0.4747 3.1072 1.5789
v -0.3013 3.413 1.6008
v -1.1191 2.932 1.074
v -1.1572 2.6736 1.0594
v -1.1964 2.5042 1.0256
v -1.225 2.2307 0.9798
v -1.0366 2.2656 0.073
v 0 2.0688 1.3967
v -0.0995 2.0246 1.4248
v -0.1418 1.8534 1.416
v -0.1186 1.6568 1.4526
v 0 1.5716 1.4268
v 0 2.0021 1.3907
v -0.0587 1.97 1.3937
v -0.0895 1.8458 1.3982
v -0.0758 1.7235 1.4059
v 0 1.6525 1.4129
v 0 1.9353 1.4097
v -0.0347 1.9166 1.4136
v -0.0534 1.8405 1.4046
v -0.0453 1.767 1.3971
v 0 1.7248 1.397
v 0 1.8405 1.3615
v -0.4942 2.0191 1.3835
v -0.2899 2.0388 1.4275
v -1.1168 2.0712 1.1177
v -0.7026 2.0255 1.313
v -0.9211 2.045 1.2277
v -1.2556 2.094 0.9729
v -1.3627 1.9646 0.7744
v -1.3877 1.9965 0.3727
v -1.4111 1.9814 0.5765
v -1.2449 2.0044 0.0277
v -1.3417 1.9999 0.1906
v -0.5093 1.8367 1.3673
v -0.3107 1.8352 1.4078
v -1.143 1.9121 1.1071
v -0.7211 1.8565 1.2972
v -0.9388 1.8791 1.2125
v -1.2975 1.9426 0.9658
v -1.1765 2.375 0.3114
v -1.0943 2.3774 0.207
v -1.2367 2.3601 0.8232
v -1.2564 2.3655 0.6463
v -1.2364 2.3718 0.4656
v -0.8845 2.3956 0.0278
v -0.4186 2.3099 -0.2269
v -0.301 2.3027 -0.2568
v -0.1669 2.2953 -0.2744
v 0 2.2758 -0.2413
v -0.7797 2.287 -0.0779
v -0.6529 2.3001 -0.1354
v -0.1324 2.4079 1.4841
v -0.5329 2.3123 -0.1977
v -1.2126 2.3622 0.999
v 0 2.428 1.4713
v -0.4827 2.3786 1.4319
v -0.2835 2.396 1.4722
v -0.6826 2.3604 1.3696
v -0.9027 2.3432 1.2742
v -1.083 2.3516 1.1458
v -1.0023 2.3834 0.1096
v -1.1918 1.7262 1.0932
v -0.3284 1.6051 1.4211
v -0.5287 1.6143 1.363
v -1.4155 1.8319 0.1249
v -1.3281 1.8364 -0.0701
v -1.4856 1.8124 0.5575
v -1.4734 1.8342 0.3384
v -1.4235 1.7884 0.7578
v -1.3516 1.7628 0.9504
v -0.9717 1.6829 1.1978
v -0.7429 1.6502 1.2866
v -1.0659 2.1343 0.0386
v -1.1241 1.9973 -0.0657
v -1.1872 1.8273 -0.1905
v -0.8316 2.0128 -0.2018
v -0.686 2.0252 -0.2613
v -0.5441 2.0288 -0.2784
v -0.4186 2.0339 -0.3069
v -0.289 2.0294 -0.3375
v -0.1533 2.0415 -0.3383
v 0 2.0357 -0.3031
v -0.86 1.8334 -0.3313
v -0.6957 1.8387 -0.3699
v -0.54 1.8383 -0.3759
v -0.4054 1.8385 -0.3893
v -0.2767 1.8424 -0.4044
v -0.1393 1.8444 -0.3948
v 0 1.8372 -0.3976
v -0.8821 1.6064 -0.4913
v -0.6932 1.604 -0.5084
v -0.5218 1.6002 -0.5063
v -0.3788 1.5994 -0.5078
v -0.2525 1.5942 -0.5098
v -0.1291 1.5782 -0.5124
v 0 1.5768 -0.5034
v -0.9834 2.0045 -0.1454
v -1.0273 1.8248 -0.2701
v -1.2669 1.3839 -0.4407
v -0.9001 1.1406 -0.799
v -0.6764 1.1479 -0.816
v -0.481 1.1454 -0.7946
v -0.3233 1.1381 -0.7463
v -0.2001 1.1323 -0.7157
v -0.104 1.1322 -0.6971
v 0 1.1179 -0.6819
v -1.0804 1.3762 -0.548
v -1.2813 1.1349 -0.548
v -1.0925 1.1359 -0.6973
v -0.8925 0.8694 -0.9161
v -0.6706 0.8768 -0.93
v -0.4367 0.8845 -0.8981
v -0.2763 0.8812 -0.8381
v -0.1559 0.8711 -0.7844
v -0.0767 0.8687 -0.7634
v 0 0.871 -0.7448
v -1.2926 0.859 -0.6511
v -0.8862 0.5929 -0.9951
v -0.6624 0.6004 -1.0154
v -0.4089 0.5921 -0.9622
v -0.2527 0.5854 -0.9169
v -0.1325 0.5775 -0.8423
v -0.0681 0.5706 -0.7792
v 0 0.5639 -0.7609
v -1.1066 0.8652 -0.826
v -1.3059 0.5809 -0.6985
v -0.8619 0.3482 -0.9672
v -0.6155 0.3575 -0.9993
v -0.3917 0.3569 -0.9664
v -0.2385 0.349 -0.9222
v -0.1231 0.3422 -0.8368
v -0.0645 0.3433 -0.7543
v 0 0.3433 -0.7361
v -1.1056 0.5853 -0.8812
v -1.3159 0.3334 -0.7077
v -0.8455 0.1168 -0.9346
v -0.5964 0.1224 -0.9501
v -0.3802 0.1179 -0.9217
v -0.2268 0.1024 -0.8682
v -0.1249 0.0892 -0.7559
v -0.0643 0.0833 -0.6754
v 0 0.0948 -0.6131
v -1.0984 0.3369 -0.88
v -1.3258 0.1104 -0.6837
v -0.8219 -0.1102 -0.8724
v -0.5683 -0.1254 -0.8489
v -0.3774 -0.11 -0.8112
v -0.221 -0.1359 -0.72
v -0.1204 -0.1424 -0.6028
v -0.0626 -0.1508 -0.4974
v 0 -0.1286 -0.4225
v -1.092 0.1091 -0.8408
v -1.3482 -0.0889 -0.6353
v -0.82 -0.366 -0.7394
v -0.1344 -0.3364 -0.3683
v -0.0653 -0.3317 -0.2637
v 0 -0.3011 -0.2015
v -1.0926 -0.1011 -0.7841
v -1.3953 -0.2663 -0.5656
v -1.125 -0.3062 -0.6944
v -1.5402 1.3887 0.0175
v -1.4114 1.3845 -0.2284
v -1.641 1.3747 0.5016
v -1.6339 1.3929 0.2657
v -1.5944 1.3533 0.7191
v -1.4734 1.318 0.9035
v -1.5575 1.144 -0.0399
v -1.4213 1.1315 -0.2935
v -1.6735 1.1271 0.4631
v -1.6631 1.1382 0.221
v -1.6362 1.1065 0.6927
v -1.5065 1.0731 0.8889
v -1.5812 0.8654 -0.098
v -1.4374 0.8644 -0.3654
v -1.6964 0.8624 0.4228
v -1.6906 0.8674 0.1729
v -1.652 0.8402 0.6748
v -1.5361 0.8108 0.8918
v -1.6123 0.5911 -0.139
v -1.4715 0.5901 -0.4229
v -1.7157 0.5738 0.408
v -1.7043 0.5841 0.1423
v -1.6723 0.5569 0.6698
v -1.5571 0.5278 0.896
v -1.6404 0.3394 -0.1511
v -1.4975 0.3437 -0.4374
v -1.7416 0.3086 0.4186
v -1.7275 0.322 0.1414
v -1.7073 0.2976 0.6896
v -1.5844 0.258 0.921
v -1.6648 0.1157 -0.1308
v -1.5246 0.1231 -0.4222
v -1.7701 0.0985 0.4498
v -1.7472 0.1015 0.1649
v -1.7382 0.0932 0.7255
v -1.6091 0.0561 0.9472
v -1.7072 -0.0742 -0.0895
v -1.5669 -0.0694 -0.3811
v -1.8099 -0.0752 0.4855
v -1.7814 -0.0799 0.2016
v -1.7663 -0.0791 0.7605
v -1.6419 -0.1057 0.9693
v -1.747 -0.2348 -0.05
v -1.6119 -0.2353 -0.3316
v -1.8493 -0.2401 0.5124
v -1.8194 -0.2401 0.2342
v 0 0.9426 1.4264
v -1.2516 1.2675 1.0462
v -0.3717 1.0085 1.3914
v -0.5699 1.0685 1.3334
v -1.0049 1.2057 1.1548
v -0.7771 1.1374 1.2427
v 0 0.6124 1.3794
v -1.2999 1.0323 1.0472
v -0.3741 0.6989 1.3542
v -0.5754 0.7781 1.2899
v -1.029 0.9488 1.1389
v -0.7863 0.8668 1.2242
v 0 0.3116 1.3004
v -1.3417 0.7601 1.059
v -0.3535 0.3952 1.2916
v -0.5616 0.4876 1.2432
v -1.0548 0.6819 1.1409
v -0.7855 0.5862 1.1839
v 0 0.0689 1.215
v -1.3543 0.4828 1.0602
v -0.3096 0.123 1.1942
v -0.5277 0.2189 1.1613
v -1.0796 0.4151 1.1511
v -0.7933 0.3283 1.1746
v 0 -0.1335 1.114
v -1.3762 0.2172 1.0772
v -0.264 -0.0687 1.1108
v -0.4908 0.0179 1.0887
v -1.0938 0.1642 1.1598
v -0.7861 0.1033 1.157
v 0 -0.2498 1.0243
v -1.404 0.0241 1.0886
v -0.2325 -0.1915 1.0285
v -0.4062 -0.1454 1.0405
v -1.0979 -0.0216 1.1554
v -0.7651 -0.0735 1.1379
v -1.4432 -0.1326 1.0972
v -0.49 -0.2993 1.0068
v -1.1191 -0.1774 1.1485
v -0.7853 -0.2309 1.1233
v -0.1761 0.964 1.4202
v -0.1815 0.6349 1.3719
v -0.1671 0.3277 1.2976
v -0.1503 0.0796 1.2115
v -0.1351 -0.1107 1.1139
v -0.1178 -0.2285 1.0266
v -0.9854 1.4552 1.1794
v -0.7637 1.3954 1.2692
v -0.3541 1.3051 1.4169
v -0.148 1.2769 1.4498
v 0 1.2677 1.449
v -1.2167 1.5043 1.0686
v -0.5531 1.3437 1.3514
v 0 -0.3662 0.8619
v -0.0899 -0.3511 0.8421
v -0.1843 -0.3131 0.8262
v -0.2522 -0.3187 0.8126
v -0.1153 1.3658 -0.6039
v 0 1.3801 -0.5799
v -0.8902 1.3837 -0.6505
v -0.689 1.385 -0.6738
v -0.5024 1.3777 -0.6429
v -1.064 1.599 -0.4112
v -0.3507 1.3755 -0.6313
v -0.2292 1.3694 -0.619
v -1.2393 1.6095 -0.3265
v -1.5675 1.6243 0.3053
v -1.4973 1.622 0.0712
v -1.3807 1.5465 0.9185
v -1.5096 1.5831 0.7386
v -1.5775 1.6051 0.5341
v -1.3755 1.6138 -0.1595
v -1.1582 -0.3313 1.1424
v -1.4801 -0.2895 1.1028
v -1.6727 -0.2646 0.9843
v -1.7985 -0.2349 0.7822
v -0.3096 7.3374 1.4127
v -0.3473 7.3383 1.4077
v -0.3824 7.3332 1.4005
v -0.4103 7.3242 1.3889
v -0.4295 7.3143 1.3781
v -0.4392 7.305 1.369
v -0.4438 7.2978 1.3612
v -0.4448 7.2899 1.355
v -0.4428 7.2826 1.3539
v -0.4388 7.2753 1.3548
v -0.425 7.2618 1.3647
v -0.4106 7.2512 1.3741
v -0.3905 7.2421 1.3858
v -0.3522 7.235 1.4001
v -0.3109 7.2338 1.4028
v -0.2738 7.2367 1.3983
v -0.2382 7.2423 1.392
v -0.2012 7.2507 1.3821
v -0.2701 7.3295 1.4076
v -0.2333 7.3164 1.3977
v -0.2067 7.3004 1.3967
v -0.1789 7.2826 1.3975
v -0.1717 7.2759 1.3885
v -0.1704 7.2676 1.3822
v -0.1756 7.2598 1.3816
v -0.1899 7.29 1.3965
v -0.1553 7.2505 1.3949
v -0.2217 7.3393 1.4072
v -0.1902 7.319 1.4045
v -0.3916 7.358 1.3859
v -0.4544 7.3279 1.3543
v -0.4678 7.3139 1.3414
v -0.4733 7.3013 1.3316
v -0.4747 7.2892 1.3264
v -0.4741 7.2764 1.3251
v -0.4529 7.2326 1.3344
v -0.4701 7.2621 1.3223
v -0.3642 7.1937 1.3842
v -0.4037 7.2032 1.3657
v -0.3178 7.192 1.3967
v -0.2672 7.1966 1.398
v -0.1764 7.2308 1.3853
v -0.2245 7.2075 1.3934
v -0.433 7.217 1.3521
v -0.1718 7.3036 1.4033
v -0.152 7.2646 1.4022
v -0.1606 7.2896 1.404
v -0.1542 7.2773 1.4045
v -0.2627 7.3555 1.4077
v -0.3499 7.3652 1.402
v -0.3073 7.3643 1.4084
v -0.4284 7.3444 1.3712
v -0.3489 6.9519 1.4254
v -0.0949 6.9435 1.6321
v -0.1729 6.8944 1.489
v -0.0334 6.9424 1.6716
v -0.0648 6.944 1.6586
v 0 6.9385 1.6798
v -0.1619 6.919 1.5348
v -0.1713 6.9033 1.509
v -0.1216 6.9403 1.6052
v -0.2136 7.0547 1.4478
v -0.283 7.0134 1.4491
v -0.334 7.0395 1.4313
v -0.2425 7.0794 1.4417
v -0.0347 7.141 1.5487
v 0 7.1485 1.5617
v -0.0643 7.1268 1.5321
v -0.4973 6.9449 1.317
v -0.5497 6.9821 1.2637
v -0.2374 6.9129 1.4551
v -0.2744 6.858 1.4431
v -0.171 6.9319 1.4881
v -0.0674 6.9975 1.628
v -0.0185 6.7749 1.565
v 0 6.7716 1.5585
v -0.0889 6.7863 1.5351
v -0.0374 6.7794 1.5593
v -0.2282 6.8445 1.4587
v -0.4518 7.2551 1.3376
v -0.4406 7.2629 1.3495
v -0.4295 7.2712 1.3613
v -0.212 7.2385 1.3875
v -0.2218 7.252 1.3842
v -0.2067 7.2296 1.3879
v -0.1851 7.2042 1.3889
v -0.4784 7.2394 1.3125
v -0.1743 7.1878 1.407
v -0.4995 7.2271 1.2985
v -0.1819 7.1079 1.4383
v -0.5467 7.1934 1.252
v -0.1362 7.004 1.5085
v -0.5763 7.1741 1.225
v -0.105 7.1691 1.4622
v -0.6007 7.1524 1.1912
v -0.6796 6.9961 0.8807
v -0.1397 6.9866 1.5353
v -0.1419 6.9689 1.5522
v -0.1418 6.9154 1.5735
v -0.1446 6.9513 1.5632
v -0.6924 6.9527 0.7108
v -0.6871 6.9589 0.7678
v -0.5223 7.2117 1.2758
v -0.1403 7.1364 1.4467
v -0.4267 7.2712 1.3461
v -0.227 7.2537 1.3727
v -0.43 7.2715 1.3132
v -0.2293 7.256 1.3435
v -0.4466 7.2544 1.3149
v -0.2123 7.2149 1.3478
v -0.4576 7.2448 1.281
v -0.2021 7.1897 1.3131
v -0.4608 7.2386 1.248
v -0.198 7.1752 1.2775
v -0.459 7.2362 1.2229
v -0.198 7.1698 1.2499
v -0.4555 7.2365 1.204
v -0.1987 7.1696 1.2286
v -0.4505 7.2388 1.1864
v -0.1999 7.1726 1.2087
v -0.4425 7.243 1.1669
v -0.2028 7.1788 1.1864
v -0.4278 7.2493 1.1429
v -0.2112 7.1904 1.158
v -0.3917 7.3422 1.1205
v -0.3796 7.358 1.1216
v -0.2269 7.3536 1.1259
v -0.3447 7.384 1.1251
v -0.2005 7.2908 1.1264
v -0.3232 7.3906 1.1264
v -0.4331 7.2685 1.3583
v -0.2179 7.2467 1.3863
v -0.4639 7.2475 1.3245
v -0.1971 7.218 1.3871
v -0.1466 6.9329 1.5668
v -0.1618 7.1705 1.4211
v -0.4689 6.9935 1.3472
v 0 7.0029 1.6522
v -0.1222 6.7908 1.5171
v -0.1857 6.8348 1.4708
v -0.164 6.8001 1.4923
v -0.0604 6.7836 1.5474
v -0.1757 6.8899 1.4694
v -0.3642 6.702 1.3771
v -0.3392 6.7543 1.4028
v -0.3301 6.5598 1.3716
v -0.3328 6.599 1.3782
v -0.3221 6.6394 1.3931
v -0.3005 6.6785 1.4164
v -0.2012 6.8982 1.4623
v -0.2881 6.9327 1.4479
v -0.3255 6.8759 1.4218
v -0.3253 6.6909 1.3973
v -0.3851 6.8959 1.3979
v -0.5396 6.8469 1.2375
v -0.5819 6.8923 1.1801
v -0.5503 6.7903 1.1837
v -0.5905 6.8425 1.1234
v -0.35 6.6443 1.3741
v -0.3607 6.5936 1.3544
v -0.0676 6.3331 1.4894
v -0.1362 6.3502 1.4619
v -0.199 6.3798 1.4203
v -0.258 6.4162 1.3825
v -0.3074 6.4555 1.3526
v 0 6.3268 1.499
v -0.3371 6.497 1.3416
v -0.3541 6.5439 1.3431
v -0.2806 6.3387 1.3327
v -0.2198 6.2877 1.3779
v -0.1512 6.2503 1.4211
v -0.0759 6.2327 1.4424
v -0.4012 6.5127 1.2651
v -0.3717 6.4489 1.269
v 0 6.2267 1.4548
v -0.3314 6.3918 1.2939
v -0.4203 6.6518 1.3134
v -0.4183 6.5831 1.2828
v -0.5853 7.0256 1.2159
v -0.6157 6.9493 1.1288
v -0.6238 6.9059 1.0719
v -0.6094 7.0755 1.1765
v -0.6369 7.0106 1.0872
v -0.6478 6.9751 1.0308
v -0.6221 7.1277 1.15
v -0.6486 7.0748 1.0587
v -0.6606 7.048 1.0028
v -0.6248 7.1799 1.1372
v -0.6539 7.1417 1.0447
v -0.6664 7.1234 0.9892
v -0.6232 7.2322 1.1362
v -0.6545 7.2113 1.045
v -0.6684 7.2016 0.9904
v -0.3674 7.722 1.387
v -0.5518 7.6212 1.2279
v 0 7.7705 1.4976
v -0.0605 7.7675 1.4941
v -0.16 7.7672 1.4763
v -0.6757 7.2836 0.9518
v -0.2608 7.7507 1.4389
v -0.4688 7.6793 1.3165
v -0.6595 7.3793 0.9949
v -0.6371 7.4697 1.0536
v -0.6063 7.5489 1.1373
v -0.6788 7.105 0.9307
v -0.6824 7.1932 0.9359
v -0.6718 7.0209 0.9421
v -0.6586 6.9395 0.9698
v -0.6306 6.8612 1.0068
v -0.5974 6.7871 1.0551
v -0.3877 6.5884 1.3243
v -0.5558 6.7241 1.1216
v -0.2546 7.1251 1.4238
v -0.2703 6.3698 1.3583
v 0 6.2711 1.4828
v -0.3779 6.5276 1.3063
v -0.21 6.3279 1.4032
v -0.0721 6.2773 1.4686
v -0.1467 6.2933 1.4487
v -0.3546 6.4719 1.3073
v -0.3184 6.4208 1.3262
v -0.3827 6.6489 1.3511
v -0.3236 7.1121 1.4116
v -0.0717 6.2082 1.4229
v -0.1506 6.2287 1.3991
v -0.2197 6.265 1.3568
v -0.2822 6.316 1.3088
v -0.342 6.3682 1.2606
v 0 6.2006 1.4344
v -0.388 6.4286 1.2295
v -0.4247 6.4983 1.2166
v -0.4555 6.5769 1.2187
v -0.513 7.7996 1.2336
v -0.5977 7.7181 1.1338
v -0.3979 7.8535 1.3143
v -0.2794 7.8928 1.3867
v -0.6637 7.519 0.9597
v -0.6439 7.6209 1.0421
v -0.6944 7.0747 0.831
v -0.6963 7.1793 0.8429
v -0.6875 7.2891 0.8658
v -0.6656 6.8737 0.831
v -0.6759 7.4083 0.8958
v -0.5537 6.5792 0.9688
v -0.5981 6.6629 0.8951
v -0.6339 6.7604 0.8453
v 0 7.9191 1.4454
v -0.0627 7.9172 1.4416
v -0.1569 7.9109 1.429
v -0.6824 6.973 0.8292
v -0.1339 7.1981 1.4261
v -0.1969 7.1465 1.4224
v -0.327 7.0815 1.42
v -0.2384 6.9838 1.455
v -0.1908 7.023 1.4578
v -0.1416 7.0264 1.4881
v -0.1531 7.0535 1.47
v -0.1171 7.0511 1.514
v -0.1227 7.0806 1.4911
v -0.0919 7.0715 1.5384
v -0.0942 7.1055 1.5132
v -0.2657 6.7257 1.4455
v -0.4284 7.5534 1.3656
v -0.5016 7.5142 1.3026
v -0.5562 7.4629 1.2394
v -0.5906 7.4069 1.1789
v -0.6143 7.3462 1.132
v -0.6313 7.284 1.1039
v -0.1529 7.605 1.5063
v 0 6.8467 -0.1843
v -0.0601 6.8474 -0.1831
v -0.1596 6.8457 -0.1787
v -0.2663 6.8354 -0.1629
v -0.3585 6.8314 -0.1106
v -0.4374 6.8259 -0.0366
v -0.491 6.8269 0.0789
v -0.5313 6.837 0.2001
v -0.5565 6.8685 0.2919
v -0.5737 6.9028 0.3597
v -0.5715 6.8531 0.3925
v -0.5466 6.8114 0.3331
v -0.4852 6.7613 0.1028
v -0.4363 6.7613 -0.0135
v -0.3541 6.768 -0.0985
v -0.2592 6.7787 -0.1467
v -0.1566 6.7957 -0.1603
v -0.0579 6.8029 -0.1661
v 0 6.8046 -0.1684
v -0.519 6.7708 0.2394
v -0.3904 6.768 1.3746
v -0.4396 6.7861 1.339
v -0.4105 6.7113 1.3456
v -0.4561 6.726 1.3001
v -0.4627 6.6568 1.2581
v -0.0671 6.186 1.3931
v -0.1479 6.2047 1.3714
v -0.2223 6.2432 1.3276
v -0.2882 6.2966 1.276
v -0.3489 6.3506 1.2285
v 0 6.1769 1.403
v -0.3992 6.4105 1.1874
v -0.4451 6.482 1.1575
v -0.4984 6.5782 1.1305
v -0.5072 6.6769 1.1904
v -0.5038 6.7494 1.2464
v -0.4929 6.8105 1.2936
v -0.2505 7.1026 1.4335
v -0.4415 6.9187 1.3619
v -0.4001 6.9741 1.3914
v -0.1922 7.1282 1.4315
v -0.1505 7.1544 1.4326
v -0.3434 7.2524 1.0903
v -0.2947 7.2247 1.0952
v -0.3446 7.2873 1.0876
v -0.3441 7.3018 1.0885
v -0.3403 7.3284 1.0933
v -0.3352 7.3399 1.0963
v -0.2757 7.3384 1.0971
v -0.3228 7.3581 1.103
v -0.263 7.2951 1.0906
v -0.3174 7.3651 1.1066
v -0.2474 7.5971 1.4697
v -0.0625 7.6057 1.5264
v 0 7.6081 1.5311
v -0.2605 6.7911 1.4444
v -0.309 6.805 1.4232
v -0.5174 6.8972 1.2747
v -0.5673 6.9391 1.2261
v -0.6047 6.9888 1.1778
v -0.6255 7.0434 1.1377
v -0.6351 7.1014 1.1077
v -0.6387 7.1609 1.0956
v -0.6383 7.2218 1.0939
v -0.2297 6.7759 1.4643
v -0.4158 6.8411 1.3714
v -0.3629 6.8226 1.4008
v -0.4691 6.8653 1.3304
v -0.1018 6.7424 1.5479
v -0.1311 6.4969 1.4946
v -0.0536 6.4841 1.5131
v 0 6.4872 1.5161
v -0.2614 6.5832 1.4147
v -0.2715 6.6198 1.4203
v -0.1731 6.7153 1.5094
v -0.1678 6.7546 1.5023
v 0 6.7502 1.5635
v -0.0185 6.7535 1.5689
v -0.0409 6.7588 1.5645
v -0.0667 6.7636 1.553
v -0.095 6.7665 1.538
v -0.0928 6.8064 1.4486
v -0.0922 6.7507 1.4718
v -0.0963 6.7072 1.4758
v -0.1004 6.6617 1.4764
v -0.1453 6.6894 1.5479
v -0.1424 6.6786 1.5485
v -0.134 6.6383 1.5383
v -0.1438 6.7052 1.5442
v -0.148 6.941 0.8298
v -0.1556 6.9802 1.0279
v -0.1108 6.9531 1.2282
v -0.1008 6.8816 1.3669
v -0.1085 6.629 1.4911
v -0.1094 6.6193 1.5003
v -0.1381 6.6581 1.5424
v -0.1288 6.6148 1.5361
v -0.1291 6.7639 1.5213
v -0.1358 6.734 1.528
v -0.0904 6.688 0.5716
v -0.1199 6.8306 0.6701
v -0.6387 7.9999 0.1434
v 0 8.3209 -0.0432
v -0.7466 7.6047 0.3576
v -0.1696 8.2975 -0.045
v -0.3043 8.2673 -0.0299
v -0.7194 7.341 0.3701
v -0.379 7.7872 -0.2993
v -0.4796 7.7443 -0.2261
v -0.6808 7.5439 0.1073
v -0.7175 7.408 0.3081
v -0.5616 7.6829 -0.1067
v -0.6301 7.6164 0.0013
v 0 7.8499 -0.3605
v -0.7104 7.472 0.2224
v -0.1389 7.8254 -0.3578
v -0.2621 7.813 -0.3436
v -0.6917 7.2526 0.3318
v -0.6288 7.3377 0.0561
v -0.6826 7.2912 0.2601
v -0.4284 7.4129 -0.2642
v -0.5082 7.3928 -0.1662
v -0.5759 7.3667 -0.0559
v 0 7.442 -0.3916
v -0.336 7.4254 -0.3279
v -0.6705 7.3175 0.1632
v -0.1142 7.4354 -0.3882
v -0.2278 7.4298 -0.3715
v -0.6951 7.5771 0.8545
v -0.749 7.6713 0.5736
v -0.7399 7.6635 0.661
v -0.7274 7.6428 0.7364
v -0.6984 7.4427 0.807
v -0.74 7.5479 0.5746
v -0.7343 7.5406 0.6403
v -0.7213 7.5164 0.7061
v -0.7048 7.2982 0.7574
v -0.7322 7.4481 0.577
v -0.7281 7.4384 0.6269
v -0.7192 7.4112 0.6785
v -0.6226 6.8372 0.5262
v -0.6058 6.8684 0.4731
v -0.6328 7.036 0.3577
v -0.6108 6.9378 0.4058
v -0.6042 6.8973 0.439
v -0.7037 7.1669 0.7447
v -0.7092 7.0446 0.6429
v -0.8224 7.3475 0.4834
v -0.7204 6.9045 0.6128
v -0.7852 7.3438 0.5481
v -0.8506 7.3134 0.4059
v -0.8566 7.2535 0.3663
v -0.8109 7.102 0.3558
v -0.8355 7.1602 0.3442
v -0.7442 6.8525 0.5724
v -0.7084 6.9745 0.6333
v -0.8565 7.2842 0.3853
v -0.8531 7.216 0.354
v -0.7141 7.1672 0.6576
v -0.7514 7.3221 0.5774
v -0.7275 7.2882 0.6077
v -0.7227 7.2537 0.6335
v -0.7492 6.8572 0.5198
v -0.7432 6.8798 0.486
v -0.7827 7.0454 0.3707
v -0.7617 6.9666 0.4108
v -0.7495 6.9175 0.4435
v -0.7123 7.1093 0.654
v -0.7296 7.0492 0.6189
v -0.842 7.3293 0.483
v -0.726 6.9307 0.5986
v -0.805 7.3232 0.5506
v -0.8719 7.3089 0.421
v -0.8793 7.2405 0.3754
v -0.8334 7.1048 0.36
v -0.8535 7.157 0.3544
v -0.7381 6.8988 0.567
v -0.7316 6.9908 0.617
v -0.8789 7.2699 0.3923
v -0.8725 7.2053 0.3646
v -0.7213 7.1519 0.6305
v -0.7783 7.3061 0.5789
v -0.7562 7.2641 0.602
v -0.7397 7.2332 0.6156
v -0.7512 6.8967 0.529
v -0.7565 6.9091 0.4903
v -0.814 7.0583 0.3729
v -0.7891 6.9884 0.4143
v -0.7671 6.9346 0.4569
v -0.7199 7.1027 0.6275
v -0.7468 7.0476 0.6024
v -0.8365 7.3162 0.4832
v -0.7284 6.9529 0.5871
v -0.8089 7.3035 0.5521
v -0.8666 7.2959 0.431
v -0.8691 7.23 0.3885
v -0.8401 7.0993 0.3735
v -0.8577 7.1536 0.3749
v -0.7385 6.927 0.56
v -0.741 7.0062 0.5986
v -0.8744 7.2613 0.4019
v -0.8637 7.1937 0.3785
v -0.729 7.141 0.6129
v -0.7818 7.2788 0.5755
v -0.7606 7.2472 0.5938
v -0.7484 7.2172 0.606
v -0.7477 6.9204 0.5276
v -0.7591 6.9293 0.4949
v -0.8208 7.0695 0.3863
v -0.7939 7.0035 0.4252
v -0.7732 6.955 0.4626
v -0.728 7.0973 0.609
v -0.7178 7.0609 0.582
v -0.8126 7.2892 0.4833
v -0.6874 6.9946 0.5713
v -0.7712 7.285 0.5345
v -0.8234 7.279 0.444
v -0.8403 7.2183 0.4067
v -0.8178 7.0964 0.4059
v -0.8285 7.141 0.3996
v -0.7386 6.9659 0.5504
v -0.6989 7.0263 0.5791
v -0.8597 7.2517 0.4219
v -0.8415 7.1845 0.4009
v -0.736 7.1289 0.5941
v -0.7557 7.2667 0.5525
v -0.7466 7.2256 0.5753
v -0.7425 7.1956 0.5865
v -0.7472 6.9595 0.5255
v -0.7587 6.9684 0.4991
v -0.8042 7.0771 0.4098
v -0.7851 7.0278 0.4405
v -0.7709 6.9832 0.4736
v -0.7257 7.0947 0.5897
v -0.6865 7.0837 0.5632
v -0.7933 7.2306 0.4978
v -0.6872 7.052 0.5323
v -0.7588 7.2327 0.5225
v -0.8197 7.2219 0.481
v -0.8354 7.1962 0.4529
v -0.8154 7.1153 0.4351
v -0.8254 7.1361 0.4361
v -0.7013 7.0358 0.5178
v -0.6811 7.0668 0.5501
v -0.8301 7.2119 0.4665
v -0.8358 7.1702 0.443
v -0.7324 7.1199 0.5738
v -0.7414 7.2236 0.5432
v -0.7406 7.1965 0.5554
v -0.7344 7.1664 0.5626
v -0.7256 7.026 0.5066
v -0.7676 7.022 0.4964
v -0.8096 7.0946 0.4406
v -0.7899 7.0508 0.4655
v -0.7794 7.0301 0.4828
v -0.7109 7.1001 0.5688
v -0.7439 7.1263 0.5534
v -0.78 7.0944 0.4614
v -0.7909 7.0833 0.4564
v -0.7399 7.1341 0.5631
v -0.7093 7.1014 0.5558
v -0.7651 7.0497 0.4784
v -0.7757 7.0653 0.4637
v -0.7995 7.1019 0.45
v -0.74 7.044 0.4857
v -0.7142 7.0478 0.4924
v -0.7334 7.1519 0.553
v -0.7332 7.1734 0.5431
v -0.7563 7.1975 0.5378
v -0.7314 7.1159 0.5646
v -0.823 7.1639 0.4564
v -0.8162 7.191 0.4765
v -0.6922 7.0764 0.5351
v -0.7053 7.0541 0.5089
v -0.8152 7.136 0.449
v -0.8087 7.1191 0.4487
v -0.8215 7.1807 0.4659
v -0.8083 7.1983 0.4896
v 0 6.8981 -0.2041
v -0.064 6.9013 -0.2039
v -0.1627 6.9047 -0.2003
v -0.2706 6.9041 -0.1804
v -0.5759 8.0001 1.0417
v -0.4583 8.0922 1.1298
v -0.3646 6.9074 -0.1303
v -0.6613 7.8798 0.9444
v -0.7051 7.7485 0.8607
v -0.4432 6.9044 -0.0508
v 0 8.2119 1.2542
v -0.3301 8.1536 1.1938
v -0.0796 8.2067 1.2477
v -0.4987 6.9081 0.0566
v -0.5698 6.9348 0.2576
v -0.5867 6.9589 0.3259
v -0.1848 8.1866 1.2343
v -0.5392 6.9134 0.174
v -0.7131 7.6112 0.7985
v -0.7095 7.4826 0.7575
v -0.7108 7.3681 0.7193
v -0.6216 6.9859 0.3787
v -0.7169 7.2151 0.6499
v -0.7722 7.006 0.3907
v -0.7281 7.1954 0.6272
v -0.8015 7.0233 0.3936
v -0.7368 7.181 0.6126
v -0.8062 7.0324 0.4077
v -0.742 7.1631 0.5938
v -0.7945 7.0498 0.4254
v -0.7398 7.1428 0.5717
v -0.8001 7.0729 0.4509
v -0.7807 7.2063 0.5254
v -0.696 7.0637 0.5226
v -0.7986 7.2026 0.5045
v -0.6926 7.0893 0.5454
v -0.7695 7.2617 0.5278
v -0.7137 7.0979 0.5786
v -0.6851 7.0758 0.5748
v -0.7903 7.0381 0.4579
v -0.7744 7.0025 0.4791
v -0.7417 7.208 0.562
v -0.7544 7.2478 0.5444
v -0.675 7.0536 0.5631
v -0.8396 7.2103 0.4326
v -0.8434 7.1786 0.4207
v -0.7491 6.9949 0.5247
v -0.717 7.0067 0.5361
v -0.7334 7.1229 0.5816
v -0.7356 7.1785 0.5709
v -0.8316 7.2376 0.4478
v -0.8259 7.2495 0.4673
v -0.8172 7.1095 0.4185
v -0.8243 7.1357 0.4157
v -0.8114 7.0876 0.423
v -0.7661 6.9928 0.5012
v -0.6816 7.0303 0.5493
v -0.8125 7.2614 0.4902
v -0.7401 7.1504 0.5795
v -0.8016 7.0631 0.4412
v -0.7615 7.0775 0.4786
v -0.7249 7.0971 0.53
v -0.7495 7.1281 0.533
v -0.7266 7.1375 0.5211
v -0.783 7.1805 0.4906
v -0.7717 6.9758 0.4699
v -0.7306 7.0954 0.5963
v -0.8104 7.3009 0.4833
v -0.7394 7.1695 0.5242
v -0.7333 7.1101 0.5545
v -0.8652 7.2552 0.4143
v -0.7474 7.205 0.5964
v -0.7427 7.0565 0.586
v -0.739 6.9485 0.5557
v -0.7427 7.0597 0.4824
v -0.7326 7.0623 0.4924
v -0.8051 7.1597 0.4673
v -0.7939 7.1753 0.4822
v -0.7784 7.1425 0.4633
v -0.7729 7.1837 0.5007
v -0.7018 7.0924 0.5258
v -0.7698 7.1323 0.4606
v -0.7749 7.1598 0.4762
v -0.7088 7.1018 0.5407
v -0.7593 7.0655 0.4756
v -0.7712 7.0785 0.4675
v -0.7819 7.1107 0.455
v -0.7325 7.1375 0.5427
v -0.7262 7.1511 0.5303
v -0.78 7.1548 0.4689
v -0.7687 7.1637 0.4845
v -0.7548 7.0697 0.4849
v -0.752 7.0737 0.4916
v -0.8004 7.0469 0.4232
v -0.7413 7.1706 0.6022
v -0.7059 7.0852 0.5203
v -0.722 7.0694 0.5021
v -0.7989 7.138 0.4584
v -0.7343 7.0882 0.5182
v -0.7471 7.079 0.5007
v -0.7896 7.1251 0.4553
v -0.8014 7.1683 0.4744
v -0.7625 7.1666 0.4938
v -0.7513 7.1202 0.5429
v -0.7673 7.1052 0.4653
v -0.7541 7.1791 0.5197
v -0.7139 7.0774 0.5125
v -0.7553 7.1694 0.5018
v -0.7277 7.0927 0.5246
v -0.8433 7.1895 0.3933
v -0.7596 7.276 0.5591
v -0.7133 6.9817 0.5758
v -0.7651 7.1198 0.4601
v -0.7665 7.0903 0.4715
v -0.7588 6.9551 0.4975
v -0.8356 7.1406 0.3948
v -0.856 7.2816 0.4393
v -0.7345 7.1335 0.6016
v -0.7341 7.1541 0.5151
v -0.7374 7.107 0.541
v -0.7427 7.1649 0.5116
v -0.7402 7.0839 0.5095
v -0.8609 7.222 0.3992
v -0.7473 6.9465 0.5254
v -0.8118 7.0747 0.4087
v -0.8216 7.0956 0.403
v -0.7519 7.2345 0.5848
v -0.7895 7.0232 0.4372
v -0.7742 7.2938 0.5415
v -0.7161 7.0153 0.5872
v -0.7361 7.1424 0.4947
v -0.752 7.1175 0.5074
v -0.7314 7.1254 0.4987
v -0.7572 7.1056 0.5133
v -0.7512 7.0941 0.5161
v -0.7523 7.1114 0.5282
v -0.7432 7.1213 0.4749
v -0.7504 7.1108 0.4803
v -0.7484 7.1405 0.4764
v -0.7656 7.0978 0.4803
v -0.761 7.085 0.4854
v -0.7599 7.1024 0.5012
v -0.7549 7.092 0.5051
v -0.7297 7.1302 0.5112
v -0.7521 7.1233 0.5227
v -0.733 7.1458 0.5048
v -0.7457 7.0973 0.5259
v -0.7422 7.1413 0.4856
v -0.7509 7.1136 0.4958
v -0.7355 7.1225 0.4871
v -0.7572 7.1378 0.4682
v -0.7561 7.1087 0.4697
v -0.7523 7.1206 0.4674
v -0.7635 7.1013 0.4907
v -0.7581 7.0895 0.4944
v -0.7193 7.0959 0.5843
v -0.7714 6.9922 0.4746
v -0.7556 7.257 0.548
v -0.8409 7.1817 0.4106
v -0.7364 6.9848 0.5463
v -0.7383 7.1872 0.5782
v -0.837 7.2465 0.4321
v -0.8174 7.0973 0.4123
v -0.8103 7.0789 0.4162
v -0.7663 7.2745 0.5292
v -0.6985 7.0682 0.5785
v -0.789 7.0343 0.4442
v -0.744 7.2174 0.5684
v -0.6822 7.04 0.5712
v -0.8378 7.2173 0.4164
v -0.7481 6.9746 0.5258
v -0.735 7.1256 0.5878
v -0.8182 7.2694 0.4517
v -0.8303 7.1344 0.407
v -0.7613 6.9782 0.4998
v -0.6819 7.015 0.5616
v -0.816 7.2763 0.4878
v -0.7412 7.1567 0.5865
v -0.7983 7.0515 0.4313
v -0.7603 7.165 0.3903
v -0.7966 7.3072 0.4397
v -0.7739 7.3232 0.4868
v -0.7466 7.0992 0.4005
v -0.7065 7.0453 0.6631
v -0.7008 6.9657 0.6492
v -0.8046 7.2823 0.4097
v -0.7964 7.2514 0.3992
v -0.7122 6.8928 0.6269
v -0.7278 6.8229 0.5791
v -0.7058 6.8698 0.4887
v -0.6993 6.9424 0.482
v -0.7098 7.1212 0.6763
v -0.7115 7.1913 0.6809
v -0.7104 6.9839 0.4567
v -0.7279 7.3134 0.6133
v -0.7203 7.2832 0.6455
v -0.7847 7.2124 0.3902
v -0.7335 7.3259 0.5839
v -0.7407 7.3221 0.544
v -0.7137 6.8396 0.52
v -0.7294 7.055 0.421
v -0.7148 7.2444 0.6682
v -0.7175 7.0272 0.4364
v -0.7054 7.1693 0.3865
v -0.7374 7.3125 0.4435
v -0.682 7.1006 0.3947
v -0.7036 7.05 0.6915
v -0.7361 7.2546 0.4039
v -0.6904 6.8783 0.6416
v -0.6538 6.894 0.4989
v -0.7081 7.2287 0.7093
v -0.7263 7.359 0.6186
v -0.7309 7.3662 0.5311
v -0.6718 7.052 0.4073
v -0.7325 7.3479 0.4668
v -0.697 6.9594 0.6723
v -0.738 7.2867 0.4201
v -0.6952 6.8252 0.5854
v -0.6511 6.9297 0.4734
v -0.7078 7.14 0.7061
v -0.6578 6.9691 0.448
v -0.7185 7.3321 0.6586
v -0.7239 7.2201 0.3929
v -0.731 7.3694 0.5817
v -0.6691 6.8585 0.5442
v -0.7128 7.2911 0.6885
v -0.6668 7.0124 0.4247
v -0.3112 7.3315 1.404
v -0.349 7.3309 1.3983
v -0.4385 7.293 1.3556
v -0.4343 7.3011 1.3614
v -0.4287 7.3075 1.3664
v -0.4104 7.3179 1.3778
v -0.3833 7.325 1.39
v -0.2723 7.3235 1.4007
v -0.1851 7.2669 1.3746
v -0.197 7.2598 1.3673
v -0.2123 7.256 1.3723
v -0.1934 7.2802 1.3747
v -0.2018 7.2875 1.3795
v -0.1847 7.274 1.3768
v -0.4248 7.2676 1.3613
v -0.2424 7.2487 1.3858
v -0.276 7.2434 1.3936
v -0.2116 7.2952 1.3827
v -0.3114 7.2398 1.3999
v -0.2353 7.3097 1.3898
v -0.3519 7.2408 1.3967
v -0.3848 7.2478 1.3835
v -0.4071 7.2569 1.3739
v -0.4342 7.275 1.3509
v -0.4377 7.2824 1.3492
v -0.4394 7.2875 1.3509
v -0.2244 7.2529 1.3785
v -0.4296 7.2711 1.3557
v 0.3492 7.3299 1.4076
v 0.311 7.3315 1.4107
v 0.3481 7.3465 1.4062
v 0.3095 7.3456 1.4117
v 0.3487 7.3574 1.4039
v 0.308 7.3566 1.4103
v 0.3835 7.3242 1.4009
v 0.3849 7.3413 1.3972
v 0.3886 7.3508 1.393
v 0.4099 7.3169 1.3895
v 0.4154 7.331 1.385
v 0.423 7.339 1.3777
v 0.4279 7.3066 1.3788
v 0.4363 7.3188 1.3727
v 0.4462 7.3246 1.365
v 0.4337 7.3008 1.3734
v 0.4473 7.3085 1.3624
v 0.4582 7.3114 1.3514
v 0.4385 7.2937 1.3653
v 0.4521 7.2991 1.3548
v 0.4638 7.3001 1.342
v 0.4394 7.2874 1.358
v 0.4531 7.2897 1.3462
v 0.4645 7.2899 1.3358
v 0.4367 7.2823 1.355
v 0.4513 7.281 1.3462
v 0.4631 7.2784 1.3355
v 0.4336 7.2755 1.3562
v 0.4463 7.2714 1.3465
v 0.4584 7.2665 1.3339
v 0.4249 7.2677 1.3656
v 0.4313 7.2544 1.3572
v 0.4422 7.2435 1.3469
v 0.4086 7.257 1.3768
v 0.4142 7.2427 1.3697
v 0.4237 7.2315 1.363
v 0.3865 7.2481 1.3873
v 0.3927 7.2332 1.3822
v 0.3976 7.2201 1.3774
v 0.3597 7.2113 1.3915
v 0.3536 7.2243 1.3969
v 0.3519 7.2406 1.4016
v 0.3161 7.2096 1.4009
v 0.3097 7.2215 1.3981
v 0.3109 7.2395 1.4046
v 0.2708 7.2133 1.3995
v 0.2696 7.224 1.3978
v 0.276 7.2434 1.3986
v 0.2322 7.2216 1.3934
v 0.2332 7.2327 1.3932
v 0.241 7.2478 1.3915
v 0.1856 7.2391 1.3849
v 0.1937 7.2438 1.3837
v 0.21 7.2549 1.3795
v 0.2725 7.3227 1.4055
v 0.2682 7.3372 1.4082
v 0.2655 7.3477 1.408
v 0.2353 7.3097 1.3949
v 0.2303 7.3232 1.4012
v 0.2265 7.3319 1.4044
v 0.2093 7.2945 1.3918
v 0.2016 7.3061 1.3992
v 0.1964 7.3135 1.402
v 0.1817 7.2799 1.3835
v 0.174 7.284 1.3989
v 0.1678 7.2859 1.4006
v 0.1752 7.2736 1.3807
v 0.1676 7.2761 1.3942
v 0.1612 7.2762 1.3998
v 0.1757 7.2671 1.3781
v 0.1651 7.2673 1.3918
v 0.1583 7.2656 1.3982
v 0.1846 7.2588 1.3761
v 0.1675 7.2576 1.3887
v 0.1602 7.2545 1.3936
v 0.4442 7.1992 1.3345
v 0.4129 7.1829 1.3539
v 0.3698 7.1722 1.3779
v 0.3179 7.1697 1.3913
v 0.2625 7.176 1.3983
v 0.2145 7.1901 1.3934
v 0.1632 7.2214 1.3891
v 0.4636 7.3308 1.3402
v 0.4784 7.3149 1.3273
v 0.4841 7.3014 1.3195
v 0.4865 7.2885 1.3154
v 0.4867 7.2742 1.3131
v 0.4841 7.2563 1.3099
v 0.4668 7.2202 1.3182
v 0.3502 7.3738 1.3999
v 0.3059 7.3734 1.4073
v 0.395 7.3657 1.3825
v 0.4351 7.3502 1.3646
v 0.2593 7.3638 1.4106
v 0.2157 7.3477 1.412
v 0.1821 7.3289 1.4127
v 0.1484 7.2937 1.4117
v 0.1422 7.2787 1.4114
v 0.1409 7.2631 1.4091
v 0.1454 7.2447 1.3996
v 0.185 7.2941 1.3984
v 0.1788 7.2987 1.4006
v 0.1952 7.2848 1.3878
v 0.1603 7.3103 1.4108
v 0.1293 7.2967 1.4247
v 0.123 7.2788 1.4229
v 0.1225 7.2601 1.4202
v 0.1299 7.2378 1.416
v 0.1424 7.3165 1.4256
v 0.1055 7.3001 1.4449
v 0.0994 7.2784 1.4428
v 0.1003 7.2567 1.4412
v 0.1089 7.23 1.4365
v 0.1185 7.3232 1.4463
v 0.0812 7.3069 1.47
v 0.0757 7.2801 1.4686
v 0.078 7.2537 1.4677
v 0.0886 7.2217 1.4606
v 0.0925 7.3326 1.4701
v 0.0645 7.1705 1.5077
v 0.055 7.312 1.491
v 0.0515 7.2837 1.4905
v 0.0546 7.2526 1.4908
v 0.0666 7.2112 1.4883
v 0.0635 7.3397 1.4918
v 0.0332 7.1876 1.5278
v 0.0285 7.3178 1.5032
v 0.0271 7.2876 1.5044
v 0.0286 7.2574 1.5094
v 0.032 7.227 1.5145
v 0.0325 7.3464 1.5046
v 0.4629 7.1764 1.3244
v 0.4293 7.1566 1.3512
v 0.38 7.1439 1.379
v 0.3206 7.1429 1.401
v 0.2588 7.1514 1.4109
v 0.2058 7.1688 1.4096
v 0.1493 7.2102 1.4061
v 0.4751 7.3375 1.3299
v 0.4933 7.3189 1.3127
v 0.5023 7.3029 1.3045
v 0.5057 7.2873 1.2995
v 0.5062 7.2697 1.2954
v 0.5048 7.2491 1.2949
v 0.4867 7.2021 1.3059
v 0.3519 7.3856 1.4022
v 0.3021 7.3866 1.413
v 0.4008 7.3749 1.382
v 0.4443 7.3569 1.3554
v 0.2503 7.3772 1.4203
v 0.2023 7.359 1.4248
v 0.1654 7.338 1.4262
v 0.5241 7.3044 1.2854
v 0.514 7.3239 1.2961
v 0.4922 7.3462 1.3167
v 0.1712 6.9974 1.4719
v 0.063 7.0869 1.556
v 0.0341 7.0978 1.5712
v 0.1407 7.3489 1.446
v 0.1115 7.3603 1.47
v 0.078 7.3703 1.4932
v 0.0382 7.3767 1.5049
v 0.3522 7.4063 1.4055
v 0.2928 7.409 1.4238
v 0.4086 7.3923 1.3801
v 0.4578 7.3693 1.3463
v 0.2324 7.3982 1.4402
v 0.1783 7.3762 1.4482
v 0.35 7.4301 1.4111
v 0.2774 7.4333 1.4379
v 0.4139 7.4161 1.3779
v 0.4688 7.3916 1.3399
v 0.2048 7.4222 1.4612
v 0.1485 7.3935 1.4693
v 0.1297 7.1108 1.468
v 0.4495 7.126 1.3467
v 0.2034 6.9603 1.4628
v 0.5289 7.2854 1.2797
v 0.5301 7.2637 1.2749
v 0.5283 7.2387 1.2727
v 0.5485 7.3092 1.2618
v 0.5349 7.3362 1.2779
v 0.5087 7.3639 1.3054
v 0.3942 7.1108 1.3816
v 0.4303 7.0406 1.3772
v 0.5543 7.2842 1.2539
v 0.5579 7.2557 1.2486
v 0.5538 7.2253 1.2462
v 0.5333 7.1598 1.2713
v 0.1577 6.9774 1.4854
v 0.0897 7.041 1.5597
v 0.0637 7.0525 1.5817
v 0.0367 7.0608 1.5991
v 0.1146 7.0251 1.5359
v 0.1811 6.9431 1.4736
v 0.34 7.4636 1.4197
v 0.2558 7.4685 1.4553
v 0.4149 7.4468 1.3788
v 0.4771 7.4194 1.3337
v 0.1615 7.4572 1.4891
v 0.1063 7.41 1.4934
v 0.5678 7.3179 1.2363
v 0.5501 7.3521 1.2581
v 0.5244 7.3859 1.2923
v 0.4954 7.0618 1.3262
v 0.0974 7.1406 1.4862
v 0.5758 7.2838 1.2229
v 0.5823 7.2474 1.217
v 0.5814 7.2108 1.2177
v 0.5599 7.1351 1.2453
v 0.5278 7.0229 1.2994
v 0.0493 7.4194 1.5109
v 0.3373 7.5016 1.4232
v 0.2494 7.5124 1.4654
v 0.4188 7.4819 1.3766
v 0.4833 7.4515 1.3256
v 0.1703 8.1089 1.3046
v 0.0682 7.4647 1.5153
v 0.3382 7.5411 1.4241
v 0.247 7.5533 1.4692
v 0.423 7.5184 1.3726
v 0.4918 7.4836 1.3153
v 0.1537 7.5145 1.5027
v 0.0669 7.5153 1.5215
v 0.1475 7.558 1.5072
v 0.0636 7.5578 1.5258
v 0.3787 7.7833 1.3533
v 0.2693 7.8177 1.4145
v 0.4891 7.7355 1.2824
v 0.5776 7.6691 1.1867
v 0.1581 7.7103 1.4952
v 0.0601 7.7176 1.5103
v 0.4233 7.9395 1.2634
v 0.297 7.9828 1.3317
v 0.5406 7.8719 1.1777
v 0.6219 7.7734 1.0755
v 0.1623 7.8373 1.4528
v 0.0614 7.8478 1.4683
v 0.5859 7.3265 1.2062
v 0.5645 7.371 1.2353
v 0.534 7.4121 1.2771
v 0.5999 7.2851 1.1877
v 0.6036 7.2411 1.1786
v 0.6041 7.1961 1.1802
v 0.5864 7.1073 1.2137
v 0.6 7.3369 1.1691
v 0.5766 7.3882 1.2082
v 0.5411 7.4381 1.2573
v 0.6163 7.2857 1.1434
v 0.6675 7.3927 0.9465
v 0.6492 7.4938 1.0074
v 0.6246 7.5836 1.0922
v 0.6829 7.2872 0.903
v 0.6905 7.187 0.8833
v 0.6879 7.089 0.8745
v 0.6613 6.9044 0.9022
v 0.6802 7.5466 0.9105
v 0.6671 7.665 0.9799
v 0.6872 7.7052 0.9211
v 0.0872 6.8778 1.6197
v 0.0788 6.8862 1.6365
v 0.0884 6.9178 1.6368
v 0.0959 6.9671 1.6192
v 0.0945 6.9913 1.6037
v 0.0938 7.016 1.5862
v 0.1224 6.9827 1.5822
v 0.115 7.0033 1.5569
v 0.159 6.9502 1.5261
v 0.1592 6.9636 1.5117
v 0.1705 6.9265 1.5018
v 0.0806 6.813 1.5317
v 0.1394 6.8387 1.5004
v 0.136 6.8975 1.5808
v 0.1645 6.8614 1.4846
v 0.0664 7.0244 1.6078
v 0.0369 7.03 1.6221
v 0.0674 6.9707 1.6438
v 0.0348 6.9707 1.6595
v 0.0589 6.9167 1.6614
v 0.0295 6.9138 1.674
v 0.0645 6.861 1.616
v 0.0543 6.8607 1.6252
v 0.052 6.8851 1.6553
v 0.0267 6.8828 1.6633
v 0.0524 6.8462 1.5955
v 0.0429 6.8396 1.6025
v 0.038 6.86 1.6294
v 0.0198 6.8565 1.6344
v 0.052 6.831 1.5753
v 0.0429 6.8234 1.577
v 0.0289 6.8351 1.6014
v 0.0151 6.8304 1.6038
v 0.0577 6.8206 1.5522
v 0.0534 6.8064 1.5529
v 0.0266 6.8159 1.5762
v 0.0125 6.811 1.574
v 0.1582 6.8652 1.5081
v 0.1545 6.8867 1.5472
v 0.13 6.8468 1.5104
v 0.1217 6.8712 1.5804
v 0.1292 6.8845 1.5809
v 0.1458 6.8725 1.5537
v 0.1383 6.8643 1.5579
v 0.1395 6.8588 1.5234
v 0.1512 6.8558 1.5226
v 0.0878 6.8705 1.6079
v 0.0701 6.8608 1.6082
v 0.0557 6.8528 1.5889
v 0.0575 6.8394 1.5716
v 0.0629 6.8328 1.551
v 0.0816 6.8281 1.5333
v 0.1147 6.8247 1.5118
v 0.1137 6.836 1.5145
v 0.1145 6.9187 1.6104
v 0.1584 6.8999 1.5424
v 0.1687 6.881 1.5072
v 0.1226 6.9613 1.5938
v 0.1606 6.9375 1.5347
v 0.1694 6.9232 1.5139
v 0.0306 6.7987 1.5627
v 0.0139 6.7923 1.5677
v 0.1227 6.8527 1.5189
v 0.1105 6.8754 1.565
v 0.1265 6.8671 1.5518
v 0.1263 6.8633 1.5292
v 0.0834 6.8718 1.5892
v 0.0719 6.8678 1.5885
v 0.0601 6.8636 1.5793
v 0.0575 6.8521 1.5634
v 0.0665 6.8417 1.5483
v 0.0818 6.8383 1.535
v 0.1095 6.8441 1.5203
v 0.0719 6.7401 1.5606
v 0.0459 6.7328 1.5767
v 0.0177 6.7243 1.5742
v 0.1509 6.8366 1.4881
v 0.0824 6.8 1.5334
v 0.1191 6.808 1.5131
v 0.2714 6.5934 1.4105
v 0.2427 6.6597 1.4614
v 0.1012 6.883 1.6111
v 0.0983 6.8722 1.6011
v 0.0972 6.87 1.5868
v 0.1078 6.8985 1.6121
v 0.2662 6.6353 1.4323
v 0.2745 6.6089 1.4133
v 0.1889 6.5242 1.465
v 0.2293 6.5555 1.4342
v 0.2121 6.752 1.4771
v 0.2515 6.573 1.4189
v 0.2083 6.7215 1.483
v 0.2087 6.6897 1.4875
v 0.2499 6.7048 1.4565
v 0.2454 6.6823 1.4611
v 0.2731 6.6485 1.4294
v 0.288 6.6087 1.4086
v 0.2886 6.5836 1.4023
v 0.1123 6.8622 1.5318
v 0.1041 6.8724 1.5641
v 0.1139 6.8699 1.5486
v 0.118 6.8663 1.536
v 0.0863 6.8735 1.5791
v 0.0805 6.8718 1.5752
v 0.0729 6.8685 1.5694
v 0.0718 6.8621 1.5571
v 0.0794 6.8554 1.545
v 0.0881 6.851 1.5367
v 0.1014 6.8563 1.5318
v 0.0945 6.8736 1.5739
v 0.097 6.8722 1.5567
v 0.105 6.8686 1.5441
v 0.0892 6.8736 1.5666
v 0.0856 6.8685 1.5537
v 0.093 6.8636 1.5421
v 0.082 6.8713 1.5625
v 0.2605 6.5474 1.4121
v 0.2348 6.5269 1.4279
v 0.1917 6.504 1.4544
v 0.2668 6.6089 1.4153
v 0.264 6.5973 1.4128
v 0.2484 6.5809 1.4202
v 0.228 6.5663 1.4363
v 0.1865 6.5429 1.4728
v 0.2599 6.6281 1.4354
v 0.2391 6.6458 1.4619
v 0.1091 6.7162 1.5654
v 0.1787 6.687 1.5235
v 0.2108 6.667 1.4958
v 0.2343 6.6355 1.4617
v 0.2069 6.6549 1.4962
v 0.2296 6.6289 1.4632
v 0.2025 6.6447 1.4964
v 0.2209 6.6155 1.4585
v 0.1906 6.6245 1.4879
v 0.2117 6.6149 1.4488
v 0.1846 6.6147 1.4854
v 0.2073 6.6171 1.4402
v 0.1728 6.6165 1.4685
v 0.2589 6.6096 1.4172
v 0.2565 6.6022 1.4118
v 0.2538 6.6208 1.4374
v 0.2528 6.6087 1.4196
v 0.2528 6.6048 1.4139
v 0.2466 6.6167 1.4373
v 0.2463 6.6094 1.4174
v 0.2464 6.6078 1.4142
v 0.2335 6.6131 1.4352
v 0.2428 6.6108 1.4115
v 0.2439 6.6095 1.4072
v 0.2273 6.6132 1.4314
v 0.2409 6.6143 1.399
v 0.2441 6.612 1.3935
v 0.2221 6.6167 1.4227
v 0.2107 6.6062 1.4261
v 0.2117 6.6017 1.437
v 0.2197 6.5879 1.444
v 0.224 6.5787 1.4421
v 0.2426 6.5891 1.423
v 0.2379 6.5951 1.4249
v 0.2312 6.6041 1.4211
v 0.2294 6.6068 1.4117
v 0.2313 6.6077 1.3948
v 0.2174 6.6082 1.4041
v 0.1782 6.6749 1.5289
v 0.1755 6.6645 1.5267
v 0.1626 6.6307 1.5184
v 0.0515 6.7093 1.5955
v 0.1105 6.701 1.5703
v 0.1088 6.6885 1.5729
v 0.1045 6.6418 1.5566
v 0.0224 6.6983 1.5975
v 0.0799 6.7186 1.5853
v 0.0806 6.7047 1.588
v 0.0803 6.6946 1.5905
v 0.077 6.6413 1.5657
v 0.0532 6.6957 1.5957
v 0.0533 6.684 1.5955
v 0.05 6.6352 1.5722
v 0.023 6.6839 1.5992
v 0.0233 6.6742 1.5981
v 0.0198 6.6295 1.5775
v 0.156 6.6146 1.5163
v 0.1014 6.6133 1.5452
v 0.0761 6.6127 1.5452
v 0.0466 6.6114 1.5488
v 0.0215 6.6095 1.5497
v 0.1638 6.6063 1.4586
v 0.1724 6.5999 1.4789
v 0.1824 6.5773 1.4785
v 0.1837 6.5617 1.4765
v 0.1297 6.475 1.4831
v 0.1296 6.5135 1.5116
v 0.1107 6.6043 1.517
v 0.1151 6.5928 1.5173
v 0.1234 6.5648 1.5253
v 0.1277 6.5406 1.5168
v 0.0534 6.4615 1.5001
v 0.0571 6.4953 1.5417
v 0.0508 6.6011 1.5345
v 0.0511 6.5899 1.5419
v 0.0528 6.5544 1.5535
v 0.0544 6.5296 1.5489
v 0.196 6.6324 1.4904
v 0.2243 6.6214 1.4612
v 0.2391 6.6143 1.4354
v 0.2494 6.6089 1.4192
v 0.249 6.6067 1.4168
v 0.2148 6.5957 1.4419
v 0.2339 6.6002 1.4251
v 0.168 6.647 1.5218
v 0.1061 6.6645 1.5641
v 0.0785 6.666 1.5776
v 0.0515 6.6581 1.5828
v 0.0214 6.6509 1.586
v 0.1786 6.5903 1.4819
v 0.1196 6.5797 1.5248
v 0.0517 6.571 1.5529
v 0.0734 6.6198 1.5117
v 0.0949 6.6198 1.5073
v 0.1437 6.6183 1.4834
v 0.0508 6.6061 1.5312
v 0.1044 6.607 1.5077
v 0.1587 6.6097 1.443
v 0.019 6.6182 1.5076
v 0.0423 6.6183 1.508
v 0.206 6.6242 1.4296
v 0.1667 6.6268 1.4544
v 0.2419 6.6201 1.3812
v 0.2496 6.615 1.3739
v 0.2188 6.6233 1.4103
v 0.2395 6.606 1.3714
v 0.2122 6.6045 1.388
v 0.0726 6.6296 1.5043
v 0.0932 6.6295 1.4988
v 0.1419 6.629 1.4737
v 0.0552 6.6022 1.5105
v 0.096 6.6069 1.492
v 0.18 6.6042 1.4117
v 0.0181 6.6293 1.5068
v 0.0432 6.629 1.5065
v 0.1935 6.6473 1.4142
v 0.1564 6.653 1.4395
v 0.2469 6.6278 1.3634
v 0.256 6.6169 1.3576
v 0.2095 6.6433 1.3952
v 0.2293 6.59 1.3595
v 0.2008 6.5821 1.3712
v 0.0641 6.6646 1.4964
v 0.0863 6.6632 1.4847
v 0.1293 6.6608 1.4602
v 0.0638 6.5879 1.4881
v 0.1087 6.5914 1.4663
v 0.1714 6.5851 1.3907
v 0.0156 6.6555 1.5042
v 0.0386 6.661 1.5013
v 0.1866 6.6875 1.4128
v 0.1537 6.6972 1.4363
v 0.2483 6.6469 1.3563
v 0.2608 6.6206 1.3457
v 0.2064 6.6797 1.3937
v 0.2287 6.5644 1.3518
v 0.1979 6.5513 1.3674
v 0.0613 6.7079 1.4968
v 0.0826 6.7088 1.4842
v 0.1253 6.7047 1.4592
v 0.0618 6.5454 1.4851
v 0.1158 6.5529 1.4541
v 0.1658 6.5508 1.3916
v 0.0153 6.7031 1.5052
v 0.037 6.7051 1.5031
v 0.1817 6.7275 1.4092
v 0.1462 6.736 1.4338
v 0.2529 6.6678 1.3467
v 0.2661 6.6258 1.334
v 0.2044 6.7166 1.3895
v 0.2283 6.5462 1.3437
v 0.195 6.5272 1.3617
v 0.0583 6.7531 1.4915
v 0.0785 6.7523 1.4802
v 0.1234 6.7486 1.4534
v 0.0588 6.5076 1.4783
v 0.1181 6.5138 1.4418
v 0.1605 6.521 1.3876
v 0.015 6.747 1.4997
v 0.0355 6.7511 1.4972
v 0.182 6.7751 1.3917
v 0.1482 6.79 1.4128
v 0.265 6.694 1.3273
v 0.2779 6.6315 1.3127
v 0.2082 6.7604 1.373
v 0.2324 6.5199 1.32
v 0.1967 6.4905 1.3374
v 0.0576 6.8087 1.4671
v 0.0787 6.8088 1.4566
v 0.122 6.8004 1.4259
v 0.0453 6.4514 1.4311
v 0.1245 6.4617 1.3916
v 0.1598 6.4756 1.3583
v 0.0139 6.7987 1.473
v 0.0325 6.8049 1.4722
v 0.1958 6.8384 1.3303
v 0.1605 6.8586 1.3405
v 0.2915 6.7249 1.2797
v 0.3041 6.6441 1.2665
v 0.2273 6.8172 1.3175
v 0.2526 6.499 1.2673
v 0.211 6.4574 1.2795
v 0.0589 6.8865 1.3799
v 0.0864 6.8853 1.3723
v 0.1317 6.8717 1.3506
v 0.0609 6.4006 1.3471
v 0.1239 6.4239 1.3224
v 0.1707 6.4336 1.2949
v 0.0117 6.8728 1.3849
v 0.0341 6.8815 1.3839
v 0.2107 6.8989 1.2153
v 0.1826 6.9165 1.2171
v 0.3168 6.7538 1.1754
v 0.3265 6.659 1.1653
v 0.2453 6.8739 1.2113
v 0.2722 6.4891 1.1623
v 0.2319 6.4651 1.1622
v 0.067 6.9602 1.2344
v 0.0955 6.9582 1.2311
v 0.1498 6.9338 1.2219
v 0.0629 6.395 1.1847
v 0.1384 6.4141 1.1784
v 0.1914 6.4407 1.1698
v 0.0131 6.9423 1.24
v 0.0399 6.954 1.2373
v 0.2536 6.9334 1.0263
v 0.2237 6.9525 1.0268
v 0.3579 6.7824 1.0112
v 0.3636 6.6746 1.0023
v 0.2892 6.9064 1.0237
v 0.2959 6.489 1.0158
v 0.2528 6.4658 1.0062
v 0.0861 6.9937 1.0308
v 0.1223 6.9938 1.0301
v 0.1889 6.9669 1.0251
v 0.0741 6.4084 1.021
v 0.1495 6.4225 1.0159
v 0.2122 6.4361 1.009
v 0.0145 6.9713 1.038
v 0.0501 6.9853 1.0334
v 0.2481 6.8989 0.8262
v 0.2153 6.9194 0.8276
v 0.3602 6.7525 0.8097
v 0.3507 6.6645 0.8067
v 0.2866 6.8691 0.823
v 0.298 6.4903 0.8227
v 0.2775 6.3915 0.8046
v 0.0834 6.9559 0.8306
v 0.1179 6.9555 0.8294
v 0.1814 6.9308 0.8245
v 0.0824 6.238 0.6836
v 0.1707 6.2753 0.7114
v 0.2452 6.3224 0.7469
v 0.016 6.9401 0.8449
v 0.0501 6.95 0.8341
v 0.2162 6.8013 0.656
v 0.1812 6.8158 0.661
v 0.3223 6.7 0.633
v 0.3085 6.644 0.6113
v 0.2557 6.7802 0.6489
v 0.215 6.5227 0.6022
v 0.2076 6.4366 0.603
v 0.0687 6.8409 0.6685
v 0.0933 6.8406 0.6676
v 0.146 6.8211 0.6726
v 0.0649 6.3166 0.6148
v 0.1129 6.3387 0.6082
v 0.1663 6.3775 0.61
v 0.0169 6.8296 0.6777
v 0.0378 6.8363 0.6715
v 0.1512 6.6758 0.5712
v 0.1411 6.6967 0.5686
v 0.2283 6.6487 0.5602
v 0.212 6.6136 0.5639
v 0.1668 6.6692 0.5692
v 0.1665 6.5672 0.5695
v 0.1497 6.5491 0.5734
v 0.0521 6.7037 0.5692
v 0.0733 6.6881 0.5722
v 0.1141 6.7036 0.5674
v 0.0445 6.5182 0.5744
v 0.0824 6.5298 0.5788
v 0.1233 6.5326 0.5696
v 0.0174 6.684 0.5875
v 0.0315 6.701 0.5711
v 0.2815 6.6644 1.4263
v 0.3065 6.6044 1.397
v 0.2584 7.695 1.4579
v 0.3541 7.668 1.4028
v 0.4513 7.6307 1.3389
v 0.5313 7.5811 1.262
v 0.6451 7.3655 1.0419
v 0.6617 7.2822 1.0035
v 0.6221 7.4458 1.0994
v 0.5861 7.5163 1.1785
v 0.1923 6.4724 1.4401
v 0.1292 6.4472 1.4675
v 0.0537 6.4311 1.4834
v 0.3026 6.5761 1.3928
v 0.0638 6.168 1.341
v 0.1443 6.1869 1.3181
v 0.1309 6.4115 1.4639
v 0.2693 6.5259 1.4039
v 0.2374 6.5013 1.4219
v 0.0584 6.3945 1.4866
v 0.1941 6.4353 1.4294
v 0.5552 6.651 1.0493
v 0.6007 6.7262 0.9796
v 0.5091 6.5107 1.0424
v 0.5729 6.7387 0.6068
v 0.5527 6.5791 0.7813
v 0.5123 6.4917 0.8663
v 0.4745 6.4321 0.9384
v 0.4429 6.388 1.0012
v 0.3558 6.2998 1.1108
v 0.059 6.1675 1.2867
v 0.4884 6.5532 0.6252
v 0.1377 6.1857 1.2578
v 0.5059 6.6051 0.5364
v 0.4489 6.4929 0.5913
v 0.4674 6.5281 0.5065
v 0.4069 6.3838 0.5431
v 0.4411 6.4271 0.4679
v 0.4071 6.248 0.4841
v 0.4329 6.2985 0.4171
v 0.4192 6.0961 0.412
v 0.4327 6.1222 0.3386
v 0.4582 5.9302 0.3306
v 0.4828 5.9669 0.2557
v 0.5318 5.7939 0.2605
v 0.5447 5.8062 0.1857
v 0.431 6.433 0.7762
v 0.4631 6.4903 0.7063
v 0.3857 6.3902 0.7128
v 0.4192 6.434 0.6585
v 0.3416 6.3137 0.6373
v 0.3742 6.3577 0.586
v 0.3353 6.1829 0.5737
v 0.3792 6.2132 0.5413
v 0.3704 6.0409 0.5352
v 0.3945 6.0668 0.4781
v 0.4082 5.894 0.4662
v 0.4395 5.9111 0.4017
v 0.4802 5.7613 0.3913
v 0.5021 5.773 0.3338
v 0.4001 6.3906 0.8362
v 0.2934 6.156 0.5989
v 0.3305 6.0164 0.5724
v 0.3735 5.8714 0.5245
v 0.4484 5.735 0.4631
v 0.0562 6.1744 1.1324
v 0.1238 6.1969 1.0977
v 0.3135 6.2867 0.9835
v 0.052 6.1791 1.011
v 0.1103 6.1937 0.9846
v 0.2707 6.2766 0.8815
v 0.0378 6.1645 0.8488
v 0.0815 6.1726 0.8335
v 0.2164 6.2046 0.7584
v 0.0286 6.0729 0.7447
v 0.1529 6.0866 0.7036
v 0.0653 6.0764 0.7335
v 0.1805 5.6504 0.7008
v 0.1924 6.1019 0.6761
v 0.0339 5.9333 0.7084
v 0.1589 5.9601 0.6541
v 0.0733 5.9356 0.699
v 0.1375 5.8042 0.6658
v 0.2048 5.9697 0.636
v 0.0466 5.7833 0.6895
v 0.1924 5.8107 0.657
v 0.0918 5.7879 0.6854
v 0.1142 5.9453 0.6813
v 0.2482 5.8235 0.637
v 0.0575 5.631 0.6954
v 0.2462 5.6667 0.6785
v 0.1157 5.6458 0.6922
v 0.1098 6.0787 0.7234
v 0.3113 5.674 0.6503
v 0.4881 6.5739 0.3906
v 0.4675 6.478 0.3607
v 0.4483 6.3518 0.3248
v 0.4482 6.1629 0.2527
v 0.4962 6.0001 0.178
v 0.5744 5.8344 0.1046
v 0.4861 6.6045 0.2563
v 0.4668 6.5086 0.234
v 0.4445 6.3874 0.2129
v 0.4614 6.211 0.1545
v 0.4985 6.0347 0.0924
v 0.5903 5.8862 0.0187
v 0.4612 6.6199 0.1174
v 0.4501 6.529 0.1027
v 0.4497 6.413 0.084
v 0.459 6.2487 0.0492
v 0.4897 6.0744 -0.0012
v 0.566 5.9191 -0.0638
v 0.4265 6.63 -0.0071
v 0.4218 6.5468 -0.0134
v 0.4175 6.4332 -0.0252
v 0.4217 6.2819 -0.0458
v 0.446 6.103 -0.0847
v 0.5111 5.9424 -0.1489
v 0.3563 6.6424 -0.0856
v 0.3475 6.5616 -0.085
v 0.3433 6.448 -0.0888
v 0.3438 6.2916 -0.1052
v 0.3453 6.106 -0.1438
v 0.4087 5.9524 -0.207
v 0.2494 6.6588 -0.1257
v 0.2393 6.5778 -0.1141
v 0.2339 6.4691 -0.1099
v 0.2362 6.3079 -0.1234
v 0.2494 6.1072 -0.168
v 0.3024 5.9559 -0.2392
v 0.702 7.0583 0.7287
v 0.7402 7.5018 0.4165
v 0.5408 8.1168 0.0604
v 0.4443 8.2145 0.0034
v 0.7313 7.7319 0.2937
v 0.6888 7.8574 0.2221
v 0.7329 7.4072 0.4543
v 0.6705 6.8377 0.6827
v 0.7011 7.1751 0.793
v 0.6982 7.0655 0.7778
v 0.6663 6.8461 0.7629
v 0.6964 7.2945 0.8158
v 0.6848 7.4204 0.8579
v 0.7342 7.442 0.5247
v 0.7278 7.3739 0.3993
v 0.7068 7.3033 0.3482
v 0.6488 7.0933 0.34
v 0.666 7.1544 0.332
v 0.6385 8.1058 0.3765
v 0.4362 8.3577 0.3138
v 0.5444 8.2459 0.343
v 0.3856 8.3294 0.924
v 0.5636 6.7716 0.5163
v 0.5103 6.6522 0.4254
v 0.5104 6.698 0.2849
v 0.4767 6.6956 0.1223
v 0.4283 6.6982 -0.0024
v 0.35 6.7098 -0.0919
v 0.2538 6.7217 -0.133
v 0.3553 6.3161 1.156
v 0.4581 6.4145 1.0499
v 0.5005 6.4694 0.9891
v 0.5378 6.5262 0.9089
v 0.5796 6.6127 0.8261
v 0.3415 7.5805 1.4212
v 0.2912 6.4928 1.3829
v 0.2483 6.463 1.4034
v 0.0374 7.0011 1.6434
v 0.2948 6.7418 1.4282
v 0.5352 7.0969 1.2808
v 0.563 7.0636 1.2505
v 0.486 7.1506 1.3137
v 0.5093 7.1826 1.2903
v 0.4706 7.0947 1.3384
v 0.508 7.1263 1.3006
v 0.1678 7.083 1.4551
v 0.411 7.0777 1.387
v 0.1176 7.185 1.4415
v 0.632 6.8146 0.9334
v 0.6072 6.7005 0.6967
v 0.6364 6.7219 0.7674
v 0.2158 6.2152 1.217
v 0.2231 6.2312 1.3031
v 0.4562 6.4483 1.1001
v 0.2907 6.2829 1.2487
v 0.3521 6.3342 1.1948
v 0.1472 6.1926 1.3453
v 0.0649 6.1747 1.3653
v 0.292 6.2577 1.1631
v 0.2224 6.2224 1.2696
v 0.2946 6.2688 1.2118
v 0.2619 6.2578 1.0239
v 0.2275 6.2524 0.9168
v 0.172 6.2211 0.9528
v 0.1967 6.2261 1.0632
v 0.3749 6.3561 0.8903
v 0.2637 6.1397 0.6201
v 0.2936 5.9969 0.5964
v 0.3469 5.8516 0.5834
v 0.4031 5.7128 0.5228
v 0.6525 6.8231 0.5952
v 0.5637 6.8145 0.4445
v 0.6041 7.0198 0.3002
v 0.5529 7.0052 0.1373
v 0.5109 6.9987 0.0314
v 0.4538 7.0034 -0.073
v 0.3779 7.0057 -0.157
v 0.2851 6.9941 -0.2139
v 0.6253 7.0908 0.2769
v 0.5724 7.1039 0.1115
v 0.5306 7.1107 0.0056
v 0.4702 7.121 -0.101
v 0.3952 7.1288 -0.1905
v 0.3079 7.1256 -0.2593
v 0.6503 7.1656 0.2646
v 0.6032 7.2125 0.0747
v 0.5546 7.2321 -0.0295
v 0.491 7.2498 -0.1348
v 0.4148 7.2647 -0.2306
v 0.3265 7.2684 -0.3031
v 0.7026 7.3519 0.2862
v 0.6513 7.4431 0.0729
v 0.5991 7.4904 -0.0452
v 0.5283 7.5315 -0.1531
v 0.4468 7.5647 -0.2584
v 0.3544 7.5913 -0.3295
v 0.729 7.4505 0.3421
v 0.7087 7.6416 0.1815
v 0.6615 7.7449 0.0846
v 0.5987 7.847 -0.0197
v 0.5124 7.9446 -0.1382
v 0.4048 8.011 -0.2012
v 0.4128 8.3912 0.6644
v 0.5333 8.2829 0.6464
v 0.5129 8.2441 0.8799
v 0.6467 7.8305 1.0103
v 0.6326 8.142 0.6218
v 0.7073 7.9778 0.5941
v 0.5609 7.9428 1.1079
v 0.7067 7.9505 0.4073
v 0.7443 7.7993 0.4428
v 0.7429 7.5394 0.5052
v 0.4425 8.0225 1.195
v 0.3127 8.0778 1.265
v 0.1595 7.9979 1.3813
v 0.0616 8.0101 1.3911
v 0.692 7.9616 0.7468
v 0.6182 8.1187 0.8167
v 0.7407 7.8148 0.5784
v 0.7306 7.8074 0.6939
v 0.055 6.166 1.2186
v 0.131 6.1866 1.1871
v 0.5362 6.7157 0.4753
v 0.2054 6.2166 1.1502
v 0.2808 6.2539 1.1008
v 0.339 6.2914 1.0529
v 0.5406 6.6689 0.5704
v 0.5394 6.6144 0.6584
v 0.5099 6.5342 0.7426
v 0.4398 6.4127 0.8904
v 0.4087 6.371 0.9502
v 0.4738 6.464 0.8222
v 0.5402 6.7637 0.3836
v 0.5853 7.0074 0.2297
v 0.6092 7.0964 0.197
v 0.6409 7.1844 0.1729
v 0.692 7.4 0.1884
v 0.7314 7.5409 0.2698
v 0.7521 7.655 0.4809
v 0.5975 8.0607 0.9572
v 0.6769 7.9237 0.864
v 0.7222 7.7849 0.7886
v 0.4851 8.1678 1.0415
v 0.0651 8.1239 1.3146
v 0.3535 8.2339 1.102
v 0.09 5.9493 -0.2313
v 0.054 6.685 -0.1354
v 0.049 6.6005 -0.1164
v 0.0941 8.2749 1.1621
v 0.1497 8.0686 -0.2535
v 0.126 7.6282 -0.3872
v 0.0559 6.7532 -0.1475
v 0.1519 8.4771 0.6926
v 0.1747 8.4575 0.3073
v 0.1159 7.2609 -0.3713
v 0.102 7.1154 -0.3205
v 0.0762 6.991 -0.2536
v 0.1196 8.3974 0.9698
v 0.0475 6.3253 -0.1061
v 0.0461 6.4865 -0.0951
v 0.0683 6.112 -0.1649
v 0.3554 6.3525 0.7607
v 0.3297 6.3282 0.8026
v 0.3058 6.271 0.6628
v 0.2751 6.2464 0.6972
v 0.1765 6.1908 0.7831
v 0.1323 6.1799 0.8137
v 0.1479 6.6761 -0.1324
v 0.1587 6.1154 -0.1927
v 0.2386 8.3787 0.9608
v 0.1519 6.7401 -0.1436
v 0.1794 6.9939 -0.2456
v 0.1372 6.477 -0.1098
v 0.191 5.9516 -0.233
v 0.2429 7.6127 -0.3705
v 0.2265 7.2627 -0.3541
v 0.209 7.1192 -0.305
v 0.279 8.0499 -0.2402
v 0.3019 8.4243 0.3057
v 0.1387 6.3132 -0.1207
v 0.2708 8.4542 0.6879
v 0.1409 6.5933 -0.118
v 0.2057 8.2615 1.147
v 0.3487 7.3318 1.389
v 0.3114 7.3316 1.3973
v 0.3806 7.3248 1.376
v 0.4067 7.3159 1.3602
v 0.4238 7.3088 1.3476
v 0.4297 7.3006 1.3437
v 0.434 7.2931 1.3409
v 0.435 7.2875 1.3389
v 0.4342 7.283 1.3386
v 0.4316 7.275 1.3412
v 0.4202 7.2676 1.3512
v 0.4009 7.2578 1.3647
v 0.3807 7.2493 1.3752
v 0.3497 7.2428 1.3877
v 0.3109 7.2415 1.3928
v 0.276 7.2442 1.3879
v 0.2438 7.2496 1.38
v 0.2178 7.2571 1.3676
v 0.272 7.3243 1.396
v 0.2353 7.3097 1.3848
v 0.2194 7.2952 1.3751
v 0.2087 7.2812 1.3697
v 0.203 7.2751 1.369
v 0.203 7.2683 1.3675
v 0.2108 7.2625 1.366
v 0.2139 7.2883 1.3724
v 0.3508 7.3255 1.3617
v 0.3141 7.325 1.368
v 0.3846 7.3209 1.3522
v 0.4066 7.317 1.3399
v 0.4217 7.3084 1.3277
v 0.428 7.3019 1.3218
v 0.4322 7.2943 1.3154
v 0.4335 7.2877 1.3109
v 0.4338 7.2816 1.3081
v 0.4347 7.2768 1.3077
v 0.4254 7.2662 1.3187
v 0.4017 7.2566 1.3362
v 0.3807 7.2519 1.3462
v 0.3528 7.2468 1.3554
v 0.3103 7.2467 1.3611
v 0.2774 7.2487 1.3573
v 0.2404 7.2546 1.3471
v 0.2222 7.2575 1.3421
v 0.2706 7.3184 1.3657
v 0.2354 7.3088 1.3574
v 0.2178 7.2988 1.348
v 0.2096 7.2827 1.3462
v 0.2048 7.2754 1.3457
v 0.2036 7.2715 1.3456
v 0.2081 7.265 1.3445
v 0.2146 7.2904 1.3461
v 0.3512 7.3748 1.3641
v 0.3087 7.3751 1.371
v 0.3865 7.3654 1.3528
v 0.4121 7.3522 1.3403
v 0.4298 7.3367 1.329
v 0.4407 7.3218 1.3209
v 0.4476 7.3071 1.3146
v 0.4513 7.2931 1.3105
v 0.4524 7.2794 1.3089
v 0.451 7.2665 1.31
v 0.4383 7.2406 1.3229
v 0.42 7.222 1.337
v 0.3939 7.205 1.3506
v 0.3555 7.1918 1.3629
v 0.3018 7.1882 1.3688
v 0.2597 7.1949 1.3643
v 0.2294 7.2057 1.3554
v 0.1983 7.2262 1.3405
v 0.2632 7.364 1.3704
v 0.2253 7.3443 1.362
v 0.2005 7.3228 1.3508
v 0.1794 7.2874 1.3326
v 0.1765 7.2731 1.3271
v 0.1776 7.2597 1.3273
v 0.1838 7.2438 1.3313
v 0.1867 7.3036 1.3411
v 0.3512 7.4102 1.3266
v 0.3044 7.4128 1.3329
v 0.3895 7.3968 1.3171
v 0.418 7.378 1.3066
v 0.4377 7.3573 1.2966
v 0.4504 7.337 1.2885
v 0.4582 7.3174 1.2822
v 0.4623 7.2984 1.278
v 0.4634 7.2793 1.2764
v 0.4617 7.2611 1.2775
v 0.4495 7.2261 1.2875
v 0.4325 7.2013 1.2981
v 0.4042 7.1763 1.31
v 0.3603 7.156 1.3217
v 0.3007 7.1498 1.3276
v 0.2524 7.16 1.3247
v 0.2209 7.1755 1.3185
v 0.1864 7.2069 1.3081
v 0.2545 7.4005 1.3335
v 0.2124 7.375 1.3279
v 0.1849 7.3449 1.3192
v 0.164 7.2937 1.3074
v 0.1625 7.2735 1.3056
v 0.1645 7.254 1.3036
v 0.1717 7.2316 1.3033
v 0.1703 7.3172 1.3112
v 0.3484 7.4299 1.2864
v 0.3004 7.4336 1.2908
v 0.3879 7.4151 1.2797
v 0.4177 7.3942 1.2718
v 0.4388 7.371 1.2639
v 0.4527 7.3476 1.257
v 0.4614 7.3248 1.2513
v 0.466 7.3021 1.2474
v 0.4672 7.2793 1.2456
v 0.4652 7.2575 1.2459
v 0.4528 7.2176 1.252
v 0.436 7.19 1.259
v 0.4069 7.1613 1.2678
v 0.3611 7.1375 1.2768
v 0.2991 7.1301 1.2827
v 0.2495 7.1417 1.2827
v 0.2176 7.159 1.2801
v 0.1809 7.1953 1.2753
v 0.2496 7.4215 1.2916
v 0.206 7.3944 1.2887
v 0.1768 7.3603 1.2838
v 0.1547 7.2993 1.2757
v 0.1536 7.2749 1.2735
v 0.1564 7.2515 1.2725
v 0.1647 7.2245 1.2732
v 0.1612 7.3275 1.2792
v 0.3444 7.437 1.2547
v 0.2975 7.4404 1.2575
v 0.3837 7.4225 1.25
v 0.4139 7.4016 1.2443
v 0.4357 7.3779 1.2382
v 0.4505 7.3534 1.2326
v 0.4598 7.329 1.2278
v 0.4648 7.3044 1.2243
v 0.466 7.2795 1.2223
v 0.4637 7.2561 1.2219
v 0.4508 7.2147 1.2251
v 0.434 7.1866 1.2293
v 0.405 7.1572 1.2352
v 0.3592 7.1327 1.2419
v 0.2976 7.125 1.2478
v 0.2489 7.1364 1.2502
v 0.2176 7.1535 1.2503
v 0.1801 7.1906 1.2494
v 0.2482 7.4286 1.2583
v 0.2055 7.4024 1.2571
v 0.1758 7.3684 1.2551
v 0.1518 7.3037 1.2515
v 0.1505 7.2769 1.2503
v 0.1536 7.2511 1.2495
v 0.1627 7.2217 1.2492
v 0.1591 7.3342 1.2531
v 0.3403 7.4379 1.23
v 0.1505 7.2794 1.2317
v 0.3788 7.4244 1.2269
v 0.1779 7.3721 1.2326
v 0.4312 7.3809 1.2183
v 0.4465 7.3563 1.214
v 0.4616 7.3061 1.2068
v 0.4628 7.2804 1.2047
v 0.2484 7.1373 1.2256
v 0.4472 7.2153 1.2048
v 0.4305 7.1877 1.2068
v 0.4017 7.1585 1.2103
v 0.3563 7.1342 1.2152
v 0.2959 7.1263 1.2212
v 0.4603 7.2565 1.2039
v 0.218 7.1537 1.2277
v 0.1807 7.1903 1.2291
v 0.4563 7.3314 1.2101
v 0.2073 7.4045 1.2328
v 0.2481 7.4292 1.2327
v 0.409 7.4043 1.2228
v 0.1524 7.3074 1.2321
v 0.2951 7.4406 1.2319
v 0.1536 7.2523 1.2311
v 0.1629 7.2219 1.23
v 0.1605 7.3385 1.2324
v 0.3362 7.4354 1.2077
v 0.1527 7.2822 1.214
v 0.3733 7.4232 1.2057
v 0.1819 7.3733 1.212
v 0.4254 7.3817 1.1998
v 0.4411 7.3577 1.1967
v 0.4566 7.3079 1.1905
v 0.4579 7.2821 1.1881
v 0.248 7.1419 1.2028
v 0.4422 7.2184 1.186
v 0.4256 7.1916 1.186
v 0.3971 7.1631 1.1875
v 0.3526 7.1395 1.1909
v 0.294 7.1317 1.1969
v 0.4554 7.2583 1.187
v 0.2186 7.1574 1.2067
v 0.1823 7.1928 1.21
v 0.4511 7.3332 1.1935
v 0.2102 7.4033 1.211
v 0.2488 7.4262 1.2097
v 0.403 7.4044 1.2029
v 0.1552 7.3105 1.2136
v 0.2931 7.4373 1.2087
v 0.1553 7.2548 1.2134
v 0.1645 7.2244 1.2117
v 0.1642 7.3413 1.2128
v 0.332 7.429 1.1846
v 0.1578 7.2851 1.1935
v 0.3666 7.4185 1.1834
v 0.1883 7.372 1.1898
v 0.4173 7.3801 1.1792
v 0.433 7.3573 1.1774
v 0.4483 7.3098 1.1717
v 0.4495 7.2845 1.1691
v 0.2488 7.1508 1.1782
v 0.4343 7.2238 1.1654
v 0.4178 7.1986 1.1637
v 0.3899 7.1715 1.1637
v 0.3477 7.1495 1.1659
v 0.2927 7.1419 1.1714
v 0.4472 7.2614 1.1679
v 0.2207 7.1648 1.1835
v 0.1859 7.1983 1.1882
v 0.443 7.3341 1.1749
v 0.2148 7.3988 1.188
v 0.2506 7.4194 1.1859
v 0.395 7.4014 1.1813
v 0.1611 7.3126 1.1924
v 0.2919 7.4299 1.1848
v 0.1599 7.2586 1.1929
v 0.1688 7.2291 1.1905
v 0.1708 7.3423 1.191
v 0.3278 7.4157 1.1573
v 0.1699 7.288 1.1655
v 0.358 7.4072 1.1566
v 0.2004 7.3665 1.1618
v 0.4042 7.3734 1.1534
v 0.4192 7.3533 1.1525
v 0.4329 7.3104 1.1473
v 0.4339 7.287 1.1448
v 0.2537 7.1668 1.1491
v 0.4199 7.2324 1.1408
v 0.4041 7.2103 1.1382
v 0.3784 7.1864 1.1373
v 0.3412 7.1672 1.1387
v 0.2931 7.1602 1.1428
v 0.432 7.2658 1.1438
v 0.2277 7.1783 1.1548
v 0.1958 7.2083 1.1595
v 0.4284 7.3326 1.1505
v 0.2241 7.3892 1.1601
v 0.2558 7.4065 1.1577
v 0.3834 7.3924 1.1548
v 0.174 7.3133 1.1641
v 0.2925 7.4158 1.1569
v 0.1715 7.2638 1.1649
v 0.1799 7.2367 1.162
v 0.184 7.3404 1.1626
v 0.3378 7.2421 1.0915
v 0.3306 7.2311 1.0938
v 0.3237 7.2209 1.0968
v 0.3037 7.2178 1.0975
v 0.3452 7.2735 1.088
v 0.2869 7.2318 1.0935
v 0.2758 7.2491 1.0906
v 0.3431 7.3156 1.0906
v 0.2835 7.3492 1.1001
v 0.2934 7.3575 1.1028
v 0.3289 7.35 1.0997
v 0.2654 7.3101 1.0918
v 0.3025 7.3647 1.1062
v 0.2638 7.2802 1.0899
v 0.2684 7.2645 1.0897
v 0.2699 7.325 1.0941
v 0.3455 7.2619 1.0892
v 0.2816 7.2391 1.092
v 0.2344 7.2114 1.1216
v 0.3983 7.2578 1.1136
v 0.2137 7.3333 1.1254
v 0.2091 7.2488 1.1234
v 0.2016 7.2709 1.1257
v 0.2965 7.3902 1.1257
v 0.2047 7.3115 1.1257
v 0.3634 7.3726 1.1231
v 0.2694 7.3828 1.1252
v 0.2454 7.3704 1.1258
v 0.3989 7.3257 1.1187
v 0.2221 7.2258 1.1221
v 0.2475 7.2023 1.12
v 0.4014 7.2713 1.1138
v 0.2971 7.19 1.1141
v 0.3329 7.1955 1.1119
v 0.3595 7.2101 1.1106
v 0.379 7.2281 1.1108
v 0.3918 7.2447 1.1125
v 0.2679 7.1944 1.117
v 0.4026 7.2886 1.1143
v 0.402 7.3077 1.1162
v 2.2172 5.2975 0.2559
v 2.0698 5.2479 0.557
v 1.899 5.2051 0.6451
v 1.5915 5.108 0.7934
v 1.4686 5.0218 0.8345
v 1.3826 4.9169 0.8732
v 1.3219 4.8229 0.9211
v 1.2747 4.7176 0.985
v 1.233 4.5923 1.0586
v 1.1837 4.4574 1.1453
v 1.769 5.3543 0.6999
v 1.9357 5.4027 0.6075
v 2.0885 5.4436 0.2634
v 1.4565 5.2245 0.8566
v 1.3256 5.1312 0.9088
v 1.2232 5.023 0.9587
v 1.1491 4.9221 1.0159
v 1.0991 4.8164 1.0883
v 1.0615 4.6927 1.155
v 1.0233 4.5577 1.2219
v 1.5842 5.4897 0.7269
v 1.7436 5.5803 0.6205
v 1.8529 5.6398 0.268
v 1.2589 5.3046 0.8893
v 1.0963 5.201 0.9542
v 0.9875 5.0879 1.0141
v 0.9082 4.9832 1.0748
v 0.8448 4.875 1.1423
v 0.8051 4.7557 1.1984
v 0.7666 4.6146 1.2622
v 1.3198 5.5422 0.7237
v 1.4147 5.629 0.5973
v 1.5132 5.7281 0.2635
v 1.0064 5.3488 0.8939
v 0.7773 5.238 0.9696
v 0.7189 5.0995 1.041
v 0.6663 4.9882 1.1028
v 0.6162 4.8702 1.1542
v 0.5856 4.7668 1.2001
v 0.5546 4.6146 1.2645
v 1.0353 5.5373 0.6586
v 1.1027 5.5862 0.5304
v 1.1767 5.6457 0.2522
v 0.7813 5.4113 0.842
v 0.6124 5.3568 0.9182
v 2.4127 5.0065 0.2413
v 2.2644 4.965 0.4923
v 2.1009 4.9212 0.554
v 1.7773 4.8405 0.5673
v 1.6511 4.7806 0.5225
v 1.5485 4.7022 0.5106
v 1.4739 4.6145 0.5249
v 1.4139 4.5084 0.5613
v 1.3505 4.3776 0.6172
v 1.272 4.2084 0.6892
v 2.531 4.802 0.2457
v 2.3714 4.7905 0.4964
v 2.2096 4.7442 0.5574
v 1.8841 4.6915 0.4761
v 1.7643 4.645 0.3247
v 1.7209 4.5712 0.1721
v 1.5235 4.5165 0.1942
v 1.4857 4.4293 0.2095
v 1.4538 4.3057 0.2336
v 1.4227 4.1293 0.2658
v 2.5988 4.6789 0.2344
v 2.4517 4.663 0.5009
v 2.2896 4.6217 0.5677
v 2.007 4.5364 0.4691
v 1.8854 4.5041 0.3204
v 1.8107 4.473 0.1606
v 2.2975 5.1891 0.249
v 2.17 5.1371 0.5338
v 1.9938 5.0928 0.6025
v 1.6844 4.998 0.7181
v 1.5712 4.9218 0.7413
v 1.4871 4.8248 0.7661
v 1.4185 4.7358 0.8037
v 1.3588 4.635 0.8591
v 1.2994 4.5138 0.9343
v 1.2372 4.3582 1.0374
v 2.4795 4.9137 0.2457
v 2.3071 4.882 0.4863
v 2.1469 4.8432 0.5486
v 1.8164 4.7817 0.503
v 1.6775 4.7051 0.3767
v 1.5653 4.6433 0.3581
v 1.4966 4.5695 0.3649
v 1.4473 4.4697 0.391
v 1.4014 4.3359 0.4345
v 1.3602 4.1518 0.4899
v 2.1812 5.2854 0.4275
v 2.0454 5.433 0.4469
v 1.8279 5.6297 0.4514
v 1.4854 5.7009 0.4304
v 1.1458 5.6281 0.3861
v 2.3698 4.9951 0.3797
v 2.4919 4.8083 0.3771
v 2.556 4.6816 0.3791
v 2.2697 5.1741 0.4077
v 2.4234 4.9079 0.3752
v 0.3326 5.5361 0.7395
v 0.2468 5.5158 0.7787
v 0.5396 5.5856 0.5004
v 0.6061 5.6219 0.4273
v 0.6542 5.6516 0.3435
v 0.3405 5.5998 -0.4633
v 0.1611 5.5818 -0.4221
v 0.5183 5.6104 -0.4509
v 0.7001 5.622 -0.4171
v 0.8818 5.6505 -0.3534
v 0.4788 5.1876 0.9899
v 0.0706 4.3967 1.2853
v 0.1128 4.6322 1.193
v 0.2466 5.2731 0.9528
v 0.116 4.763 1.1401
v 0.1134 4.9256 1.0677
v 1.0063 5.6557 -0.2786
v 1.1125 5.676 -0.1988
v 1.1898 5.6969 -0.1029
v 1.2191 5.6938 0.0097
v 1.22 5.6942 0.1311
v 0.9687 5.6796 0.1573
v 0.9908 5.7049 0.0565
v 0.9847 5.7208 -0.0378
v 0.9389 5.7177 -0.1257
v 0.8746 5.7291 -0.21
v 0.7619 5.748 -0.2953
v 0.5931 5.7292 -0.3708
v 0.4364 5.7266 -0.3964
v 0.1355 5.7087 -0.3601
v 0.2863 5.7218 -0.3921
v 0.237 5.8399 -0.3157
v 0.111 5.8324 -0.2981
v 0.3671 5.8427 -0.3271
v 0.494 5.8395 -0.2996
v 0.6346 5.8452 -0.2243
v 0.7177 5.8268 -0.1401
v 0.7589 5.796 -0.056
v 0.1109 5.0309 1.0294
v 0.7739 5.7679 0.0286
v 0.769 5.7526 0.1148
v 0.7422 5.7199 0.2011
v 0.2531 5.047 1.0353
v 0.2474 4.9388 1.0714
v 0.2484 5.153 0.9901
v 0.4149 5.2997 0.9379
v 0.1607 5.5059 0.7896
v 0.403 5.5425 0.6597
v 0.6953 5.6802 0.2801
v 0.5484 5.4443 0.7189
v 0.2185 5.3934 0.8915
v 0.4531 5.4333 0.8199
v 0.3389 5.4135 0.8763
v 0.7488 5.5173 0.5396
v 0.8221 5.5537 0.4624
v 0.8818 5.6041 0.3556
v 0.9323 5.6513 0.2561
v 0.0565 5.4729 0.7621
v 0.1013 5.3707 0.8769
v 0.1165 5.2563 0.951
v 0.1115 5.1356 0.9866
v 0.2327 4.8001 1.1346
v 0.2101 4.6719 1.1882
v 0.1826 4.4623 1.2714
v 0.3661 4.5748 1.2496
v 0.4027 4.7315 1.1882
v 0.436 4.8493 1.138
v 0.4604 4.9573 1.0859
v 0.4828 5.0633 1.0449
v 0.386 5.4722 -0.4981
v 0.1787 5.4486 -0.4669
v 0.592 5.4919 -0.483
v 0.779 5.5129 -0.4524
v 0.9587 5.5415 -0.4032
v 1.1301 5.5738 -0.345
v 1.2859 5.6211 -0.2744
v 1.4178 5.6691 -0.1728
v 1.5026 5.7251 -0.0418
v 1.5373 5.7422 0.1086
v 0.3976 5.34 -0.5186
v 0.1739 5.3164 -0.4908
v 0.6334 5.3698 -0.5117
v 0.8225 5.3933 -0.4954
v 1.0261 5.4289 -0.4565
v 1.2508 5.4769 -0.408
v 1.47 5.5413 -0.3424
v 1.664 5.5891 -0.2357
v 1.8305 5.6384 -0.091
v 1.8793 5.6465 0.0882
v 1.3763 5.3371 -0.4563
v 1.2765 5.1646 -0.5047
v 1.2074 5.0053 -0.5246
v 1.1094 4.5175 -0.5471
v 1.0652 4.3834 -0.4859
v 1.004 4.2307 -0.3931
v 1.0679 5.2956 -0.5041
v 1.0407 5.1416 -0.5437
v 1.0054 4.9858 -0.5789
v 0.8885 4.5322 -0.5183
v 0.8634 4.3925 -0.481
v 0.8253 4.2431 -0.4214
v 0.8298 5.2565 -0.5311
v 0.8141 5.1099 -0.559
v 0.7949 4.9624 -0.6077
v 0.692 4.5468 -0.4575
v 0.6752 4.4088 -0.4445
v 0.6586 4.2518 -0.4221
v 0.6079 5.2198 -0.4923
v 0.5833 5.0748 -0.4695
v 0.569 4.9335 -0.4852
v 0.5283 4.5484 -0.4855
v 0.5189 4.4109 -0.4689
v 0.5093 4.256 -0.4451
v 0.3955 5.2006 -0.53
v 0.3904 5.0515 -0.5217
v 0.3834 4.9118 -0.5292
v 0.363 4.5457 -0.4886
v 0.3615 4.4116 -0.4727
v 0.3604 4.258 -0.4467
v 0.1915 5.1794 -0.511
v 0.1977 5.034 -0.52
v 0.1974 4.8893 -0.5167
v 0.1956 4.5517 -0.4791
v 0.2015 4.4259 -0.4626
v 0.2023 4.2552 -0.4384
v 1.6517 5.4272 -0.3794
v 1.8645 5.4557 -0.2671
v 2.0026 5.4596 -0.1072
v 2.093 5.4451 0.0744
v 1.8285 5.3127 -0.3728
v 2.0139 5.3247 -0.2654
v 2.1405 5.3193 -0.1101
v 2.226 5.3077 0.0707
v 1.6225 5.2535 -0.4347
v 1.4798 5.1383 -0.4667
v 1.5226 4.9591 -0.4327
v 1.4297 4.4891 -0.2976
v 1.3746 4.3408 -0.2607
v 1.3233 4.1986 -0.2172
v 1.9453 5.1969 -0.3468
v 2.1079 5.2094 -0.2471
v 2.2433 5.2067 -0.1072
v 2.3047 5.2036 0.0746
v 1.7718 5.155 -0.4035
v 1.6269 5.0723 -0.429
v 1.3846 4.999 -0.4763
v 1.5072 4.3858 -0.1377
v 1.461 4.2828 -0.1194
v 1.41 4.1578 -0.0897
v 2.0849 4.9743 -0.2983
v 2.2289 5.0065 -0.2159
v 2.3498 5.0166 -0.0808
v 2.4186 5.0169 0.0819
v 1.9438 4.9283 -0.349
v 1.8196 4.8598 -0.3706
v 1.5913 4.5406 -0.2233
v 1.5972 4.4851 -0.1144
v 1.5175 4.3895 0.0272
v 1.4804 4.2827 0.0406
v 2.1444 4.8641 -0.2903
v 2.285 4.8919 -0.2028
v 2.4009 4.9096 -0.0764
v 2.4832 4.9195 0.0795
v 2.0049 4.8236 -0.3405
v 1.8869 4.7752 -0.3516
v 1.6628 4.5143 -0.2018
v 1.6559 4.4797 -0.0995
v 1.6472 4.5226 0.0345
v 2.2172 4.7289 -0.274
v 2.3477 4.768 -0.2036
v 2.464 4.7949 -0.0837
v 2.5287 4.8019 0.0791
v 2.0921 4.6936 -0.3058
v 1.9823 4.665 -0.3168
v 1.7491 4.4567 -0.1841
v 1.7344 4.4361 -0.0815
v 1.7195 4.4917 0.034
v 1.5733 4.5736 0.1894
v 2.3085 4.5791 -0.2659
v 2.4268 4.6222 -0.1961
v 2.5332 4.6615 -0.0789
v 2.5914 4.675 0.0791
v 2.1981 4.5377 -0.2997
v 2.101 4.5088 -0.2902
v 1.848 4.3637 -0.1583
v 1.8222 4.3406 -0.0774
v 1.8088 4.4177 0.0459
v 1.6444 4.6032 0.1899
v 1.5894 4.5102 0.0293
v 1.5484 4.465 0.0266
v 1.5241 4.5352 -0.2525
v 1.733 4.9766 -0.3954
v 1.5535 4.4525 -0.1285
v 2.2995 5.1128 -0.0915
v 2.3646 5.1093 0.0798
v 2.1763 5.1094 -0.2341
v 2.0219 5.086 -0.3197
v 1.8681 5.045 -0.3725
v 2.0541 5.0016 0.5718
v 2.2211 5.0421 0.5104
v 2.3535 5.0911 0.2441
v 1.4534 4.6688 0.6712
v 1.5277 4.759 0.645
v 1.6193 4.8439 0.6373
v 1.7362 4.9045 0.64
v 2.3195 5.075 0.3912
v 1.2541 4.2976 0.8895
v 1.321 4.4491 0.7876
v 1.3884 4.5668 0.7181
v 1.7219 4.7859 -0.3647
v 1.7898 4.7234 -0.3372
v 1.8911 4.6298 -0.2964
v 2.0166 4.4814 -0.2831
v 1.6251 4.8963 -0.3983
v 1.4402 4.1375 0.0608
v 1.1808 4.2193 -0.3204
v 1.2313 4.371 -0.3779
v 1.2743 4.5153 -0.4221
v 2.6938 4.5419 0.2334
v 2.5525 4.505 0.5128
v 2.4257 4.4518 0.5692
v 2.1552 4.3393 0.4783
v 2.038 4.3124 0.3484
v 1.9799 4.2816 0.1825
v 2.6528 4.5329 0.3895
v 2.424 4.4194 -0.2524
v 2.5314 4.4748 -0.1864
v 2.6344 4.5162 -0.0674
v 2.6857 4.5356 0.0864
v 2.3225 4.3691 -0.2932
v 2.2336 4.3326 -0.2861
v 1.9805 4.2287 -0.1447
v 1.9625 4.2193 -0.0583
v 1.9497 4.2525 0.0498
v 2.1516 4.2989 -0.2804
v 2.7976 4.3978 0.2588
v 2.6692 4.3438 0.5238
v 2.552 4.2606 0.5713
v 2.3068 4.1609 0.4845
v 2.2313 4.1119 0.355
v 2.1586 4.072 0.184
v 2.7627 4.3855 0.4209
v 2.5586 4.2543 -0.2484
v 2.6624 4.3134 -0.1726
v 2.7537 4.3634 -0.0522
v 2.797 4.3884 0.103
v 2.4646 4.2026 -0.2896
v 2.3802 4.1608 -0.2826
v 2.1342 4.0421 -0.1334
v 2.1194 4.0436 -0.0508
v 2.1145 4.0411 0.0465
v 2.2969 4.1189 -0.2741
v 2.9053 4.2671 0.2902
v 2.7831 4.1759 0.5425
v 2.6851 4.0824 0.5857
v 2.4605 3.9737 0.4817
v 2.368 3.9489 0.3558
v 2.3086 3.9066 0.2036
v 2.8751 4.247 0.4415
v 2.7035 4.108 -0.2271
v 2.7891 4.1676 -0.1473
v 2.8793 4.2161 -0.0235
v 2.9129 4.2469 0.1399
v 2.6144 4.0493 -0.2715
v 2.5365 4.0109 -0.2669
v 2.3019 3.8933 -0.1119
v 2.2809 3.8824 -0.0387
v 2.2737 3.8736 0.0611
v 2.4553 3.9675 -0.2589
v 3.0057 4.1445 0.3208
v 2.8676 4.0442 0.5584
v 2.7749 3.966 0.5855
v 2.5871 3.8162 0.4856
v 2.5092 3.7759 0.3592
v 2.4385 3.7492 0.2136
v 2.9627 4.1214 0.4593
v 2.8469 3.9781 -0.1875
v 2.9157 4.0381 -0.1031
v 2.9934 4.0928 0.0283
v 3.0151 4.1221 0.179
v 2.7683 3.9226 -0.2378
v 2.6935 3.8775 -0.244
v 2.4293 3.7523 -0.107
v 2.407 3.7387 -0.038
v 2.3945 3.7273 0.0682
v 2.6047 3.8381 -0.2357
v 0.807 3.8437 1.5752
v 0.7866 3.8414 1.5795
v 0.7687 3.8317 1.584
v 0.756 3.8163 1.5895
v 0.7505 3.7974 1.593
v 0.7531 3.7779 1.5956
v 0.7636 3.7608 1.5958
v 0.7804 3.7486 1.5931
v 0.8008 3.7433 1.5887
v 0.8213 3.7456 1.5839
v 0.8392 3.7552 1.5787
v 0.8514 3.7707 1.5748
v 0.8565 3.7896 1.5721
v 0.8538 3.8091 1.5706
v 0.8433 3.8263 1.5708
v 0.827 3.8384 1.5723
v 0.8061 3.8227 1.5818
v 0.7943 3.8213 1.5846
v 0.7839 3.8157 1.5876
v 0.7765 3.8068 1.5905
v 0.7733 3.7958 1.5928
v 0.7748 3.7844 1.5941
v 0.7809 3.7744 1.5944
v 0.7908 3.7674 1.5937
v 0.8026 3.7643 1.5911
v 0.8146 3.7656 1.5883
v 0.825 3.7712 1.5849
v 0.832 3.7802 1.5823
v 0.8349 3.7912 1.5803
v 0.8332 3.8026 1.5793
v 0.8271 3.8125 1.5792
v 0.8177 3.8196 1.5803
v 0.8094 3.9034 1.5558
v 0.7678 3.8986 1.5644
v 0.7312 3.879 1.5742
v 0.7054 3.8476 1.5843
v 0.6943 3.8091 1.5927
v 0.6996 3.7693 1.5976
v 0.7207 3.7344 1.5974
v 0.7548 3.7097 1.5901
v 0.7961 3.6988 1.5802
v 0.8375 3.7036 1.5681
v 0.8743 3.7232 1.5573
v 0.8999 3.7546 1.5533
v 0.9102 3.7932 1.5494
v 0.9047 3.8329 1.5474
v 0.8834 3.8678 1.5477
v 0.8501 3.8926 1.5505
v 0.794 4.0375 1.5046
v 0.7068 4.029 1.5204
v 0.6303 3.992 1.5386
v 0.5765 3.9322 1.5535
v 0.5543 3.8587 1.5741
v 0.5665 3.7826 1.5883
v 0.6116 3.7156 1.5933
v 0.6838 3.6679 1.5862
v 0.7689 3.6466 1.5583
v 0.8558 3.6552 1.5367
v 0.9266 3.695 1.5083
v 0.9837 3.752 1.4911
v 1.004 3.8256 1.4839
v 0.9919 3.9017 1.4766
v 0.9483 3.9686 1.4874
v 0.8785 4.0163 1.4926
v 0.7709 4.2531 1.405
v 0.6264 4.25 1.4163
v 0.488 4.183 1.4381
v 0.39 4.0705 1.471
v 0.3627 3.942 1.5098
v 0.3826 3.8197 1.5371
v 0.4471 3.7122 1.5576
v 0.5588 3.6201 1.5524
v 0.7253 3.5847 1.5201
v 0.8685 3.5972 1.4613
v 0.9984 3.6495 1.3857
v 1.086 3.752 1.3436
v 1.1016 3.8896 1.3314
v 1.0865 4.0115 1.3543
v 1.0195 4.1189 1.3918
v 0.909 4.2166 1.4042
v 0.7553 4.3683 1.3505
v 0.5829 4.354 1.3652
v 0.425 4.2847 1.3812
v 0.2845 4.1454 1.4131
v 0.2371 3.9891 1.4534
v 0.2661 3.8271 1.4963
v 0.3671 3.6843 1.5355
v 0.4972 3.5885 1.5389
v 0.7051 3.5378 1.4892
v 0.8853 3.5564 1.4131
v 1.0231 3.6217 1.317
v 1.137 3.7494 1.2261
v 1.1453 3.9257 1.2267
v 1.1559 4.122 1.2462
v 1.0689 4.2357 1.3128
v 0.9386 4.323 1.347
v 0.7429 4.5114 1.3011
v 0.5626 4.4938 1.3123
v 0.3838 4.4071 1.3224
v 0.1703 4.2239 1.3608
v 0.1233 4.022 1.4235
v 0.1476 3.8174 1.4848
v 0.2724 3.6315 1.5367
v 0.4507 3.5262 1.5437
v 0.6946 3.4638 1.4852
v 0.9274 3.4748 1.3416
v 1.0618 3.5846 1.2004
v 1.1215 3.7589 1.0853
v 1.1658 3.9736 1.1083
v 1.1947 4.2089 1.1406
v 1.1355 4.3458 1.2382
v 0.9902 4.4403 1.2882
v 0.8935 4.1059 1.4513
v 0.9839 4.0437 1.4404
v 0.8634 3.6235 1.5069
v 0.751 3.6144 1.5416
v 0.7822 4.1335 1.4622
v 0.9608 3.6709 1.4533
v 0.6677 4.1224 1.4785
v 1.0256 3.75 1.4332
v 0.4851 3.8016 1.5709
v 0.4689 3.9006 1.5475
v 0.5676 4.0743 1.4993
v 1.0528 3.8576 1.4125
v 0.545 3.7143 1.5826
v 0.498 3.9964 1.5211
v 1.0392 3.9566 1.4127
v 0.6255 3.6471 1.5768
v 0.0662 4.2142 1.359
v 0.0609 4.0123 1.4244
v 0.0885 3.803 1.4908
v 0.1421 3.621 1.5438
v 4.4866 1.8664 2.9792
v 4.579 1.7736 2.8901
v 4.6047 1.8276 2.9362
v 4.555 1.8778 2.9757
v 4.5551 1.9733 2.8727
v 4.6165 1.9215 2.8228
v 4.5956 1.855 2.7847
v 4.4914 1.9562 2.8828
v 4.4692 2.0157 2.7915
v 4.5762 1.9178 2.6807
v 4.5935 1.9748 2.7207
v 4.54 2.054 2.7338
v 4.5888 2.0018 2.6731
v 4.5626 1.9102 2.6325
v 4.4587 2.0499 2.7433
v 4.5425 2.023 2.7828
v 4.4677 1.9447 2.8794
v 4.4646 1.8516 2.9726
v 4.5352 1.8945 2.6121
v 4.5471 1.901 2.6738
v 4.5572 1.8311 2.7748
v 4.5521 1.7581 2.8771
v 4.4249 2.0264 2.7309
v 4.4414 1.9985 2.7835
v 4.5074 1.6923 3.174
v 4.5497 1.7374 3.1249
v 4.5043 1.6539 3.1995
v 4.5962 1.6295 3.1179
v 4.593 1.5986 3.1435
v 4.5384 1.5908 3.1998
v 4.5938 1.7028 3.0944
v 4.5766 1.7278 3.1094
v 4.5514 1.5996 3.2023
v 4.5712 1.7175 3.1134
v 4.5186 1.6502 3.2063
v 4.5932 1.6002 3.1572
v 4.5864 1.6907 3.101
v 4.5921 1.6293 3.1321
v 4.5182 1.6845 3.1803
v 4.5907 1.863 2.961
v 4.6014 1.9569 2.8486
v 4.5745 2.0353 2.7086
v 4.5816 2.008 2.7568
v 4.5437 1.7234 3.1312
v 4.4583 1.7771 2.8974
v 4.4663 1.8487 2.8186
v 4.437 1.9396 2.6364
v 4.4397 1.9078 2.7054
v 4.5516 1.753 3.1133
v 4.4927 1.7156 3.1436
v 4.5886 1.6336 3.0824
v 4.5974 1.7113 3.0848
v 4.5749 1.6034 3.1006
v 4.4838 1.6914 3.156
v 4.5814 1.741 3.0979
v 4.4963 1.5881 3.1677
v 4.4706 1.6551 3.0631
v 4.5863 1.7693 3.0723
v 4.4676 1.7428 3.0882
v 4.5531 1.6522 3.0185
v 4.6004 1.7403 3.0524
v 4.5773 1.6717 3.0195
v 4.4785 1.7595 3.0881
v 4.5484 1.7821 3.088
v 4.5848 1.9029 2.7176
v 4.5961 1.9579 2.76
v 4.5433 2.0077 2.8086
v 4.5521 1.8813 2.7141
v 4.4545 1.9812 2.8169
v 4.4781 1.9964 2.8216
v 4.5873 1.9925 2.7876
v 4.4486 1.8849 2.7521
v 4.601 1.9381 2.8708
v 4.5563 1.8211 2.7918
v 4.6241 1.8994 2.8404
v 4.5952 1.8428 2.7999
v 4.4625 1.8253 2.8404
v 4.5999 1.9169 2.8951
v 4.4666 1.9136 2.9119
v 4.5536 1.809 2.8064
v 4.5496 1.8063 3.0628
v 4.4812 1.7941 3.0511
v 4.5771 1.7099 2.9776
v 4.6042 1.7656 3.0263
v 4.549 1.6978 2.968
v 4.4686 1.7837 3.0439
v 4.5874 1.7926 3.0483
v 4.4718 1.7158 2.9937
v 4.4614 1.8119 2.8523
v 4.4646 1.8938 2.9296
v 4.558 1.9117 2.9449
v 4.484 1.9027 2.9408
v 4.6216 1.8792 2.8635
v 4.5583 1.9357 2.9213
v 4.5928 1.8279 2.8169
v 4.489 1.9253 2.9198
v 4.5897 1.8115 2.8391
v 4.6141 1.8587 2.8891
v 4.598 1.8946 2.9256
v 4.5516 1.7922 2.8271
v 4.4661 1.9566 2.8632
v 4.4885 1.9683 2.8648
v 4.5964 1.9702 2.8264
v 4.4603 1.8552 2.7991
v 4.4639 1.8388 2.8304
v 4.4664 1.9273 2.8966
v 4.4921 1.9407 2.9035
v 4.5557 1.9592 2.8993
v 4.5935 1.8744 2.7595
v 4.6054 1.9362 2.7977
v 4.551 1.9846 2.8523
v 4.5585 1.8475 2.751
v 4.5496 1.832 3.0277
v 4.5807 1.7323 2.9503
v 4.5496 1.7147 2.9435
v 4.5861 1.8189 3.0136
v 4.4717 1.7343 2.9672
v 4.4855 1.8185 3.028
v 4.6025 1.7902 2.9902
v 4.4697 1.8057 3.0222
v 4.5496 1.8175 3.0476
v 4.5796 1.72 2.9642
v 4.5504 1.7065 2.9553
v 4.5871 1.8026 3.034
v 4.4743 1.7267 2.9812
v 4.484 1.8056 3.0407
v 4.603 1.7773 3.0116
v 4.4696 1.7942 3.0338
v 4.4761 1.6096 3.123
v 4.4715 1.7199 3.1134
v 4.5992 1.7229 3.0682
v 4.5607 1.6263 3.0564
v 4.5834 1.6518 3.0488
v 4.5846 1.7541 3.0844
v 4.55 1.7676 3.1006
v 4.4806 1.7369 3.1118
v 4.442 1.8022 2.9244
v 4.4463 1.888 2.8484
v 4.4137 1.963 2.68
v 4.4195 1.9389 2.741
v 4.5176 1.6136 3.2088
v 4.5289 1.6199 3.2146
v 4.4798 1.6221 3.1775
v 4.457 1.6828 3.0753
v 4.4288 1.9238 2.7862
v 4.443 1.8627 2.873
v 4.4405 1.8446 2.8878
v 4.4583 1.7381 3.0131
v 4.4405 1.8944 2.8321
v 4.446 1.8771 2.8619
v 4.4556 1.7605 2.986
v 4.4597 1.7523 3.0004
v 4.4618 1.6496 3.1257
v 4.5021 1.7094 2.9646
v 4.4994 1.7158 2.9497
v 4.5051 1.8231 2.8056
v 4.4929 1.8396 2.7711
v 4.5124 1.594 3.0952
v 4.488 1.8676 2.7274
v 4.5406 1.5743 3.1412
v 4.5728 1.5883 3.1821
v 4.4779 1.8945 2.6849
v 4.5005 1.698 2.9764
v 4.5023 1.8089 2.8186
v 4.5025 1.6377 3.0426
v 4.5021 1.794 2.832
v 4.4681 1.9003 2.5865
v 4.5021 1.8313 2.7926
v 4.497 1.7528 2.8811
v 4.5693 1.5798 3.1768
v 4.5623 1.7127 3.111
v 4.5568 1.609 3.2023
v 4.5254 1.6452 3.2017
v 4.5834 1.6035 3.1613
v 4.579 1.6872 3.1031
v 4.5829 1.6272 3.1375
v 4.5213 1.6737 3.1776
v 4.5434 1.7148 3.1296
v 4.5364 1.6252 3.2074
v 4.5762 1.5988 3.1808
v 4.5653 1.6535 3.1685
v 4.5615 1.6277 3.1898
v 4.5506 1.6794 2.9878
v 4.5764 1.6959 2.9931
v 4.4699 1.6959 3.0141
v 4.5487 1.7949 3.0741
v 4.6016 1.7537 3.0389
v 4.5867 1.7813 3.0596
v 4.4665 1.767 3.059
v 4.4788 1.7807 3.064
v 4.4573 1.7147 3.0307
v 4.4981 1.6777 2.9967
v 4.7001 1.6046 2.8585
v 4.7795 1.5316 2.7483
v 4.8044 1.5842 2.7925
v 4.7545 1.6107 2.8512
v 4.7401 1.754 2.751
v 4.7981 1.7185 2.681
v 4.7705 1.659 2.6306
v 4.6822 1.7394 2.7566
v 4.6206 1.8291 2.6586
v 4.7241 1.7514 2.537
v 4.7596 1.8284 2.5776
v 4.6741 1.9232 2.5871
v 4.7513 1.8833 2.5084
v 4.6834 1.8084 2.4723
v 4.5743 1.8934 2.6083
v 4.6983 1.8537 2.641
v 4.6589 1.7283 2.7498
v 4.6765 1.5891 2.8549
v 4.6575 1.7778 2.4617
v 4.6898 1.7268 2.5256
v 4.7426 1.6384 2.6212
v 4.7434 1.5082 2.7377
v 4.5495 1.8762 2.5921
v 4.5939 1.8097 2.6415
v 4.7733 1.4249 3.0151
v 4.789 1.4617 2.9679
v 4.7767 1.395 3.0352
v 4.8306 1.3794 2.9278
v 4.8331 1.3382 2.9508
v 4.8074 1.3213 3.0214
v 4.8244 1.4331 2.9184
v 4.8103 1.4568 2.939
v 4.818 1.3339 3.0208
v 4.8054 1.4455 2.9435
v 4.7874 1.3924 3.0343
v 4.8355 1.3441 2.9648
v 4.8174 1.4268 2.9273
v 4.8321 1.3744 2.9405
v 4.7779 1.4197 3.0155
v 4.7935 1.6083 2.8225
v 4.7827 1.7457 2.7193
v 4.7286 1.9068 2.56
v 4.7396 1.8548 2.6132
v 4.7862 1.449 2.9698
v 4.6683 1.5253 2.7849
v 4.6405 1.6557 2.6755
v 4.5316 1.7837 2.4896
v 4.5891 1.7349 2.5708
v 4.789 1.4762 2.9599
v 4.7566 1.445 2.9999
v 4.8277 1.3868 2.9049
v 4.8266 1.4427 2.9098
v 4.8181 1.35 2.9187
v 4.7487 1.4075 3.0236
v 4.813 1.4679 2.9331
v 4.7614 1.31 3.001
v 4.7027 1.3941 2.9032
v 4.8122 1.4932 2.9152
v 4.7222 1.4773 2.9567
v 4.7795 1.4028 2.8505
v 4.8246 1.471 2.8867
v 4.8071 1.4257 2.8513
v 4.7391 1.4912 2.9569
v 4.7825 1.5045 2.9407
v 4.7334 1.7328 2.5561
v 4.7681 1.8001 2.6062
v 4.7056 1.8257 2.6685
v 4.7026 1.7049 2.5465
v 4.6113 1.7893 2.6721
v 4.6377 1.8096 2.6812
v 4.7503 1.8239 2.6418
v 4.5998 1.7149 2.6013
v 4.7836 1.7188 2.7413
v 4.7457 1.6228 2.6353
v 4.7996 1.6899 2.7065
v 4.7749 1.6412 2.6498
v 4.6406 1.6198 2.7071
v 4.7838 1.6774 2.7701
v 4.6686 1.6847 2.7897
v 4.7469 1.5961 2.6608
v 4.7714 1.529 2.9234
v 4.7296 1.5254 2.9272
v 4.7986 1.4595 2.8208
v 4.8202 1.4957 2.8602
v 4.7673 1.4406 2.8104
v 4.7099 1.5179 2.9218
v 4.8099 1.5212 2.8947
v 4.6883 1.4521 2.8535
v 4.6535 1.5691 2.7475
v 4.6692 1.639 2.8183
v 4.7465 1.6565 2.8136
v 4.6902 1.6475 2.8235
v 4.7974 1.656 2.7366
v 4.746 1.6875 2.7898
v 4.7752 1.6157 2.6776
v 4.6908 1.6894 2.7945
v 4.7752 1.5793 2.7092
v 4.7994 1.6258 2.7619
v 4.787 1.6479 2.7922
v 4.7382 1.5517 2.6979
v 4.6534 1.7432 2.7371
v 4.6769 1.7564 2.7402
v 4.7738 1.7705 2.6963
v 4.6328 1.6662 2.6623
v 4.6403 1.6394 2.6893
v 4.6628 1.7127 2.7647
v 4.6873 1.7202 2.7726
v 4.7401 1.7265 2.7681
v 4.765 1.6787 2.6141
v 4.7892 1.7413 2.6595
v 4.7297 1.7728 2.7284
v 4.7359 1.6535 2.6069
v 4.7646 1.5643 2.8961
v 4.7928 1.4898 2.7941
v 4.7629 1.4671 2.7827
v 4.8048 1.5596 2.8647
v 4.6906 1.4851 2.8304
v 4.7194 1.5569 2.9011
v 4.8143 1.5336 2.8316
v 4.7017 1.545 2.8982
v 4.7676 1.5468 2.911
v 4.7959 1.4746 2.8079
v 4.7653 1.4547 2.7976
v 4.8099 1.5415 2.8799
v 4.6886 1.4692 2.8417
v 4.7246 1.5423 2.9131
v 4.8198 1.5148 2.8459
v 4.7052 1.5309 2.9094
v 4.72 1.34 2.9531
v 4.7325 1.4424 2.9889
v 4.8246 1.4502 2.9008
v 4.7969 1.3677 2.8888
v 4.8188 1.4002 2.8811
v 4.8113 1.474 2.9272
v 4.7853 1.4855 2.9537
v 4.7494 1.468 2.9794
v 4.658 1.5441 2.8145
v 4.6355 1.6845 2.7135
v 4.4978 1.8487 2.5325
v 4.5778 1.7658 2.606
v 4.79 1.3478 3.0428
v 4.8025 1.3515 3.0385
v 4.7431 1.3432 3.0284
v 4.6925 1.4235 2.9327
v 4.5905 1.745 2.6381
v 4.6332 1.6479 2.7416
v 4.6426 1.595 2.7797
v 4.6789 1.4765 2.8853
v 4.6272 1.6975 2.7018
v 4.6343 1.6693 2.729
v 4.6802 1.5096 2.8608
v 4.6793 1.4921 2.8727
v 4.7083 1.3703 2.9807
v 4.7126 1.4537 2.8174
v 4.7127 1.4694 2.8057
v 4.6698 1.6202 2.6575
v 4.6626 1.6462 2.6317
v 4.7475 1.3359 2.9176
v 4.636 1.698 2.5693
v 4.7846 1.3016 2.9651
v 4.8295 1.3277 2.9951
v 4.6207 1.7238 2.5435
v 4.713 1.4381 2.828
v 4.67 1.5954 2.6763
v 4.7298 1.3844 2.8741
v 4.679 1.551 2.7168
v 4.5944 1.777 2.4426
v 4.6716 1.6352 2.6443
v 4.6907 1.509 2.7584
v 4.821 1.3128 2.9902
v 4.802 1.4399 2.9464
v 4.8206 1.3431 3.0176
v 4.7915 1.3821 3.0307
v 4.8325 1.346 2.9713
v 4.8131 1.4248 2.9286
v 4.8276 1.3739 2.9507
v 4.7839 1.4103 3.0113
v 4.7854 1.4443 2.9688
v 4.8076 1.3534 3.0292
v 4.8267 1.3336 2.9973
v 4.8118 1.3927 2.9828
v 4.8175 1.366 3.0035
v 4.7711 1.4263 2.8247
v 4.8013 1.4462 2.8321
v 4.6914 1.4322 2.8688
v 4.7775 1.5176 2.931
v 4.8218 1.4845 2.873
v 4.8103 1.5061 2.906
v 4.7168 1.5039 2.9355
v 4.7335 1.5121 2.9388
v 4.6817 1.4569 2.9014
v 4.7156 1.419 2.843
v 4.8226 1.5545 2.5955
v 4.8837 1.4995 2.4828
v 4.9046 1.529 2.5135
v 4.8716 1.5607 2.5761
v 4.8427 1.6928 2.5041
v 4.8799 1.6595 2.4371
v 4.8609 1.6209 2.4009
v 4.7899 1.6808 2.5278
v 4.7313 1.7612 2.4715
v 4.8076 1.7067 2.3293
v 4.8356 1.7657 2.3723
v 4.7653 1.8347 2.4193
v 4.8253 1.8174 2.3331
v 4.7411 1.7434 2.2661
v 4.6983 1.7969 2.4417
v 4.7876 1.7854 2.4414
v 4.763 1.6653 2.522
v 4.7941 1.5416 2.5921
v 4.7223 1.7052 2.2682
v 4.7814 1.6794 2.3235
v 4.8336 1.5978 2.3877
v 4.8551 1.4778 2.4702
v 4.6717 1.7736 2.4467
v 4.7097 1.7372 2.4661
v 4.9113 1.3134 2.7447
v 4.9184 1.3661 2.6879
v 4.9068 1.2781 2.7589
v 4.9525 1.2675 2.6476
v 4.9545 1.2372 2.6651
v 4.9218 1.2221 2.7246
v 4.9421 1.3395 2.6352
v 4.9358 1.3631 2.6573
v 4.9408 1.228 2.7315
v 4.9324 1.3539 2.6622
v 4.9229 1.2722 2.7569
v 4.9627 1.2422 2.6781
v 4.941 1.3318 2.643
v 4.9622 1.264 2.6598
v 4.9202 1.3053 2.7457
v 4.9028 1.5513 2.5446
v 4.8738 1.6829 2.4692
v 4.8076 1.8305 2.3787
v 4.8211 1.783 2.4094
v 4.9164 1.3556 2.6909
v 4.7733 1.4853 2.5107
v 4.7362 1.5992 2.435
v 4.64 1.7202 2.3344
v 4.682 1.673 2.3783
v 4.9173 1.3797 2.6812
v 4.8864 1.3336 2.7299
v 4.9414 1.2868 2.6242
v 4.9437 1.349 2.628
v 4.9321 1.2569 2.6326
v 4.8743 1.3054 2.7427
v 4.9364 1.3757 2.6503
v 4.8788 1.2316 2.6985
v 4.822 1.3244 2.617
v 4.9324 1.4097 2.6281
v 4.8347 1.3888 2.6857
v 4.8954 1.3348 2.5719
v 4.9354 1.3872 2.6019
v 4.9179 1.3516 2.5775
v 4.857 1.4062 2.6854
v 4.9078 1.4201 2.6553
v 4.823 1.6873 2.3519
v 4.8459 1.7358 2.3916
v 4.802 1.7605 2.4555
v 4.7956 1.6628 2.3403
v 4.725 1.7251 2.4786
v 4.7514 1.7447 2.4855
v 4.8328 1.7577 2.4225
v 4.6939 1.6562 2.3894
v 4.8836 1.6618 2.4814
v 4.8361 1.5813 2.3952
v 4.8895 1.6388 2.4504
v 4.8674 1.6017 2.4105
v 4.7482 1.5763 2.4511
v 4.8856 1.639 2.4925
v 4.7724 1.6361 2.5403
v 4.8381 1.5631 2.4059
v 4.898 1.4543 2.639
v 4.8477 1.4477 2.6597
v 4.9054 1.398 2.5457
v 4.9301 1.4242 2.5791
v 4.8752 1.3833 2.537
v 4.8205 1.4374 2.6554
v 4.9267 1.4431 2.6072
v 4.8112 1.3975 2.5698
v 4.7498 1.5644 2.458
v 4.775 1.6175 2.5493
v 4.8601 1.6313 2.5343
v 4.8009 1.629 2.5568
v 4.8904 1.618 2.4637
v 4.8592 1.655 2.5232
v 4.8699 1.5824 2.4238
v 4.7977 1.6503 2.5463
v 4.8697 1.5627 2.4357
v 4.8916 1.5952 2.4756
v 4.8885 1.6169 2.5037
v 4.8411 1.5499 2.4159
v 4.7572 1.682 2.512
v 4.784 1.6984 2.5161
v 4.8633 1.7021 2.4577
v 4.7285 1.6076 2.4231
v 4.7421 1.5928 2.4431
v 4.7674 1.6539 2.5292
v 4.7934 1.6675 2.5364
v 4.8535 1.6769 2.5143
v 4.8501 1.6441 2.3899
v 4.8706 1.6796 2.4258
v 4.8317 1.7082 2.4905
v 4.824 1.617 2.3759
v 4.8845 1.4946 2.6149
v 4.8984 1.4404 2.5214
v 4.873 1.4184 2.512
v 4.9163 1.4849 2.577
v 4.7965 1.4248 2.5482
v 4.8409 1.4887 2.6349
v 4.9154 1.4689 2.5471
v 4.8132 1.4785 2.6335
v 4.8905 1.4731 2.6273
v 4.9026 1.418 2.5344
v 4.8748 1.3985 2.5263
v 4.9204 1.4633 2.5936
v 4.8062 1.4085 2.5615
v 4.8453 1.4657 2.6487
v 4.922 1.4418 2.5637
v 4.8177 1.4551 2.6456
v 4.8436 1.2685 2.6607
v 4.8521 1.3434 2.7134
v 4.9413 1.3679 2.6182
v 4.9172 1.2879 2.607
v 4.9339 1.3159 2.6041
v 4.9343 1.3917 2.6405
v 4.9131 1.3991 2.6688
v 4.8736 1.3705 2.708
v 4.7651 1.504 2.5469
v 4.7327 1.6239 2.4778
v 4.6366 1.7561 2.3966
v 4.6773 1.6954 2.4216
v 4.9093 1.2372 2.747
v 4.9299 1.2389 2.7487
v 4.8689 1.2519 2.7245
v 4.8117 1.3444 2.6489
v 4.6897 1.678 2.4316
v 4.7433 1.6 2.4936
v 4.7448 1.5851 2.5021
v 4.7998 1.4125 2.6063
v 4.723 1.6344 2.4674
v 4.7395 1.6172 2.4847
v 4.7854 1.4418 2.5821
v 4.7955 1.4254 2.5975
v 4.8341 1.2925 2.688
v 4.8288 1.3981 2.5373
v 4.822 1.4128 2.5227
v 4.7726 1.5811 2.4039
v 4.759 1.5985 2.3898
v 4.8684 1.2595 2.6338
v 4.7282 1.6435 2.3563
v 4.8969 1.2234 2.6704
v 4.9542 1.2225 2.7139
v 4.7154 1.6615 2.3423
v 4.8361 1.3848 2.5461
v 4.7794 1.5671 2.4146
v 4.8468 1.3153 2.5911
v 4.7803 1.5528 2.4242
v 4.6611 1.7063 2.2677
v 4.7672 1.5889 2.3971
v 4.8028 1.4726 2.4786
v 4.9403 1.2159 2.7026
v 4.9242 1.3451 2.6642
v 4.9437 1.2392 2.7277
v 4.9263 1.278 2.7472
v 4.9619 1.2485 2.6877
v 4.938 1.3272 2.6466
v 4.9595 1.2677 2.6682
v 4.9217 1.3019 2.7385
v 4.9145 1.3492 2.6911
v 4.9341 1.2476 2.742
v 4.9517 1.2337 2.7129
v 4.9475 1.2843 2.7074
v 4.9506 1.2665 2.7181
v 4.8801 1.3669 2.5487
v 4.9096 1.3792 2.5582
v 4.8119 1.3749 2.5817
v 4.9023 1.4382 2.6464
v 4.932 1.4064 2.5905
v 4.9298 1.4265 2.6177
v 4.824 1.4191 2.6662
v 4.8509 1.4308 2.6702
v 4.8006 1.3923 2.6188
v 4.8398 1.3661 2.5558
v 4.8143 1.5373 2.313
v 4.8485 1.4949 2.2066
v 4.8791 1.5229 2.239
v 4.8661 1.5362 2.2851
v 4.8562 1.6405 2.2428
v 4.8704 1.6195 2.1936
v 4.8335 1.5759 2.1641
v 4.7964 1.6318 2.2851
v 4.7643 1.7088 2.2503
v 4.8019 1.6476 2.1252
v 4.8369 1.7002 2.1564
v 4.8075 1.7909 2.1807
v 4.8147 1.7627 2.1274
v 4.7775 1.689 2.0942
v 4.7499 1.7452 2.2397
v 4.8219 1.7284 2.2038
v 4.7702 1.6161 2.2788
v 4.7917 1.5302 2.3115
v 4.7472 1.6609 2.099
v 4.7734 1.6276 2.1228
v 4.8041 1.5591 2.1587
v 4.8264 1.4824 2.2006
v 4.7293 1.7119 2.2475
v 4.7398 1.6933 2.2512
v 4.8624 1.3633 2.3823
v 4.8772 1.3861 2.3507
v 4.8615 1.3431 2.3905
v 4.8903 1.3191 2.3092
v 4.8895 1.3029 2.3155
v 4.8807 1.2898 2.3661
v 4.8892 1.3612 2.3116
v 4.8855 1.3777 2.3287
v 4.8896 1.2953 2.3666
v 4.8855 1.3721 2.3318
v 4.8705 1.3404 2.3898
v 4.8955 1.3056 2.3226
v 4.8902 1.358 2.3134
v 4.8959 1.32 2.316
v 4.8717 1.358 2.3821
v 4.88 1.5337 2.2634
v 4.8698 1.6352 2.2173
v 4.8197 1.7801 2.1525
v 4.8338 1.7191 2.1796
v 4.8779 1.3793 2.3526
v 4.7671 1.4876 2.2398
v 4.7429 1.5684 2.2074
v 4.6982 1.6694 2.1699
v 4.7155 1.639 2.1815
v 4.8765 1.398 2.3467
v 4.8492 1.3796 2.3761
v 4.8838 1.3281 2.2941
v 4.8888 1.3713 2.3044
v 4.8786 1.3097 2.2993
v 4.8424 1.3596 2.3837
v 4.8861 1.3881 2.3236
v 4.845 1.2853 2.3551
v 4.7901 1.3714 2.2972
v 4.8914 1.4271 2.308
v 4.817 1.4202 2.3546
v 4.8522 1.3749 2.2521
v 4.8928 1.4117 2.2833
v 4.8705 1.3859 2.2545
v 4.8359 1.4312 2.3543
v 4.8785 1.4351 2.3325
v 4.8101 1.6309 2.1355
v 4.8427 1.674 2.1664
v 4.8309 1.6996 2.2148
v 4.7825 1.6129 2.131
v 4.7456 1.6726 2.2547
v 4.77 1.6891 2.2569
v 4.8432 1.6928 2.1914
v 4.724 1.6219 2.1837
v 4.8727 1.6135 2.228
v 4.8105 1.5418 2.1687
v 4.8729 1.5999 2.204
v 4.8379 1.5584 2.1749
v 4.7534 1.5335 2.2228
v 4.8736 1.5899 2.2397
v 4.7789 1.5785 2.2919
v 4.814 1.5273 2.1774
v 4.8744 1.4791 2.3121
v 4.8288 1.4748 2.3364
v 4.8639 1.434 2.2319
v 4.8905 1.4625 2.2636
v 4.843 1.4228 2.2271
v 4.8087 1.4678 2.3351
v 4.889 1.4756 2.2885
v 4.7816 1.4272 2.2697
v 4.7589 1.5164 2.2287
v 4.784 1.5552 2.3001
v 4.8618 1.568 2.2722
v 4.8091 1.5647 2.3023
v 4.8733 1.5773 2.2165
v 4.8591 1.5944 2.262
v 4.8409 1.5417 2.1844
v 4.8038 1.5886 2.2957
v 4.8426 1.5213 2.1937
v 4.8748 1.5495 2.2257
v 4.8754 1.5657 2.2514
v 4.8167 1.5094 2.1875
v 4.7668 1.6354 2.2728
v 4.7917 1.6523 2.2778
v 4.8626 1.6532 2.2107
v 4.7384 1.5855 2.1999
v 4.7481 1.55 2.2154
v 4.7748 1.597 2.2856
v 4.8004 1.6098 2.2905
v 4.8586 1.6185 2.2524
v 4.8287 1.5936 2.154
v 4.8638 1.6353 2.1852
v 4.8478 1.659 2.235
v 4.7993 1.5756 2.1497
v 4.8684 1.508 2.2994
v 4.8567 1.4641 2.2199
v 4.837 1.4521 2.2142
v 4.883 1.5047 2.2768
v 4.7802 1.4561 2.2569
v 4.8212 1.5054 2.3258
v 4.8836 1.4924 2.2527
v 4.7999 1.4992 2.3227
v 4.871 1.4944 2.3051
v 4.8601 1.4492 2.2257
v 4.8396 1.4398 2.2197
v 4.8855 1.4922 2.2824
v 4.7823 1.4412 2.2629
v 4.8253 1.4896 2.3308
v 4.8871 1.4781 2.2586
v 4.8061 1.4828 2.3284
v 4.8061 1.3152 2.3281
v 4.8282 1.3867 2.3697
v 4.8927 1.3886 2.2942
v 4.8675 1.3318 2.2784
v 4.8785 1.349 2.2749
v 4.8916 1.405 2.317
v 4.88 1.4175 2.344
v 4.842 1.4042 2.3657
v 4.761 1.4988 2.2666
v 4.74 1.5782 2.229
v 4.6919 1.7055 2.2118
v 4.7146 1.6535 2.2042
v 4.8693 1.3036 2.383
v 4.8798 1.3087 2.3839
v 4.834 1.3052 2.3776
v 4.7873 1.3841 2.3226
v 4.7227 1.634 2.2062
v 4.7488 1.5448 2.2454
v 4.7542 1.5249 2.2521
v 4.779 1.4401 2.2978
v 4.7367 1.596 2.2218
v 4.7444 1.5609 2.2383
v 4.7759 1.4671 2.2805
v 4.7787 1.4524 2.2885
v 4.8017 1.3338 2.3508
v 4.7967 1.4342 2.2393
v 4.7932 1.4481 2.235
v 4.759 1.5427 2.1953
v 4.7487 1.5764 2.1793
v 4.8245 1.3071 2.3036
v 4.7328 1.6124 2.1619
v 4.858 1.2794 2.3275
v 4.8955 1.2921 2.3448
v 4.7239 1.6268 2.1569
v 4.7973 1.4175 2.2454
v 4.7649 1.5271 2.2019
v 4.8068 1.363 2.272
v 4.7719 1.5101 2.2081
v 4.7073 1.6532 2.1466
v 4.7539 1.5599 2.1868
v 4.7816 1.4791 2.2188
v 4.887 1.2863 2.3412
v 4.8847 1.3671 2.3331
v 4.8947 1.3048 2.3654
v 4.8769 1.3348 2.3844
v 4.8954 1.3108 2.3274
v 4.8881 1.353 2.3168
v 4.8942 1.3205 2.3213
v 4.8718 1.3527 2.3789
v 4.8765 1.3742 2.3537
v 4.8848 1.3147 2.3798
v 4.8978 1.2996 2.3465
v 4.8882 1.3373 2.35
v 4.8912 1.3245 2.355
v 4.8469 1.4083 2.2341
v 4.8664 1.4158 2.2401
v 4.7822 1.4111 2.2775
v 4.8757 1.4607 2.3192
v 4.8913 1.4406 2.2721
v 4.89 1.455 2.2969
v 4.8104 1.4506 2.3419
v 4.8313 1.4583 2.3432
v 4.7798 1.4247 2.3063
v 4.7984 1.4029 2.2511
v 3.9118 2.1358 2.6379
v 4.0829 2.128 2.6982
v 4.0239 2.1768 2.6968
v 3.9218 2.1751 2.6635
v 3.9216 2.0971 2.6181
v 4.0823 2.0967 2.6674
v 3.8669 2.0342 2.7921
v 3.9 2.0782 2.7709
v 3.8547 1.9997 2.8191
v 3.9988 2.0783 2.8466
v 3.9931 2.0394 2.8713
v 3.9328 1.9815 2.8756
v 3.9745 2.101 2.8093
v 3.9384 2.1031 2.7803
v 3.9148 2.0013 2.8978
v 3.9367 2.0941 2.7869
v 3.857 2.0121 2.8497
v 3.967 2.0446 2.8923
v 3.9687 2.0958 2.8216
v 3.9794 2.0817 2.8556
v 3.869 2.036 2.8078
v 3.9627 2.1976 2.6885
v 3.8982 2.0741 2.7791
v 4.0255 2.0544 2.6191
v 3.903 2.0864 2.7592
v 3.869 2.0436 2.7708
v 4.0148 2.0787 2.8302
v 3.9814 2.1052 2.7982
v 4.0148 2.0401 2.8445
v 3.862 2.0021 2.7831
v 3.9411 2.1108 2.7721
v 3.9475 1.9736 2.8419
v 3.9869 1.9911 2.7447
v 3.9481 2.1311 2.7539
v 3.888 2.0231 2.7202
v 4.0469 2.0491 2.7796
v 3.9964 2.1186 2.7718
v 4.0419 2.0862 2.7871
v 3.8829 2.0677 2.725
v 3.9097 2.1104 2.7343
v 3.9145 2.1328 2.7126
v 3.8951 2.0922 2.6919
v 4.0591 2.0991 2.7503
v 4.0083 2.136 2.7474
v 4.0687 2.0674 2.7277
v 3.9033 2.0512 2.675
v 3.9535 2.1531 2.7362
v 4.0097 2.016 2.679
v 4.0355 2.0696 2.5865
v 3.9308 2.1162 2.5905
v 3.932 2.1919 2.6316
v 3.9204 2.1537 2.6102
v 4.095 2.1485 2.6642
v 4.0349 2.1944 2.6671
v 3.9741 2.2132 2.66
v 4.0974 2.1146 2.6361
v 3.9153 2.1595 2.6862
v 4.0696 2.1159 2.7164
v 4.0765 2.0843 2.6927
v 3.9569 2.1818 2.7126
v 4.0169 2.0327 2.6451
v 3.9049 2.1185 2.6611
v 4.0172 2.1586 2.7183
v 3.9143 2.0771 2.6423
v 3.9128 2.145 2.702
v 4.0648 2.105 2.7348
v 4.0733 2.0745 2.7116
v 3.953 2.1679 2.7279
v 4.0131 2.0234 2.6599
v 3.8995 2.1034 2.6791
v 4.0123 2.146 2.7361
v 3.9078 2.062 2.6614
v 3.9683 1.9766 2.7907
v 3.8736 2.0084 2.7484
v 3.9888 2.111 2.7859
v 4.0311 2.0431 2.8151
v 4.0289 2.0813 2.8106
v 3.9445 2.1201 2.7637
v 3.9065 2.0978 2.747
v 3.8766 2.0549 2.747
v 3.9605 2.0588 2.6073
v 3.8815 1.9753 2.8512
v 3.8726 1.9996 2.8744
v 3.8936 1.9675 2.8148
v 3.9285 1.9859 2.7222
v 3.9713 2.0806 2.5761
v 3.9479 2.0118 2.6636
v 3.9569 2.034 2.6326
v 3.9513 2.0197 2.6501
v 3.9117 1.9716 2.7697
v 4.0567 2.0492 2.6883
v 4.0604 2.0593 2.6722
v 4.0126 2.0115 2.8088
v 3.9931 2.0069 2.8482
v 3.9505 2.0183 2.9037
v 4.0524 2.0424 2.7037
v 4.0299 2.0215 2.7654
v 4.0803 2.0884 2.6147
v 4.072 2.0794 2.6517
v 3.9702 2.0071 2.8797
v 3.9365 2.0874 2.792
v 3.9084 2.0215 2.8893
v 3.868 2.0166 2.8545
v 3.9553 2.0504 2.8865
v 3.9697 2.0923 2.8212
v 3.9709 2.0744 2.8518
v 3.8738 2.0376 2.8163
v 3.899 2.0703 2.7802
v 3.8794 2.0137 2.8748
v 3.9439 2.0348 2.896
v 3.9152 2.0616 2.8445
v 3.9085 2.0386 2.8772
v 4.0603 2.0588 2.7488
v 4.0513 2.0925 2.7677
v 4.0046 2.0104 2.694
v 3.9118 2.1227 2.7237
v 4.0031 2.1275 2.7607
v 3.9507 2.1432 2.7464
v 3.8971 2.0393 2.693
v 3.8896 2.0813 2.7064
v 3.9431 2.0028 2.6813
v 4.0447 2.0345 2.7259
v 4.511 1.8758 2.9815
v 4.5986 1.7957 2.9125
v 4.6123 1.8871 2.8022
v 4.516 1.9666 2.8845
v 4.5796 1.9571 2.6384
v 4.5025 2.0565 2.745
v 4.5022 2.025 2.7913
v 4.5916 1.9514 2.7015
v 4.5229 1.7287 3.1452
v 4.5974 1.6638 3.0993
v 4.5276 1.7102 3.1519
v 4.5895 1.6587 3.1111
v 4.6009 1.6704 3.0814
v 4.5123 1.7444 3.1277
v 4.5068 2.0051 2.8179
v 4.596 1.9329 2.7397
v 4.6101 1.8493 2.8365
v 4.5175 1.934 2.927
v 4.4982 1.7752 3.0889
v 4.5996 1.7328 2.9948
v 4.4993 1.8029 3.059
v 4.6064 1.8321 2.8587
v 4.5137 1.9114 2.9483
v 4.598 1.7062 3.0293
v 4.6124 1.8692 2.8165
v 4.5195 1.95 2.9073
v 4.513 1.9784 2.8638
v 4.606 1.9071 2.7794
v 4.5087 1.8274 3.0339
v 4.5996 1.7572 2.9659
v 4.5032 1.8146 3.0471
v 4.6004 1.7445 2.9815
v 4.5983 1.6829 3.0522
v 4.5022 1.758 3.1093
v 4.5836 1.6557 3.112
v 4.528 1.7041 3.1516
v 4.5668 1.6735 3.1502
v 4.599 1.7206 3.0102
v 4.4971 1.7922 3.0694
v 4.7246 1.6089 2.8586
v 4.795 1.5541 2.7656
v 4.7942 1.6923 2.6532
v 4.7105 1.7483 2.7573
v 4.7048 1.8492 2.463
v 4.6005 1.9226 2.5922
v 4.6558 1.8428 2.6589
v 4.747 1.79 2.553
v 4.7748 1.451 2.992
v 4.8288 1.4048 2.9154
v 4.7762 1.4403 2.9924
v 4.8249 1.4052 2.9245
v 4.8302 1.4148 2.9014
v 4.7707 1.4672 2.9824
v 4.6707 1.8219 2.6783
v 4.7612 1.7662 2.5751
v 4.7912 1.6334 2.7046
v 4.7173 1.6879 2.7971
v 4.7607 1.5031 2.9501
v 4.8135 1.4758 2.8367
v 4.7544 1.5318 2.9262
v 4.7906 1.599 2.7302
v 4.7175 1.6548 2.8211
v 4.8191 1.4454 2.8641
v 4.7977 1.6706 2.6759
v 4.7147 1.7238 2.7735
v 4.7046 1.767 2.7377
v 4.7835 1.7095 2.6334
v 4.746 1.5639 2.9004
v 4.8073 1.5089 2.8094
v 4.7482 1.5464 2.915
v 4.8109 1.4915 2.8234
v 4.8265 1.4254 2.8858
v 4.7667 1.4831 2.9686
v 4.8225 1.4027 2.9304
v 4.7795 1.4352 2.991
v 4.8069 1.4163 2.9646
v 4.8153 1.4629 2.8483
v 4.7563 1.517 2.9382
v 4.8476 1.5621 2.5873
v 4.8966 1.5143 2.4974
v 4.8746 1.6399 2.4162
v 4.8126 1.6903 2.5204
v 4.8018 1.8164 2.2809
v 4.7107 1.8265 2.4273
v 4.7596 1.779 2.462
v 4.8244 1.7363 2.3424
v 4.9104 1.3467 2.7177
v 4.9488 1.3027 2.6368
v 4.9133 1.3357 2.7193
v 4.9538 1.2995 2.6445
v 4.9457 1.3144 2.6248
v 4.9037 1.3646 2.7085
v 4.7762 1.7575 2.4743
v 4.8358 1.7061 2.3649
v 4.8851 1.5996 2.4423
v 4.8193 1.6595 2.5412
v 4.8823 1.4181 2.6739
v 4.92 1.409 2.5581
v 4.8727 1.4544 2.652
v 4.8839 1.5779 2.455
v 4.8262 1.6348 2.5515
v 4.9304 1.3692 2.5873
v 4.8836 1.6212 2.4272
v 4.815 1.6766 2.5312
v 4.8053 1.7068 2.5065
v 4.8613 1.6624 2.4036
v 4.8633 1.494 2.627
v 4.909 1.454 2.5326
v 4.8682 1.4725 2.6406
v 4.915 1.4303 2.5463
v 4.9399 1.3431 2.6076
v 4.8915 1.3913 2.6912
v 4.9516 1.2995 2.6514
v 4.9176 1.3319 2.7152
v 4.9381 1.3111 2.6883
v 4.9235 1.3911 2.5689
v 4.8776 1.4385 2.6614
v 4.8413 1.5384 2.3035
v 4.8682 1.5118 2.2218
v 4.8622 1.6036 2.178
v 4.831 1.641 2.2717
v 4.8059 1.7365 2.1107
v 4.7838 1.7917 2.2218
v 4.8012 1.7263 2.2313
v 4.8264 1.6752 2.1384
v 4.8681 1.381 2.368
v 4.8898 1.3418 2.3058
v 4.8718 1.3736 2.3687
v 4.8922 1.3389 2.3124
v 4.887 1.3513 2.2944
v 4.8628 1.3949 2.3634
v 4.8099 1.7011 2.2396
v 4.8319 1.6547 2.1475
v 4.8614 1.5624 2.1984
v 4.8345 1.593 2.2841
v 4.8593 1.4399 2.3487
v 4.8836 1.4491 2.2497
v 4.8549 1.4793 2.3284
v 4.8635 1.5372 2.2096
v 4.837 1.5683 2.2921
v 4.8847 1.3977 2.2657
v 4.863 1.5823 2.19
v 4.8341 1.6187 2.2773
v 4.8255 1.6603 2.261
v 4.8569 1.6194 2.1703
v 4.8481 1.5092 2.3158
v 4.8749 1.4789 2.2364
v 4.8513 1.4946 2.3224
v 4.8791 1.4624 2.2422
v 4.8868 1.3674 2.2768
v 4.8589 1.4166 2.3575
v 4.8914 1.3383 2.3157
v 4.8715 1.3666 2.3668
v 4.8848 1.3543 2.3419
v 4.8843 1.4319 2.2558
v 4.8578 1.4615 2.3356
v 4.4462 1.8318 2.9552
v 4.4503 1.9235 2.87
v 4.4132 2.0006 2.7059
v 4.4232 1.9751 2.7659
v 4.5826 1.5815 3.1623
v 4.5209 1.6317 3.2147
v 4.5244 1.7527 2.8727
v 4.5307 1.828 2.7808
v 4.4967 1.8872 2.5977
v 4.5132 1.8952 2.6726
v 4.4768 1.6518 3.1709
v 4.4593 1.7216 3.0866
v 4.4352 1.9554 2.8062
v 4.4497 1.8983 2.8988
v 4.449 1.8797 2.9141
v 4.4595 1.769 3.0327
v 4.4481 1.9324 2.8552
v 4.4496 1.9109 2.8855
v 4.4588 1.7916 3.0118
v 4.4602 1.7798 3.0228
v 4.5391 1.6088 3.0699
v 4.5064 1.6322 3.2063
v 4.4654 1.6981 3.1188
v 4.5236 1.7038 2.9568
v 4.5295 1.8202 2.7971
v 4.5285 1.8433 2.7581
v 4.5226 1.71 2.9432
v 4.525 1.8707 2.7159
v 4.5853 1.5897 3.1655
v 4.5631 1.5829 3.1185
v 4.5235 1.695 2.9685
v 4.5237 1.6389 3.0297
v 4.5287 1.7927 2.8291
v 4.5295 1.8073 2.81
v 4.5307 1.6351 3.2083
v 4.5823 1.5981 3.1691
v 4.5577 1.6177 3.1926
v 4.4577 1.752 3.0486
v 4.5221 1.6766 2.9866
v 4.6599 1.5663 2.8388
v 4.6409 1.7046 2.7329
v 4.5164 1.8558 2.5706
v 4.5796 1.7865 2.6218
v 4.8301 1.3221 2.9666
v 4.7919 1.37 3.0451
v 4.7184 1.4969 2.7397
v 4.7079 1.6291 2.6267
v 4.6321 1.7766 2.4546
v 4.6596 1.7172 2.5278
v 4.7398 1.3759 3.0306
v 4.7025 1.4537 2.9498
v 4.5964 1.7675 2.6574
v 4.6425 1.6678 2.7695
v 4.6483 1.6195 2.803
v 4.6893 1.4995 2.9095
v 4.6339 1.7188 2.7212
v 4.6426 1.6918 2.7486
v 4.6853 1.5304 2.8837
v 4.6876 1.5163 2.8951
v 4.7702 1.3408 2.9049
v 4.7823 1.3651 3.0465
v 4.7132 1.4034 2.9903
v 4.7411 1.4502 2.802
v 4.7082 1.614 2.64
v 4.7024 1.6436 2.6114
v 4.7392 1.4631 2.7884
v 4.673 1.6908 2.5496
v 4.8328 1.3323 2.9807
v 4.8068 1.3157 2.9437
v 4.7432 1.4344 2.8137
v 4.7571 1.3896 2.8576
v 4.7102 1.5412 2.6969
v 4.7113 1.5866 2.6612
v 4.7988 1.3687 3.0367
v 4.83 1.3362 2.9858
v 4.8199 1.3517 3.012
v 4.693 1.4838 2.9236
v 4.7467 1.4178 2.8279
v 4.7765 1.5262 2.5791
v 4.7451 1.6456 2.505
v 4.653 1.7616 2.4245
v 4.6897 1.7151 2.4496
v 4.9516 1.221 2.6843
v 4.9261 1.2499 2.7552
v 4.8318 1.472 2.469
v 4.8027 1.5866 2.385
v 4.6969 1.7026 2.2746
v 4.7484 1.6653 2.3279
v 4.8689 1.2738 2.7381
v 4.8197 1.3698 2.6756
v 4.7022 1.6998 2.4614
v 4.7553 1.6195 2.5228
v 4.7575 1.6014 2.5331
v 4.8055 1.4246 2.6376
v 4.7364 1.6593 2.4954
v 4.7508 1.6363 2.5118
v 4.7944 1.4642 2.6191
v 4.802 1.4425 2.6286
v 4.8895 1.2641 2.6203
v 4.905 1.2526 2.7555
v 4.8396 1.3168 2.7066
v 4.8532 1.3945 2.528
v 4.8027 1.5767 2.392
v 4.7929 1.6024 2.3757
v 4.852 1.4133 2.5106
v 4.764 1.6463 2.3431
v 4.9611 1.2255 2.6988
v 4.9109 1.2291 2.6535
v 4.8537 1.3814 2.54
v 4.8672 1.3171 2.5808
v 4.8099 1.5504 2.4099
v 4.805 1.5639 2.4013
v 4.9302 1.2592 2.7454
v 4.9579 1.2376 2.7039
v 4.9483 1.252 2.7245
v 4.8083 1.4055 2.6512
v 4.8587 1.3639 2.5495
v 4.7684 1.5118 2.2939
v 4.7476 1.594 2.2553
v 4.709 1.7091 2.2273
v 4.7179 1.6704 2.2254
v 4.8877 1.293 2.3247
v 4.8732 1.3214 2.3887
v 4.8024 1.4763 2.2055
v 4.776 1.5541 2.1669
v 4.7222 1.6505 2.1158
v 4.7433 1.6187 2.133
v 4.8376 1.3347 2.3845
v 4.7947 1.4 2.3424
v 4.7243 1.6463 2.2286
v 4.7558 1.5628 2.2719
v 4.7615 1.5407 2.2819
v 4.7884 1.4541 2.321
v 4.7438 1.6106 2.2452
v 4.7525 1.5793 2.2653
v 4.7813 1.4828 2.3048
v 4.7862 1.4682 2.3115
v 4.8516 1.3211 2.2896
v 4.8631 1.3224 2.3891
v 4.8123 1.3586 2.3643
v 4.8176 1.4327 2.2243
v 4.7825 1.5379 2.1757
v 4.7694 1.5705 2.1587
v 4.8135 1.4466 2.2181
v 4.7476 1.6033 2.1391
v 4.8949 1.2969 2.3308
v 4.8717 1.2964 2.3098
v 4.8212 1.4178 2.2296
v 4.8335 1.3666 2.256
v 4.7933 1.5053 2.1937
v 4.7877 1.5231 2.1841
v 4.881 1.3243 2.3843
v 4.8974 1.3039 2.3352
v 4.8929 1.3172 2.3581
v 4.7881 1.4365 2.3276
v 4.8245 1.4032 2.236
v 4.5331 2.0792 2.7123
v 4.5945 2.0231 2.6399
v 4.4545 2.0664 2.72
v 4.4158 2.0428 2.7048
v 4.5718 2.0579 2.6797
v 4.4262 1.947 2.6169
v 4.4195 1.9701 2.6431
v 4.4506 1.9124 2.5601
v 4.6748 1.9642 2.5577
v 4.7439 1.9268 2.4746
v 4.725 1.9435 2.5248
v 4.5051 1.8137 2.4455
v 4.4759 1.8545 2.497
v 4.5464 1.7993 2.4046
v 4.7519 1.8797 2.3914
v 4.8159 1.8617 2.2983
v 4.8008 1.8711 2.351
v 4.6149 1.7359 2.3035
v 4.5863 1.7639 2.3486
v 4.6482 1.7121 2.2506
v 4.7849 1.8347 2.1726
v 4.799 1.7943 2.1006
v 4.7605 1.7114 2.0745
v 4.7248 1.6839 2.082
v 4.8016 1.8161 2.1348
v 4.685 1.6855 2.1538
v 4.672 1.7065 2.195
v 4.6956 1.669 2.1392
v 4.5044 2.0753 2.7176
v 4.7875 1.7688 2.0914
v 4.4047 2.0052 2.6448
v 4.6951 1.6736 2.1144
v 4.5368 2.0992 2.6699
v 4.5882 2.0572 2.6212
v 4.4277 2.0952 2.6703
v 4.569 2.0929 2.6407
v 4.3818 1.9859 2.5582
v 4.3787 2.0309 2.6219
v 4.3986 1.9474 2.4978
v 4.6798 1.9971 2.5134
v 4.7309 1.9672 2.4575
v 4.7103 2.0033 2.4731
v 4.4655 1.8864 2.3823
v 4.4331 1.9129 2.4331
v 4.5055 1.8594 2.3301
v 4.7496 1.9149 2.3401
v 4.7909 1.9032 2.2808
v 4.7733 1.9223 2.3042
v 4.5674 1.7784 2.2282
v 4.5341 1.8203 2.2743
v 4.5993 1.7412 2.1754
v 4.7699 1.8662 2.1405
v 4.7783 1.8249 2.0921
v 4.7437 1.75 2.0529
v 4.7721 1.859 2.1082
v 4.6912 1.7009 2.0707
v 4.6334 1.7082 2.1124
v 4.5048 2.1172 2.6595
v 4.7581 1.8216 2.0594
v 4.5721 1.7584 2.1341
v 4.4034 2.1374 2.6161
v 4.563 2.1237 2.6035
v 4.3632 2.0459 2.5928
v 4.3556 2.0199 2.5375
v 4.3714 1.98 2.4656
v 4.6944 2.0347 2.4394
v 4.4536 1.9233 2.3502
v 4.411 1.9499 2.4057
v 4.4899 1.8992 2.2957
v 4.5157 1.8647 2.2405
v 4.6093 1.8329 1.9141
v 3.9974 2.3365 2.3152
v 4.0053 2.2448 2.2938
v 4.7152 1.9437 2.353
v 4.5959 2.0546 2.5765
v 4.605 2.2027 2.2487
v 4.4649 2.1644 2.5985
v 4.3137 2.0573 2.4993
v 4.5456 1.8082 1.9379
v 4.2893 2.2203 2.5065
v 4.338 2.0365 2.4255
v 4.4278 1.9798 2.3128
v 4.3858 2.0059 2.3626
v 4.4685 1.9492 2.264
v 4.5152 1.8644 2.1499
v 4.497 1.915 2.2108
v 4.5387 1.8008 2.0814
v 4.7334 1.9341 2.1175
v 4.7346 1.8455 2.0269
v 4.6594 1.7631 1.9938
v 4.6773 1.7264 2.0428
v 4.7404 1.9068 2.0609
v 4.032 2.167 2.3049
v 4.1009 2.13 2.3403
v 4.7252 1.8913 2.3982
v 4.4269 2.3132 2.3819
v 4.6953 1.8267 1.986
v 4.6497 2.1271 2.3408
v 4.5543 2.185 2.4382
v 4.7135 2.0022 2.1246
v 4.0144 2.3465 2.2137
v 4.035 2.237 2.1949
v 4.0645 2.1608 2.2152
v 4.1445 2.1158 2.2728
v 4.2526 2.0825 2.3709
v 4.4968 2.2202 2.4907
v 4.7139 1.9721 2.0746
v 4.7122 1.8815 1.9928
v 4.7219 1.7897 2.0216
v 4.7208 1.9393 2.0263
v 4.1752 2.1186 2.396
v 4.2342 2.117 2.4471
v 4.7691 1.9123 2.2243
v 4.6639 2.0808 2.2904
v 4.6045 2.1531 2.3905
v 4.714 2.035 2.1792
v 4.0961 2.4293 2.2748
v 4.2413 2.3557 2.4121
v 4.6927 2.0152 2.0276
v 4.6993 1.9739 1.9839
v 4.5439 1.8138 2.1806
v 4.7181 1.9698 2.4119
v 4.4028 2.4315 2.1503
v 4.684 2.0497 2.2347
v 4.7037 1.9903 2.3001
v 4.7341 1.9895 2.2403
v 4.5988 2.2114 1.916
v 4.5443 2.3302 2.0233
v 4.464 2.3959 2.108
v 4.5876 2.2541 1.9492
v 4.5676 2.2942 1.9854
v 4.3142 2.4673 2.1855
v 4.6054 2.1711 1.8851
v 4.4729 2.0197 1.7447
v 4.4278 1.9293 1.8459
v 4.607 2.0985 1.8333
v 4.1951 2.3427 2.4364
v 4.7308 1.9211 2.4356
v 4.5122 2.3638 2.0641
v 4.6534 2.1245 2.1575
v 4.4581 1.9487 1.7868
v 4.6518 1.8783 1.9232
v 4.6252 2.0809 2.4586
v 4.6859 2.0122 2.3644
v 4.7405 1.958 2.178
v 4.6808 2.097 2.1117
v 4.5551 2.2311 2.2934
v 4.6294 2.1608 2.2031
v 4.5841 2.1118 2.5068
v 4.6798 2.0593 2.4159
v 4.5422 2.1598 2.5648
v 4.6858 2.0555 2.0686
v 4.5012 2.2692 2.3402
v 4.6392 2.0213 2.5161
v 4.7907 1.8545 2.2526
v 4.4633 2.0315 2.7688
v 4.5419 2.0376 2.759
v 4.5906 1.9833 2.6977
v 4.5701 1.9204 2.6615
v 4.5399 1.9068 2.6522
v 4.4336 2.0131 2.7588
v 4.5762 2.0198 2.7337
v 4.4393 1.9227 2.6818
v 4.4158 1.9545 2.7088
v 4.479 1.9121 2.6572
v 4.5019 2.0421 2.7663
v 4.5878 1.9507 2.6775
v 4.4166 1.991 2.7381
v 4.5082 1.9027 2.648
v 4.5595 1.7666 2.5214
v 4.7316 1.8883 2.5793
v 4.5774 1.8394 2.6152
v 4.6689 1.7614 2.489
v 4.7304 1.8145 2.5215
v 4.6363 1.878 2.6293
v 4.603 1.7532 2.4902
v 4.5446 1.7952 2.5542
v 4.7941 1.6682 2.1124
v 4.8273 1.7297 2.1433
v 4.638 1.7567 2.4881
v 4.558 1.815 2.5889
v 4.6772 1.7315 2.4367
v 4.7332 1.6872 2.3085
v 4.7537 1.7022 2.2984
v 4.686 1.7467 2.4541
v 4.7099 1.7707 2.4586
v 4.7817 1.8029 2.4292
v 4.6646 1.7093 2.4151
v 4.7058 1.6805 2.3222
v 4.7457 1.7931 2.4506
v 4.8154 1.7648 2.3216
v 4.816 1.7616 2.1897
v 4.7666 1.7264 2.2471
v 4.8153 1.8043 2.3939
v 4.6693 1.6867 2.3665
v 4.828 1.7915 2.3573
v 4.7827 1.7267 2.2982
v 4.737 1.6333 2.1255
v 4.7187 1.6899 2.2267
v 4.7089 1.6525 2.1782
v 4.8262 1.7494 2.1665
v 4.818 1.7021 2.1244
v 4.7924 1.7579 2.2232
v 4.7054 1.7841 2.5021
v 4.7519 1.8581 2.5468
v 4.6818 1.888 2.6125
v 4.5992 1.8578 2.6304
v 4.7659 1.6429 2.113
v 4.74 1.702 2.2517
v 4.7176 1.6377 2.1515
v 4.7079 1.6716 2.2041
v 3.0903 4.0281 0.3437
v 2.9598 3.9399 0.5525
v 2.8646 3.8635 0.5727
v 2.6865 3.6914 0.4766
v 2.6108 3.6413 0.3576
v 2.5367 3.6164 0.2226
v 3.0445 4.0031 0.4665
v 2.9762 3.8589 -0.1544
v 3.0317 3.9211 -0.065
v 3.0869 3.9744 0.0634
v 3.1021 4.009 0.2078
v 2.91 3.8045 -0.1981
v 2.8368 3.7624 -0.2199
v 2.5482 3.6372 -0.1001
v 2.5146 3.6188 -0.0302
v 2.4981 3.6023 0.0753
v 2.7443 3.7259 -0.2231
v 3.1707 3.9361 0.3663
v 3.0363 3.8576 0.5577
v 2.9436 3.7792 0.5747
v 2.7599 3.6069 0.4664
v 2.6788 3.5548 0.3556
v 2.6104 3.5239 0.2268
v 3.1204 3.9151 0.4805
v 3.0963 3.7429 -0.1204
v 3.1454 3.808 -0.0378
v 3.1907 3.8703 0.0895
v 3.1907 3.9129 0.2308
v 3.0387 3.6867 -0.1622
v 2.9752 3.6389 -0.1909
v 2.6615 3.5447 -0.1011
v 2.6146 3.5271 -0.03
v 2.5882 3.5123 0.0776
v 2.8861 3.6053 -0.1892
v 3.2346 3.8694 0.3931
v 3.0924 3.7987 0.5659
v 3.0038 3.716 0.5793
v 2.8156 3.5459 0.4632
v 2.73 3.4949 0.3649
v 2.6693 3.4619 0.2371
v 3.1784 3.8521 0.4967
v 3.1858 3.6535 -0.0825
v 3.2275 3.7248 -0.0021
v 3.265 3.795 0.1204
v 3.2602 3.842 0.2597
v 3.135 3.5937 -0.1301
v 3.0754 3.5441 -0.1675
v 2.7511 3.4694 -0.0959
v 2.6966 3.4581 -0.0231
v 2.6608 3.4504 0.0878
v 2.9846 3.515 -0.1585
v 3.2937 3.8123 0.4265
v 3.1455 3.7444 0.5788
v 3.0573 3.6646 0.5885
v 2.8681 3.4929 0.4713
v 2.7809 3.437 0.3778
v 2.7295 3.4004 0.2542
v 3.2318 3.7979 0.5211
v 3.264 3.5765 -0.0352
v 3.3005 3.6521 0.0434
v 3.3266 3.7303 0.1568
v 3.3232 3.7824 0.2955
v 3.2144 3.5152 -0.0886
v 3.153 3.4653 -0.1395
v 2.8364 3.3977 -0.0745
v 2.7807 3.3884 0.0006
v 2.7368 3.3883 0.1083
v 3.07 3.4338 -0.1298
v 3.3511 3.7606 0.4604
v 3.2005 3.6997 0.6086
v 3.1084 3.624 0.6091
v 2.9206 3.4397 0.4959
v 2.8468 3.3662 0.4002
v 2.8076 3.321 0.2828
v 3.2888 3.7456 0.5537
v 3.3438 3.5008 0.0334
v 3.3775 3.5802 0.1048
v 3.393 3.6629 0.2071
v 3.3842 3.7267 0.3346
v 3.2981 3.4326 -0.0185
v 3.2411 3.3745 -0.0696
v 2.947 3.2988 -0.0012
v 2.8805 3.2999 0.0579
v 2.8282 3.3079 0.1478
v 3.1658 3.344 -0.0578
v 3.4334 3.6926 0.5167
v 3.2656 3.6567 0.6512
v 3.1586 3.5983 0.6565
v 2.9628 3.3892 0.5528
v 2.9084 3.2916 0.4568
v 2.8909 3.2274 0.3418
v 3.3621 3.6866 0.6026
v 3.4504 3.4012 0.1319
v 3.4877 3.4871 0.1955
v 3.4985 3.5724 0.298
v 3.4773 3.6478 0.4113
v 3.4023 3.3295 0.0846
v 3.3405 3.27 0.0485
v 3.0491 3.2045 0.1241
v 2.9806 3.2064 0.1652
v 2.9256 3.2113 0.2374
v 3.2661 3.2479 0.0577
v 3.5343 3.5967 0.6027
v 3.3401 3.6101 0.7241
v 3.2324 3.5541 0.7432
v 3.0208 3.3173 0.6663
v 2.9737 3.2123 0.5762
v 2.9677 3.1301 0.4742
v 3.4482 3.6092 0.6797
v 3.5799 3.2706 0.2745
v 3.618 3.3587 0.3286
v 3.6247 3.4523 0.4205
v 3.5945 3.5377 0.5163
v 3.5286 3.2017 0.2304
v 3.4597 3.1522 0.2103
v 3.1495 3.0798 0.2841
v 3.0808 3.0869 0.332
v 3.0214 3.1015 0.3933
v 3.3841 3.1228 0.2026
v 3.6621 3.4499 0.7587
v 3.4608 3.4703 0.8676
v 3.357 3.4144 0.8876
v 3.1564 3.1721 0.8447
v 3.1176 3.069 0.7761
v 3.1154 2.9937 0.6959
v 3.5693 3.4744 0.8229
v 3.7351 3.1184 0.4604
v 3.7691 3.1991 0.5183
v 3.7603 3.3009 0.6034
v 3.7272 3.3854 0.6869
v 3.6808 3.0508 0.4207
v 3.5963 3.0102 0.4114
v 3.2906 2.9324 0.4948
v 3.226 2.9387 0.5423
v 3.1655 2.9621 0.6178
v 3.5206 2.975 0.4129
v 3.82 3.2555 0.9643
v 3.6256 3.2704 1.0456
v 3.5319 3.2199 1.0586
v 3.349 3.0264 1.0392
v 3.313 2.9358 0.986
v 3.3156 2.8687 0.9137
v 3.7246 3.2809 1.0146
v 3.8879 2.9677 0.6943
v 3.9165 3.0461 0.7539
v 3.9146 3.1317 0.8251
v 3.8846 3.2014 0.9002
v 3.8445 2.8948 0.6449
v 3.7529 2.8597 0.6425
v 3.456 2.7885 0.7309
v 3.3966 2.8015 0.7772
v 3.3486 2.8299 0.8459
v 3.6774 2.8309 0.6508
v 3.9721 3.0653 1.1956
v 3.795 3.0751 1.2697
v 3.7083 3.0334 1.2724
v 3.5394 2.88 1.2479
v 3.5096 2.8069 1.203
v 3.5141 2.7457 1.1399
v 3.8898 3.078 1.2402
v 4.0504 2.8259 0.9305
v 4.0726 2.8961 0.9953
v 4.0698 2.9691 1.0612
v 4.0336 3.0276 1.1347
v 4.012 2.7658 0.8968
v 3.9514 2.7173 0.8804
v 3.6439 2.6401 0.9737
v 3.5852 2.6696 1.0224
v 3.5341 2.6979 1.0835
v 3.8669 2.6845 0.8942
v 4.0805 2.9118 1.3632
v 3.9285 2.926 1.4359
v 3.8551 2.8909 1.4538
v 3.7157 2.7649 1.4284
v 3.6878 2.7001 1.3879
v 3.6889 2.642 1.3345
v 4.0084 2.9297 1.4069
v 4.176 2.7317 1.1551
v 4.1835 2.7855 1.2006
v 4.1724 2.8358 1.2524
v 4.1382 2.8774 1.3088
v 4.1522 2.6759 1.1234
v 4.1174 2.6163 1.1142
v 3.8189 2.5248 1.18
v 3.7586 2.5528 1.224
v 3.7117 2.5895 1.2764
v 4.0465 2.57 1.1152
v 4.1646 2.7851 1.5119
v 4.0383 2.805 1.5811
v 3.9767 2.7816 1.6078
v 3.8604 2.6731 1.5855
v 3.8384 2.6159 1.5468
v 3.837 2.5597 1.5001
v 4.1041 2.8042 1.5517
v 4.2745 2.6456 1.3318
v 4.269 2.6889 1.3716
v 4.2486 2.7274 1.4181
v 4.2133 2.7586 1.4665
v 4.2615 2.5967 1.3014
v 4.2263 2.5419 1.2826
v 3.9557 2.4296 1.344
v 3.8991 2.4592 1.3902
v 3.8562 2.5025 1.4436
v 4.1788 2.4856 1.2839
v 4.2261 2.6903 1.6275
v 4.1231 2.7093 1.6946
v 4.0647 2.6936 1.7232
v 3.974 2.6092 1.6997
v 3.9581 2.5615 1.6641
v 3.9572 2.5083 1.6252
v 4.1772 2.7062 1.6643
v 4.3418 2.571 1.4632
v 4.3291 2.6089 1.4995
v 4.3046 2.6423 1.5421
v 4.271 2.6668 1.5858
v 4.3368 2.5264 1.4341
v 4.3088 2.4748 1.4135
v 4.048 2.3562 1.4706
v 3.9992 2.3932 1.5189
v 3.9682 2.447 1.5738
v 4.2671 2.4215 1.4091
v 4.2868 2.6175 1.7207
v 4.1933 2.6416 1.7878
v 4.1451 2.6286 1.8127
v 4.0556 2.5532 1.778
v 4.0365 2.5112 1.7459
v 4.032 2.462 1.7118
v 4.2428 2.6359 1.7572
v 4.3906 2.4938 1.5647
v 4.379 2.5307 1.5984
v 4.3549 2.5664 1.6398
v 4.3223 2.5953 1.6831
v 4.3874 2.4542 1.5371
v 4.3673 2.4093 1.5137
v 4.1108 2.3087 1.5597
v 4.0643 2.3498 1.6098
v 4.0388 2.4051 1.6649
v 4.337 2.3636 1.5042
v 4.3813 2.5208 1.8528
v 4.2847 2.5572 1.9221
v 4.223 2.5553 1.9421
v 4.1289 2.4806 1.8917
v 4.1068 2.4442 1.8549
v 4.0973 2.4066 1.8146
v 4.3393 2.5445 1.8896
v 4.4641 2.3774 1.7081
v 4.4538 2.4161 1.7415
v 4.4358 2.4553 1.779
v 4.4119 2.4908 1.8166
v 4.4639 2.3395 1.6775
v 4.4497 2.2988 1.6431
v 4.171 2.2585 1.6557
v 4.1254 2.3056 1.7111
v 4.1016 2.3601 1.7685
v 4.4237 2.2672 1.6127
v 4.3561 2.4865 2.0651
v 4.1932 2.5011 2.0905
v 4.0586 2.3344 2.0871
v 4.279 2.5026 2.0899
v 4.5186 2.36 1.908
v 4.4947 2.3961 1.9451
v 4.4624 2.4288 1.9849
v 4.4167 2.4593 2.027
v 4.5368 2.3204 1.872
v 4.5493 2.2434 1.797
v 4.6171 1.969 2.5635
v 4.5916 1.9976 2.609
v 4.7458 1.9625 2.2777
v 4.7777 1.8361 2.2004
v 4.7522 1.8969 2.1526
v 4.754 1.8899 2.0922
v 4.5476 2.2789 1.8369
v 4.0511 2.0873 2.545
v 3.9412 2.1351 2.5567
v 3.9425 2.2079 2.6019
v 3.9319 2.17 2.5767
v 4.1111 2.1659 2.6237
v 4.0501 2.2209 2.6338
v 3.9871 2.2306 2.6268
v 4.1142 2.1305 2.5957
v 3.98 2.1008 2.5367
v 4.0959 2.104 2.5751
v 4.0604 2.0978 2.519
v 3.9512 2.1495 2.5232
v 3.956 2.2225 2.5624
v 3.9449 2.1845 2.5401
v 4.1274 2.1772 2.5891
v 4.0703 2.2349 2.5991
v 4.0026 2.2489 2.5883
v 4.1287 2.1424 2.5608
v 3.9844 2.1142 2.5078
v 4.1083 2.1161 2.5445
v 4.0695 2.1047 2.5011
v 3.9566 2.1603 2.4939
v 3.9655 2.2345 2.523
v 3.9537 2.1973 2.5059
v 4.1438 2.1861 2.5608
v 4.0867 2.2512 2.569
v 4.0138 2.2703 2.5493
v 4.1438 2.1519 2.5354
v 3.9902 2.1223 2.4884
v 4.1202 2.1246 2.522
v 4.0783 2.1103 2.4829
v 3.967 2.169 2.4666
v 3.9761 2.2531 2.4862
v 3.9621 2.2107 2.4738
v 4.1625 2.1933 2.5367
v 4.1051 2.2678 2.5408
v 4.0243 2.2944 2.5092
v 4.1602 2.1576 2.5138
v 4.0012 2.1287 2.4658
v 4.1304 2.1296 2.5008
v 4.0914 2.1171 2.4609
v 3.981 2.1748 2.4321
v 3.9851 2.2773 2.4418
v 3.9703 2.2237 2.4307
v 4.1878 2.2082 2.5172
v 4.1282 2.2864 2.511
v 4.0441 2.3232 2.473
v 4.182 2.1603 2.4938
v 4.0071 2.1352 2.4468
v 4.1488 2.135 2.4778
v 4.1328 2.1263 2.43
v 4.0061 2.1723 2.3755
v 3.9937 2.3114 2.3856
v 3.9883 2.2369 2.3701
v 4.2364 2.2258 2.4995
v 4.1479 2.3138 2.4776
v 4.0438 2.3512 2.4204
v 4.225 2.1673 2.4895
v 4.065 2.13 2.3963
v 4.1842 2.1377 2.4586
v 4.0745 2.2299 2.1001
v 4.1009 2.1657 2.1351
v 4.1824 2.1068 2.2038
v 4.3014 2.0584 2.2947
v 4.2284 2.1007 2.1434
v 4.3527 2.0482 2.238
v 4.2761 2.0904 2.0908
v 4.4001 2.0363 2.1888
v 4.1528 2.2622 1.9089
v 4.3247 2.0745 2.0405
v 4.4295 1.9999 2.1368
v 4.189 2.2201 1.8515
v 4.3561 2.0106 1.9873
v 4.4508 1.9443 2.0761
v 4.2336 2.1661 1.7941
v 4.4116 1.9315 1.9358
v 4.4814 1.872 2.008
v 4.3001 2.0875 1.7491
v 4.617 1.7186 2.0814
v 4.6477 2.1302 1.9978
v 4.6137 2.2107 2.0723
v 4.6035 1.9256 1.8622
v 4.6609 2.0278 1.9174
v 4.5084 2.3132 2.1991
v 4.5598 2.2833 2.1543
v 4.6368 2.176 2.0335
v 4.2414 2.1248 1.8357
v 4.5014 1.8534 1.8896
v 4.59 2.2479 2.1113
v 4.3628 2.4013 2.2809
v 4.6589 2.0815 1.9684
v 4.0626 2.391 2.3565
v 4.4502 2.3562 2.2437
v 4.5524 1.8762 1.8659
v 4.5991 1.7478 2.0253
v 4.2035 2.4787 2.1869
v 4.1162 2.2806 1.9724
v 4.2941 2.17 1.6886
v 4.2196 2.2172 1.7357
v 4.4082 2.133 1.6729
v 4.1743 2.2604 1.7941
v 4.1376 2.3455 1.9089
v 4.1481 2.3081 1.8525
v 4.142 2.4509 2.0616
v 0.4759 5.5657 0.5827
v 0.361 5.6931 0.5912
v 0.3011 5.8325 0.614
v 0.2502 5.9843 0.6142
v 0.2289 6.1198 0.6447
v 0.2498 6.2246 0.7236
v 0.3036 6.3007 0.8416
v 0.3488 6.3212 0.9364
v 0.377 6.3338 1.0023
v 0.4025 6.3443 1.0562
v 0.4109 6.3639 1.1033
v 0.4049 6.3886 1.145
v 0.3194 6.522 1.3701
v 0.2894 6.5526 1.3961
v 0.2795 6.5647 1.4033
v 0.2562 6.5891 1.4165
v 0.2496 6.5956 1.4174
v 0.2454 6.6 1.4194
v 0.2415 6.6034 1.421
v 0.2388 6.606 1.4176
v 0.2367 6.6081 1.4095
v 0.2377 6.6099 1.3942
v 0.2445 6.6105 1.3726
v 0.2427 6.6035 1.3585
v 0.2448 6.5925 1.3487
v 0.2472 6.586 1.3389
v 0.2552 6.5757 1.3164
v 0.2784 6.5716 1.2669
v 0.2994 6.574 1.1638
v 0.3297 6.5818 1.0091
v 0.3158 6.5835 0.8143
v 0.2617 6.5846 0.5995
v 0.1892 6.5904 0.5667
v 0.1975 6.659 0.5647
v 0.289 6.7401 0.641
v 0.3234 6.8108 0.8164
v 0.3235 6.8444 1.0174
v 0.281 6.8139 1.1934
v 0.2594 6.771 1.2986
v 0.2366 6.7272 1.3501
v 0.2286 6.6922 1.3681
v 0.2274 6.6633 1.375
v 0.2282 6.6356 1.3793
v 0.2304 6.6217 1.3957
v 0.2315 6.6155 1.4109
v 0.2351 6.612 1.4214
v 0.2399 6.6112 1.4263
v 0.2443 6.6116 1.4273
v 0.249 6.6119 1.4262
v 0.2575 6.6136 1.4252
v 0.2652 6.6148 1.422
v 0.2863 6.6273 1.4142
v 0.2997 6.6336 1.4075
v 0.6472 7.282 1.0577
v 0.6302 7.3541 1.0902
v 0.6054 7.424 1.1442
v 0.5714 7.4875 1.2133
v 0.5148 7.5462 1.2847
v 0.4384 7.5899 1.3549
v 0.3462 7.6214 1.4155
v 0.2505 7.6438 1.4644
v 0.1546 7.6553 1.5029
v 0.061 7.6578 1.5214
v 0.6501 5.4769 0.6253
v 0.928 5.4778 0.751
v 1.1852 5.452 0.811
v 1.4188 5.4026 0.8138
v 1.6021 5.2992 0.7867
v 1.7392 5.1679 0.7287
v 1.8258 5.0542 0.6722
v 1.8772 4.9573 0.621
v 1.92 4.8828 0.5824
v 1.9623 4.8169 0.5602
v 2.0324 4.721 0.5595
v 2.1481 4.5786 0.5538
v 2.2944 4.3989 0.5531
v 2.4296 4.2052 0.5544
v 2.5785 4.0159 0.5719
v 2.6782 3.8848 0.5615
v 2.7726 3.7748 0.55
v 3.9116 2.7338 1.6075
v 4.0131 2.6564 1.7236
v 4.0955 2.5936 1.8044
v 4.1675 2.5211 1.9245
v 4.1171 2.3842 1.9908
v 3.7805 2.8382 1.4498
v 1.1604 4.851 -0.5279
v 0.9682 4.8252 -0.5861
v 0.7655 4.819 -0.5977
v 0.5545 4.8009 -0.4955
v 0.376 4.7876 -0.5217
v 0.1894 4.7746 -0.5068
v 1.4576 4.8268 -0.4179
v 1.6522 4.7132 -0.3381
v 1.7339 4.6515 -0.3079
v 1.8228 4.578 -0.2772
v 1.9354 4.4453 -0.2762
v 1.5609 4.7807 -0.3741
v 1.3267 4.8476 -0.4706
v 2.0814 4.2726 -0.2522
v 2.2309 4.0891 -0.2343
v 2.3884 3.9389 -0.2205
v 2.5233 3.8056 -0.1998
v 2.6534 3.6967 -0.19
v 2.7783 3.5911 -0.1843
v 2.8846 3.5046 -0.1533
v 2.9813 3.4178 -0.1214
v 3.0847 3.3269 -0.0514
v 3.1899 3.2279 0.0628
v 3.3121 3.0964 0.2134
v 3.4452 2.9438 0.4263
v 3.6041 2.7964 0.666
v 3.7887 2.6452 0.9147
v 3.9678 2.5336 1.1295
v 4.1025 2.4453 1.2932
v 4.1994 2.373 1.4194
v 4.2716 2.3179 1.5104
v 4.3425 2.2309 1.6045
v 4.5356 2.182 1.7478
v 4.4576 1.8818 2.4691
v 4.5909 1.7615 2.2642
v 4.5576 1.7834 2.3082
v 4.4029 1.9643 2.5887
v 4.493 1.8471 2.4148
v 4.5236 1.826 2.3666
v 4.6487 1.7058 2.1592
v 4.6796 1.6861 2.1164
v 4.3929 2.0691 2.6573
v 4.429 1.9251 2.5337
v 4.624 1.7357 2.2186
v 4.2752 2.151 2.5171
v 4.3422 2.2025 2.5378
v 4.316 2.1256 2.5642
v 4.2839 2.0919 2.475
v 4.3293 2.3416 2.4002
v 4.4162 2.2268 2.5273
v 4.2402 2.4415 2.2917
v 4.1166 2.4454 2.1647
v 4.3167 2.0351 1.7968
v 4.3451 1.9898 1.8626
v 4.2771 2.0674 1.8974
v 4.1956 2.1882 1.8912
v 4.2326 2.135 1.9463
v 4.1595 2.216 1.9459
v 4.1906 2.1597 1.9994
v 4.1147 2.2253 2.0087
v 4.143 2.1691 2.061
v 4.3492 2.0887 2.6078
v 1.1313 4.6825 -0.5223
v 0.9248 4.6727 -0.554
v 0.7247 4.6808 -0.5247
v 0.5397 4.675 -0.4943
v 0.3685 4.6679 -0.508
v 0.1936 4.6654 -0.4941
v 1.4279 4.6732 -0.3794
v 1.6067 4.629 -0.295
v 1.6862 4.5839 -0.2698
v 1.777 4.5144 -0.2492
v 1.8804 4.4118 -0.2272
v 1.525 4.6616 -0.3302
v 2.0258 4.2562 -0.1957
v 2.1768 4.0648 -0.1827
v 2.3353 3.9127 -0.1707
v 2.4623 3.7745 -0.1589
v 4.5996 2.0533 1.7952
v 2.5877 3.663 -0.1478
v 2.7094 3.5659 -0.1528
v 2.8128 3.4863 -0.1368
v 2.9062 3.4047 -0.1048
v 3.0171 3.3069 -0.0286
v 3.1181 3.2136 0.088
v 3.226 3.085 0.2449
v 3.3638 2.9341 0.4522
v 3.5259 2.7845 0.688
v 3.7187 2.6311 0.9441
v 3.8896 2.517 1.1515
v 4.0227 2.4232 1.3127
v 4.1143 2.3463 1.4372
v 4.1801 2.2934 1.5256
v 4.2469 2.227 1.6148
v 4.6467 1.9877 1.8794
v 1.2956 4.6823 -0.4514
v 4.5097 2.1476 1.6974
v 4.6865 1.9259 1.9475
v 3.4429 3.1427 1.0603
v 3.6285 2.9833 1.2677
v 3.2553 3.3065 0.8775
v 3.114 3.4451 0.7177
v 3.0509 3.4976 0.6173
v 3.0088 3.5335 0.563
v 2.9625 3.5748 0.5414
v 2.9108 3.6246 0.5387
v 2.8512 3.6882 0.5438
v 4.37 2.5361 1.7567
v 4.3379 2.5634 1.7934
v 4.4265 2.3915 1.6152
v 4.4276 2.428 1.6439
v 4.0809 2.4704 1.8063
v 4.0992 2.5109 1.8382
v 4.4122 2.3521 1.5861
v 4.3907 2.3178 1.5641
v 4.0721 2.4277 1.7736
v 4.1448 2.2756 1.6148
v 4.2972 2.5828 1.8282
v 4.2458 2.5902 1.8582
v 4.0996 2.3218 1.6691
v 4.3972 2.5028 1.716
v 4.1886 2.5785 1.8773
v 4.0762 2.3783 1.7274
v 4.4173 2.465 1.6768
v 4.139 2.5512 1.8653
v 4.3149 2.2761 1.5624
v 4.2162 2.2499 1.5769
v 4.3732 2.1783 1.6369
v 4.4685 2.2064 1.6549
v 4.4911 2.242 1.6951
v 4.5047 2.2894 1.7362
v 4.5041 2.331 1.77
v 4.4933 2.3726 1.804
v 4.4754 2.4125 1.8404
v 4.452 2.4488 1.877
v 4.4208 2.4804 1.9147
v 4.3771 2.5079 1.9545
v 4.3197 2.5269 1.9894
v 4.2527 2.5284 2.0081
v 4.273 2.2053 1.6486
v 4.1952 2.2406 1.6937
v 4.1514 2.2853 1.7521
v 4.1265 2.3357 1.8095
v 4.1217 2.3803 1.8566
v 4.1328 2.4115 1.9146
v 4.1539 2.4581 1.9661
v 4.1885 2.5024 1.998
v 1.2784 4.03 0.7541
v 1.3787 3.9397 0.3079
v 1.3373 3.9452 0.5505
v 0.9628 4.0638 -0.35
v 0.7934 4.0786 -0.3792
v 0.6388 4.0827 -0.396
v 0.4953 4.0815 -0.4151
v 0.3542 4.08 -0.4304
v 0.1991 4.0747 -0.4069
v 1.252 4.0288 -0.159
v 1.3353 3.9962 -0.0437
v 1.377 3.9648 0.1009
v 1.1213 4.046 -0.2584
v 1.2682 3.8632 0.7823
v 1.3306 3.7365 0.355
v 1.3097 3.7615 0.5797
v 0.9053 3.8786 -0.2665
v 0.7551 3.8951 -0.3212
v 0.6092 3.8964 -0.3492
v 0.4793 3.8937 -0.3885
v 0.3409 3.8946 -0.3989
v 0.1753 3.896 -0.3613
v 1.1893 3.8336 -0.0981
v 1.2633 3.7963 0.0137
v 1.3089 3.7649 0.1615
v 1.066 3.8523 -0.1927
v 1.2425 3.6467 0.8156
v 1.2759 3.5224 0.4098
v 1.2788 3.5435 0.6186
v 0.8546 3.6544 -0.2105
v 0.7153 3.6758 -0.2639
v 0.5825 3.68 -0.3093
v 0.4596 3.6818 -0.3488
v 0.3212 3.6958 -0.3502
v 0.1696 3.6925 -0.3226
v 1.1234 3.5984 -0.0449
v 1.2039 3.5714 0.063
v 1.2476 3.5466 0.2195
v 1.0021 3.6218 -0.1357
v 1.213 3.3966 0.8538
v 1.2335 3.2999 0.4779
v 1.2471 3.325 0.6652
v 0.7959 3.4004 -0.1692
v 0.6681 3.422 -0.2177
v 0.548 3.4335 -0.2569
v 0.4325 3.4419 -0.2873
v 0.2946 3.4452 -0.2776
v 0.156 3.4588 -0.2771
v 1.054 3.3506 0.0158
v 1.1241 3.3293 0.1702
v 1.1844 3.305 0.3019
v 0.9322 3.3716 -0.0888
v 1.2012 3.153 0.9005
v 1.1707 3.0669 0.5293
v 1.2246 3.0931 0.7184
v 0.7501 3.1656 -0.1332
v 0.6305 3.1779 -0.1742
v 0.5197 3.1878 -0.2051
v 0.4081 3.199 -0.2222
v 0.2899 3.2002 -0.2345
v 0.1625 3.1917 -0.2197
v 0.987 3.1119 0.1014
v 1.0696 3.0912 0.229
v 1.1344 3.0728 0.3663
v 0.8784 3.1409 -0.0507
v 1.1923 2.9054 0.9153
v 1.1705 2.8545 0.5471
v 1.2034 2.8691 0.7355
v 0.7361 2.9401 -0.0837
v 0.6208 2.9595 -0.1425
v 0.5115 2.9716 -0.183
v 0.3964 2.9724 -0.1938
v 0.2792 2.9692 -0.1921
v 0.1579 2.9566 -0.1885
v 0.9521 2.8887 0.1412
v 1.0473 2.8672 0.2582
v 1.1107 2.8495 0.3949
v 0.8469 2.9115 0.0218
v 1.207 2.6703 0.8972
v 1.1871 2.6542 0.5241
v 1.2077 2.6576 0.716
v 0.7295 2.7286 -0.0538
v 0.6142 2.7518 -0.1204
v 0.5021 2.7654 -0.1581
v 0.3934 2.7681 -0.1799
v 0.2813 2.7563 -0.1852
v 0.1637 2.7513 -0.1906
v 0.9312 2.6818 0.17
v 1.0352 2.6632 0.271
v 1.1199 2.6485 0.3832
v 0.8375 2.7066 0.0541
v 1.2164 2.499 0.8543
v 1.1985 2.4865 0.4894
v 1.2311 2.4983 0.6764
v 0.7297 2.5459 -0.0242
v 0.6186 2.5711 -0.1153
v 0.5075 2.5847 -0.1646
v 0.3999 2.5859 -0.1882
v 0.2938 2.5733 -0.1984
v 0.1725 2.559 -0.1975
v 0.9632 2.5138 0.1485
v 1.0645 2.4997 0.2423
v 1.1518 2.4878 0.345
v 0.8409 2.5307 0.0632
v 1.2634 2.2358 0.7989
v 1.2742 2.2581 0.4356
v 1.2946 2.2481 0.6192
v 0.4752 2.181 1.4061
v 0.752 2.409 -0.041
v 0.6324 2.431 -0.1141
v 0.5177 2.4401 -0.1675
v 0.4104 2.4362 -0.2025
v 0.2923 2.4216 -0.233
v 0.1686 2.4023 -0.2427
v 0.1187 2.2087 1.4572
v 1.1328 2.2645 0.1682
v 1.2165 2.2629 0.2871
v 0.912 2.274 -0.0095
v 1.304 2.1084 0.786
v 1.3152 2.1339 0.4034
v 1.3425 2.1214 0.5969
v 0.2823 2.1965 1.4434
v 0.806 2.1583 -0.1299
v 0.6706 2.1703 -0.1857
v 0.5426 2.1788 -0.2268
v 0.4205 2.182 -0.2576
v 0.2999 2.1842 -0.2946
v 0.1624 2.1855 -0.3041
v 1.1663 2.1382 0.1314
v 1.2685 2.138 0.2509
v 0.9414 2.1459 -0.0627
v 1.2272 4.1127 0.9289
v 1.1887 3.9273 0.9459
v 1.1732 3.7221 0.9663
v 1.1199 3.2033 1.062
v 1.1513 3.4834 1.0222
v 0.6947 3.2829 1.5009
v 0.8987 3.2334 1.3631
v 1.0967 2.215 1.1297
v 0.1318 2.6828 1.5375
v 0.1334 3.1978 1.6204
v 0.2948 2.6509 1.5241
v 0.6801 3.0305 1.4715
v 0.874 2.9741 1.3451
v 1.0571 2.4872 1.1603
v 0.4798 2.6127 1.4779
v 0.1487 3.4484 1.6002
v 0.4783 2.8423 1.53
v 0.6897 2.7346 1.4577
v 0.874 2.6787 1.3209
v 1.0284 2.6745 1.1899
v 0.2988 2.9021 1.5719
v 0.135 2.9377 1.5876
v 0.6826 2.5399 1.4003
v 0.8898 2.4881 1.29
v 1.0194 2.9497 1.2128
v 0.4642 3.3587 1.5828
v 0.2938 3.1627 1.614
v 0.6937 2.1894 1.3394
v 0.9179 2.1994 1.249
v 1.0225 3.2371 1.2133
v 0.4747 3.1072 1.5789
v 0.3013 3.413 1.6008
v 1.1191 2.932 1.074
v 1.1572 2.6736 1.0594
v 1.1964 2.5042 1.0256
v 1.225 2.2307 0.9798
v 1.0366 2.2656 0.073
v 0.0995 2.0246 1.4248
v 0.1418 1.8534 1.416
v 0.1186 1.6568 1.4526
v 0.0587 1.97 1.3937
v 0.0895 1.8458 1.3982
v 0.0758 1.7235 1.4059
v 0.0347 1.9166 1.4136
v 0.0534 1.8405 1.4046
v 0.0453 1.767 1.3971
v 0.4942 2.0191 1.3835
v 0.2899 2.0388 1.4275
v 1.1168 2.0712 1.1177
v 0.7026 2.0255 1.313
v 0.9211 2.045 1.2277
v 1.2556 2.094 0.9729
v 1.3627 1.9646 0.7744
v 1.3877 1.9965 0.3727
v 1.4111 1.9814 0.5765
v 1.2449 2.0044 0.0277
v 1.3417 1.9999 0.1906
v 0.5093 1.8367 1.3673
v 0.3107 1.8352 1.4078
v 1.143 1.9121 1.1071
v 0.7211 1.8565 1.2972
v 0.9388 1.8791 1.2125
v 1.2975 1.9426 0.9658
v 1.1765 2.375 0.3114
v 1.0943 2.3774 0.207
v 1.2367 2.3601 0.8232
v 1.2564 2.3655 0.6463
v 1.2364 2.3718 0.4656
v 0.8845 2.3956 0.0278
v 0.4186 2.3099 -0.2269
v 0.301 2.3027 -0.2568
v 0.1669 2.2953 -0.2744
v 0.7797 2.287 -0.0779
v 0.6529 2.3001 -0.1354
v 0.1324 2.4079 1.4841
v 0.5329 2.3123 -0.1977
v 1.2126 2.3622 0.999
v 0.4827 2.3786 1.4319
v 0.2835 2.396 1.4722
v 0.6826 2.3604 1.3696
v 0.9027 2.3432 1.2742
v 1.083 2.3516 1.1458
v 1.0023 2.3834 0.1096
v 1.1918 1.7262 1.0932
v 0.3284 1.6051 1.4211
v 0.5287 1.6143 1.363
v 1.4155 1.8319 0.1249
v 1.3281 1.8364 -0.0701
v 1.4856 1.8124 0.5575
v 1.4734 1.8342 0.3384
v 1.4235 1.7884 0.7578
v 1.3516 1.7628 0.9504
v 0.9717 1.6829 1.1978
v 0.7429 1.6502 1.2866
v 1.0659 2.1343 0.0386
v 1.1241 1.9973 -0.0657
v 1.1872 1.8273 -0.1905
v 0.8316 2.0128 -0.2018
v 0.686 2.0252 -0.2613
v 0.5441 2.0288 -0.2784
v 0.4186 2.0339 -0.3069
v 0.289 2.0294 -0.3375
v 0.1533 2.0415 -0.3383
v 0.86 1.8334 -0.3313
v 0.6957 1.8387 -0.3699
v 0.54 1.8383 -0.3759
v 0.4054 1.8385 -0.3893
v 0.2767 1.8424 -0.4044
v 0.1393 1.8444 -0.3948
v 0.8821 1.6064 -0.4913
v 0.6932 1.604 -0.5084
v 0.5218 1.6002 -0.5063
v 0.3788 1.5994 -0.5078
v 0.2525 1.5942 -0.5098
v 0.1291 1.5782 -0.5124
v 0.9834 2.0045 -0.1454
v 1.0273 1.8248 -0.2701
v 1.2669 1.3839 -0.4407
v 0.9001 1.1406 -0.799
v 0.6764 1.1479 -0.816
v 0.481 1.1454 -0.7946
v 0.3233 1.1381 -0.7463
v 0.2001 1.1323 -0.7157
v 0.104 1.1322 -0.6971
v 1.0804 1.3762 -0.548
v 1.2813 1.1349 -0.548
v 1.0925 1.1359 -0.6973
v 0.8925 0.8694 -0.9161
v 0.6706 0.8768 -0.93
v 0.4367 0.8845 -0.8981
v 0.2763 0.8812 -0.8381
v 0.1559 0.8711 -0.7844
v 0.0767 0.8687 -0.7634
v 1.2926 0.859 -0.6511
v 0.8862 0.5929 -0.9951
v 0.6624 0.6004 -1.0154
v 0.4089 0.5921 -0.9622
v 0.2527 0.5854 -0.9169
v 0.1325 0.5775 -0.8423
v 0.0681 0.5706 -0.7792
v 1.1066 0.8652 -0.826
v 1.3059 0.5809 -0.6985
v 0.8619 0.3482 -0.9672
v 0.6155 0.3575 -0.9993
v 0.3917 0.3569 -0.9664
v 0.2385 0.349 -0.9222
v 0.1231 0.3422 -0.8368
v 0.0645 0.3433 -0.7543
v 1.1056 0.5853 -0.8812
v 1.3159 0.3334 -0.7077
v 0.8455 0.1168 -0.9346
v 0.5964 0.1224 -0.9501
v 0.3802 0.1179 -0.9217
v 0.2268 0.1024 -0.8682
v 0.1249 0.0892 -0.7559
v 0.0643 0.0833 -0.6754
v 1.0984 0.3369 -0.88
v 1.3258 0.1104 -0.6837
v 0.8219 -0.1102 -0.8724
v 0.5683 -0.1254 -0.8489
v 0.3774 -0.11 -0.8112
v 0.221 -0.1359 -0.72
v 0.1204 -0.1424 -0.6028
v 0.0626 -0.1508 -0.4974
v 1.092 0.1091 -0.8408
v 1.3482 -0.0889 -0.6353
v 0.82 -0.366 -0.7394
v 0.1344 -0.3364 -0.3683
v 0.0653 -0.3317 -0.2637
v 1.0926 -0.1011 -0.7841
v 1.3953 -0.2663 -0.5656
v 1.125 -0.3062 -0.6944
v 1.5402 1.3887 0.0175
v 1.4114 1.3845 -0.2284
v 1.641 1.3747 0.5016
v 1.6339 1.3929 0.2657
v 1.5944 1.3533 0.7191
v 1.4734 1.318 0.9035
v 1.5575 1.144 -0.0399
v 1.4213 1.1315 -0.2935
v 1.6735 1.1271 0.4631
v 1.6631 1.1382 0.221
v 1.6362 1.1065 0.6927
v 1.5065 1.0731 0.8889
v 1.5812 0.8654 -0.098
v 1.4374 0.8644 -0.3654
v 1.6964 0.8624 0.4228
v 1.6906 0.8674 0.1729
v 1.652 0.8402 0.6748
v 1.5361 0.8108 0.8918
v 1.6123 0.5911 -0.139
v 1.4715 0.5901 -0.4229
v 1.7157 0.5738 0.408
v 1.7043 0.5841 0.1423
v 1.6723 0.5569 0.6698
v 1.5571 0.5278 0.896
v 1.6404 0.3394 -0.1511
v 1.4975 0.3437 -0.4374
v 1.7416 0.3086 0.4186
v 1.7275 0.322 0.1414
v 1.7073 0.2976 0.6896
v 1.5844 0.258 0.921
v 1.6648 0.1157 -0.1308
v 1.5246 0.1231 -0.4222
v 1.7701 0.0985 0.4498
v 1.7472 0.1015 0.1649
v 1.7382 0.0932 0.7255
v 1.6091 0.0561 0.9472
v 1.7072 -0.0742 -0.0895
v 1.5669 -0.0694 -0.3811
v 1.8099 -0.0752 0.4855
v 1.7814 -0.0799 0.2016
v 1.7663 -0.0791 0.7605
v 1.6419 -0.1057 0.9693
v 1.747 -0.2348 -0.05
v 1.6119 -0.2353 -0.3316
v 1.8493 -0.2401 0.5124
v 1.8194 -0.2401 0.2342
v 1.2516 1.2675 1.0462
v 0.3717 1.0085 1.3914
v 0.5699 1.0685 1.3334
v 1.0049 1.2057 1.1548
v 0.7771 1.1374 1.2427
v 1.2999 1.0323 1.0472
v 0.3741 0.6989 1.3542
v 0.5754 0.7781 1.2899
v 1.029 0.9488 1.1389
v 0.7863 0.8668 1.2242
v 1.3417 0.7601 1.059
v 0.3535 0.3952 1.2916
v 0.5616 0.4876 1.2432
v 1.0548 0.6819 1.1409
v 0.7855 0.5862 1.1839
v 1.3543 0.4828 1.0602
v 0.3096 0.123 1.1942
v 0.5277 0.2189 1.1613
v 1.0796 0.4151 1.1511
v 0.7933 0.3283 1.1746
v 1.3762 0.2172 1.0772
v 0.264 -0.0687 1.1108
v 0.4908 0.0179 1.0887
v 1.0938 0.1642 1.1598
v 0.7861 0.1033 1.157
v 1.404 0.0241 1.0886
v 0.2325 -0.1915 1.0285
v 0.4062 -0.1454 1.0405
v 1.0979 -0.0216 1.1554
v 0.7651 -0.0735 1.1379
v 1.4432 -0.1326 1.0972
v 0.49 -0.2993 1.0068
v 1.1191 -0.1774 1.1485
v 0.7853 -0.2309 1.1233
v 0.1761 0.964 1.4202
v 0.1815 0.6349 1.3719
v 0.1671 0.3277 1.2976
v 0.1503 0.0796 1.2115
v 0.1351 -0.1107 1.1139
v 0.1178 -0.2285 1.0266
v 0.9854 1.4552 1.1794
v 0.7637 1.3954 1.2692
v 0.3541 1.3051 1.4169
v 0.148 1.2769 1.4498
v 1.2167 1.5043 1.0686
v 0.5531 1.3437 1.3514
v 0.0899 -0.3511 0.8421
v 0.1843 -0.3131 0.8262
v 0.2522 -0.3187 0.8126
v 0.1153 1.3658 -0.6039
v 0.8902 1.3837 -0.6505
v 0.689 1.385 -0.6738
v 0.5024 1.3777 -0.6429
v 1.064 1.599 -0.4112
v 0.3507 1.3755 -0.6313
v 0.2292 1.3694 -0.619
v 1.2393 1.6095 -0.3265
v 1.5675 1.6243 0.3053
v 1.4973 1.622 0.0712
v 1.3807 1.5465 0.9185
v 1.5096 1.5831 0.7386
v 1.5775 1.6051 0.5341
v 1.3755 1.6138 -0.1595
v 1.1582 -0.3313 1.1424
v 1.4801 -0.2895 1.1028
v 1.6727 -0.2646 0.9843
v 1.7985 -0.2349 0.7822
v 0.3096 7.3374 1.4127
v 0.3473 7.3383 1.4077
v 0.3824 7.3332 1.4005
v 0.4103 7.3242 1.3889
v 0.4295 7.3143 1.3781
v 0.4392 7.305 1.369
v 0.4438 7.2978 1.3612
v 0.4448 7.2899 1.355
v 0.4428 7.2826 1.3539
v 0.4388 7.2753 1.3548
v 0.425 7.2618 1.3647
v 0.4106 7.2512 1.3741
v 0.3905 7.2421 1.3858
v 0.3522 7.235 1.4001
v 0.3109 7.2338 1.4028
v 0.2738 7.2367 1.3983
v 0.2382 7.2423 1.392
v 0.2012 7.2507 1.3821
v 0.2701 7.3295 1.4076
v 0.2333 7.3164 1.3977
v 0.2067 7.3004 1.3967
v 0.1789 7.2826 1.3975
v 0.1717 7.2759 1.3885
v 0.1704 7.2676 1.3822
v 0.1756 7.2598 1.3816
v 0.1899 7.29 1.3965
v 0.1553 7.2505 1.3949
v 0.2217 7.3393 1.4072
v 0.1902 7.319 1.4045
v 0.3916 7.358 1.3859
v 0.4544 7.3279 1.3543
v 0.4678 7.3139 1.3414
v 0.4733 7.3013 1.3316
v 0.4747 7.2892 1.3264
v 0.4741 7.2764 1.3251
v 0.4529 7.2326 1.3344
v 0.4701 7.2621 1.3223
v 0.3642 7.1937 1.3842
v 0.4037 7.2032 1.3657
v 0.3178 7.192 1.3967
v 0.2672 7.1966 1.398
v 0.1764 7.2308 1.3853
v 0.2245 7.2075 1.3934
v 0.433 7.217 1.3521
v 0.1718 7.3036 1.4033
v 0.152 7.2646 1.4022
v 0.1606 7.2896 1.404
v 0.1542 7.2773 1.4045
v 0.2627 7.3555 1.4077
v 0.3499 7.3652 1.402
v 0.3073 7.3643 1.4084
v 0.4284 7.3444 1.3712
v 0.3489 6.9519 1.4254
v 0.0949 6.9435 1.6321
v 0.1729 6.8944 1.489
v 0.0334 6.9424 1.6716
v 0.0648 6.944 1.6586
v 0.1619 6.919 1.5348
v 0.1713 6.9033 1.509
v 0.1216 6.9403 1.6052
v 0.2136 7.0547 1.4478
v 0.283 7.0134 1.4491
v 0.334 7.0395 1.4313
v 0.2425 7.0794 1.4417
v 0.0347 7.141 1.5487
v 0.0643 7.1268 1.5321
v 0.4973 6.9449 1.317
v 0.5497 6.9821 1.2637
v 0.2374 6.9129 1.4551
v 0.2744 6.858 1.4431
v 0.171 6.9319 1.4881
v 0.0674 6.9975 1.628
v 0.0185 6.7749 1.565
v 0.0889 6.7863 1.5351
v 0.0374 6.7794 1.5593
v 0.2282 6.8445 1.4587
v 0.4518 7.2551 1.3376
v 0.4406 7.2629 1.3495
v 0.4295 7.2712 1.3613
v 0.212 7.2385 1.3875
v 0.2218 7.252 1.3842
v 0.2067 7.2296 1.3879
v 0.1851 7.2042 1.3889
v 0.4784 7.2394 1.3125
v 0.1743 7.1878 1.407
v 0.4995 7.2271 1.2985
v 0.1819 7.1079 1.4383
v 0.5467 7.1934 1.252
v 0.1362 7.004 1.5085
v 0.5763 7.1741 1.225
v 0.105 7.1691 1.4622
v 0.6007 7.1524 1.1912
v 0.6796 6.9961 0.8807
v 0.1397 6.9866 1.5353
v 0.1419 6.9689 1.5522
v 0.1418 6.9154 1.5735
v 0.1446 6.9513 1.5632
v 0.6924 6.9527 0.7108
v 0.6871 6.9589 0.7678
v 0.5223 7.2117 1.2758
v 0.1403 7.1364 1.4467
v 0.4267 7.2712 1.3461
v 0.227 7.2537 1.3727
v 0.43 7.2715 1.3132
v 0.2293 7.256 1.3435
v 0.4466 7.2544 1.3149
v 0.2123 7.2149 1.3478
v 0.4576 7.2448 1.281
v 0.2021 7.1897 1.3131
v 0.4608 7.2386 1.248
v 0.198 7.1752 1.2775
v 0.459 7.2362 1.2229
v 0.198 7.1698 1.2499
v 0.4555 7.2365 1.204
v 0.1987 7.1696 1.2286
v 0.4505 7.2388 1.1864
v 0.1999 7.1726 1.2087
v 0.4425 7.243 1.1669
v 0.2028 7.1788 1.1864
v 0.4278 7.2493 1.1429
v 0.2112 7.1904 1.158
v 0.3917 7.3422 1.1205
v 0.3796 7.358 1.1216
v 0.2269 7.3536 1.1259
v 0.3447 7.384 1.1251
v 0.2005 7.2908 1.1264
v 0.3232 7.3906 1.1264
v 0.4331 7.2685 1.3583
v 0.2179 7.2467 1.3863
v 0.4639 7.2475 1.3245
v 0.1971 7.218 1.3871
v 0.1466 6.9329 1.5668
v 0.1618 7.1705 1.4211
v 0.4689 6.9935 1.3472
v 0.1222 6.7908 1.5171
v 0.1857 6.8348 1.4708
v 0.164 6.8001 1.4923
v 0.0604 6.7836 1.5474
v 0.1757 6.8899 1.4694
v 0.3642 6.702 1.3771
v 0.3392 6.7543 1.4028
v 0.3301 6.5598 1.3716
v 0.3328 6.599 1.3782
v 0.3221 6.6394 1.3931
v 0.3005 6.6785 1.4164
v 0.2012 6.8982 1.4623
v 0.2881 6.9327 1.4479
v 0.3255 6.8759 1.4218
v 0.3253 6.6909 1.3973
v 0.3851 6.8959 1.3979
v 0.5396 6.8469 1.2375
v 0.5819 6.8923 1.1801
v 0.5503 6.7903 1.1837
v 0.5905 6.8425 1.1234
v 0.35 6.6443 1.3741
v 0.3607 6.5936 1.3544
v 0.0676 6.3331 1.4894
v 0.1362 6.3502 1.4619
v 0.199 6.3798 1.4203
v 0.258 6.4162 1.3825
v 0.3074 6.4555 1.3526
v 0.3371 6.497 1.3416
v 0.3541 6.5439 1.3431
v 0.2806 6.3387 1.3327
v 0.2198 6.2877 1.3779
v 0.1512 6.2503 1.4211
v 0.0759 6.2327 1.4424
v 0.4012 6.5127 1.2651
v 0.3717 6.4489 1.269
v 0.3314 6.3918 1.2939
v 0.4203 6.6518 1.3134
v 0.4183 6.5831 1.2828
v 0.5853 7.0256 1.2159
v 0.6157 6.9493 1.1288
v 0.6238 6.9059 1.0719
v 0.6094 7.0755 1.1765
v 0.6369 7.0106 1.0872
v 0.6478 6.9751 1.0308
v 0.6221 7.1277 1.15
v 0.6486 7.0748 1.0587
v 0.6606 7.048 1.0028
v 0.6248 7.1799 1.1372
v 0.6539 7.1417 1.0447
v 0.6664 7.1234 0.9892
v 0.6232 7.2322 1.1362
v 0.6545 7.2113 1.045
v 0.6684 7.2016 0.9904
v 0.3674 7.722 1.387
v 0.5518 7.6212 1.2279
v 0.0605 7.7675 1.4941
v 0.16 7.7672 1.4763
v 0.6757 7.2836 0.9518
v 0.2608 7.7507 1.4389
v 0.4688 7.6793 1.3165
v 0.6595 7.3793 0.9949
v 0.6371 7.4697 1.0536
v 0.6063 7.5489 1.1373
v 0.6788 7.105 0.9307
v 0.6824 7.1932 0.9359
v 0.6718 7.0209 0.9421
v 0.6586 6.9395 0.9698
v 0.6306 6.8612 1.0068
v 0.5974 6.7871 1.0551
v 0.3877 6.5884 1.3243
v 0.5558 6.7241 1.1216
v 0.2546 7.1251 1.4238
v 0.2703 6.3698 1.3583
v 0.3779 6.5276 1.3063
v 0.21 6.3279 1.4032
v 0.0721 6.2773 1.4686
v 0.1467 6.2933 1.4487
v 0.3546 6.4719 1.3073
v 0.3184 6.4208 1.3262
v 0.3827 6.6489 1.3511
v 0.3236 7.1121 1.4116
v 0.0717 6.2082 1.4229
v 0.1506 6.2287 1.3991
v 0.2197 6.265 1.3568
v 0.2822 6.316 1.3088
v 0.342 6.3682 1.2606
v 0.388 6.4286 1.2295
v 0.4247 6.4983 1.2166
v 0.4555 6.5769 1.2187
v 0.513 7.7996 1.2336
v 0.5977 7.7181 1.1338
v 0.3979 7.8535 1.3143
v 0.2794 7.8928 1.3867
v 0.6637 7.519 0.9597
v 0.6439 7.6209 1.0421
v 0.6944 7.0747 0.831
v 0.6963 7.1793 0.8429
v 0.6875 7.2891 0.8658
v 0.6656 6.8737 0.831
v 0.6759 7.4083 0.8958
v 0.5537 6.5792 0.9688
v 0.5981 6.6629 0.8951
v 0.6339 6.7604 0.8453
v 0.0627 7.9172 1.4416
v 0.1569 7.9109 1.429
v 0.6824 6.973 0.8292
v 0.1339 7.1981 1.4261
v 0.1969 7.1465 1.4224
v 0.327 7.0815 1.42
v 0.2384 6.9838 1.455
v 0.1908 7.023 1.4578
v 0.1416 7.0264 1.4881
v 0.1531 7.0535 1.47
v 0.1171 7.0511 1.514
v 0.1227 7.0806 1.4911
v 0.0919 7.0715 1.5384
v 0.0942 7.1055 1.5132
v 0.2657 6.7257 1.4455
v 0.4284 7.5534 1.3656
v 0.5016 7.5142 1.3026
v 0.5562 7.4629 1.2394
v 0.5906 7.4069 1.1789
v 0.6143 7.3462 1.132
v 0.6313 7.284 1.1039
v 0.1529 7.605 1.5063
v 0.0601 6.8474 -0.1831
v 0.1596 6.8457 -0.1787
v 0.2663 6.8354 -0.1629
v 0.3585 6.8314 -0.1106
v 0.4374 6.8259 -0.0366
v 0.491 6.8269 0.0789
v 0.5313 6.837 0.2001
v 0.5565 6.8685 0.2919
v 0.5737 6.9028 0.3597
v 0.5715 6.8531 0.3925
v 0.5466 6.8114 0.3331
v 0.4852 6.7613 0.1028
v 0.4363 6.7613 -0.0135
v 0.3541 6.768 -0.0985
v 0.2592 6.7787 -0.1467
v 0.1566 6.7957 -0.1603
v 0.0579 6.8029 -0.1661
v 0.519 6.7708 0.2394
v 0.3904 6.768 1.3746
v 0.4396 6.7861 1.339
v 0.4105 6.7113 1.3456
v 0.4561 6.726 1.3001
v 0.4627 6.6568 1.2581
v 0.0671 6.186 1.3931
v 0.1479 6.2047 1.3714
v 0.2223 6.2432 1.3276
v 0.2882 6.2966 1.276
v 0.3489 6.3506 1.2285
v 0.3992 6.4105 1.1874
v 0.4451 6.482 1.1575
v 0.4984 6.5782 1.1305
v 0.5072 6.6769 1.1904
v 0.5038 6.7494 1.2464
v 0.4929 6.8105 1.2936
v 0.2505 7.1026 1.4335
v 0.4415 6.9187 1.3619
v 0.4001 6.9741 1.3914
v 0.1922 7.1282 1.4315
v 0.1505 7.1544 1.4326
v 0.3434 7.2524 1.0903
v 0.2947 7.2247 1.0952
v 0.3446 7.2873 1.0876
v 0.3441 7.3018 1.0885
v 0.3403 7.3284 1.0933
v 0.3352 7.3399 1.0963
v 0.2757 7.3384 1.0971
v 0.3228 7.3581 1.103
v 0.263 7.2951 1.0906
v 0.3174 7.3651 1.1066
v 0.2474 7.5971 1.4697
v 0.0625 7.6057 1.5264
v 0.2605 6.7911 1.4444
v 0.309 6.805 1.4232
v 0.5174 6.8972 1.2747
v 0.5673 6.9391 1.2261
v 0.6047 6.9888 1.1778
v 0.6255 7.0434 1.1377
v 0.6351 7.1014 1.1077
v 0.6387 7.1609 1.0956
v 0.6383 7.2218 1.0939
v 0.2297 6.7759 1.4643
v 0.4158 6.8411 1.3714
v 0.3629 6.8226 1.4008
v 0.4691 6.8653 1.3304
v 0.1018 6.7424 1.5479
v 0.1311 6.4969 1.4946
v 0.0536 6.4841 1.5131
v 0.2614 6.5832 1.4147
v 0.2715 6.6198 1.4203
v 0.1731 6.7153 1.5094
v 0.1678 6.7546 1.5023
v 0.0185 6.7535 1.5689
v 0.0409 6.7588 1.5645
v 0.0667 6.7636 1.553
v 0.095 6.7665 1.538
v 0.0928 6.8064 1.4486
v 0.0922 6.7507 1.4718
v 0.0963 6.7072 1.4758
v 0.1004 6.6617 1.4764
v 0.1453 6.6894 1.5479
v 0.1424 6.6786 1.5485
v 0.134 6.6383 1.5383
v 0.1438 6.7052 1.5442
v 0.148 6.941 0.8298
v 0.1556 6.9802 1.0279
v 0.1108 6.9531 1.2282
v 0.1008 6.8816 1.3669
v 0.1085 6.629 1.4911
v 0.1094 6.6193 1.5003
v 0.1381 6.6581 1.5424
v 0.1288 6.6148 1.5361
v 0.1291 6.7639 1.5213
v 0.1358 6.734 1.528
v 0.0904 6.688 0.5716
v 0.1199 6.8306 0.6701
v 0.6387 7.9999 0.1434
v 0.7466 7.6047 0.3576
v 0.1696 8.2975 -0.045
v 0.3043 8.2673 -0.0299
v 0.7194 7.341 0.3701
v 0.379 7.7872 -0.2993
v 0.4796 7.7443 -0.2261
v 0.6808 7.5439 0.1073
v 0.7175 7.408 0.3081
v 0.5616 7.6829 -0.1067
v 0.6301 7.6164 0.0013
v 0.7104 7.472 0.2224
v 0.1389 7.8254 -0.3578
v 0.2621 7.813 -0.3436
v 0.6917 7.2526 0.3318
v 0.6288 7.3377 0.0561
v 0.6826 7.2912 0.2601
v 0.4284 7.4129 -0.2642
v 0.5082 7.3928 -0.1662
v 0.5759 7.3667 -0.0559
v 0.336 7.4254 -0.3279
v 0.6705 7.3175 0.1632
v 0.1142 7.4354 -0.3882
v 0.2278 7.4298 -0.3715
v 0.6951 7.5771 0.8545
v 0.749 7.6713 0.5736
v 0.7399 7.6635 0.661
v 0.7274 7.6428 0.7364
v 0.6984 7.4427 0.807
v 0.74 7.5479 0.5746
v 0.7343 7.5406 0.6403
v 0.7213 7.5164 0.7061
v 0.7048 7.2982 0.7574
v 0.7322 7.4481 0.577
v 0.7281 7.4384 0.6269
v 0.7192 7.4112 0.6785
v 0.6226 6.8372 0.5262
v 0.6058 6.8684 0.4731
v 0.6328 7.036 0.3577
v 0.6108 6.9378 0.4058
v 0.6042 6.8973 0.439
v 0.7037 7.1669 0.7447
v 0.7092 7.0446 0.6429
v 0.8224 7.3475 0.4834
v 0.7204 6.9045 0.6128
v 0.7852 7.3438 0.5481
v 0.8506 7.3134 0.4059
v 0.8566 7.2535 0.3663
v 0.8109 7.102 0.3558
v 0.8355 7.1602 0.3442
v 0.7442 6.8525 0.5724
v 0.7084 6.9745 0.6333
v 0.8565 7.2842 0.3853
v 0.8531 7.216 0.354
v 0.7141 7.1672 0.6576
v 0.7514 7.3221 0.5774
v 0.7275 7.2882 0.6077
v 0.7227 7.2537 0.6335
v 0.7492 6.8572 0.5198
v 0.7432 6.8798 0.486
v 0.7827 7.0454 0.3707
v 0.7617 6.9666 0.4108
v 0.7495 6.9175 0.4435
v 0.7123 7.1093 0.654
v 0.7296 7.0492 0.6189
v 0.842 7.3293 0.483
v 0.726 6.9307 0.5986
v 0.805 7.3232 0.5506
v 0.8719 7.3089 0.421
v 0.8793 7.2405 0.3754
v 0.8334 7.1048 0.36
v 0.8535 7.157 0.3544
v 0.7381 6.8988 0.567
v 0.7316 6.9908 0.617
v 0.8789 7.2699 0.3923
v 0.8725 7.2053 0.3646
v 0.7213 7.1519 0.6305
v 0.7783 7.3061 0.5789
v 0.7562 7.2641 0.602
v 0.7397 7.2332 0.6156
v 0.7512 6.8967 0.529
v 0.7565 6.9091 0.4903
v 0.814 7.0583 0.3729
v 0.7891 6.9884 0.4143
v 0.7671 6.9346 0.4569
v 0.7199 7.1027 0.6275
v 0.7468 7.0476 0.6024
v 0.8365 7.3162 0.4832
v 0.7284 6.9529 0.5871
v 0.8089 7.3035 0.5521
v 0.8666 7.2959 0.431
v 0.8691 7.23 0.3885
v 0.8401 7.0993 0.3735
v 0.8577 7.1536 0.3749
v 0.7385 6.927 0.56
v 0.741 7.0062 0.5986
v 0.8744 7.2613 0.4019
v 0.8637 7.1937 0.3785
v 0.729 7.141 0.6129
v 0.7818 7.2788 0.5755
v 0.7606 7.2472 0.5938
v 0.7484 7.2172 0.606
v 0.7477 6.9204 0.5276
v 0.7591 6.9293 0.4949
v 0.8208 7.0695 0.3863
v 0.7939 7.0035 0.4252
v 0.7732 6.955 0.4626
v 0.728 7.0973 0.609
v 0.7178 7.0609 0.582
v 0.8126 7.2892 0.4833
v 0.6874 6.9946 0.5713
v 0.7712 7.285 0.5345
v 0.8234 7.279 0.444
v 0.8403 7.2183 0.4067
v 0.8178 7.0964 0.4059
v 0.8285 7.141 0.3996
v 0.7386 6.9659 0.5504
v 0.6989 7.0263 0.5791
v 0.8597 7.2517 0.4219
v 0.8415 7.1845 0.4009
v 0.736 7.1289 0.5941
v 0.7557 7.2667 0.5525
v 0.7466 7.2256 0.5753
v 0.7425 7.1956 0.5865
v 0.7472 6.9595 0.5255
v 0.7587 6.9684 0.4991
v 0.8042 7.0771 0.4098
v 0.7851 7.0278 0.4405
v 0.7709 6.9832 0.4736
v 0.7257 7.0947 0.5897
v 0.6865 7.0837 0.5632
v 0.7933 7.2306 0.4978
v 0.6872 7.052 0.5323
v 0.7588 7.2327 0.5225
v 0.8197 7.2219 0.481
v 0.8354 7.1962 0.4529
v 0.8154 7.1153 0.4351
v 0.8254 7.1361 0.4361
v 0.7013 7.0358 0.5178
v 0.6811 7.0668 0.5501
v 0.8301 7.2119 0.4665
v 0.8358 7.1702 0.443
v 0.7324 7.1199 0.5738
v 0.7414 7.2236 0.5432
v 0.7406 7.1965 0.5554
v 0.7344 7.1664 0.5626
v 0.7256 7.026 0.5066
v 0.7676 7.022 0.4964
v 0.8096 7.0946 0.4406
v 0.7899 7.0508 0.4655
v 0.7794 7.0301 0.4828
v 0.7109 7.1001 0.5688
v 0.7439 7.1263 0.5534
v 0.78 7.0944 0.4614
v 0.7909 7.0833 0.4564
v 0.7399 7.1341 0.5631
v 0.7093 7.1014 0.5558
v 0.7651 7.0497 0.4784
v 0.7757 7.0653 0.4637
v 0.7995 7.1019 0.45
v 0.74 7.044 0.4857
v 0.7142 7.0478 0.4924
v 0.7334 7.1519 0.553
v 0.7332 7.1734 0.5431
v 0.7563 7.1975 0.5378
v 0.7314 7.1159 0.5646
v 0.823 7.1639 0.4564
v 0.8162 7.191 0.4765
v 0.6922 7.0764 0.5351
v 0.7053 7.0541 0.5089
v 0.8152 7.136 0.449
v 0.8087 7.1191 0.4487
v 0.8215 7.1807 0.4659
v 0.8083 7.1983 0.4896
v 0.064 6.9013 -0.2039
v 0.1627 6.9047 -0.2003
v 0.2706 6.9041 -0.1804
v 0.5759 8.0001 1.0417
v 0.4583 8.0922 1.1298
v 0.3646 6.9074 -0.1303
v 0.6613 7.8798 0.9444
v 0.7051 7.7485 0.8607
v 0.4432 6.9044 -0.0508
v 0.3301 8.1536 1.1938
v 0.0796 8.2067 1.2477
v 0.4987 6.9081 0.0566
v 0.5698 6.9348 0.2576
v 0.5867 6.9589 0.3259
v 0.1848 8.1866 1.2343
v 0.5392 6.9134 0.174
v 0.7131 7.6112 0.7985
v 0.7095 7.4826 0.7575
v 0.7108 7.3681 0.7193
v 0.6216 6.9859 0.3787
v 0.7169 7.2151 0.6499
v 0.7722 7.006 0.3907
v 0.7281 7.1954 0.6272
v 0.8015 7.0233 0.3936
v 0.7368 7.181 0.6126
v 0.8062 7.0324 0.4077
v 0.742 7.1631 0.5938
v 0.7945 7.0498 0.4254
v 0.7398 7.1428 0.5717
v 0.8001 7.0729 0.4509
v 0.7807 7.2063 0.5254
v 0.696 7.0637 0.5226
v 0.7986 7.2026 0.5045
v 0.6926 7.0893 0.5454
v 0.7695 7.2617 0.5278
v 0.7137 7.0979 0.5786
v 0.6851 7.0758 0.5748
v 0.7903 7.0381 0.4579
v 0.7744 7.0025 0.4791
v 0.7417 7.208 0.562
v 0.7544 7.2478 0.5444
v 0.675 7.0536 0.5631
v 0.8396 7.2103 0.4326
v 0.8434 7.1786 0.4207
v 0.7491 6.9949 0.5247
v 0.717 7.0067 0.5361
v 0.7334 7.1229 0.5816
v 0.7356 7.1785 0.5709
v 0.8316 7.2376 0.4478
v 0.8259 7.2495 0.4673
v 0.8172 7.1095 0.4185
v 0.8243 7.1357 0.4157
v 0.8114 7.0876 0.423
v 0.7661 6.9928 0.5012
v 0.6816 7.0303 0.5493
v 0.8125 7.2614 0.4902
v 0.7401 7.1504 0.5795
v 0.8016 7.0631 0.4412
v 0.7615 7.0775 0.4786
v 0.7249 7.0971 0.53
v 0.7495 7.1281 0.533
v 0.7266 7.1375 0.5211
v 0.783 7.1805 0.4906
v 0.7717 6.9758 0.4699
v 0.7306 7.0954 0.5963
v 0.8104 7.3009 0.4833
v 0.7394 7.1695 0.5242
v 0.7333 7.1101 0.5545
v 0.8652 7.2552 0.4143
v 0.7474 7.205 0.5964
v 0.7427 7.0565 0.586
v 0.739 6.9485 0.5557
v 0.7427 7.0597 0.4824
v 0.7326 7.0623 0.4924
v 0.8051 7.1597 0.4673
v 0.7939 7.1753 0.4822
v 0.7784 7.1425 0.4633
v 0.7729 7.1837 0.5007
v 0.7018 7.0924 0.5258
v 0.7698 7.1323 0.4606
v 0.7749 7.1598 0.4762
v 0.7088 7.1018 0.5407
v 0.7593 7.0655 0.4756
v 0.7712 7.0785 0.4675
v 0.7819 7.1107 0.455
v 0.7325 7.1375 0.5427
v 0.7262 7.1511 0.5303
v 0.78 7.1548 0.4689
v 0.7687 7.1637 0.4845
v 0.7548 7.0697 0.4849
v 0.752 7.0737 0.4916
v 0.8004 7.0469 0.4232
v 0.7413 7.1706 0.6022
v 0.7059 7.0852 0.5203
v 0.722 7.0694 0.5021
v 0.7989 7.138 0.4584
v 0.7343 7.0882 0.5182
v 0.7471 7.079 0.5007
v 0.7896 7.1251 0.4553
v 0.8014 7.1683 0.4744
v 0.7625 7.1666 0.4938
v 0.7513 7.1202 0.5429
v 0.7673 7.1052 0.4653
v 0.7541 7.1791 0.5197
v 0.7139 7.0774 0.5125
v 0.7553 7.1694 0.5018
v 0.7277 7.0927 0.5246
v 0.8433 7.1895 0.3933
v 0.7596 7.276 0.5591
v 0.7133 6.9817 0.5758
v 0.7651 7.1198 0.4601
v 0.7665 7.0903 0.4715
v 0.7588 6.9551 0.4975
v 0.8356 7.1406 0.3948
v 0.856 7.2816 0.4393
v 0.7345 7.1335 0.6016
v 0.7341 7.1541 0.5151
v 0.7374 7.107 0.541
v 0.7427 7.1649 0.5116
v 0.7402 7.0839 0.5095
v 0.8609 7.222 0.3992
v 0.7473 6.9465 0.5254
v 0.8118 7.0747 0.4087
v 0.8216 7.0956 0.403
v 0.7519 7.2345 0.5848
v 0.7895 7.0232 0.4372
v 0.7742 7.2938 0.5415
v 0.7161 7.0153 0.5872
v 0.7361 7.1424 0.4947
v 0.752 7.1175 0.5074
v 0.7314 7.1254 0.4987
v 0.7572 7.1056 0.5133
v 0.7512 7.0941 0.5161
v 0.7523 7.1114 0.5282
v 0.7432 7.1213 0.4749
v 0.7504 7.1108 0.4803
v 0.7484 7.1405 0.4764
v 0.7656 7.0978 0.4803
v 0.761 7.085 0.4854
v 0.7599 7.1024 0.5012
v 0.7549 7.092 0.5051
v 0.7297 7.1302 0.5112
v 0.7521 7.1233 0.5227
v 0.733 7.1458 0.5048
v 0.7457 7.0973 0.5259
v 0.7422 7.1413 0.4856
v 0.7509 7.1136 0.4958
v 0.7355 7.1225 0.4871
v 0.7572 7.1378 0.4682
v 0.7561 7.1087 0.4697
v 0.7523 7.1206 0.4674
v 0.7635 7.1013 0.4907
v 0.7581 7.0895 0.4944
v 0.7193 7.0959 0.5843
v 0.7714 6.9922 0.4746
v 0.7556 7.257 0.548
v 0.8409 7.1817 0.4106
v 0.7364 6.9848 0.5463
v 0.7383 7.1872 0.5782
v 0.837 7.2465 0.4321
v 0.8174 7.0973 0.4123
v 0.8103 7.0789 0.4162
v 0.7663 7.2745 0.5292
v 0.6985 7.0682 0.5785
v 0.789 7.0343 0.4442
v 0.744 7.2174 0.5684
v 0.6822 7.04 0.5712
v 0.8378 7.2173 0.4164
v 0.7481 6.9746 0.5258
v 0.735 7.1256 0.5878
v 0.8182 7.2694 0.4517
v 0.8303 7.1344 0.407
v 0.7613 6.9782 0.4998
v 0.6819 7.015 0.5616
v 0.816 7.2763 0.4878
v 0.7412 7.1567 0.5865
v 0.7983 7.0515 0.4313
v 0.7603 7.165 0.3903
v 0.7966 7.3072 0.4397
v 0.7739 7.3232 0.4868
v 0.7466 7.0992 0.4005
v 0.7065 7.0453 0.6631
v 0.7008 6.9657 0.6492
v 0.8046 7.2823 0.4097
v 0.7964 7.2514 0.3992
v 0.7122 6.8928 0.6269
v 0.7278 6.8229 0.5791
v 0.7058 6.8698 0.4887
v 0.6993 6.9424 0.482
v 0.7098 7.1212 0.6763
v 0.7115 7.1913 0.6809
v 0.7104 6.9839 0.4567
v 0.7279 7.3134 0.6133
v 0.7203 7.2832 0.6455
v 0.7847 7.2124 0.3902
v 0.7335 7.3259 0.5839
v 0.7407 7.3221 0.544
v 0.7137 6.8396 0.52
v 0.7294 7.055 0.421
v 0.7148 7.2444 0.6682
v 0.7175 7.0272 0.4364
v 0.7054 7.1693 0.3865
v 0.7374 7.3125 0.4435
v 0.682 7.1006 0.3947
v 0.7036 7.05 0.6915
v 0.7361 7.2546 0.4039
v 0.6904 6.8783 0.6416
v 0.6538 6.894 0.4989
v 0.7081 7.2287 0.7093
v 0.7263 7.359 0.6186
v 0.7309 7.3662 0.5311
v 0.6718 7.052 0.4073
v 0.7325 7.3479 0.4668
v 0.697 6.9594 0.6723
v 0.738 7.2867 0.4201
v 0.6952 6.8252 0.5854
v 0.6511 6.9297 0.4734
v 0.7078 7.14 0.7061
v 0.6578 6.9691 0.448
v 0.7185 7.3321 0.6586
v 0.7239 7.2201 0.3929
v 0.731 7.3694 0.5817
v 0.6691 6.8585 0.5442
v 0.7128 7.2911 0.6885
v 0.6668 7.0124 0.4247
v 0.3112 7.3315 1.404
v 0.349 7.3309 1.3983
v 0.4385 7.293 1.3556
v 0.4343 7.3011 1.3614
v 0.4287 7.3075 1.3664
v 0.4104 7.3179 1.3778
v 0.3833 7.325 1.39
v 0.2723 7.3235 1.4007
v 0.1851 7.2669 1.3746
v 0.197 7.2598 1.3673
v 0.2123 7.256 1.3723
v 0.1934 7.2802 1.3747
v 0.2018 7.2875 1.3795
v 0.1847 7.274 1.3768
v 0.4248 7.2676 1.3613
v 0.2424 7.2487 1.3858
v 0.276 7.2434 1.3936
v 0.2116 7.2952 1.3827
v 0.3114 7.2398 1.3999
v 0.2353 7.3097 1.3898
v 0.3519 7.2408 1.3967
v 0.3848 7.2478 1.3835
v 0.4071 7.2569 1.3739
v 0.4342 7.275 1.3509
v 0.4377 7.2824 1.3492
v 0.4394 7.2875 1.3509
v 0.2244 7.2529 1.3785
v 0.4296 7.2711 1.3557
vt 0.833218 0.448147
vt 0.834363 0.447974
vt 0.834501 0.450931
vt 0.833504 0.451106
vt 0.83064 0.447989
vt 0.832059 0.448069
vt 0.832342 0.451187
vt 0.830924 0.45139
vt 0.833492 0.445394
vt 0.832425 0.445084
vt 0.831206 0.444629
vt 0.833358 0.442531
vt 0.832306 0.441554
vt 0.834282 0.443118
vt 0.83441 0.440582
vt 0.833735 0.439326
vt 0.834986 0.441425
vt 0.835445 0.439252
vt 0.83506 0.43758
vt 0.83583 0.44036
vt 0.836482 0.438421
vt 0.836308 0.436445
vt 0.836669 0.439611
vt 0.837695 0.437691
vt 0.837503 0.435888
vt 0.837722 0.439213
vt 0.838723 0.437866
vt 0.838796 0.435951
vt 0.838722 0.4394
vt 0.839948 0.438237
vt 0.840215 0.436137
vt 0.839764 0.439762
vt 0.841031 0.438783
vt 0.841562 0.436816
vt 0.84077 0.440279
vt 0.844623 0.443512
vt 0.84358 0.441536
vt 0.844462 0.44024
vt 0.845799 0.442721
vt 0.843755 0.444018
vt 0.842864 0.44224
vt 0.844262 0.452459
vt 0.844464 0.449796
vt 0.845745 0.449912
vt 0.845459 0.452913
vt 0.84699 0.449449
vt 0.846549 0.452945
vt 0.843761 0.455021
vt 0.844583 0.455604
vt 0.84557 0.455924
vt 0.843164 0.456612
vt 0.843812 0.457296
vt 0.84453 0.457951
vt 0.834408 0.454133
vt 0.835434 0.453841
vt 0.832042 0.454778
vt 0.833337 0.454407
vt 0.833813 0.45774
vt 0.834842 0.457235
vt 0.835752 0.456819
vt 0.836632 0.456504
vt 0.835669 0.459964
vt 0.836358 0.459319
vt 0.836882 0.458727
vt 0.837476 0.458295
vt 0.837234 0.461214
vt 0.837599 0.460529
vt 0.837941 0.459977
vt 0.838565 0.459144
vt 0.839635 0.462427
vt 0.838582 0.461979
vt 0.838651 0.46133
vt 0.839677 0.461567
vt 0.839817 0.460889
vt 0.838665 0.460848
vt 0.839513 0.459882
vt 0.840197 0.460199
vt 0.840723 0.462543
vt 0.84061 0.461595
vt 0.840681 0.460582
vt 0.840722 0.460029
vt 0.841844 0.462122
vt 0.841582 0.461237
vt 0.841394 0.460186
vt 0.841379 0.459171
vt 0.847427 0.441465
vt 0.845705 0.438663
vt 0.845422 0.458992
vt 0.846753 0.456823
vt 0.84815 0.453426
vt 0.848738 0.449287
vt 0.851007 0.44922
vt 0.850136 0.454056
vt 0.842148 0.434795
vt 0.840507 0.434271
vt 0.838864 0.434243
vt 0.837452 0.434334
vt 0.8361 0.434867
vt 0.834712 0.436042
vt 0.833224 0.43792
vt 0.831441 0.440711
vt 0.830016 0.444068
vt 0.829471 0.447854
vt 0.829758 0.4515
vt 0.830971 0.455137
vt 0.832915 0.458333
vt 0.835153 0.460668
vt 0.830539 0.439696
vt 0.832736 0.436091
vt 0.83829 0.462806
vt 0.83954 0.463275
vt 0.84081 0.463286
vt 0.842217 0.462615
vt 0.83684 0.46199
vt 0.837948 0.464224
vt 0.836251 0.463334
vt 0.834129 0.461768
vt 0.835693 0.465513
vt 0.837761 0.466439
vt 0.839449 0.464629
vt 0.839555 0.466771
vt 0.840972 0.464546
vt 0.841346 0.466582
vt 0.842737 0.463634
vt 0.843421 0.465704
vt 0.833994 0.472061
vt 0.835014 0.468555
vt 0.83746 0.469476
vt 0.836729 0.472992
vt 0.839558 0.47328
vt 0.839674 0.469745
vt 0.841783 0.469492
vt 0.842267 0.47292
vt 0.844312 0.468433
vt 0.845373 0.471408
vt 0.833188 0.475818
vt 0.8362 0.476554
vt 0.839296 0.47677
vt 0.842633 0.476321
vt 0.846828 0.474782
vt 0.832489 0.479391
vt 0.835621 0.479766
vt 0.851233 0.475587
vt 0.850122 0.479509
vt 0.845779 0.479471
vt 0.839005 0.479906
vt 0.842422 0.479816
vt 0.831957 0.483168
vt 0.835037 0.483168
vt 0.849568 0.483168
vt 0.845354 0.483168
vt 0.838583 0.483168
vt 0.842117 0.483168
vt 0.853556 0.449226
vt 0.852507 0.454748
vt 0.850352 0.459224
vt 0.848202 0.457998
vt 0.84823 0.461738
vt 0.846477 0.460213
vt 0.851804 0.438162
vt 0.849363 0.439888
vt 0.847381 0.436456
vt 0.849453 0.43411
vt 0.837444 0.429918
vt 0.837417 0.432577
vt 0.836024 0.433093
vt 0.835812 0.430587
vt 0.841491 0.429452
vt 0.840938 0.432208
vt 0.838965 0.432336
vt 0.83931 0.429511
vt 0.834545 0.434111
vt 0.83415 0.431894
vt 0.832143 0.434469
vt 0.82996 0.438396
vt 0.828826 0.443596
vt 0.828012 0.443063
vt 0.828587 0.456696
vt 0.829827 0.455581
vt 0.831906 0.459094
vt 0.830819 0.460734
vt 0.828153 0.447784
vt 0.827086 0.44773
vt 0.827272 0.452208
vt 0.828475 0.451683
vt 0.833306 0.463756
vt 0.831024 0.47042
vt 0.832251 0.466748
vt 0.829909 0.474514
vt 0.829278 0.478813
vt 0.828692 0.483168
vt 0.824249 0.462103
vt 0.826496 0.458948
vt 0.829034 0.463731
vt 0.827389 0.467192
vt 0.822958 0.455215
vt 0.825212 0.453393
vt 0.824275 0.44172
vt 0.826448 0.442301
vt 0.825212 0.447843
vt 0.823036 0.448252
vt 0.826719 0.435444
vt 0.828839 0.436738
vt 0.840337 0.4222
vt 0.839743 0.426186
vt 0.837498 0.42673
vt 0.837449 0.423001
vt 0.835562 0.427574
vt 0.834933 0.424111
vt 0.843505 0.422129
vt 0.842354 0.426012
vt 0.833588 0.429146
vt 0.832253 0.42635
vt 0.831308 0.432241
vt 0.829519 0.43024
vt 0.824061 0.434409
vt 0.821446 0.441652
vt 0.827315 0.428249
vt 0.819734 0.457719
vt 0.820998 0.466881
vt 0.825776 0.471903
vt 0.840985 0.41807
vt 0.837301 0.419145
vt 0.833909 0.4209
vt 0.844751 0.417957
vt 0.830563 0.423878
vt 0.819997 0.449438
vt 0.848582 0.418634
vt 0.84685 0.422865
vt 0.824867 0.477797
vt 0.82404 0.483168
vt 0.82097 0.433462
vt 0.818202 0.441246
vt 0.816531 0.449852
vt 0.815702 0.458704
vt 0.820397 0.476051
vt 0.820112 0.483168
vt 0.815634 0.468046
vt 0.815595 0.476236
vt 0.812921 0.449878
vt 0.811985 0.459105
vt 0.817871 0.43227
vt 0.814816 0.440763
vt 0.815406 0.483168
vt 0.81167 0.468739
vt 0.811663 0.476551
vt 0.811298 0.483168
vt 0.793761 0.414156
vt 0.79912 0.418878
vt 0.794004 0.431643
vt 0.787405 0.427342
vt 0.790113 0.443994
vt 0.783087 0.440797
vt 0.787471 0.455691
vt 0.780167 0.453963
vt 0.84598 0.413361
vt 0.841352 0.413532
vt 0.83693 0.414821
vt 0.832858 0.41739
vt 0.828545 0.421252
vt 0.824692 0.426571
vt 0.850543 0.41423
vt 0.826629 0.418393
vt 0.821996 0.424696
vt 0.831511 0.413454
vt 0.836525 0.410027
vt 0.810839 0.393178
vt 0.81402 0.397892
vt 0.806143 0.407754
vt 0.801811 0.402978
vt 0.787637 0.408912
vt 0.796545 0.397116
vt 0.804121 0.423019
vt 0.810082 0.412134
vt 0.821335 0.385052
vt 0.807295 0.388325
vt 0.819576 0.381156
vt 0.718699 0.351207
vt 0.725453 0.382823
vt 0.709928 0.391367
vt 0.701241 0.35303
vt 0.87025 0.483168
vt 0.86819 0.483168
vt 0.868127 0.480837
vt 0.870032 0.481166
vt 0.868818 0.474177
vt 0.868276 0.476491
vt 0.866324 0.475866
vt 0.866724 0.473129
vt 0.869573 0.471625
vt 0.867999 0.470664
vt 0.863755 0.474936
vt 0.864653 0.472044
vt 0.866036 0.468995
vt 0.866047 0.478334
vt 0.868161 0.478808
vt 0.865896 0.480564
vt 0.865857 0.483168
vt 0.863004 0.483168
vt 0.863193 0.48022
vt 0.86334 0.477699
vt 0.869942 0.479192
vt 0.868256 0.466282
vt 0.871518 0.464213
vt 0.872491 0.465879
vt 0.86978 0.468217
vt 0.87545 0.477631
vt 0.876798 0.478789
vt 0.876614 0.479608
vt 0.874696 0.478556
vt 0.874665 0.470634
vt 0.876592 0.468151
vt 0.878003 0.468817
vt 0.87554 0.471194
vt 0.87454 0.480302
vt 0.876682 0.480619
vt 0.876754 0.481754
vt 0.874595 0.481648
vt 0.878685 0.478909
vt 0.878776 0.479864
vt 0.876669 0.483168
vt 0.874616 0.483168
vt 0.879225 0.480803
vt 0.879423 0.481836
vt 0.880479 0.478542
vt 0.880973 0.47933
vt 0.879667 0.483168
vt 0.881671 0.480626
vt 0.882221 0.481776
vt 0.882 0.477317
vt 0.883056 0.477886
vt 0.882671 0.483168
vt 0.88219 0.472043
vt 0.883563 0.471809
vt 0.88396 0.47519
vt 0.882953 0.475115
vt 0.880873 0.469707
vt 0.881304 0.472253
vt 0.880273 0.47102
vt 0.876097 0.476396
vt 0.876207 0.477201
vt 0.875192 0.476615
vt 0.876855 0.472718
vt 0.876244 0.474406
vt 0.875334 0.474013
vt 0.876423 0.472073
vt 0.878653 0.471154
vt 0.878306 0.470296
vt 0.877019 0.478232
vt 0.878684 0.47822
vt 0.880104 0.477884
vt 0.88118 0.476746
vt 0.881839 0.474991
vt 0.874477 0.473648
vt 0.871836 0.483168
vt 0.871599 0.481383
vt 0.872985 0.481603
vt 0.87319 0.483168
vt 0.874219 0.47627
vt 0.870001 0.476995
vt 0.870316 0.4747
vt 0.870948 0.469261
vt 0.871972 0.469852
vt 0.870945 0.472181
vt 0.872932 0.46713
vt 0.873161 0.468164
vt 0.881108 0.468198
vt 0.87477 0.458849
vt 0.873188 0.453922
vt 0.878989 0.449982
vt 0.880345 0.455542
vt 0.883481 0.480074
vt 0.883945 0.481655
vt 0.884322 0.483168
vt 0.879854 0.471938
vt 0.878798 0.472278
vt 0.880692 0.472774
vt 0.879703 0.477015
vt 0.880665 0.476263
vt 0.877276 0.476627
vt 0.877789 0.477172
vt 0.877568 0.47314
vt 0.878677 0.477316
vt 0.876843 0.475879
vt 0.881098 0.474967
vt 0.877437 0.474466
vt 0.886799 0.483168
vt 0.886553 0.481431
vt 0.897883 0.462182
vt 0.902785 0.459047
vt 0.904263 0.460476
vt 0.900338 0.46317
vt 0.91666 0.464538
vt 0.917769 0.463862
vt 0.92201 0.467878
vt 0.920201 0.468818
vt 0.913933 0.462248
vt 0.914795 0.461437
vt 0.896072 0.483167
vt 0.893268 0.483169
vt 0.893292 0.482
vt 0.895969 0.481717
vt 0.89014 0.483169
vt 0.890031 0.481625
vt 0.879876 0.475359
vt 0.880209 0.474643
vt 0.878169 0.473716
vt 0.878707 0.473024
vt 0.87982 0.47373
vt 0.879234 0.473145
vt 0.877635 0.476097
vt 0.878029 0.476235
vt 0.878586 0.476389
vt 0.877585 0.475527
vt 0.877746 0.474735
vt 0.879301 0.476072
vt 0.878108 0.47553
vt 0.878332 0.474838
vt 0.878719 0.474011
vt 0.878548 0.475735
vt 0.878884 0.47529
vt 0.879315 0.474552
vt 0.917595 0.459313
vt 0.920669 0.462241
vt 0.924064 0.466739
vt 0.904996 0.461741
vt 0.901841 0.464092
vt 0.889653 0.479659
vt 0.886174 0.479619
vt 0.902956 0.464985
vt 0.900731 0.467572
vt 0.899463 0.466811
vt 0.903643 0.465814
vt 0.901809 0.468321
vt 0.9045 0.466597
vt 0.905247 0.467177
vt 0.904071 0.469706
vt 0.903178 0.469016
vt 0.906429 0.467917
vt 0.905054 0.470486
vt 0.907384 0.468341
vt 0.906404 0.47132
vt 0.908915 0.462986
vt 0.908916 0.461723
vt 0.910382 0.461818
vt 0.910129 0.462653
vt 0.909066 0.463753
vt 0.909918 0.463841
vt 0.909503 0.465701
vt 0.909235 0.464581
vt 0.909918 0.46489
vt 0.909826 0.466093
vt 0.909572 0.466753
vt 0.90965 0.466973
vt 0.914889 0.466692
vt 0.912816 0.464621
vt 0.913242 0.463552
vt 0.915619 0.465794
vt 0.910886 0.467954
vt 0.9101 0.467382
vt 0.911083 0.466795
vt 0.912375 0.46808
vt 0.905699 0.462964
vt 0.906195 0.464034
vt 0.906686 0.465021
vt 0.906923 0.465734
vt 0.907433 0.466454
vt 0.908243 0.467021
vt 0.90881 0.458967
vt 0.91124 0.45909
vt 0.910869 0.460424
vt 0.908916 0.460296
vt 0.914155 0.467413
vt 0.912445 0.465481
vt 0.9119 0.466109
vt 0.91339 0.467874
vt 0.893049 0.479784
vt 0.892239 0.47735
vt 0.894931 0.477796
vt 0.895388 0.479765
vt 0.897642 0.472951
vt 0.898885 0.470291
vt 0.899937 0.470812
vt 0.898795 0.473413
vt 0.90026 0.473812
vt 0.901305 0.471469
vt 0.902639 0.472169
vt 0.901666 0.474313
vt 0.889245 0.477316
vt 0.885871 0.477395
vt 0.885918 0.474942
vt 0.889065 0.474875
vt 0.893039 0.472058
vt 0.894751 0.468732
vt 0.897636 0.469537
vt 0.896317 0.472665
vt 0.899153 0.478215
vt 0.899489 0.476283
vt 0.901056 0.476491
vt 0.900894 0.478343
vt 0.896436 0.478008
vt 0.896765 0.475737
vt 0.89783 0.476104
vt 0.897233 0.478133
vt 0.8995 0.479986
vt 0.901052 0.480132
vt 0.896923 0.479778
vt 0.897757 0.479866
vt 0.899801 0.481868
vt 0.901151 0.482014
vt 0.897697 0.481747
vt 0.898255 0.481758
vt 0.899817 0.483169
vt 0.901121 0.483171
vt 0.897749 0.483167
vt 0.898367 0.483167
vt 0.903211 0.475051
vt 0.903069 0.476817
vt 0.903232 0.478423
vt 0.903175 0.480324
vt 0.90322 0.481881
vt 0.90307 0.48317
vt 0.8951 0.475466
vt 0.917119 0.470228
vt 0.918503 0.469623
vt 0.913333 0.471833
vt 0.915085 0.471631
vt 0.916059 0.471011
vt 0.923172 0.473819
vt 0.920723 0.474307
vt 0.918638 0.475086
vt 0.917209 0.475475
vt 0.915731 0.47574
vt 0.914495 0.476191
vt 0.917993 0.479912
vt 0.919461 0.479794
vt 0.921514 0.479598
vt 0.927019 0.478906
vt 0.925192 0.472866
vt 0.92763 0.472318
vt 0.929571 0.478532
vt 0.924369 0.47937
vt 0.914895 0.479906
vt 0.916181 0.47987
vt 0.913217 0.476533
vt 0.912073 0.472035
vt 0.914101 0.47996
vt 0.905296 0.476999
vt 0.905137 0.478493
vt 0.905366 0.480519
vt 0.905585 0.475954
vt 0.911458 0.476898
vt 0.910731 0.47083
vt 0.905417 0.481945
vt 0.905022 0.483166
vt 0.909419 0.467071
vt 0.90954 0.46708
vt 0.90665 0.481916
vt 0.906642 0.483162
vt 0.908638 0.468582
vt 0.909006 0.467375
vt 0.906716 0.477199
vt 0.906701 0.478475
vt 0.909662 0.467283
vt 0.9099 0.468497
vt 0.8257 0.02715
vt 0.824506 0.031431
vt 0.816647 0.040494
vt 0.814875 0.037576
vt 0.906753 0.48047
vt 0.911416 0.479732
vt 0.906734 0.476077
vt 0.907547 0.471774
vt 0.780206 0.013682
vt 0.777768 0.016527
vt 0.776449 0.01456
vt 0.778281 0.011863
vt 0.786609 0.018293
vt 0.782541 0.021789
vt 0.779942 0.019093
vt 0.783185 0.015695
vt 0.831886 0.024899
vt 0.830797 0.028769
vt 0.790781 0.022033
vt 0.786981 0.025611
vt 0.785255 0.024105
vt 0.789012 0.020287
vt 0.810768 0.046046
vt 0.807993 0.044493
vt 0.811092 0.041095
vt 0.814059 0.043665
vt 0.797892 0.037055
vt 0.801692 0.03481
vt 0.802853 0.038003
vt 0.799709 0.040063
vt 0.793786 0.032221
vt 0.797367 0.029583
vt 0.819814 0.042734
vt 0.825986 0.036356
vt 0.803865 0.045835
vt 0.804851 0.04309
vt 0.805935 0.044493
vt 0.805609 0.047052
vt 0.816834 0.045955
vt 0.801485 0.047135
vt 0.805139 0.048766
vt 0.773811 0.021802
vt 0.772343 0.020189
vt 0.778384 0.026039
vt 0.776033 0.023724
vt 0.832714 0.033845
vt 0.782282 0.029544
vt 0.780673 0.028248
vt 0.813313 0.048145
vt 0.792806 0.039152
vt 0.795242 0.041796
vt 0.788965 0.035542
vt 0.827635 0.040457
vt 0.822241 0.04489
vt 0.824576 0.049553
vt 0.828372 0.047182
vt 0.818806 0.047694
vt 0.79925 0.048861
vt 0.804502 0.050343
vt 0.770595 0.026706
vt 0.769084 0.025385
vt 0.774735 0.03035
vt 0.772555 0.028508
vt 0.834018 0.037754
vt 0.778361 0.033243
vt 0.77687 0.032075
vt 0.8149 0.049642
vt 0.7885 0.041504
vt 0.791294 0.043906
vt 0.784782 0.037965
vt 0.834586 0.097267
vt 0.840687 0.0969
vt 0.840687 0.101891
vt 0.834536 0.102177
vt 0.784571 0.045533
vt 0.787677 0.047579
vt 0.780758 0.043105
vt 0.833379 0.076251
vt 0.840687 0.075983
vt 0.77334 0.037943
vt 0.771401 0.036305
vt 0.829159 0.053781
vt 0.825395 0.056036
vt 0.820929 0.051433
vt 0.834081 0.06445
vt 0.840687 0.063468
vt 0.797033 0.051944
vt 0.803915 0.053095
vt 0.767359 0.033108
vt 0.765685 0.032182
vt 0.834541 0.052315
vt 0.840687 0.052882
vt 0.769127 0.034554
vt 0.835494 0.044411
vt 0.774768 0.038961
vt 0.816548 0.05276
vt 0.76265 0.045321
vt 0.760964 0.044845
vt 0.840687 0.044737
vt 0.767349 0.047934
vt 0.764977 0.046608
vt 0.77139 0.049919
vt 0.76995 0.049262
vt 0.816831 0.058221
vt 0.821663 0.057248
vt 0.781332 0.053877
vt 0.784835 0.055157
vt 0.777516 0.052756
vt 0.840687 0.036802
vt 0.823856 0.065797
vt 0.828332 0.064988
vt 0.840687 0.033835
vt 0.795366 0.057886
vt 0.802884 0.058396
vt 0.82026 0.066555
vt 0.840687 0.028812
vt 0.794547 0.067403
vt 0.802324 0.06741
vt 0.759568 0.062297
vt 0.757634 0.061881
vt 0.840687 0.02499
vt 0.765135 0.063836
vt 0.76248 0.063163
vt 0.76929 0.064551
vt 0.767801 0.064311
vt 0.816643 0.066856
vt 0.779252 0.065374
vt 0.782834 0.065651
vt 0.776411 0.065276
vt 0.913715 0.483148
vt 0.91162 0.482955
vt 0.828078 0.076932
vt 0.8235 0.078004
vt 0.830402 0.096335
vt 0.826409 0.095066
vt 0.819845 0.078458
vt 0.914954 0.483148
vt 0.794775 0.080335
vt 0.802296 0.080079
vt 0.760329 0.082815
vt 0.75817 0.082193
vt 0.916414 0.48315
vt 0.767296 0.082303
vt 0.764002 0.082619
vt 0.773275 0.081617
vt 0.770332 0.081889
vt 0.816212 0.07799
vt 0.781573 0.080655
vt 0.784818 0.080473
vt 0.778941 0.080944
vt 0.917811 0.483152
vt 0.765775 0.100732
vt 0.763653 0.101406
vt 0.919265 0.483154
vt 0.77195 0.098762
vt 0.76915 0.099904
vt 0.777274 0.096969
vt 0.774672 0.097667
vt 0.816286 0.091659
vt 0.822479 0.092353
vt 0.785241 0.094819
vt 0.788694 0.094237
vt 0.782444 0.095432
vt 0.92144 0.483158
vt 0.831701 0.102748
vt 0.828039 0.103373
vt 0.924197 0.483162
vt 0.798139 0.093699
vt 0.804137 0.093552
vt 0.791884 0.108186
vt 0.795127 0.106979
vt 0.78903 0.109356
vt 0.78177 0.112887
vt 0.779944 0.114157
vt 0.82372 0.105058
vt 0.802458 0.105587
vt 0.806354 0.107271
vt 0.775822 0.117393
vt 0.773883 0.118236
vt 0.777657 0.115992
vt 0.783972 0.111778
vt 0.818552 0.109545
vt 0.819901 0.117929
vt 0.822585 0.116898
vt 0.82985 0.117531
vt 0.825891 0.116559
vt 0.840687 0.118141
vt 0.833529 0.117152
vt 0.798715 0.122007
vt 0.800261 0.121263
vt 0.796171 0.12136
vt 0.786098 0.110545
vt 0.793934 0.122849
vt 0.805896 0.117095
vt 0.811007 0.118294
vt 0.786371 0.130818
vt 0.785102 0.132118
vt 0.788725 0.126647
vt 0.787288 0.127915
vt 0.793023 0.125793
vt 0.791741 0.126883
vt 0.816745 0.131773
vt 0.815087 0.130236
vt 0.785851 0.46618
vt 0.778648 0.466063
vt 0.933022 0.477915
vt 0.93078 0.471495
vt 0.909306 0.453812
vt 0.913072 0.453912
vt 0.912266 0.456237
vt 0.90875 0.45682
vt 0.919918 0.457506
vt 0.92344 0.461177
vt 0.927427 0.465481
vt 0.962263 0.475622
vt 0.961067 0.466373
vt 0.96785 0.464027
vt 0.96853 0.474996
vt 0.939363 0.39239
vt 0.93162 0.397581
vt 0.924991 0.385193
vt 0.931804 0.380447
vt 0.342486 0.949612
vt 0.343712 0.95344
vt 0.33936 0.95577
vt 0.337824 0.951413
vt 0.340656 0.942293
vt 0.335583 0.945351
vt 0.33647 0.932713
vt 0.331554 0.936982
vt 0.329082 0.921085
vt 0.32328 0.924429
vt 0.318057 0.908327
vt 0.312099 0.913339
vt 0.306095 0.8981
vt 0.300372 0.901974
vt 0.350759 0.945096
vt 0.352377 0.949444
vt 0.348136 0.951138
vt 0.346811 0.946906
vt 0.348587 0.937914
vt 0.344125 0.940442
vt 0.345625 0.926882
vt 0.341333 0.929707
vt 0.340217 0.914559
vt 0.334887 0.917636
vt 0.330632 0.90179
vt 0.324229 0.904845
vt 0.317916 0.891229
vt 0.312654 0.894127
vt 0.913639 0.372373
vt 0.920116 0.366633
vt 0.977064 0.460238
vt 0.99014 0.45184
vt 0.992106 0.468958
vt 0.977804 0.473694
vt 0.376699 0.950586
vt 0.376188 0.944152
vt 0.378366 0.945153
vt 0.378508 0.951394
vt 0.375706 0.932303
vt 0.378175 0.93248
vt 0.375581 0.918694
vt 0.377713 0.918562
vt 0.364423 0.905456
vt 0.370072 0.903992
vt 0.371667 0.918952
vt 0.366831 0.91945
vt 0.372322 0.886407
vt 0.37434 0.903036
vt 0.36706 0.888334
vt 0.376944 0.902813
vt 0.376486 0.88582
vt 0.360924 0.889168
vt 0.369842 0.870442
vt 0.37529 0.868808
vt 0.367343 0.931919
vt 0.363307 0.932426
vt 0.361837 0.920338
vt 0.38053 0.885508
vt 0.38053 0.902464
vt 0.354803 0.872849
vt 0.362489 0.870439
vt 0.324676 0.886586
vt 0.336873 0.898337
vt 0.345149 0.911745
vt 0.349795 0.924436
vt 0.38053 0.932436
vt 0.38053 0.945988
vt 0.944182 0.402931
vt 0.938151 0.407948
vt 0.779893 0.422401
vt 0.331883 0.954541
vt 0.329375 0.949293
vt 0.306362 0.918324
vt 0.293852 0.906368
vt 0.317191 0.929322
vt 0.325669 0.941736
vt 0.927132 0.301515
vt 0.917496 0.279389
vt 0.933628 0.272221
vt 0.942956 0.293106
vt 0.300569 0.923794
vt 0.287839 0.912998
vt 0.954236 0.264676
vt 0.963771 0.282878
vt 0.319061 0.945938
vt 0.310978 0.935257
vt 0.910785 0.255341
vt 0.926169 0.24982
vt 0.294895 0.930336
vt 0.283165 0.919662
vt 0.94575 0.243287
vt 0.311902 0.950454
vt 0.304889 0.941105
vt 0.905451 0.23321
vt 0.919666 0.229507
vt 0.290065 0.936819
vt 0.278581 0.927135
vt 0.939038 0.224217
vt 0.306161 0.954986
vt 0.299731 0.946952
vt 0.900192 0.215427
vt 0.914073 0.211917
vt 0.284619 0.943811
vt 0.275065 0.93545
vt 0.933672 0.207803
vt 0.301764 0.959214
vt 0.294977 0.951824
vt 0.894077 0.196215
vt 0.908155 0.192759
vt 0.281031 0.949383
vt 0.272354 0.942437
vt 0.926956 0.189146
vt 0.297619 0.964413
vt 0.290906 0.9576
vt 0.884936 0.162965
vt 0.882943 0.153731
vt 0.898472 0.151554
vt 0.899801 0.160093
vt 0.276069 0.958974
vt 0.274316 0.962204
vt 0.266499 0.957822
vt 0.268449 0.953924
vt 0.918968 0.148696
vt 0.919796 0.1568
vt 0.29099 0.97219
vt 0.289345 0.973856
vt 0.283213 0.968308
vt 0.28492 0.966516
vt 0.713974 0.282909
vt 0.704892 0.31501
vt 0.686883 0.311036
vt 0.698941 0.274989
vt 0.668606 0.307311
vt 0.68329 0.26669
vt 0.746457 0.299071
vt 0.739062 0.32272
vt 0.721123 0.317899
vt 0.728926 0.28975
vt 0.792019 0.319302
vt 0.78829 0.331058
vt 0.772835 0.328631
vt 0.777861 0.313363
vt 0.756964 0.325404
vt 0.762578 0.306587
vt 0.85576 0.374439
vt 0.844793 0.376702
vt 0.844741 0.371374
vt 0.856162 0.368683
vt 0.833449 0.380329
vt 0.832327 0.37501
vt 0.757613 0.36607
vt 0.754528 0.347154
vt 0.771008 0.345933
vt 0.773326 0.359844
vt 0.866873 0.373225
vt 0.867639 0.36616
vt 0.852349 0.276388
vt 0.837743 0.277881
vt 0.831919 0.262987
vt 0.848724 0.259976
vt 0.736851 0.349392
vt 0.741245 0.374355
vt 0.824757 0.246755
vt 0.842713 0.242859
vt 0.916564 0.391797
vt 0.905735 0.380839
vt 0.334198 0.958422
vt 0.914393 0.310305
vt 0.904733 0.287321
vt 0.899868 0.259287
vt 0.894047 0.23677
vt 0.887554 0.216827
vt 0.88215 0.199088
vt 0.864391 0.426625
vt 0.860773 0.430911
vt 0.856924 0.425157
vt 0.860031 0.420833
vt 0.842788 0.432708
vt 0.843847 0.42995
vt 0.851872 0.431392
vt 0.854708 0.436057
vt 0.845204 0.4265
vt 0.84835 0.428294
vt 0.846567 0.431267
vt 0.857663 0.433718
vt 0.854157 0.428685
vt 0.897582 0.363801
vt 0.901988 0.353901
vt 0.892866 0.373933
vt 0.38053 0.918514
vt 0.38053 0.869364
vt 0.95964 0.4759
vt 0.958195 0.467185
vt 0.955918 0.456737
vt 0.951791 0.444568
vt 0.955457 0.441129
vt 0.959342 0.454614
vt 0.960366 0.436513
vt 0.965205 0.451175
vt 0.950238 0.428777
vt 0.946312 0.432824
vt 0.954608 0.423891
vt 0.366081 0.949479
vt 0.364507 0.943506
vt 0.368249 0.943499
vt 0.369631 0.94961
vt 0.371789 0.932218
vt 0.354471 0.890891
vt 0.346985 0.874491
vt 0.359246 0.906483
vt 0.372449 0.943634
vt 0.373263 0.949928
vt 0.966981 0.43
vt 0.97317 0.445621
vt 0.960827 0.417699
vt 0.968866 0.409273
vt 0.975526 0.420305
vt 0.932433 0.413482
vt 0.924788 0.403219
vt 0.35774 0.943591
vt 0.359555 0.948921
vt 0.356141 0.948815
vt 0.35448 0.943886
vt 0.349336 0.909462
vt 0.353075 0.923064
vt 0.342879 0.894985
vt 0.331657 0.882802
vt 0.946355 0.386703
vt 0.939381 0.375032
vt 0.94822 0.369133
vt 0.954696 0.379759
vt 0.917865 0.34793
vt 0.910544 0.33389
vt 0.922067 0.328466
vt 0.930363 0.34305
vt 0.951497 0.397335
vt 0.959328 0.389714
vt 0.92952 0.361664
vt 0.93973 0.356865
vt 0.903768 0.31892
vt 0.804633 0.32392
vt 0.801391 0.334068
vt 0.815504 0.327837
vt 0.813398 0.335433
vt 0.867277 0.359625
vt 0.856304 0.363446
vt 0.643204 0.30392
vt 0.662865 0.255739
vt 0.8811 0.363912
vt 0.880812 0.353272
vt 0.772307 0.266788
vt 0.758672 0.280985
vt 0.744232 0.269063
vt 0.761166 0.253513
vt 0.895369 0.305051
vt 0.863528 0.166317
vt 0.862047 0.156257
vt 0.870412 0.155382
vt 0.872755 0.165014
vt 0.846832 0.186404
vt 0.830179 0.190824
vt 0.82791 0.173392
vt 0.845317 0.169321
vt 0.849916 0.204996
vt 0.834104 0.208657
vt 0.87749 0.218812
vt 0.872003 0.200964
vt 0.883038 0.238444
vt 0.888133 0.259101
vt 0.891295 0.282089
vt 0.888701 0.179003
vt 0.876851 0.181555
vt 0.814371 0.266168
vt 0.806209 0.251377
vt 0.804849 0.181146
vt 0.780688 0.189089
vt 0.773625 0.17075
vt 0.800678 0.163929
vt 0.821823 0.279795
vt 0.817819 0.23093
vt 0.797875 0.236446
vt 0.791235 0.221616
vt 0.812665 0.21484
vt 0.841874 0.289913
vt 0.829306 0.291814
vt 0.812885 0.297183
vt 0.804427 0.304046
vt 0.794559 0.291818
vt 0.805822 0.284459
vt 0.787321 0.256976
vt 0.77809 0.242932
vt 0.796831 0.271074
vt 0.78337 0.279348
vt 0.75431 0.199048
vt 0.728721 0.215411
vt 0.716101 0.199117
vt 0.745033 0.182318
vt 0.750943 0.241688
vt 0.770221 0.229715
vt 0.73168 0.25882
vt 0.797725 0.311115
vt 0.785067 0.300924
vt 0.772073 0.291397
vt 0.70617 0.235764
vt 0.687931 0.222737
vt 0.702582 0.443697
vt 0.690115 0.457404
vt 0.660913 0.421668
vt 0.680666 0.409965
vt 0.736517 0.404615
vt 0.724828 0.416851
vt 0.774343 0.436495
vt 0.765132 0.431382
vt 0.772036 0.416827
vt 0.781164 0.403167
vt 0.79161 0.391693
vt 0.694494 0.401835
vt 0.683639 0.356204
vt 0.837096 0.226036
vt 0.777714 0.474991
vt 0.78466 0.475601
vt 0.784338 0.483168
vt 0.777294 0.483168
vt 0.77065 0.450369
vt 0.759897 0.446053
vt 0.775257 0.397685
vt 0.765312 0.41155
vt 0.786274 0.386326
vt 0.808348 0.198366
vt 0.776954 0.371075
vt 0.763078 0.380392
vt 0.74905 0.392327
vt 0.757058 0.426348
vt 0.983347 0.434787
vt 0.898936 0.339267
vt 0.894603 0.325739
vt 0.887908 0.315226
vt 0.886949 0.298205
vt 0.845594 0.300055
vt 0.835497 0.302104
vt 0.820043 0.307498
vt 0.813895 0.313401
vt 0.808234 0.318349
vt 0.769429 0.390786
vt 0.757908 0.404398
vt 0.781282 0.379837
vt 0.826218 0.160223
vt 0.748049 0.418656
vt 0.741177 0.468783
vt 0.753179 0.472298
vt 0.752724 0.483168
vt 0.739903 0.483168
vt 0.294042 0.968422
vt 0.287463 0.962192
vt 0.641249 0.365449
vt 0.666748 0.359717
vt 0.866463 0.290918
vt 0.865012 0.301236
vt 0.85585 0.300024
vt 0.855271 0.289964
vt 0.713168 0.431509
vt 0.739961 0.43296
vt 0.733428 0.449577
vt 0.767429 0.474203
vt 0.766813 0.483168
vt 0.786024 0.205875
vt 0.903154 0.175904
vt 0.923325 0.172603
vt 0.71925 0.247776
vt 0.727882 0.463274
vt 0.722239 0.483168
vt 0.278364 0.95437
vt 0.270377 0.948845
vt 0.762606 0.214721
vt 0.740139 0.229003
vt 0.750479 0.440755
vt 0.930204 0.483166
vt 0.927213 0.483164
vt 0.933476 0.483168
vt 0.38053 0.952212
vt 0.993515 0.483168
vt 0.977509 0.483168
vt 0.968807 0.483168
vt 0.962962 0.483168
vt 0.959584 0.483168
vt 0.84991 0.46332
vt 0.851461 0.464702
vt 0.84861 0.467824
vt 0.847262 0.465825
vt 0.942962 0.436223
vt 0.948856 0.446855
vt 0.953225 0.458114
vt 0.955402 0.467945
vt 0.956678 0.476089
vt 0.355837 0.933852
vt 0.35203 0.935051
vt 0.847052 0.30851
vt 0.839235 0.310053
vt 0.827371 0.31451
vt 0.821997 0.318784
vt 0.755756 0.461114
vt 0.769221 0.464546
vt 0.745037 0.45668
vt 0.835586 0.447908
vt 0.837004 0.447869
vt 0.837023 0.450538
vt 0.835555 0.450797
vt 0.837298 0.441324
vt 0.836263 0.441089
vt 0.837067 0.440462
vt 0.837964 0.440861
vt 0.83688 0.441849
vt 0.835841 0.441687
vt 0.836576 0.443232
vt 0.835244 0.44325
vt 0.83581 0.445294
vt 0.834575 0.445344
vt 0.836302 0.453681
vt 0.841065 0.457875
vt 0.840673 0.459155
vt 0.838778 0.458245
vt 0.838943 0.457127
vt 0.839445 0.457329
vt 0.839605 0.458627
vt 0.840099 0.459343
vt 0.842216 0.455802
vt 0.842703 0.456146
vt 0.842208 0.457092
vt 0.84164 0.456714
vt 0.842576 0.451946
vt 0.843491 0.452185
vt 0.843235 0.454629
vt 0.842324 0.454341
vt 0.837988 0.4577
vt 0.842696 0.449795
vt 0.843718 0.449792
vt 0.837345 0.456243
vt 0.841781 0.443203
vt 0.842362 0.442706
vt 0.843127 0.44454
vt 0.842277 0.44486
vt 0.840292 0.441263
vt 0.840761 0.440951
vt 0.841292 0.441351
vt 0.840967 0.441589
vt 0.838972 0.440995
vt 0.838976 0.440301
vt 0.839937 0.440559
vt 0.839643 0.441111
vt 0.83854 0.440915
vt 0.838091 0.440164
vt 0.839288 0.449867
vt 0.841498 0.449735
vt 0.84152 0.451929
vt 0.839607 0.451985
vt 0.839783 0.443946
vt 0.840968 0.443671
vt 0.841286 0.445246
vt 0.839835 0.445128
vt 0.838902 0.44263
vt 0.838749 0.441881
vt 0.838934 0.441814
vt 0.838989 0.442585
vt 0.838371 0.447587
vt 0.837193 0.445417
vt 0.838658 0.445224
vt 0.839603 0.455496
vt 0.838563 0.45675
vt 0.838236 0.455713
vt 0.839392 0.455042
vt 0.841491 0.453992
vt 0.84011 0.454244
vt 0.839056 0.441796
vt 0.839081 0.442598
vt 0.837722 0.443665
vt 0.838778 0.443971
vt 0.839747 0.455736
vt 0.839892 0.455942
vt 0.840209 0.454991
vt 0.841382 0.455371
vt 0.841316 0.456138
vt 0.840228 0.45548
vt 0.839405 0.441815
vt 0.839172 0.44267
vt 0.838293 0.442646
vt 0.838836 0.443092
vt 0.839973 0.456059
vt 0.839937 0.457508
vt 0.839231 0.44278
vt 0.839803 0.441938
vt 0.840328 0.442375
vt 0.839325 0.442932
vt 0.838502 0.442162
vt 0.838848 0.442773
vt 0.840143 0.456076
vt 0.840432 0.457337
vt 0.83871 0.452971
vt 0.837434 0.453377
vt 0.838277 0.45016
vt 0.84023 0.455877
vt 0.84094 0.456738
vt 0.064011 0.600965
vt 0.076822 0.599128
vt 0.074352 0.616041
vt 0.059879 0.608573
vt 0.041719 0.566625
vt 0.041797 0.547391
vt 0.055891 0.551327
vt 0.047936 0.568049
vt 0.023252 0.576141
vt 0.011809 0.571181
vt 0.014971 0.561919
vt 0.027436 0.571398
vt 0.021091 0.59973
vt 0.01383 0.599323
vt 0.013442 0.595923
vt 0.020167 0.595914
vt 0.044181 0.615721
vt 0.04194 0.632858
vt 0.026629 0.626557
vt 0.036391 0.614846
vt 0.06473 0.594028
vt 0.073747 0.589692
vt 0.065818 0.564817
vt 0.052598 0.570703
vt 0.013328 0.593275
vt 0.01977 0.592365
vt 0.019531 0.617443
vt 0.030257 0.611797
vt 0.072889 0.586239
vt 0.063417 0.589336
vt 0.061567 0.586256
vt 0.071237 0.583094
vt 0.054865 0.573314
vt 0.066488 0.568809
vt 0.066498 0.571167
vt 0.056632 0.575931
vt 0.013632 0.59142
vt 0.019889 0.589117
vt 0.015593 0.608627
vt 0.025738 0.607821
vt 0.059941 0.584064
vt 0.069065 0.580762
vt 0.020034 0.585756
vt 0.012347 0.588029
vt 0.011809 0.584484
vt 0.020706 0.581731
vt 0.014451 0.604052
vt 0.022902 0.603788
vt 0.059006 0.58199
vt 0.068276 0.579764
vt 0.059876 0.63154
vt 0.052384 0.613671
vt 0.058052 0.579379
vt 0.06782 0.577067
vt 0.055518 0.583534
vt 0.056531 0.585423
vt 0.053632 0.603101
vt 0.04879 0.606299
vt 0.029285 0.599839
vt 0.027998 0.597086
vt 0.043484 0.607451
vt 0.054142 0.581501
vt 0.056913 0.598573
vt 0.041339 0.573483
vt 0.045937 0.574344
vt 0.028698 0.580933
vt 0.031522 0.577488
vt 0.027297 0.594451
vt 0.038503 0.606969
vt 0.05802 0.593948
vt 0.048992 0.575913
vt 0.026932 0.591875
vt 0.034345 0.605198
vt 0.057817 0.59029
vt 0.057275 0.587558
vt 0.050849 0.577424
vt 0.052481 0.579135
vt 0.026769 0.589451
vt 0.031282 0.602643
vt 0.026862 0.587213
vt 0.027272 0.584506
vt 0.043214 0.602897
vt 0.039653 0.602699
vt 0.054149 0.593515
vt 0.052873 0.596799
vt 0.0448 0.57798
vt 0.047162 0.578906
vt 0.030806 0.593608
vt 0.030455 0.591518
vt 0.036586 0.60157
vt 0.054443 0.590631
vt 0.05417 0.588333
vt 0.048709 0.579889
vt 0.050181 0.581119
vt 0.030413 0.589523
vt 0.034203 0.599831
vt 0.053629 0.586474
vt 0.030533 0.587775
vt 0.030964 0.585822
vt 0.032513 0.597817
vt 0.052856 0.584812
vt 0.050349 0.599856
vt 0.046923 0.601944
vt 0.031479 0.5957
vt 0.051767 0.582978
vt 0.041373 0.577623
vt 0.03206 0.583301
vt 0.034107 0.580749
vt 0.043122 0.600459
vt 0.046011 0.599657
vt 0.050381 0.583892
vt 0.05143 0.585525
vt 0.05079 0.595753
vt 0.04872 0.598074
vt 0.041484 0.579851
vt 0.044279 0.579998
vt 0.033898 0.584534
vt 0.035569 0.582494
vt 0.033324 0.594924
vt 0.032704 0.593118
vt 0.040296 0.600378
vt 0.052023 0.5932
vt 0.046236 0.580618
vt 0.0324 0.591282
vt 0.037808 0.599576
vt 0.052495 0.590809
vt 0.052441 0.588774
vt 0.047569 0.581322
vt 0.048892 0.582304
vt 0.032368 0.589559
vt 0.035812 0.598258
vt 0.052066 0.587072
vt 0.032558 0.588097
vt 0.032958 0.586531
vt 0.034332 0.596655
vt 0.036812 0.59723
vt 0.035467 0.595897
vt 0.034519 0.594404
vt 0.033924 0.592807
vt 0.033623 0.589627
vt 0.033622 0.591161
vt 0.0495 0.584564
vt 0.050459 0.58606
vt 0.034186 0.587029
vt 0.033798 0.588357
vt 0.036499 0.583615
vt 0.035035 0.585349
vt 0.04404 0.581307
vt 0.041618 0.581275
vt 0.04308 0.598911
vt 0.040702 0.5989
vt 0.045741 0.581761
vt 0.047747 0.596888
vt 0.049527 0.595037
vt 0.051021 0.587505
vt 0.051212 0.590903
vt 0.051277 0.589084
vt 0.04692 0.58232
vt 0.048114 0.583158
vt 0.050674 0.592942
vt 0.045506 0.59823
vt 0.038571 0.598288
vt 0.037609 0.596364
vt 0.039177 0.597227
vt 0.050134 0.590945
vt 0.050277 0.589325
vt 0.049594 0.592686
vt 0.046442 0.583208
vt 0.045401 0.582741
vt 0.043891 0.582416
vt 0.041761 0.582456
vt 0.047005 0.595932
vt 0.048557 0.594419
vt 0.034667 0.589733
vt 0.034685 0.591091
vt 0.041018 0.5977
vt 0.043042 0.597673
vt 0.034834 0.588629
vt 0.036389 0.595249
vt 0.045104 0.597067
vt 0.050106 0.587881
vt 0.04963 0.586557
vt 0.037273 0.584547
vt 0.035972 0.586051
vt 0.035521 0.593968
vt 0.048765 0.585208
vt 0.034958 0.592562
vt 0.035196 0.587494
vt 0.03591 0.588921
vt 0.035773 0.58985
vt 0.037303 0.594553
vt 0.038383 0.595458
vt 0.046313 0.595004
vt 0.04764 0.593783
vt 0.048743 0.587089
vt 0.047984 0.585909
vt 0.049128 0.588245
vt 0.038059 0.585453
vt 0.036928 0.586751
vt 0.036542 0.593493
vt 0.04298 0.596491
vt 0.044705 0.59596
vt 0.049221 0.589513
vt 0.04505 0.583774
vt 0.043736 0.583546
vt 0.03606 0.592295
vt 0.049042 0.590921
vt 0.048543 0.592383
vt 0.036235 0.587969
vt 0.035811 0.591019
vt 0.039746 0.596158
vt 0.041298 0.596536
vt 0.04596 0.584141
vt 0.041887 0.583632
vt 0.047862 0.588644
vt 0.047572 0.58771
vt 0.038969 0.586443
vt 0.038049 0.587485
vt 0.037744 0.592848
vt 0.038355 0.593664
vt 0.04285 0.595164
vt 0.0442 0.594728
vt 0.047894 0.589678
vt 0.044564 0.584986
vt 0.043476 0.584841
vt 0.037384 0.591888
vt 0.047711 0.590824
vt 0.047298 0.591981
vt 0.037469 0.588451
vt 0.037186 0.590862
vt 0.040335 0.594896
vt 0.04155 0.595202
vt 0.046571 0.593057
vt 0.045313 0.585264
vt 0.041978 0.584947
vt 0.037113 0.589933
vt 0.039234 0.594349
vt 0.045501 0.593993
vt 0.037191 0.5892
vt 0.046951 0.586748
vt 0.040904 0.588885
vt 0.039047 0.588871
vt 0.039431 0.588208
vt 0.041019 0.588512
vt 0.038878 0.589387
vt 0.040899 0.589212
vt 0.040987 0.589591
vt 0.038851 0.589905
vt 0.045155 0.592214
vt 0.043545 0.591648
vt 0.043696 0.591226
vt 0.045646 0.591485
vt 0.041785 0.591731
vt 0.040314 0.592972
vt 0.039718 0.592496
vt 0.041528 0.591376
vt 0.042005 0.586409
vt 0.041955 0.587496
vt 0.041334 0.587719
vt 0.04084 0.586818
vt 0.042075 0.592034
vt 0.041048 0.593359
vt 0.043013 0.586355
vt 0.042284 0.587678
vt 0.040025 0.587477
vt 0.04118 0.588106
vt 0.043305 0.592011
vt 0.044439 0.592841
vt 0.043579 0.593342
vt 0.043079 0.592346
vt 0.039308 0.591933
vt 0.04134 0.590965
vt 0.042594 0.592492
vt 0.042667 0.593634
vt 0.041836 0.593603
vt 0.042349 0.592274
vt 0.043028 0.588366
vt 0.044791 0.587072
vt 0.045412 0.587753
vt 0.043358 0.588807
vt 0.043759 0.586462
vt 0.042574 0.587868
vt 0.045865 0.588442
vt 0.04361 0.589272
vt 0.039069 0.591269
vt 0.041212 0.590512
vt 0.042785 0.588077
vt 0.044271 0.58667
vt 0.038922 0.590555
vt 0.041098 0.590039
vt 0.046061 0.589119
vt 0.043742 0.589739
vt 0.045926 0.590681
vt 0.043762 0.590743
vt 0.043781 0.590233
vt 0.046066 0.589864
vt 0.040263 0.58552
vt 0.852747 0.421052
vt 0.855326 0.416671
vt 0.878458 0.372501
vt 0.881629 0.340418
vt 0.850477 0.425011
vt 0.844932 0.433846
vt 0.842973 0.438054
vt 0.84387 0.436185
vt 0.842181 0.439833
vt 0.84173 0.441016
vt 0.269293 0.858633
vt 0.250662 0.848891
vt 0.257625 0.840623
vt 0.275868 0.850176
vt 0.235094 0.84165
vt 0.241048 0.834484
vt 0.222443 0.835771
vt 0.229287 0.828387
vt 0.21271 0.832788
vt 0.218196 0.825026
vt 0.205374 0.831297
vt 0.209718 0.823323
vt 0.199403 0.829973
vt 0.194062 0.829214
vt 0.197934 0.820587
vt 0.203403 0.821619
vt 0.188239 0.828307
vt 0.192198 0.819224
vt 0.181317 0.827495
vt 0.185274 0.818181
vt 0.173169 0.826409
vt 0.176109 0.817227
vt 0.265689 0.833251
vt 0.283617 0.84231
vt 0.250181 0.827996
vt 0.238179 0.821965
vt 0.226783 0.816826
vt 0.217321 0.814007
vt 0.20368 0.810138
vt 0.20998 0.811847
vt 0.197544 0.808793
vt 0.189642 0.807559
vt 0.180108 0.806761
vt 0.291691 0.82057
vt 0.273261 0.814528
vt 0.28675 0.80702
vt 0.312087 0.813543
vt 0.258693 0.809061
vt 0.268553 0.801274
vt 0.246538 0.802595
vt 0.254966 0.794025
vt 0.235512 0.796789
vt 0.242288 0.787688
vt 0.226204 0.791419
vt 0.218086 0.787721
vt 0.221679 0.775454
vt 0.231871 0.781576
vt 0.210435 0.784703
vt 0.209829 0.767216
vt 0.200787 0.784213
vt 0.199981 0.767989
vt 0.185773 0.786111
vt 0.186383 0.772143
vt 0.338182 0.812879
vt 0.339132 0.80109
vt 0.359055 0.80169
vt 0.35893 0.8119
vt 0.296851 0.798129
vt 0.318915 0.801399
vt 0.277207 0.792261
vt 0.261553 0.78442
vt 0.247833 0.777824
vt 0.225704 0.764859
vt 0.23673 0.771641
vt 0.214006 0.757072
vt 0.198891 0.753051
vt 0.20216 0.747728
vt 0.183402 0.759602
vt 0.192827 0.756018
vt 0.38053 0.800363
vt 0.38053 0.810403
vt 0.371218 0.811051
vt 0.371397 0.800979
vt 0.304758 0.789362
vt 0.324629 0.791511
vt 0.284503 0.783581
vt 0.267461 0.775892
vt 0.253687 0.769215
vt 0.230237 0.755981
vt 0.242059 0.762613
vt 0.217731 0.749528
vt 0.183377 0.748014
vt 0.187962 0.743727
vt 0.31149 0.779949
vt 0.329918 0.78153
vt 0.290721 0.774102
vt 0.273547 0.766452
vt 0.260288 0.760089
vt 0.235886 0.746939
vt 0.248415 0.753505
vt 0.222401 0.741441
vt 0.20489 0.742222
vt 0.208397 0.73535
vt 0.316075 0.769955
vt 0.333298 0.772737
vt 0.295838 0.763512
vt 0.279859 0.755606
vt 0.268046 0.749659
vt 0.242987 0.736461
vt 0.256259 0.743627
vt 0.228481 0.731269
vt 0.21288 0.726121
vt 0.38053 0.773064
vt 0.371258 0.776475
vt 0.371621 0.765129
vt 0.38053 0.760407
vt 0.320649 0.758363
vt 0.336921 0.760037
vt 0.300974 0.752407
vt 0.287205 0.744378
vt 0.277458 0.736985
vt 0.25147 0.723519
vt 0.266126 0.731681
vt 0.235447 0.71764
vt 0.218345 0.713378
vt 0.374353 0.745493
vt 0.38053 0.743162
vt 0.38053 0.791168
vt 0.371324 0.791304
vt 0.317956 0.870535
vt 0.309444 0.875106
vt 0.263631 0.865612
vt 0.24586 0.856433
vt 0.230868 0.84903
vt 0.217949 0.843636
vt 0.209124 0.84079
vt 0.202662 0.839153
vt 0.19705 0.837859
vt 0.191701 0.836907
vt 0.185685 0.835759
vt 0.179086 0.834892
vt 0.171251 0.834837
vt 0.36005 0.791926
vt 0.363859 0.768079
vt 0.366368 0.750475
vt 0.324051 0.826969
vt 0.34248 0.824726
vt 0.361696 0.779261
vt 0.358276 0.823324
vt 0.307991 0.831184
vt 0.355998 0.852895
vt 0.346304 0.856262
vt 0.365083 0.851835
vt 0.336444 0.860941
vt 0.286102 0.868548
vt 0.294459 0.862102
vt 0.301842 0.879958
vt 0.295751 0.88348
vt 0.270345 0.910563
vt 0.268054 0.918966
vt 0.263571 0.94453
vt 0.262385 0.950945
vt 0.273177 0.90363
vt 0.261378 0.956178
vt 0.264291 0.937236
vt 0.277115 0.897718
vt 0.28853 0.887771
vt 0.282163 0.892732
vt 0.26537 0.929347
vt 0.266288 0.884166
vt 0.262174 0.889523
vt 0.256689 0.924107
vt 0.256659 0.933204
vt 0.272079 0.87913
vt 0.257976 0.912699
vt 0.258287 0.903252
vt 0.2598 0.896055
vt 0.256506 0.941205
vt 0.256058 0.948783
vt 0.255158 0.954843
vt 0.249585 0.947285
vt 0.24921 0.95437
vt 0.248307 0.899039
vt 0.248859 0.907926
vt 0.248856 0.919288
vt 0.249329 0.92945
vt 0.256962 0.871015
vt 0.252564 0.876945
vt 0.249454 0.938536
vt 0.249399 0.883237
vt 0.248269 0.89075
vt 0.302702 0.857885
vt 0.348339 0.837644
vt 0.336393 0.841004
vt 0.360042 0.836272
vt 0.324827 0.847386
vt 0.278581 0.874128
vt 0.37553 0.850719
vt 0.38053 0.85179
vt 0.371533 0.835724
vt 0.38053 0.838656
vt 0.370471 0.822631
vt 0.38053 0.822414
vt 0.341991 0.791681
vt 0.344767 0.781917
vt 0.348167 0.771751
vt 0.351834 0.758673
vt 0.243178 0.946783
vt 0.243165 0.954552
vt 0.238605 0.869624
vt 0.237369 0.877606
vt 0.242886 0.937001
vt 0.242373 0.926688
vt 0.237846 0.886514
vt 0.239178 0.896045
vt 0.240733 0.906235
vt 0.241596 0.916621
vt 0.241224 0.862617
vt 0.230623 0.893834
vt 0.233057 0.905627
vt 0.234531 0.916394
vt 0.235734 0.925995
vt 0.226712 0.855873
vt 0.224944 0.863414
vt 0.237252 0.94768
vt 0.237613 0.955185
vt 0.225952 0.872772
vt 0.236574 0.937415
vt 0.228094 0.882642
vt 0.225739 0.906539
vt 0.21925 0.910581
vt 0.216083 0.900041
vt 0.221393 0.89219
vt 0.155883 0.692159
vt 0.160402 0.685655
vt 0.167293 0.691813
vt 0.161812 0.699316
vt 0.213213 0.91465
vt 0.210729 0.905797
vt 0.147746 0.702481
vt 0.151589 0.697208
vt 0.157557 0.704464
vt 0.152965 0.709724
vt 0.227694 0.918172
vt 0.2212 0.920865
vt 0.149705 0.685835
vt 0.154456 0.680131
vt 0.214939 0.92338
vt 0.142109 0.695962
vt 0.145689 0.690506
vt 0.228942 0.928981
vt 0.222885 0.931768
vt 0.144519 0.680972
vt 0.14908 0.675535
vt 0.217099 0.933922
vt 0.137133 0.689793
vt 0.140576 0.685571
vt 0.23035 0.938797
vt 0.223908 0.940438
vt 0.139419 0.676273
vt 0.143968 0.671106
vt 0.218069 0.942097
vt 0.132074 0.684607
vt 0.135501 0.680603
vt 0.231124 0.947867
vt 0.224881 0.948791
vt 0.133853 0.672051
vt 0.138771 0.666424
vt 0.218816 0.95008
vt 0.126751 0.679482
vt 0.130058 0.675935
vt 0.231907 0.956092
vt 0.22594 0.957217
vt 0.127244 0.666495
vt 0.132177 0.660616
vt 0.22077 0.9583
vt 0.120482 0.674153
vt 0.123704 0.670501
vt 0.214819 0.851677
vt 0.215132 0.860479
vt 0.216349 0.869244
vt 0.219095 0.879025
vt 0.19358 0.882926
vt 0.192221 0.888133
vt 0.188353 0.88646
vt 0.188917 0.8816
vt 0.206655 0.849193
vt 0.207106 0.858011
vt 0.163651 0.711209
vt 0.169256 0.705615
vt 0.177561 0.712006
vt 0.171058 0.718624
vt 0.208689 0.866323
vt 0.175121 0.698584
vt 0.183562 0.704652
vt 0.211302 0.874785
vt 0.19987 0.884493
vt 0.198478 0.890226
vt 0.183712 0.722899
vt 0.18112 0.728431
vt 0.171072 0.725074
vt 0.161296 0.721115
vt 0.163652 0.725397
vt 0.200883 0.847464
vt 0.200766 0.856134
vt 0.188205 0.716135
vt 0.202713 0.864312
vt 0.193235 0.708151
vt 0.204888 0.87212
vt 0.212937 0.884074
vt 0.20632 0.879925
vt 0.21116 0.892042
vt 0.205696 0.887193
vt 0.171418 0.729346
vt 0.165601 0.728901
vt 0.179751 0.732778
vt 0.195728 0.846097
vt 0.196011 0.854732
vt 0.197587 0.863008
vt 0.199209 0.870608
vt 0.200234 0.877823
vt 0.188795 0.875913
vt 0.19416 0.87661
vt 0.171418 0.733983
vt 0.166622 0.732563
vt 0.178203 0.737541
vt 0.18476 0.844306
vt 0.190548 0.845082
vt 0.191026 0.853698
vt 0.185338 0.853052
vt 0.192356 0.734746
vt 0.190393 0.739406
vt 0.192439 0.862058
vt 0.186503 0.861308
vt 0.193543 0.869639
vt 0.187882 0.869023
vt 0.181646 0.874439
vt 0.182502 0.879595
vt 0.169732 0.739673
vt 0.166195 0.737158
vt 0.174944 0.743662
vt 0.178294 0.843784
vt 0.17883 0.852755
vt 0.179871 0.860988
vt 0.180745 0.868246
vt 0.172498 0.867288
vt 0.173031 0.872998
vt 0.173734 0.8776
vt 0.166033 0.745831
vt 0.163458 0.742561
vt 0.169104 0.749346
vt 0.170816 0.843379
vt 0.171265 0.852227
vt 0.177093 0.753595
vt 0.17182 0.860385
vt 0.1949 0.72866
vt 0.198881 0.720759
vt 0.202979 0.893374
vt 0.182486 0.884064
vt 0.174197 0.881576
vt 0.157432 0.715855
vt 0.203624 0.710656
vt 0.207243 0.898439
vt 0.161097 0.755372
vt 0.158761 0.75162
vt 0.161829 0.842656
vt 0.162272 0.851146
vt 0.162853 0.825509
vt 0.164889 0.816281
vt 0.165348 0.759923
vt 0.164278 0.879713
vt 0.163938 0.875763
vt 0.163058 0.85922
vt 0.166661 0.807596
vt 0.163286 0.865815
vt 0.161948 0.83466
vt 0.163509 0.871413
vt 0.169666 0.788799
vt 0.170908 0.777971
vt 0.15664 0.748998
vt 0.168583 0.767366
vt 0.150432 0.760202
vt 0.148693 0.756752
vt 0.152105 0.841818
vt 0.152541 0.850117
vt 0.153259 0.81615
vt 0.153143 0.807441
vt 0.151978 0.764704
vt 0.153123 0.85784
vt 0.153857 0.772162
vt 0.153483 0.864437
vt 0.152162 0.833502
vt 0.153778 0.869624
vt 0.155989 0.791348
vt 0.155185 0.782459
vt 0.154337 0.877854
vt 0.154101 0.873784
vt 0.147103 0.754124
vt 0.152258 0.824327
vt 0.141133 0.768221
vt 0.140186 0.763493
vt 0.142986 0.848905
vt 0.144035 0.856507
vt 0.142656 0.7756
vt 0.144262 0.862541
vt 0.142947 0.832494
vt 0.142566 0.840429
vt 0.144464 0.86769
vt 0.142522 0.792813
vt 0.143699 0.784359
vt 0.145205 0.875458
vt 0.144909 0.871475
vt 0.139101 0.760097
vt 0.137966 0.757185
vt 0.142345 0.82413
vt 0.141774 0.815691
vt 0.140556 0.807941
vt 0.132522 0.777465
vt 0.132215 0.770058
vt 0.135526 0.854712
vt 0.135608 0.860412
vt 0.134369 0.831794
vt 0.134136 0.839307
vt 0.135913 0.865238
vt 0.131654 0.793872
vt 0.132027 0.785772
vt 0.136931 0.873233
vt 0.136211 0.869062
vt 0.130826 0.761962
vt 0.130087 0.759222
vt 0.133911 0.823839
vt 0.133034 0.815164
vt 0.131545 0.76516
vt 0.134635 0.847036
vt 0.132481 0.808286
vt 0.325918 0.696282
vt 0.325225 0.696122
vt 0.325271 0.694914
vt 0.326485 0.695189
vt 0.32371 0.698929
vt 0.324255 0.699347
vt 0.323606 0.700489
vt 0.322669 0.699751
vt 0.324526 0.696209
vt 0.324068 0.695074
vt 0.324935 0.699535
vt 0.324795 0.700829
vt 0.323906 0.696541
vt 0.323016 0.695638
vt 0.325646 0.699452
vt 0.326036 0.700702
vt 0.323485 0.69706
vt 0.322294 0.696527
vt 0.326932 0.697937
vt 0.326847 0.697267
vt 0.32812 0.696876
vt 0.328273 0.698039
vt 0.326278 0.69912
vt 0.327138 0.700124
vt 0.323295 0.697694
vt 0.321973 0.697611
vt 0.326491 0.696684
vt 0.32749 0.695879
vt 0.326732 0.69859
vt 0.32793 0.699177
vt 0.323372 0.698352
vt 0.322091 0.698737
vt 0.32535 0.692293
vt 0.327872 0.692842
vt 0.321888 0.703791
vt 0.319988 0.702207
vt 0.322866 0.69265
vt 0.324337 0.704564
vt 0.320695 0.6938
vt 0.326942 0.704333
vt 0.319288 0.695629
vt 0.331298 0.696326
vt 0.331637 0.698756
vt 0.329283 0.703139
vt 0.318654 0.697814
vt 0.329981 0.694263
vt 0.330933 0.701159
vt 0.318869 0.700104
vt 0.324374 0.713549
vt 0.318982 0.711853
vt 0.316682 0.691905
vt 0.321175 0.6896
vt 0.330147 0.713219
vt 0.313372 0.69536
vt 0.339548 0.697069
vt 0.340372 0.702022
vt 0.335277 0.710831
vt 0.312114 0.699601
vt 0.336587 0.69289
vt 0.338903 0.706951
vt 0.312306 0.704197
vt 0.331984 0.69011
vt 0.31486 0.708448
vt 0.326506 0.6887
vt 0.311358 0.71344
vt 0.316987 0.718055
vt 0.314645 0.725977
vt 0.307605 0.718656
vt 0.327265 0.686231
vt 0.319973 0.687212
vt 0.318234 0.684231
vt 0.328487 0.683537
vt 0.324313 0.720524
vt 0.323942 0.729704
vt 0.313015 0.689844
vt 0.308354 0.687709
vt 0.332171 0.720201
vt 0.334188 0.730246
vt 0.30915 0.694913
vt 0.3025 0.694613
vt 0.346073 0.705114
vt 0.344959 0.698346
vt 0.35221 0.699863
vt 0.353483 0.708546
vt 0.339153 0.717059
vt 0.3443 0.725898
vt 0.3069 0.701443
vt 0.300836 0.703323
vt 0.340928 0.692603
vt 0.347755 0.69228
vt 0.344044 0.711763
vt 0.35148 0.717877
vt 0.307408 0.707743
vt 0.302508 0.711372
vt 0.335554 0.688421
vt 0.34 0.685837
vt 0.32389 0.738944
vt 0.31101 0.734028
vt 0.303851 0.684958
vt 0.315572 0.680656
vt 0.33663 0.738833
vt 0.294437 0.693746
vt 0.360803 0.700915
vt 0.362763 0.7129
vt 0.348518 0.734452
vt 0.293125 0.705393
vt 0.353608 0.690362
vt 0.359136 0.724467
vt 0.29388 0.719014
vt 0.344331 0.683326
vt 0.301541 0.727222
vt 0.329246 0.679444
vt 0.305619 0.742885
vt 0.294513 0.735458
vt 0.310281 0.674186
vt 0.329924 0.674209
vt 0.32349 0.750222
vt 0.295493 0.681199
vt 0.337184 0.750077
vt 0.284906 0.6926
vt 0.36928 0.700475
vt 0.371002 0.715843
vt 0.351153 0.744644
vt 0.284548 0.708186
vt 0.360394 0.686699
vt 0.367562 0.731323
vt 0.285925 0.725501
vt 0.347732 0.678947
vt 0.374496 0.730693
vt 0.374833 0.715137
vt 0.373055 0.69935
vt 0.369639 0.685893
vt 0.38053 0.730552
vt 0.38053 0.712563
vt 0.38053 0.698992
vt 0.38053 0.685385
vt 0.257073 0.710465
vt 0.270221 0.717656
vt 0.49732 0.039685
vt 0.496928 0.041206
vt 0.494667 0.041049
vt 0.495302 0.039595
vt 0.48785 0.037191
vt 0.487661 0.038434
vt 0.485723 0.037315
vt 0.486118 0.036297
vt 0.492372 0.039006
vt 0.491837 0.040425
vt 0.489601 0.039443
vt 0.489799 0.037942
vt 0.488772 0.048083
vt 0.488008 0.050085
vt 0.484125 0.049555
vt 0.484938 0.047306
vt 0.494501 0.049317
vt 0.493918 0.050862
vt 0.491317 0.050518
vt 0.491943 0.048573
vt 0.482351 0.045974
vt 0.479604 0.047926
vt 0.477326 0.044125
vt 0.47996 0.044196
vt 0.501124 0.030417
vt 0.499717 0.034311
vt 0.497193 0.03382
vt 0.498741 0.030111
vt 0.492201 0.027494
vt 0.490433 0.030903
vt 0.488382 0.030185
vt 0.490463 0.026472
vt 0.496461 0.02944
vt 0.494913 0.033111
vt 0.492544 0.031936
vt 0.494308 0.028554
vt 0.389626 0.160758
vt 0.3897 0.162296
vt 0.386151 0.162629
vt 0.385946 0.160769
vt 0.49132 0.041758
vt 0.488846 0.040994
vt 0.394351 0.160213
vt 0.395027 0.161952
vt 0.393874 0.162152
vt 0.393338 0.160509
vt 0.402017 0.157732
vt 0.401813 0.159742
vt 0.40015 0.160145
vt 0.400124 0.158134
vt 0.481571 0.040087
vt 0.483343 0.04167
vt 0.481359 0.043583
vt 0.479805 0.041974
vt 0.488742 0.025252
vt 0.486608 0.029345
vt 0.47854 0.042326
vt 0.4762 0.04168
vt 0.483965 0.034899
vt 0.483477 0.035928
vt 0.501651 0.038006
vt 0.500382 0.03744
vt 0.501223 0.034521
vt 0.502795 0.034716
vt 0.49907 0.050155
vt 0.49697 0.049655
vt 0.497221 0.047964
vt 0.499163 0.048424
vt 0.497506 0.045771
vt 0.499159 0.046094
vt 0.496585 0.042513
vt 0.494308 0.042319
vt 0.48705 0.040087
vt 0.484971 0.038984
vt 0.494176 0.023315
vt 0.494864 0.021594
vt 0.496549 0.023291
vt 0.496146 0.024518
vt 0.497925 0.025499
vt 0.498214 0.024506
vt 0.500332 0.024991
vt 0.50015 0.026014
vt 0.370331 0.162569
vt 0.373791 0.162843
vt 0.374777 0.163673
vt 0.371885 0.163994
vt 0.502904 0.026453
vt 0.503059 0.024944
vt 0.504692 0.024394
vt 0.504317 0.026236
vt 0.502815 0.023562
vt 0.502559 0.022146
vt 0.504028 0.019811
vt 0.504416 0.022113
vt 0.50416 0.01675
vt 0.504882 0.017349
vt 0.503603 0.019116
vt 0.495237 0.016129
vt 0.497679 0.01503
vt 0.49709 0.017278
vt 0.495257 0.018288
vt 0.367035 0.162887
vt 0.367928 0.16267
vt 0.368669 0.163613
vt 0.367764 0.163818
vt 0.49611 0.020311
vt 0.496906 0.019536
vt 0.497518 0.021705
vt 0.497139 0.02234
vt 0.365683 0.158782
vt 0.366173 0.158633
vt 0.366618 0.160445
vt 0.365792 0.160482
vt 0.498634 0.023587
vt 0.499049 0.022721
vt 0.500788 0.022922
vt 0.500498 0.023952
vt 0.497874 0.02091
vt 0.49928 0.022109
vt 0.501119 0.022067
vt 0.388192 0.152288
vt 0.388659 0.155143
vt 0.385582 0.156121
vt 0.384733 0.153562
vt 0.393056 0.151223
vt 0.393081 0.154069
vt 0.391752 0.154532
vt 0.391506 0.151402
vt 0.401426 0.148308
vt 0.401599 0.151714
vt 0.399825 0.152272
vt 0.399369 0.14934
vt 0.368137 0.158304
vt 0.368801 0.160247
vt 0.497582 0.018979
vt 0.498436 0.014763
vt 0.497844 0.016923
vt 0.505416 0.020797
vt 0.502453 0.021013
vt 0.370519 0.15786
vt 0.373711 0.156958
vt 0.374115 0.159063
vt 0.370796 0.159869
vt 0.505672 0.023849
vt 0.505394 0.025828
vt 0.37598 0.162476
vt 0.376801 0.163501
vt 0.493031 0.018113
vt 0.493815 0.019948
vt 0.493546 0.024521
vt 0.495784 0.025506
vt 0.497622 0.026368
vt 0.499843 0.026993
vt 0.376944 0.156198
vt 0.37855 0.155685
vt 0.379023 0.157921
vt 0.377404 0.158276
vt 0.489442 0.046365
vt 0.485995 0.045856
vt 0.487614 0.043448
vt 0.490356 0.044291
vt 0.397994 0.160942
vt 0.397498 0.159003
vt 0.482836 0.037478
vt 0.498102 0.042728
vt 0.499568 0.042961
vt 0.495171 0.047537
vt 0.492648 0.046881
vt 0.493415 0.045149
vt 0.495697 0.045549
vt 0.483962 0.045158
vt 0.485642 0.04274
vt 0.396611 0.153291
vt 0.396124 0.150173
vt 0.49382 0.035554
vt 0.492975 0.037384
vt 0.490306 0.036456
vt 0.491003 0.034807
vt 0.490259 0.02233
vt 0.491381 0.020231
vt 0.492569 0.021573
vt 0.491681 0.02344
vt 0.4888 0.034272
vt 0.488234 0.035717
vt 0.486496 0.035094
vt 0.487065 0.033652
vt 0.378727 0.161968
vt 0.380104 0.161911
vt 0.380352 0.163105
vt 0.37902 0.163117
vt 0.504101 0.029993
vt 0.502974 0.029805
vt 0.503406 0.029002
vt 0.504423 0.029202
vt 0.392145 0.16066
vt 0.392461 0.162157
vt 0.391268 0.162304
vt 0.391059 0.160766
vt 0.390531 0.151584
vt 0.390799 0.154852
vt 0.389736 0.154967
vt 0.389375 0.152013
vt 0.496304 0.036236
vt 0.495721 0.037963
vt 0.498673 0.03688
vt 0.497894 0.038423
vt 0.484869 0.032401
vt 0.484291 0.033839
vt 0.500557 0.04053
vt 0.498889 0.04011
vt 0.499503 0.038982
vt 0.500969 0.039401
vt 0.502582 0.027884
vt 0.503847 0.028016
vt 0.379507 0.15537
vt 0.380005 0.157609
vt 0.380984 0.161883
vt 0.381205 0.163082
vt 0.504954 0.027991
vt 0.499917 0.041822
vt 0.498407 0.041503
vt 0.501736 0.029502
vt 0.499208 0.028798
vt 0.492686 0.026458
vt 0.490855 0.025473
vt 0.496965 0.028058
vt 0.495024 0.027338
vt 0.489176 0.024535
vt 0.502561 0.030776
vt 0.503789 0.030895
vt 0.38095 0.157324
vt 0.380476 0.155099
vt 0.382162 0.163036
vt 0.381953 0.161828
vt 0.502221 0.028654
vt 0.499548 0.027814
vt 0.493061 0.025527
vt 0.491205 0.024559
vt 0.497346 0.027185
vt 0.495435 0.026391
vt 0.489541 0.023723
vt 0.388977 0.158216
vt 0.385789 0.15835
vt 0.393694 0.157493
vt 0.392629 0.157952
vt 0.401971 0.154864
vt 0.399808 0.155499
vt 0.371999 0.161228
vt 0.369436 0.161607
vt 0.367217 0.161858
vt 0.366526 0.162199
vt 0.374856 0.160598
vt 0.397084 0.156724
vt 0.37942 0.159823
vt 0.377717 0.159817
vt 0.391525 0.158167
vt 0.39038 0.15817
vt 0.380577 0.159729
vt 0.381565 0.159414
vt 0.395743 0.147763
vt 0.392871 0.148913
vt 0.400545 0.146181
vt 0.398906 0.146896
vt 0.379237 0.153921
vt 0.378381 0.1542
vt 0.366177 0.157756
vt 0.368184 0.156823
vt 0.391287 0.149463
vt 0.390292 0.149951
vt 0.384611 0.151934
vt 0.380116 0.153657
vt 0.371054 0.156045
vt 0.37382 0.155629
vt 0.387856 0.150731
vt 0.389228 0.150276
vt 0.365717 0.157673
vt 0.376918 0.154704
vt 0.500162 0.014294
vt 0.500171 0.013658
vt 0.502001 0.013899
vt 0.501827 0.014502
vt 0.498254 0.020639
vt 0.499586 0.021641
vt 0.503644 0.014876
vt 0.503096 0.015284
vt 0.497934 0.018835
vt 0.503636 0.016555
vt 0.503203 0.018614
vt 0.499074 0.014927
vt 0.498461 0.01678
vt 0.499022 0.014065
vt 0.499415 0.014469
vt 0.502335 0.020684
vt 0.503481 0.015807
vt 0.504132 0.015549
vt 0.500987 0.021582
vt 0.50155 0.015149
vt 0.501409 0.015746
vt 0.50082 0.01744
vt 0.500356 0.018837
vt 0.459349 0.034585
vt 0.460109 0.036048
vt 0.458742 0.036983
vt 0.458113 0.035357
vt 0.451632 0.038918
vt 0.45215 0.040548
vt 0.449661 0.041118
vt 0.44927 0.039696
vt 0.455721 0.03686
vt 0.456425 0.038601
vt 0.454071 0.039796
vt 0.453298 0.037856
vt 0.462269 0.050964
vt 0.462979 0.053026
vt 0.458815 0.055836
vt 0.458518 0.05213
vt 0.468693 0.045261
vt 0.473829 0.048132
vt 0.46786 0.051027
vt 0.465951 0.047948
vt 0.454283 0.052382
vt 0.453067 0.058148
vt 0.450204 0.055551
vt 0.451134 0.052443
vt 0.453773 0.023883
vt 0.456026 0.026895
vt 0.454444 0.027794
vt 0.452808 0.024384
vt 0.446453 0.027748
vt 0.447648 0.031302
vt 0.445816 0.031822
vt 0.444883 0.028244
vt 0.450546 0.026159
vt 0.452182 0.029597
vt 0.449998 0.030565
vt 0.448316 0.02717
vt 0.382324 0.133098
vt 0.381872 0.134908
vt 0.378531 0.133521
vt 0.378898 0.131685
vt 0.457294 0.040314
vt 0.454745 0.041483
vt 0.389658 0.135608
vt 0.389117 0.137673
vt 0.387975 0.137292
vt 0.388472 0.135256
vt 0.400803 0.137719
vt 0.399031 0.139591
vt 0.396825 0.138413
vt 0.397795 0.136586
vt 0.448427 0.047675
vt 0.450911 0.047442
vt 0.451145 0.049163
vt 0.448573 0.049527
vt 0.442675 0.028785
vt 0.443305 0.032439
vt 0.448393 0.052564
vt 0.447637 0.054317
vt 0.447272 0.040391
vt 0.447672 0.041548
vt 0.46011 0.028506
vt 0.458921 0.029148
vt 0.457339 0.026263
vt 0.45862 0.025216
vt 0.471561 0.040983
vt 0.470466 0.0427
vt 0.46785 0.041186
vt 0.469519 0.039764
vt 0.466075 0.039991
vt 0.467579 0.038647
vt 0.460905 0.037399
vt 0.459685 0.038404
vt 0.452437 0.042078
vt 0.45016 0.042509
vt 0.444668 0.023242
vt 0.444282 0.021561
vt 0.445929 0.021508
vt 0.446566 0.022764
vt 0.448519 0.021954
vt 0.447955 0.020817
vt 0.449785 0.019602
vt 0.450441 0.020736
vt 0.364079 0.127222
vt 0.366474 0.128146
vt 0.366694 0.130479
vt 0.363973 0.128974
vt 0.451507 0.0199
vt 0.450656 0.018546
vt 0.451215 0.017202
vt 0.45243 0.018741
vt 0.450017 0.017505
vt 0.449366 0.016592
vt 0.448763 0.014626
vt 0.450177 0.015681
vt 0.447248 0.012792
vt 0.447885 0.012682
vt 0.44838 0.014478
vt 0.441074 0.018029
vt 0.441422 0.015911
vt 0.443019 0.018165
vt 0.442837 0.01957
vt 0.361456 0.126393
vt 0.36206 0.126313
vt 0.362059 0.128194
vt 0.361408 0.127943
vt 0.444176 0.020478
vt 0.444048 0.019491
vt 0.445584 0.020137
vt 0.44578 0.020845
vt 0.362279 0.121862
vt 0.363147 0.122247
vt 0.362463 0.123639
vt 0.361685 0.123412
vt 0.447763 0.02038
vt 0.447464 0.019732
vt 0.44889 0.018267
vt 0.449351 0.019085
vt 0.445647 0.019406
vt 0.447156 0.019079
vt 0.448414 0.017694
vt 0.383909 0.126437
vt 0.383274 0.128836
vt 0.380048 0.127937
vt 0.380591 0.125855
vt 0.391727 0.127589
vt 0.391176 0.130633
vt 0.389946 0.130405
vt 0.390565 0.127186
vt 0.404102 0.128517
vt 0.403854 0.132513
vt 0.399199 0.131777
vt 0.3997 0.128854
vt 0.36491 0.122845
vt 0.364354 0.124262
vt 0.444364 0.019009
vt 0.442093 0.015306
vt 0.443065 0.017364
vt 0.449764 0.013081
vt 0.448834 0.016245
vt 0.367607 0.123205
vt 0.37078 0.12367
vt 0.370083 0.125645
vt 0.366819 0.124883
vt 0.45171 0.015403
vt 0.453259 0.017775
vt 0.369523 0.129731
vt 0.369406 0.131552
vt 0.440681 0.020363
vt 0.442809 0.021216
vt 0.445122 0.024534
vt 0.446886 0.023807
vt 0.448943 0.022746
vt 0.451021 0.021505
vt 0.373259 0.12434
vt 0.374579 0.124584
vt 0.373994 0.126615
vt 0.372679 0.126262
vt 0.460898 0.047511
vt 0.457603 0.048921
vt 0.456724 0.046169
vt 0.45952 0.044757
vt 0.394463 0.138078
vt 0.395065 0.13636
vt 0.447935 0.042784
vt 0.462272 0.036359
vt 0.463527 0.035415
vt 0.465983 0.042827
vt 0.463683 0.0452
vt 0.462412 0.042763
vt 0.464377 0.041413
vt 0.454254 0.049244
vt 0.453792 0.046953
vt 0.396636 0.131626
vt 0.397152 0.128359
vt 0.453548 0.032293
vt 0.454518 0.034267
vt 0.452354 0.035455
vt 0.451419 0.033318
vt 0.441576 0.025539
vt 0.441109 0.023511
vt 0.443179 0.023517
vt 0.443663 0.025092
vt 0.449118 0.034369
vt 0.450327 0.036579
vt 0.44855 0.037682
vt 0.447344 0.035126
vt 0.37173 0.130388
vt 0.372908 0.130705
vt 0.372561 0.132423
vt 0.371342 0.132277
vt 0.455575 0.021365
vt 0.454509 0.022143
vt 0.453826 0.021031
vt 0.454961 0.020478
vt 0.387219 0.135022
vt 0.386756 0.136941
vt 0.384642 0.136357
vt 0.38545 0.134375
vt 0.389277 0.127215
vt 0.388571 0.130152
vt 0.386935 0.129892
vt 0.387374 0.127009
vt 0.456009 0.030983
vt 0.45683 0.033142
vt 0.457538 0.030076
vt 0.458358 0.032332
vt 0.44461 0.035609
vt 0.446472 0.03843
vt 0.462204 0.033354
vt 0.460777 0.033937
vt 0.459861 0.031959
vt 0.461103 0.031455
vt 0.4521 0.02081
vt 0.453273 0.020142
vt 0.375652 0.124769
vt 0.375141 0.126906
vt 0.374142 0.131103
vt 0.373632 0.132615
vt 0.454194 0.019547
vt 0.462865 0.034438
vt 0.461525 0.035182
vt 0.453243 0.022689
vt 0.452243 0.023198
vt 0.445931 0.026556
vt 0.44446 0.027116
vt 0.449936 0.024977
vt 0.447711 0.025939
vt 0.442345 0.027703
vt 0.455131 0.023087
vt 0.45609 0.022296
vt 0.376305 0.127141
vt 0.376811 0.124926
vt 0.374657 0.132927
vt 0.375179 0.131447
vt 0.452566 0.021808
vt 0.451614 0.022121
vt 0.44548 0.025465
vt 0.444029 0.026042
vt 0.44937 0.023706
vt 0.447121 0.024744
vt 0.441923 0.026678
vt 0.382709 0.131187
vt 0.379371 0.12988
vt 0.390154 0.133805
vt 0.388957 0.133475
vt 0.402953 0.135726
vt 0.398271 0.134941
vt 0.366494 0.126572
vt 0.364092 0.125887
vt 0.362071 0.12538
vt 0.361408 0.12507
vt 0.369695 0.127788
vt 0.395659 0.134575
vt 0.373414 0.128806
vt 0.372082 0.128408
vt 0.387602 0.133152
vt 0.386255 0.132474
vt 0.374512 0.129133
vt 0.3757 0.129579
vt 0.397261 0.125747
vt 0.392305 0.124791
vt 0.403326 0.12623
vt 0.399474 0.126091
vt 0.376207 0.122897
vt 0.375048 0.122729
vt 0.363706 0.121078
vt 0.365229 0.12147
vt 0.390974 0.124569
vt 0.389737 0.124584
vt 0.380904 0.123913
vt 0.377349 0.123004
vt 0.367853 0.122022
vt 0.371471 0.12206
vt 0.384333 0.12431
vt 0.387654 0.124363
vt 0.362691 0.120991
vt 0.373803 0.12252
vt 0.442568 0.013295
vt 0.442166 0.013256
vt 0.443354 0.012055
vt 0.443663 0.012546
vt 0.445686 0.019132
vt 0.44704 0.018681
vt 0.444988 0.011539
vt 0.444728 0.012112
vt 0.444437 0.018599
vt 0.446567 0.01273
vt 0.447677 0.014459
vt 0.442408 0.015008
vt 0.44339 0.016801
vt 0.441964 0.01414
vt 0.442339 0.013973
vt 0.448473 0.01618
vt 0.445835 0.012116
vt 0.446284 0.011663
vt 0.448175 0.017554
vt 0.443946 0.013047
vt 0.444475 0.013852
vt 0.445402 0.015591
vt 0.446217 0.017124
vt 0.436129 0.057053
vt 0.436869 0.057712
vt 0.435896 0.059389
vt 0.434797 0.058923
vt 0.430721 0.06354
vt 0.431695 0.064378
vt 0.430529 0.065435
vt 0.429532 0.064669
vt 0.433205 0.06086
vt 0.434428 0.061617
vt 0.432891 0.063263
vt 0.431762 0.062348
vt 0.44324 0.067289
vt 0.445296 0.068733
vt 0.443292 0.072319
vt 0.441564 0.070061
vt 0.445516 0.060513
vt 0.449937 0.060235
vt 0.447589 0.064429
vt 0.444655 0.063709
vt 0.439053 0.072611
vt 0.442374 0.07717
vt 0.434725 0.077953
vt 0.435543 0.074388
vt 0.425902 0.050333
vt 0.429721 0.053057
vt 0.428806 0.054297
vt 0.425186 0.051566
vt 0.421604 0.056588
vt 0.424905 0.059068
vt 0.423915 0.060089
vt 0.420715 0.057384
vt 0.423668 0.0541
vt 0.427341 0.056473
vt 0.425847 0.058106
vt 0.422547 0.055743
vt 0.395851 0.113275
vt 0.394836 0.11472
vt 0.390526 0.111398
vt 0.391366 0.109997
vt 0.435654 0.062355
vt 0.43406 0.06411
vt 0.399549 0.116145
vt 0.398212 0.117881
vt 0.397334 0.117022
vt 0.398544 0.11546
vt 0.405362 0.120272
vt 0.40414 0.121223
vt 0.40259 0.120646
vt 0.40416 0.119223
vt 0.432221 0.070956
vt 0.434121 0.06959
vt 0.435039 0.07153
vt 0.432862 0.072432
vt 0.419111 0.058602
vt 0.422262 0.061544
vt 0.43324 0.074939
vt 0.432157 0.07721
vt 0.427989 0.066364
vt 0.428909 0.066914
vt 0.43554 0.052845
vt 0.434627 0.054269
vt 0.430366 0.051594
vt 0.431235 0.049983
vt 0.445427 0.055328
vt 0.445692 0.057429
vt 0.444043 0.058046
vt 0.44405 0.056077
vt 0.442187 0.05813
vt 0.442749 0.056219
vt 0.437994 0.058418
vt 0.437084 0.06003
vt 0.43295 0.065499
vt 0.431774 0.066473
vt 0.417046 0.052813
vt 0.415696 0.051378
vt 0.417162 0.05095
vt 0.418159 0.052028
vt 0.419618 0.050722
vt 0.418706 0.049904
vt 0.419666 0.048114
vt 0.420852 0.048952
vt 0.376935 0.098733
vt 0.379318 0.100939
vt 0.37881 0.102602
vt 0.376387 0.100475
vt 0.421589 0.047292
vt 0.419951 0.046305
vt 0.419668 0.044478
vt 0.422026 0.045604
vt 0.418197 0.045447
vt 0.417116 0.044902
vt 0.4155 0.043108
vt 0.417441 0.043183
vt 0.413234 0.042114
vt 0.414094 0.041523
vt 0.414862 0.043172
vt 0.41072 0.04993
vt 0.409947 0.04754
vt 0.411575 0.048653
vt 0.412554 0.050161
vt 0.374294 0.09616
vt 0.375231 0.097036
vt 0.374476 0.098374
vt 0.373715 0.097531
vt 0.414166 0.050159
vt 0.413533 0.049386
vt 0.415706 0.049737
vt 0.416175 0.050244
vt 0.376154 0.092855
vt 0.377085 0.093409
vt 0.376384 0.094785
vt 0.37539 0.094059
vt 0.417892 0.04925
vt 0.417283 0.048741
vt 0.417865 0.04685
vt 0.418584 0.04734
vt 0.415344 0.049214
vt 0.416856 0.048318
vt 0.417317 0.046539
vt 0.401208 0.106539
vt 0.399615 0.109173
vt 0.394334 0.105946
vt 0.395751 0.103554
vt 0.404817 0.10856
vt 0.403293 0.111259
vt 0.402231 0.110856
vt 0.40405 0.107955
vt 0.412176 0.112352
vt 0.409867 0.116027
vt 0.408503 0.11509
vt 0.410088 0.111775
vt 0.379286 0.094917
vt 0.378404 0.096227
vt 0.413359 0.048871
vt 0.410372 0.046676
vt 0.411498 0.047783
vt 0.416715 0.0414
vt 0.416485 0.044735
vt 0.381799 0.096171
vt 0.385237 0.097925
vt 0.384198 0.099658
vt 0.380895 0.097797
vt 0.419591 0.042459
vt 0.422421 0.04402
vt 0.382069 0.103324
vt 0.381446 0.104759
vt 0.412257 0.05184
vt 0.414104 0.051533
vt 0.4182 0.054044
vt 0.419184 0.052806
vt 0.420492 0.051415
vt 0.421891 0.049539
vt 0.388514 0.099316
vt 0.389651 0.099986
vt 0.388629 0.102075
vt 0.3873 0.101297
vt 0.44166 0.065937
vt 0.439734 0.068572
vt 0.437687 0.066844
vt 0.439677 0.064857
vt 0.401364 0.120018
vt 0.402988 0.118295
vt 0.429916 0.067944
vt 0.438468 0.057015
vt 0.439229 0.055331
vt 0.443833 0.060356
vt 0.443217 0.062824
vt 0.441067 0.062017
vt 0.441849 0.060012
vt 0.437314 0.070593
vt 0.435502 0.068603
vt 0.407164 0.114068
vt 0.408481 0.110872
vt 0.430915 0.059265
vt 0.432067 0.06007
vt 0.430699 0.061522
vt 0.429476 0.060733
vt 0.416171 0.056424
vt 0.414593 0.054563
vt 0.415903 0.053562
vt 0.417365 0.054924
vt 0.428379 0.06192
vt 0.42959 0.062664
vt 0.428486 0.063881
vt 0.427365 0.063205
vt 0.384257 0.104767
vt 0.385451 0.10557
vt 0.384418 0.106842
vt 0.38337 0.106029
vt 0.426195 0.046631
vt 0.42528 0.048092
vt 0.424343 0.047293
vt 0.425285 0.045875
vt 0.39785 0.115016
vt 0.396675 0.116476
vt 0.395694 0.115632
vt 0.396821 0.114186
vt 0.403385 0.107535
vt 0.401469 0.11052
vt 0.400412 0.109664
vt 0.402282 0.106904
vt 0.43253 0.057316
vt 0.433645 0.058265
vt 0.433863 0.055586
vt 0.435203 0.056398
vt 0.426245 0.065031
vt 0.426965 0.065682
vt 0.437513 0.05431
vt 0.436628 0.055801
vt 0.435684 0.055137
vt 0.436462 0.053627
vt 0.42273 0.048111
vt 0.423422 0.04658
vt 0.390505 0.100677
vt 0.389413 0.102564
vt 0.386412 0.106395
vt 0.385366 0.107651
vt 0.4243 0.045111
vt 0.438229 0.054714
vt 0.437388 0.056333
vt 0.424693 0.049433
vt 0.423946 0.050745
vt 0.420311 0.055605
vt 0.419486 0.056499
vt 0.422497 0.052998
vt 0.421061 0.05458
vt 0.417952 0.057795
vt 0.426528 0.049061
vt 0.427411 0.047589
vt 0.390629 0.10334
vt 0.391679 0.101301
vt 0.386586 0.108749
vt 0.387569 0.107383
vt 0.423664 0.048695
vt 0.422789 0.050059
vt 0.419161 0.054771
vt 0.418381 0.055761
vt 0.421368 0.052107
vt 0.420126 0.05354
vt 0.417043 0.057235
vt 0.397541 0.11161
vt 0.392844 0.108001
vt 0.401199 0.114111
vt 0.400127 0.113574
vt 0.407052 0.118747
vt 0.406117 0.117705
vt 0.380096 0.09948
vt 0.377563 0.097597
vt 0.375629 0.096158
vt 0.374689 0.095374
vt 0.383099 0.101478
vt 0.404932 0.116559
vt 0.387016 0.104115
vt 0.385805 0.103311
vt 0.399399 0.11324
vt 0.398419 0.112341
vt 0.38787 0.104652
vt 0.389253 0.105301
vt 0.409219 0.108417
vt 0.405802 0.106348
vt 0.412901 0.110176
vt 0.410837 0.109404
vt 0.391096 0.099152
vt 0.390038 0.098858
vt 0.377849 0.092524
vt 0.380002 0.094079
vt 0.404714 0.105592
vt 0.403958 0.105468
vt 0.396533 0.101849
vt 0.3926 0.099588
vt 0.382524 0.095053
vt 0.385928 0.096844
vt 0.402081 0.104644
vt 0.403001 0.105147
vt 0.376893 0.092091
vt 0.388957 0.098207
vt 0.410271 0.044458
vt 0.409611 0.044342
vt 0.410241 0.043163
vt 0.410807 0.043593
vt 0.415167 0.048854
vt 0.416385 0.047875
vt 0.411171 0.042173
vt 0.411541 0.042756
vt 0.413447 0.048467
vt 0.413385 0.04279
vt 0.414618 0.043524
vt 0.410797 0.046172
vt 0.411767 0.047343
vt 0.409591 0.045332
vt 0.410351 0.045125
vt 0.416157 0.044975
vt 0.412274 0.042662
vt 0.411914 0.041918
vt 0.416945 0.046434
vt 0.411439 0.044057
vt 0.412118 0.044606
vt 0.413021 0.0453
vt 0.414492 0.046452
vt 0.424951 0.083178
vt 0.426289 0.083397
vt 0.426182 0.085648
vt 0.424793 0.085237
vt 0.422979 0.089609
vt 0.424402 0.090078
vt 0.422712 0.092135
vt 0.421492 0.0915
vt 0.424533 0.086916
vt 0.425903 0.087369
vt 0.425179 0.088883
vt 0.42392 0.088443
vt 0.435344 0.089381
vt 0.438031 0.090127
vt 0.437049 0.092445
vt 0.434072 0.091493
vt 0.435833 0.083621
vt 0.439223 0.082914
vt 0.438939 0.087533
vt 0.436221 0.087192
vt 0.432314 0.093612
vt 0.435319 0.09443
vt 0.432015 0.097818
vt 0.429986 0.096138
vt 0.418097 0.081582
vt 0.419989 0.081928
vt 0.419617 0.083752
vt 0.41786 0.083094
vt 0.416332 0.087265
vt 0.418341 0.088116
vt 0.417293 0.08964
vt 0.415476 0.088675
vt 0.417634 0.084665
vt 0.419438 0.085299
vt 0.418926 0.086829
vt 0.417038 0.086133
vt 0.412739 0.098933
vt 0.411389 0.100311
vt 0.410152 0.099172
vt 0.411398 0.097576
vt 0.427136 0.087565
vt 0.426271 0.089309
vt 0.416371 0.102519
vt 0.414368 0.104415
vt 0.413782 0.10337
vt 0.415447 0.101598
vt 0.418571 0.107957
vt 0.416255 0.108345
vt 0.416388 0.107812
vt 0.418825 0.10656
vt 0.425287 0.096484
vt 0.426764 0.094423
vt 0.428165 0.095261
vt 0.426462 0.097459
vt 0.414619 0.089736
vt 0.416321 0.090921
vt 0.427798 0.098337
vt 0.429445 0.100194
vt 0.420191 0.093211
vt 0.421369 0.093991
vt 0.422157 0.078968
vt 0.422104 0.080574
vt 0.420338 0.080249
vt 0.420477 0.078844
vt 0.431672 0.07915
vt 0.433096 0.081041
vt 0.431892 0.080745
vt 0.431158 0.079064
vt 0.430445 0.080841
vt 0.429912 0.079089
vt 0.427633 0.083648
vt 0.427508 0.085775
vt 0.425463 0.090514
vt 0.423965 0.09274
vt 0.411922 0.085852
vt 0.410376 0.085442
vt 0.411308 0.084405
vt 0.41255 0.08481
vt 0.413195 0.083443
vt 0.411991 0.08313
vt 0.412455 0.081544
vt 0.413489 0.081942
vt 0.402981 0.089253
vt 0.404469 0.090633
vt 0.403699 0.092252
vt 0.402496 0.090593
vt 0.413771 0.08058
vt 0.41243 0.080193
vt 0.411867 0.079021
vt 0.41361 0.079147
vt 0.41111 0.08014
vt 0.410202 0.080222
vt 0.409085 0.079489
vt 0.410241 0.079018
vt 0.407716 0.079752
vt 0.407868 0.079227
vt 0.40872 0.07993
vt 0.407299 0.085315
vt 0.406566 0.08441
vt 0.40757 0.084445
vt 0.40826 0.085118
vt 0.40672 0.080024
vt 0.406648 0.079444
vt 0.409399 0.084763
vt 0.408774 0.084287
vt 0.409713 0.083758
vt 0.410317 0.084025
vt 0.405778 0.082803
vt 0.405228 0.083082
vt 0.405112 0.081549
vt 0.405717 0.081681
vt 0.411028 0.082839
vt 0.410423 0.08266
vt 0.410668 0.081285
vt 0.411376 0.081377
vt 0.409517 0.083698
vt 0.41009 0.082554
vt 0.410265 0.08127
vt 0.416247 0.094925
vt 0.415254 0.096206
vt 0.413796 0.094869
vt 0.414652 0.093484
vt 0.420133 0.098418
vt 0.419028 0.099875
vt 0.418043 0.098913
vt 0.419102 0.097521
vt 0.424199 0.10267
vt 0.422504 0.104769
vt 0.421884 0.103647
vt 0.423403 0.101842
vt 0.404533 0.084699
vt 0.405412 0.086162
vt 0.404438 0.086944
vt 0.403187 0.085525
vt 0.408527 0.083968
vt 0.401852 0.088019
vt 0.401489 0.0893
vt 0.406677 0.083843
vt 0.407504 0.083991
vt 0.409115 0.07832
vt 0.409748 0.080372
vt 0.406687 0.087579
vt 0.408928 0.089286
vt 0.407991 0.090407
vt 0.405908 0.088531
vt 0.411075 0.07794
vt 0.413359 0.077887
vt 0.406236 0.092489
vt 0.405201 0.093993
vt 0.408583 0.086166
vt 0.409482 0.08582
vt 0.413717 0.086209
vt 0.414104 0.085246
vt 0.414739 0.083853
vt 0.415007 0.082393
vt 0.41072 0.09056
vt 0.411395 0.091018
vt 0.410455 0.092373
vt 0.409683 0.091815
vt 0.432671 0.088772
vt 0.431514 0.090827
vt 0.429371 0.090434
vt 0.430371 0.088298
vt 0.416126 0.106515
vt 0.418371 0.104821
vt 0.42254 0.094643
vt 0.427523 0.081336
vt 0.427192 0.079567
vt 0.432964 0.083841
vt 0.43325 0.086563
vt 0.430777 0.086305
vt 0.430872 0.083921
vt 0.429994 0.092824
vt 0.428306 0.092341
vt 0.421233 0.102244
vt 0.422531 0.100712
vt 0.421472 0.085822
vt 0.423033 0.086375
vt 0.42244 0.087895
vt 0.420646 0.087518
vt 0.412322 0.088406
vt 0.410637 0.087537
vt 0.411332 0.086755
vt 0.412872 0.087439
vt 0.419976 0.088812
vt 0.421645 0.089349
vt 0.420344 0.090969
vt 0.418975 0.090492
vt 0.407654 0.09411
vt 0.408297 0.09496
vt 0.407293 0.096273
vt 0.406576 0.095444
vt 0.417388 0.078561
vt 0.417296 0.079772
vt 0.416349 0.079642
vt 0.416418 0.078383
vt 0.414529 0.100863
vt 0.413051 0.102385
vt 0.412333 0.101452
vt 0.413809 0.100005
vt 0.418023 0.096661
vt 0.417019 0.097933
vt 0.4161 0.097089
vt 0.41714 0.095837
vt 0.421638 0.084299
vt 0.423309 0.084754
vt 0.421889 0.082377
vt 0.423427 0.08275
vt 0.417959 0.092083
vt 0.419188 0.09266
vt 0.42478 0.079289
vt 0.424905 0.080989
vt 0.423616 0.080767
vt 0.42362 0.079163
vt 0.415117 0.081027
vt 0.415316 0.079431
vt 0.41222 0.091559
vt 0.411189 0.09286
vt 0.40912 0.09558
vt 0.407978 0.096963
vt 0.415347 0.078116
vt 0.425995 0.079385
vt 0.426229 0.081188
vt 0.417164 0.081391
vt 0.417017 0.082894
vt 0.415385 0.086899
vt 0.414644 0.088277
vt 0.416869 0.084428
vt 0.416184 0.085829
vt 0.413941 0.089363
vt 0.418293 0.079894
vt 0.418482 0.078588
vt 0.411938 0.093472
vt 0.412873 0.092148
vt 0.40878 0.097694
vt 0.409902 0.096234
vt 0.416206 0.081243
vt 0.416071 0.082673
vt 0.414645 0.08646
vt 0.413832 0.08786
vt 0.415897 0.084201
vt 0.415299 0.085592
vt 0.413047 0.08887
vt 0.414176 0.097381
vt 0.412682 0.096261
vt 0.417797 0.101142
vt 0.416914 0.100111
vt 0.420642 0.106719
vt 0.420364 0.105182
vt 0.405206 0.089494
vt 0.403721 0.088046
vt 0.405651 0.080174
vt 0.406169 0.080579
vt 0.402331 0.086782
vt 0.407066 0.091425
vt 0.419813 0.103632
vt 0.409358 0.093705
vt 0.408602 0.093085
vt 0.41592 0.09922
vt 0.415086 0.098397
vt 0.410132 0.094154
vt 0.410956 0.094763
vt 0.423727 0.098847
vt 0.421365 0.096578
vt 0.426035 0.100526
vt 0.424835 0.09962
vt 0.413082 0.090365
vt 0.412365 0.089845
vt 0.40568 0.084495
vt 0.406449 0.08552
vt 0.420256 0.095719
vt 0.419182 0.094895
vt 0.415403 0.092172
vt 0.413816 0.090899
vt 0.407731 0.086687
vt 0.409934 0.088239
vt 0.417057 0.093412
vt 0.418202 0.094201
vt 0.40611 0.083497
vt 0.405805 0.084019
vt 0.411667 0.089373
vt 0.406151 0.08266
vt 0.406235 0.081743
vt 0.40922 0.083537
vt 0.409805 0.082523
vt 0.406528 0.080838
vt 0.408462 0.083791
vt 0.40747 0.080229
vt 0.408493 0.080169
vt 0.406903 0.083522
vt 0.40748 0.083706
vt 0.406456 0.083187
vt 0.409388 0.080576
vt 0.406939 0.080465
vt 0.409964 0.081243
vt 0.406893 0.081921
vt 0.407303 0.081971
vt 0.408019 0.082034
vt 0.409017 0.082204
vt 0.535339 0.068495
vt 0.534422 0.069882
vt 0.532149 0.068678
vt 0.532931 0.067432
vt 0.527948 0.063802
vt 0.527043 0.065177
vt 0.524085 0.062109
vt 0.525133 0.061108
vt 0.53059 0.066017
vt 0.529814 0.067279
vt 0.430443 0.179766
vt 0.433173 0.18196
vt 0.431957 0.183695
vt 0.429049 0.181838
vt 0.523211 0.05979
vt 0.521961 0.060878
vt 0.535545 0.072778
vt 0.533418 0.07149
vt 0.53664 0.071075
vt 0.528608 0.057967
vt 0.529892 0.057167
vt 0.5313 0.060033
vt 0.530516 0.060725
vt 0.532593 0.063038
vt 0.53315 0.062357
vt 0.535713 0.063421
vt 0.535082 0.06428
vt 0.421335 0.192867
vt 0.422706 0.190737
vt 0.425847 0.191822
vt 0.424487 0.193743
vt 0.538777 0.063171
vt 0.53806 0.064501
vt 0.536311 0.062613
vt 0.536763 0.061868
vt 0.539904 0.060536
vt 0.539444 0.061772
vt 0.541142 0.057129
vt 0.541924 0.05889
vt 0.539721 0.059667
vt 0.531048 0.054336
vt 0.532928 0.053826
vt 0.532231 0.056227
vt 0.531076 0.056589
vt 0.419216 0.196263
vt 0.420141 0.194485
vt 0.422801 0.195395
vt 0.42119 0.196829
vt 0.532639 0.058963
vt 0.532009 0.05946
vt 0.414704 0.193355
vt 0.415601 0.191585
vt 0.417517 0.193154
vt 0.416651 0.194883
vt 0.533651 0.061784
vt 0.53407 0.061251
vt 0.533212 0.058351
vt 0.534489 0.060746
vt 0.537006 0.061377
vt 0.423745 0.175765
vt 0.426956 0.177316
vt 0.425705 0.179351
vt 0.422187 0.177626
vt 0.416282 0.189485
vt 0.418569 0.191494
vt 0.533314 0.056291
vt 0.534884 0.05388
vt 0.54178 0.060968
vt 0.417337 0.187211
vt 0.418639 0.184802
vt 0.42129 0.186557
vt 0.420023 0.189016
vt 0.541427 0.063041
vt 0.54061 0.06481
vt 0.424244 0.188355
vt 0.427009 0.189991
vt 0.529318 0.05511
vt 0.527601 0.05873
vt 0.529847 0.061346
vt 0.53207 0.063677
vt 0.534507 0.06502
vt 0.419894 0.182569
vt 0.420652 0.181341
vt 0.423384 0.183018
vt 0.422883 0.183829
vt 0.525833 0.057356
vt 0.527403 0.056196
vt 0.425565 0.186149
vt 0.426214 0.185203
vt 0.42908 0.187301
vt 0.428263 0.188405
vt 0.538532 0.068382
vt 0.536127 0.067374
vt 0.536721 0.066574
vt 0.539106 0.067545
vt 0.525767 0.066761
vt 0.522537 0.063873
vt 0.537313 0.065657
vt 0.421195 0.180481
vt 0.424133 0.182096
vt 0.531183 0.070403
vt 0.528719 0.068738
vt 0.520429 0.062502
vt 0.426745 0.184472
vt 0.429776 0.186448
vt 0.539738 0.066445
vt 0.533567 0.066484
vt 0.528682 0.062775
vt 0.525953 0.060112
vt 0.531186 0.065132
vt 0.524044 0.058941
vt 0.537733 0.069572
vt 0.424692 0.181229
vt 0.421753 0.179469
vt 0.430713 0.185222
vt 0.427539 0.183391
vt 0.534012 0.06574
vt 0.529197 0.062067
vt 0.526712 0.059457
vt 0.531612 0.064328
vt 0.524796 0.058248
vt 0.41908 0.17962
vt 0.418501 0.18057
vt 0.413917 0.189823
vt 0.414642 0.187759
vt 0.420722 0.17704
vt 0.419789 0.17851
vt 0.415578 0.185862
vt 0.416804 0.183782
vt 0.42161 0.174857
vt 0.413227 0.191865
vt 0.417799 0.181885
vt 0.536333 0.053924
vt 0.536498 0.052824
vt 0.538818 0.053277
vt 0.53839 0.054539
vt 0.533415 0.058277
vt 0.534749 0.060358
vt 0.540828 0.055261
vt 0.539958 0.055534
vt 0.533874 0.056478
vt 0.540461 0.056802
vt 0.539452 0.059147
vt 0.535318 0.054572
vt 0.537071 0.061144
vt 0.537843 0.055553
vt 0.536806 0.057478
vt 0.496628 0.051561
vt 0.4744 0.044176
vt 0.448232 0.05773
vt 0.434651 0.079943
vt 0.39534 0.146037
vt 0.392562 0.147085
vt 0.399103 0.144698
vt 0.397807 0.145063
vt 0.378859 0.152319
vt 0.378021 0.15269
vt 0.366068 0.156285
vt 0.368586 0.155349
vt 0.391049 0.147848
vt 0.390002 0.148332
vt 0.384092 0.150358
vt 0.379692 0.152067
vt 0.371424 0.154386
vt 0.374109 0.153706
vt 0.387546 0.149404
vt 0.389011 0.14884
vt 0.365441 0.156839
vt 0.376468 0.153086
vt 0.397586 0.123839
vt 0.392686 0.122701
vt 0.402661 0.124394
vt 0.399483 0.12416
vt 0.376571 0.121453
vt 0.375461 0.121329
vt 0.364254 0.119887
vt 0.366554 0.119595
vt 0.39145 0.122438
vt 0.390236 0.122332
vt 0.381351 0.122409
vt 0.377702 0.121563
vt 0.368966 0.120124
vt 0.372165 0.120665
vt 0.384768 0.122665
vt 0.388123 0.122274
vt 0.363262 0.119841
vt 0.374267 0.12109
vt 0.410167 0.106396
vt 0.406786 0.104441
vt 0.413767 0.108652
vt 0.411573 0.107239
vt 0.391668 0.097926
vt 0.390577 0.097629
vt 0.379077 0.091754
vt 0.381681 0.092598
vt 0.405503 0.103703
vt 0.40443 0.103422
vt 0.397129 0.100505
vt 0.393103 0.098375
vt 0.384167 0.093557
vt 0.387415 0.09548
vt 0.402256 0.102693
vt 0.4032 0.103084
vt 0.378253 0.091161
vt 0.389478 0.097008
vt 0.448222 0.071566
vt 0.446407 0.075688
vt 0.408021 0.127376
vt 0.412698 0.129655
vt 0.4113 0.134061
vt 0.40707 0.133243
vt 0.441475 0.091274
vt 0.443422 0.087859
vt 0.428588 0.10512
vt 0.427478 0.102135
vt 0.431652 0.102451
vt 0.49316 0.052899
vt 0.49122 0.052788
vt 0.407351 0.155
vt 0.403912 0.156999
vt 0.403749 0.154104
vt 0.405961 0.152788
vt 0.44009 0.094245
vt 0.438424 0.095956
vt 0.425142 0.104053
vt 0.42633 0.105511
vt 0.425584 0.107591
vt 0.423668 0.106244
vt 0.417557 0.114279
vt 0.419254 0.114681
vt 0.416746 0.119397
vt 0.413495 0.118267
vt 0.496381 0.05332
vt 0.409999 0.139143
vt 0.406903 0.139439
vt 0.464308 0.057085
vt 0.469282 0.055084
vt 0.404863 0.150418
vt 0.406584 0.150316
vt 0.422623 0.110779
vt 0.420494 0.109974
vt 0.405395 0.159014
vt 0.403575 0.159215
vt 0.4148 0.123819
vt 0.40945 0.122337
vt 0.460684 0.06012
vt 0.487402 0.05275
vt 0.49915 0.052019
vt 0.49919 0.05388
vt 0.434291 0.09954
vt 0.405795 0.145263
vt 0.408264 0.145444
vt 0.451651 0.067164
vt 0.482996 0.052542
vt 0.418878 0.12489
vt 0.420765 0.120624
vt 0.41664 0.130719
vt 0.420488 0.131996
vt 0.418506 0.136907
vt 0.414666 0.134961
vt 0.426356 0.111206
vt 0.428975 0.106902
vt 0.437973 0.101097
vt 0.442071 0.103263
vt 0.436441 0.107006
vt 0.433243 0.105549
vt 0.412986 0.140167
vt 0.422752 0.116024
vt 0.426816 0.116439
vt 0.424284 0.12159
vt 0.410874 0.14582
vt 0.414481 0.146687
vt 0.412303 0.151309
vt 0.409407 0.150731
vt 0.417926 0.148142
vt 0.41671 0.141355
vt 0.419963 0.143036
vt 0.430509 0.111128
vt 0.433335 0.112043
vt 0.430735 0.117656
vt 0.445644 0.080128
vt 0.415004 0.153096
vt 0.422669 0.150749
vt 0.419133 0.155039
vt 0.424241 0.133567
vt 0.42197 0.13806
vt 0.493754 0.063226
vt 0.491961 0.05756
vt 0.497217 0.057188
vt 0.498087 0.061718
vt 0.454362 0.065794
vt 0.435711 0.120279
vt 0.432525 0.126454
vt 0.428896 0.123255
vt 0.42485 0.145155
vt 0.426481 0.140527
vt 0.428023 0.135891
vt 0.453832 0.100278
vt 0.450796 0.097526
vt 0.453148 0.09286
vt 0.456461 0.096492
vt 0.470353 0.069846
vt 0.473926 0.077786
vt 0.469032 0.080515
vt 0.465058 0.072771
vt 0.449825 0.103671
vt 0.446297 0.101128
vt 0.465022 0.084191
vt 0.461186 0.077519
vt 0.461916 0.088425
vt 0.458586 0.082757
vt 0.459142 0.111408
vt 0.461416 0.108318
vt 0.466795 0.114174
vt 0.464249 0.116773
vt 0.458962 0.092594
vt 0.455196 0.087734
vt 0.465033 0.104785
vt 0.471374 0.110945
vt 0.476047 0.067476
vt 0.478907 0.075138
vt 0.487253 0.092632
vt 0.483017 0.084307
vt 0.488511 0.082504
vt 0.492692 0.091079
vt 0.482683 0.09475
vt 0.48711 0.102058
vt 0.483633 0.103913
vt 0.478902 0.096842
vt 0.472084 0.100936
vt 0.46654 0.094415
vt 0.469918 0.091456
vt 0.475375 0.098814
vt 0.495111 0.081534
vt 0.49946 0.090342
vt 0.473949 0.060357
vt 0.480816 0.05808
vt 0.481464 0.065559
vt 0.458559 0.063316
vt 0.480443 0.105697
vt 0.468595 0.103012
vt 0.463161 0.097347
vt 0.478188 0.086518
vt 0.462189 0.06712
vt 0.458308 0.07166
vt 0.486849 0.060203
vt 0.487885 0.064195
vt 0.449002 0.09491
vt 0.449717 0.08969
vt 0.484413 0.073157
vt 0.450988 0.083152
vt 0.403746 0.144005
vt 0.401078 0.143315
vt 0.405871 0.125315
vt 0.403984 0.140633
vt 0.401239 0.141547
vt 0.416031 0.111938
vt 0.404589 0.124158
vt 0.474568 0.041384
vt 0.406929 0.122643
vt 0.415831 0.110212
vt 0.404875 0.122923
vt 0.418629 0.109584
vt 0.416738 0.109123
vt 0.447158 0.055448
vt 0.432385 0.078548
vt 0.124804 0.771134
vt 0.124446 0.778306
vt 0.127799 0.853527
vt 0.127754 0.859025
vt 0.126458 0.831695
vt 0.126653 0.838999
vt 0.127932 0.863219
vt 0.123076 0.793932
vt 0.123306 0.786028
vt 0.129563 0.871029
vt 0.1285 0.866929
vt 0.12301 0.760189
vt 0.123722 0.762958
vt 0.125789 0.824171
vt 0.12516 0.81627
vt 0.124481 0.766344
vt 0.127117 0.846485
vt 0.124735 0.809027
vt 0.120492 0.86196
vt 0.120744 0.865456
vt 0.1176 0.785929
vt 0.11872 0.778538
vt 0.116482 0.760108
vt 0.11749 0.763033
vt 0.119003 0.824706
vt 0.119627 0.831882
vt 0.118484 0.817116
vt 0.118573 0.766596
vt 0.119865 0.839272
vt 0.119997 0.846461
vt 0.117956 0.809762
vt 0.119073 0.771494
vt 0.12052 0.853176
vt 0.120471 0.858166
vt 0.116954 0.793771
vt 0.121833 0.869249
vt 0.111031 0.76043
vt 0.112568 0.763198
vt 0.113898 0.825149
vt 0.114345 0.831942
vt 0.113539 0.817747
vt 0.11395 0.766827
vt 0.114655 0.839222
vt 0.114899 0.846263
vt 0.112683 0.810293
vt 0.114762 0.771908
vt 0.115242 0.852729
vt 0.114565 0.778954
vt 0.115032 0.857544
vt 0.114951 0.861237
vt 0.112345 0.793757
vt 0.113465 0.786234
vt 0.116313 0.868253
vt 0.115186 0.864633
vt 0.107882 0.763777
vt 0.109195 0.767525
vt 0.110005 0.838948
vt 0.110511 0.845953
vt 0.108805 0.818342
vt 0.108116 0.810903
vt 0.110258 0.772569
vt 0.110479 0.852117
vt 0.110308 0.779522
vt 0.110244 0.856857
vt 0.109524 0.831845
vt 0.110334 0.860606
vt 0.108126 0.794128
vt 0.109358 0.786559
vt 0.111616 0.867402
vt 0.11091 0.864111
vt 0.10581 0.761369
vt 0.109214 0.825427
vt 0.099268 0.763558
vt 0.101336 0.765944
vt 0.104389 0.8258
vt 0.10503 0.831939
vt 0.104161 0.819126
vt 0.103176 0.769255
vt 0.105546 0.838716
vt 0.105695 0.845405
vt 0.104015 0.81184
vt 0.104534 0.773723
vt 0.105384 0.851209
vt 0.104665 0.780263
vt 0.105112 0.855852
vt 0.1051 0.859723
vt 0.103748 0.794885
vt 0.104097 0.787064
vt 0.105935 0.866489
vt 0.105618 0.863363
vt 0.094362 0.769727
vt 0.096339 0.772604
vt 0.098748 0.838
vt 0.098406 0.844217
vt 0.099121 0.820332
vt 0.099957 0.813446
vt 0.097563 0.776513
vt 0.0983 0.849991
vt 0.09798 0.781761
vt 0.098041 0.854686
vt 0.098879 0.832119
vt 0.098075 0.858684
vt 0.099156 0.796274
vt 0.098361 0.788475
vt 0.098925 0.865472
vt 0.098504 0.862373
vt 0.092564 0.766931
vt 0.098599 0.826447
vt 0.087779 0.777871
vt 0.089203 0.781421
vt 0.089183 0.843315
vt 0.088897 0.848862
vt 0.090419 0.785788
vt 0.08856 0.85343
vt 0.091044 0.832256
vt 0.090008 0.837626
vt 0.088773 0.857398
vt 0.092043 0.798752
vt 0.091287 0.791789
vt 0.089954 0.864181
vt 0.089246 0.860929
vt 0.084086 0.77158
vt 0.086002 0.774696
vt 0.091603 0.826801
vt 0.093157 0.821314
vt 0.093568 0.815192
vt 0.077534 0.78728
vt 0.078559 0.791334
vt 0.076906 0.847417
vt 0.076914 0.851753
vt 0.079775 0.831699
vt 0.078445 0.836637
vt 0.077171 0.855665
vt 0.080033 0.801649
vt 0.079201 0.796013
vt 0.078109 0.862893
vt 0.077809 0.859475
vt 0.073104 0.777042
vt 0.074815 0.780179
vt 0.080867 0.826652
vt 0.082036 0.821477
vt 0.076303 0.783242
vt 0.077615 0.841878
vt 0.082196 0.815992
vt 0.065498 0.831378
vt 0.064498 0.835872
vt 0.064029 0.849413
vt 0.064316 0.853455
vt 0.066717 0.8052
vt 0.066113 0.800324
vt 0.065096 0.860804
vt 0.064914 0.857456
vt 0.065608 0.796044
vt 0.060773 0.782811
vt 0.062434 0.785869
vt 0.066809 0.826658
vt 0.067778 0.822076
vt 0.063859 0.788788
vt 0.064142 0.840441
vt 0.067992 0.817223
vt 0.064839 0.792444
vt 0.063864 0.845131
vt 0.051407 0.857322
vt 0.051441 0.853546
vt 0.051199 0.850284
vt 0.052866 0.804493
vt 0.052408 0.800745
vt 0.046828 0.788407
vt 0.048954 0.791086
vt 0.051688 0.826796
vt 0.05103 0.830781
vt 0.05263 0.82261
vt 0.050581 0.794144
vt 0.050608 0.834746
vt 0.050533 0.838954
vt 0.053188 0.818461
vt 0.051712 0.797552
vt 0.050536 0.843036
vt 0.051043 0.847045
vt 0.053145 0.8084
vt 0.035196 0.792519
vt 0.03716 0.795094
vt 0.040774 0.827134
vt 0.040263 0.830824
vt 0.041334 0.823475
vt 0.038856 0.798033
vt 0.039917 0.834519
vt 0.039879 0.837844
vt 0.041313 0.819832
vt 0.040155 0.80116
vt 0.03992 0.840947
vt 0.040964 0.804563
vt 0.040045 0.843945
vt 0.040012 0.846839
vt 0.041511 0.811471
vt 0.041387 0.807942
vt 0.039259 0.85328
vt 0.039386 0.849708
vt 0.027731 0.798182
vt 0.029256 0.801162
vt 0.03087 0.833693
vt 0.030893 0.836606
vt 0.031817 0.824237
vt 0.031589 0.821144
vt 0.030519 0.804385
vt 0.030943 0.839341
vt 0.031331 0.807829
vt 0.030944 0.841866
vt 0.031063 0.830593
vt 0.03086 0.84438
vt 0.031776 0.814064
vt 0.031729 0.810943
vt 0.029963 0.850312
vt 0.030651 0.847257
vt 0.026035 0.795548
vt 0.031459 0.827359
vt 0.022171 0.803721
vt 0.023238 0.807144
vt 0.024006 0.835846
vt 0.024042 0.838413
vt 0.023993 0.810591
vt 0.023978 0.84073
vt 0.023981 0.830337
vt 0.023872 0.833221
vt 0.023821 0.843017
vt 0.024522 0.816146
vt 0.02449 0.81344
vt 0.023077 0.848543
vt 0.023609 0.845675
vt 0.01923 0.797981
vt 0.020841 0.800679
vt 0.024137 0.827539
vt 0.024298 0.824782
vt 0.024162 0.821817
vt 0.018218 0.808947
vt 0.018787 0.812129
vt 0.018193 0.838283
vt 0.018106 0.840502
vt 0.018116 0.83054
vt 0.018129 0.833012
vt 0.017987 0.842596
vt 0.019017 0.817276
vt 0.019159 0.814759
vt 0.017482 0.847374
vt 0.017862 0.84497
vt 0.014388 0.79954
vt 0.016098 0.802365
vt 0.018205 0.827886
vt 0.018301 0.825289
vt 0.01735 0.805522
vt 0.018206 0.835691
vt 0.018132 0.822807
vt 0.013578 0.830823
vt 0.01353 0.833238
vt 0.013373 0.840478
vt 0.013328 0.842482
vt 0.015233 0.817743
vt 0.012369 0.818122
vt 0.012953 0.815901
vt 0.015461 0.815377
vt 0.013534 0.846654
vt 0.010255 0.846804
vt 0.009737 0.844736
vt 0.013415 0.84468
vt 0.013277 0.813634
vt 0.015391 0.813042
vt 0.011357 0.800466
vt 0.013256 0.803417
vt 0.013647 0.828348
vt 0.010077 0.828554
vt 0.010272 0.825867
vt 0.013783 0.825712
vt 0.014437 0.806716
vt 0.013529 0.835792
vt 0.010629 0.823215
vt 0.013939 0.822963
vt 0.015139 0.810186
vt 0.013468 0.838296
vt 0.456573 0.07911
vt 0.468783 0.067078
vt 0.452648 0.076129
vt 0.454095 0.072471
vt 0.466991 0.0633
vt 0.469702 0.059858
vt 0.445942 0.093534
vt 0.443075 0.095158
vt 0.47424 0.0535
vt 0.479583 0.05249
vt 0.446585 0.090703
vt 0.443771 0.085147
vt 0.450102 0.07783
vt 0.443577 0.098368
vt 0.426497 0.128989
vt 0.430016 0.131559
vt 0.501349 0.110191
vt 0.505649 0.109502
vt 0.506755 0.114107
vt 0.50303 0.114773
vt 0.497345 0.111564
vt 0.499442 0.116066
vt 0.534369 0.074797
vt 0.532414 0.073452
vt 0.518344 0.064137
vt 0.520469 0.065677
vt 0.432163 0.177433
vt 0.428414 0.174581
vt 0.425057 0.173255
vt 0.524181 0.068825
vt 0.527435 0.070512
vt 0.422888 0.172369
vt 0.530174 0.072058
vt 0.434516 0.179957
vt 0.525903 0.072695
vt 0.52906 0.074368
vt 0.531432 0.07565
vt 0.433462 0.175857
vt 0.435731 0.178035
vt 0.516448 0.065314
vt 0.518466 0.067042
vt 0.533441 0.076781
vt 0.429333 0.172882
vt 0.425985 0.171232
vt 0.423936 0.170247
vt 0.522232 0.070466
vt 0.520538 0.072159
vt 0.524472 0.075146
vt 0.516595 0.068118
vt 0.528202 0.076763
vt 0.530597 0.077718
vt 0.434224 0.174704
vt 0.436849 0.176472
vt 0.514919 0.066147
vt 0.532761 0.078491
vt 0.429862 0.171581
vt 0.426556 0.169605
vt 0.424444 0.168491
vt 0.434888 0.173192
vt 0.430412 0.170294
vt 0.427146 0.168142
vt 0.42476 0.166889
vt 0.518745 0.073818
vt 0.523024 0.077768
vt 0.514685 0.068981
vt 0.527014 0.079087
vt 0.529767 0.079691
vt 0.437721 0.174855
vt 0.513442 0.066622
vt 0.532228 0.080176
vt 0.43562 0.172066
vt 0.438621 0.172794
vt 0.5118 0.066942
vt 0.512602 0.070199
vt 0.531934 0.082325
vt 0.52903 0.082293
vt 0.430984 0.1686
vt 0.427468 0.166145
vt 0.424798 0.165154
vt 0.516652 0.075617
vt 0.521057 0.080185
vt 0.525678 0.08192
vt 0.520177 0.083617
vt 0.523991 0.085451
vt 0.528373 0.086015
vt 0.435532 0.167083
vt 0.439688 0.169298
vt 0.509642 0.067792
vt 0.508933 0.071499
vt 0.532278 0.085887
vt 0.430813 0.164935
vt 0.426863 0.163389
vt 0.423087 0.163283
vt 0.514752 0.078092
vt 0.528094 0.090529
vt 0.522948 0.089518
vt 0.53282 0.090194
vt 0.429322 0.154994
vt 0.432139 0.149201
vt 0.441414 0.153713
vt 0.438889 0.158081
vt 0.448235 0.156734
vt 0.444992 0.160838
vt 0.533416 0.095696
vt 0.533468 0.100824
vt 0.52915 0.102308
vt 0.528631 0.096392
vt 0.434074 0.14443
vt 0.443431 0.149377
vt 0.435699 0.140261
vt 0.445009 0.145178
vt 0.437444 0.136149
vt 0.446427 0.140904
vt 0.515738 0.092422
vt 0.514904 0.098974
vt 0.509229 0.09807
vt 0.507369 0.091299
vt 0.4398 0.131156
vt 0.447969 0.135596
vt 0.442539 0.124823
vt 0.448876 0.128893
vt 0.449416 0.121023
vt 0.453774 0.126381
vt 0.454873 0.132338
vt 0.445461 0.11771
vt 0.421953 0.157148
vt 0.437034 0.162992
vt 0.441741 0.165409
vt 0.422675 0.126825
vt 0.474131 0.109198
vt 0.483655 0.055624
vt 0.487004 0.056632
vt 0.490047 0.055745
vt 0.463237 0.063046
vt 0.430922 0.161065
vt 0.456926 0.103496
vt 0.459979 0.10025
vt 0.491313 0.100147
vt 0.496265 0.098558
vt 0.477201 0.107448
vt 0.502492 0.097579
vt 0.47383 0.088836
vt 0.441195 0.109067
vt 0.438193 0.113419
vt 0.455341 0.138711
vt 0.454606 0.144268
vt 0.425524 0.159686
vt 0.420118 0.16147
vt 0.505312 0.070838
vt 0.506598 0.066528
vt 0.511198 0.080736
vt 0.518197 0.08756
vt 0.455326 0.114891
vt 0.46254 0.124918
vt 0.457559 0.124957
vt 0.451997 0.118117
vt 0.448307 0.113705
vt 0.451093 0.110365
vt 0.44592 0.105892
vt 0.522525 0.095064
vt 0.522894 0.102708
vt 0.493784 0.113194
vt 0.490898 0.108092
vt 0.494774 0.106319
vt 0.490671 0.114777
vt 0.487584 0.109828
vt 0.487669 0.116368
vt 0.484494 0.111488
vt 0.484685 0.118032
vt 0.481451 0.113169
vt 0.481843 0.119697
vt 0.47855 0.114943
vt 0.014633 0.820452
vt 0.018492 0.820065
vt 0.024262 0.819018
vt 0.041529 0.815839
vt 0.031666 0.817628
vt 0.326925 0.865893
vt 0.33926 0.878609
vt 0.348348 0.892311
vt 0.354063 0.908052
vt 0.357063 0.921468
vt 0.359049 0.932893
vt 0.361025 0.943405
vt 0.362717 0.949106
vt 0.95588 0.407134
vt 0.963795 0.398978
vt 0.949401 0.41302
vt 0.9443 0.41793
vt 0.939918 0.422653
vt 0.935916 0.427358
vt 0.871506 0.479682
vt 0.91495 0.457083
vt 0.916263 0.455351
vt 0.913036 0.460386
vt 0.911818 0.462769
vt 0.912433 0.461436
vt 0.91148 0.463809
vt 0.911422 0.46473
vt 0.911088 0.465431
vt 0.910515 0.466315
vt 0.909881 0.467104
vt 0.909619 0.467166
vt 0.806973 0.044477
vt 0.808191 0.046461
vt 0.809351 0.048075
vt 0.8099 0.049441
vt 0.810501 0.052313
vt 0.80992 0.057724
vt 0.809525 0.066831
vt 0.809155 0.078893
vt 0.810194 0.092839
vt 0.812018 0.109788
vt 0.815858 0.119285
vt 0.811648 0.127532
vt 0.803059 0.119253
vt 0.798901 0.106431
vt 0.793482 0.093984
vt 0.789824 0.080325
vt 0.788773 0.066324
vt 0.790184 0.056291
vt 0.792467 0.049556
vt 0.795411 0.046158
vt 0.798499 0.044299
vt 0.801895 0.042822
vt 0.803913 0.040518
vt 0.909272 0.467137
vt 0.908962 0.466547
vt 0.908322 0.465798
vt 0.907849 0.46504
vt 0.907712 0.464379
vt 0.907777 0.463646
vt 0.907571 0.462239
vt 0.907579 0.46086
vt 0.906937 0.459662
vt 0.906074 0.457189
vt 0.905359 0.455039
vt 0.871494 0.47752
vt 0.871692 0.475283
vt 0.313478 0.853072
vt 0.293954 0.83673
vt 0.276491 0.82724
vt 0.261197 0.821632
vt 0.248598 0.815782
vt 0.236716 0.809912
vt 0.22689 0.80525
vt 0.218747 0.801093
vt 0.211762 0.798539
vt 0.205399 0.797215
vt 0.196233 0.796863
vt 0.183276 0.797577
vt 0.168446 0.799124
vt 0.154397 0.799704
vt 0.140921 0.801045
vt 0.131938 0.801259
vt 0.123883 0.801649
vt 0.479231 0.121582
vt 0.476195 0.117203
vt 0.476477 0.124251
vt 0.472586 0.120394
vt 0.872936 0.478002
vt 0.872997 0.475837
vt 0.87222 0.472334
vt 0.873346 0.469893
vt 0.8082 0.124812
vt 0.811904 0.121153
vt 0.900964 0.457542
vt 0.874795 0.467924
vt 0.836369 0.405698
vt 0.830259 0.409497
vt 0.829081 0.405016
vt 0.836163 0.400673
vt 0.824532 0.415266
vt 0.82252 0.411621
vt 0.819446 0.422535
vt 0.816842 0.419753
vt 0.814903 0.430859
vt 0.811547 0.440054
vt 0.808114 0.438829
vt 0.811746 0.428905
vt 0.809319 0.449563
vt 0.805569 0.449026
vt 0.808021 0.459156
vt 0.803789 0.458784
vt 0.807419 0.468271
vt 0.802896 0.46806
vt 0.807324 0.476598
vt 0.802621 0.476592
vt 0.80696 0.483168
vt 0.80218 0.483168
vt 0.499266 0.104832
vt 0.474533 0.127109
vt 0.480075 0.127993
vt 0.478367 0.130481
vt 0.011551 0.820633
vt 0.20735 0.91849
vt 0.205245 0.910212
vt 0.209844 0.926322
vt 0.211652 0.935905
vt 0.212975 0.943576
vt 0.214111 0.95146
vt 0.21607 0.959342
vt 0.198659 0.898193
vt 0.194694 0.894717
vt 0.190194 0.892176
vt 0.18614 0.889989
vt 0.181453 0.887788
vt 0.174245 0.885495
vt 0.202093 0.903326
vt 0.164578 0.883221
vt 0.154448 0.881407
vt 0.145448 0.878979
vt 0.137475 0.877271
vt 0.130524 0.875214
vt 0.123922 0.873265
vt 0.118257 0.871874
vt 0.112927 0.870713
vt 0.106887 0.869597
vt 0.099591 0.86858
vt 0.090153 0.867336
vt 0.078131 0.866302
vt 0.064903 0.864222
vt 0.050941 0.861017
vt 0.039027 0.856969
vt 0.029806 0.853987
vt 0.022627 0.852108
vt 0.017261 0.850845
vt 0.013888 0.850336
vt 0.472587 0.132734
vt 0.475878 0.135133
vt 0.410018 0.155883
vt 0.499957 0.057179
vt 0.502356 0.060326
vt 0.412297 0.156025
vt 0.412751 0.158855
vt 0.408755 0.158894
vt 0.501645 0.068565
vt 0.503931 0.063805
vt 0.508032 0.082082
vt 0.490456 0.07137
vt 0.502093 0.081777
vt 0.470784 0.123929
vt 0.469646 0.130034
vt 0.496514 0.069955
vt 0.541638 0.125748
vt 0.551847 0.129308
vt 0.544186 0.133489
vt 0.537498 0.130398
vt 0.535482 0.122981
vt 0.532247 0.126728
vt 0.531257 0.119146
vt 0.528434 0.122766
vt 0.52794 0.11518
vt 0.524958 0.118919
vt 0.526284 0.110578
vt 0.52231 0.115226
vt 0.519464 0.109658
vt 0.514333 0.105542
vt 0.509674 0.104157
vt 0.544718 0.122868
vt 0.554137 0.124931
vt 0.537956 0.120327
vt 0.548041 0.119257
vt 0.553902 0.120884
vt 0.453196 0.148351
vt 0.451186 0.152596
vt 0.542138 0.116871
vt 0.533335 0.116667
vt 0.537571 0.113746
vt 0.530992 0.112861
vt 0.535341 0.110169
vt 0.52967 0.108259
vt 0.533863 0.105801
vt 0.201802 0.922349
vt 0.199056 0.914014
vt 0.20465 0.930304
vt 0.206619 0.937923
vt 0.208068 0.945038
vt 0.209529 0.952303
vt 0.211492 0.960317
vt 0.192779 0.901756
vt 0.190126 0.898018
vt 0.187125 0.895421
vt 0.183866 0.893135
vt 0.179546 0.890818
vt 0.173576 0.888926
vt 0.196024 0.907169
vt 0.164627 0.886727
vt 0.154358 0.884762
vt 0.145337 0.882276
vt 0.137515 0.880668
vt 0.13063 0.878819
vt 0.124448 0.876566
vt 0.119176 0.874904
vt 0.113937 0.873735
vt 0.107181 0.872581
vt 0.099815 0.871736
vt 0.090342 0.871132
vt 0.078321 0.869865
vt 0.065041 0.867644
vt 0.050589 0.864219
vt 0.038948 0.860454
vt 0.029756 0.857573
vt 0.022694 0.855949
vt 0.017704 0.854886
vt 0.014549 0.854627
vt 0.504333 0.103974
vt 0.453904 0.106809
vt 0.067596 0.811906
vt 0.053586 0.814361
vt 0.081374 0.809203
vt 0.093377 0.806926
vt 0.09996 0.804732
vt 0.104134 0.803271
vt 0.107904 0.802453
vt 0.112134 0.802083
vt 0.117203 0.801964
vt 0.416376 0.160304
vt 0.5102 0.110106
vt 0.514137 0.111853
vt 0.513763 0.116914
vt 0.51055 0.115016
vt 0.517862 0.114962
vt 0.516081 0.119135
vt 0.520003 0.11875
vt 0.518187 0.121539
vt 0.522794 0.121715
vt 0.526223 0.125344
vt 0.529898 0.129185
vt 0.534774 0.132794
vt 0.540675 0.135274
vt 0.537276 0.137479
vt 0.532348 0.134461
vt 0.009969 0.831081
vt 0.009879 0.833423
vt 0.009556 0.840384
vt 0.009516 0.842433
vt 0.009208 0.801066
vt 0.011293 0.804244
vt 0.01247 0.807591
vt 0.009794 0.835806
vt 0.013125 0.810939
vt 0.009682 0.838199
vt 0.011041 0.850437
vt 0.012355 0.854207
vt 0.496185 0.11756
vt 0.524182 0.127787
vt 0.520817 0.124285
vt 0.482399 0.125705
vt 0.490272 0.12069
vt 0.487351 0.122393
vt 0.484726 0.124009
vt 0.52785 0.131327
vt 0.493224 0.119061
vt 0.14897 0.664749
vt 0.154088 0.668918
vt 0.181338 0.689481
vt 0.189961 0.694519
vt 0.159437 0.67343
vt 0.242029 0.702735
vt 0.19904 0.697275
vt 0.209461 0.698732
vt 0.224247 0.700006
vt 0.165416 0.678484
vt 0.137297 0.654122
vt 0.1437 0.660072
vt 0.172516 0.684055
vt 0.147645 0.65283
vt 0.153754 0.657529
vt 0.230096 0.685792
vt 0.245976 0.689539
vt 0.141772 0.64779
vt 0.170774 0.669749
vt 0.178477 0.674091
vt 0.187784 0.678751
vt 0.196639 0.682719
vt 0.164575 0.665205
vt 0.205625 0.684082
vt 0.159114 0.661322
vt 0.216324 0.685072
vt 0.26024 0.698355
vt 0.222584 0.670225
vt 0.23609 0.670773
vt 0.152589 0.64495
vt 0.158378 0.649102
vt 0.250755 0.674076
vt 0.146748 0.63974
vt 0.176598 0.658849
vt 0.184387 0.662051
vt 0.193828 0.66519
vt 0.202889 0.668083
vt 0.170056 0.6553
vt 0.211611 0.669537
vt 0.164346 0.652161
vt 0.264447 0.682885
vt 0.22992 0.653618
vt 0.242674 0.655303
vt 0.157444 0.635206
vt 0.163548 0.637698
vt 0.255922 0.658562
vt 0.151331 0.631703
vt 0.181846 0.645471
vt 0.189367 0.647667
vt 0.198716 0.64985
vt 0.208619 0.652208
vt 0.175362 0.643124
vt 0.219866 0.653136
vt 0.16956 0.640879
vt 0.26936 0.665036
vt 0.235677 0.637236
vt 0.247657 0.638283
vt 0.163047 0.62383
vt 0.168492 0.626614
vt 0.261559 0.642074
vt 0.1564 0.620683
vt 0.18605 0.63211
vt 0.193144 0.634012
vt 0.202411 0.635484
vt 0.214565 0.636142
vt 0.179894 0.630382
vt 0.224942 0.636742
vt 0.174105 0.628755
vt 0.274457 0.64769
vt 0.239055 0.621363
vt 0.250774 0.623092
vt 0.166443 0.613271
vt 0.171878 0.615493
vt 0.26456 0.625817
vt 0.159437 0.6114
vt 0.189989 0.620141
vt 0.197705 0.620921
vt 0.207414 0.621009
vt 0.21791 0.621257
vt 0.183468 0.619085
vt 0.22832 0.62134
vt 0.177556 0.617362
vt 0.277429 0.629825
vt 0.26494 0.610347
vt 0.27777 0.61272
vt 0.24011 0.606957
vt 0.25118 0.608433
vt 0.168885 0.603949
vt 0.174448 0.605214
vt 0.16178 0.602272
vt 0.19272 0.608336
vt 0.200766 0.608277
vt 0.210392 0.60809
vt 0.220207 0.607472
vt 0.185963 0.607871
vt 0.230149 0.607168
vt 0.179998 0.606874
vt 0.176292 0.59621
vt 0.181687 0.597395
vt 0.263601 0.598568
vt 0.276075 0.600283
vt 0.239868 0.595141
vt 0.25038 0.596249
vt 0.170465 0.59506
vt 0.162756 0.594393
vt 0.194547 0.597973
vt 0.203168 0.5973
vt 0.211948 0.597024
vt 0.221546 0.59623
vt 0.187612 0.597979
vt 0.230709 0.595653
vt 0.230523 0.58702
vt 0.230296 0.579035
vt 0.239515 0.579066
vt 0.239246 0.587022
vt 0.176523 0.588466
vt 0.182687 0.589528
vt 0.262791 0.588912
vt 0.262086 0.580329
vt 0.27435 0.581491
vt 0.275054 0.590303
vt 0.249861 0.57953
vt 0.250362 0.587745
vt 0.17058 0.587444
vt 0.162948 0.586878
vt 0.195881 0.589935
vt 0.20413 0.588987
vt 0.188729 0.59005
vt 0.229773 0.570749
vt 0.239357 0.570239
vt 0.176805 0.582488
vt 0.176194 0.576468
vt 0.182411 0.576169
vt 0.18292 0.582847
vt 0.261737 0.571313
vt 0.274232 0.57254
vt 0.249286 0.570901
vt 0.170347 0.582272
vt 0.169736 0.57706
vt 0.16269 0.582205
vt 0.16225 0.577728
vt 0.196524 0.582326
vt 0.195999 0.57459
vt 0.203986 0.57336
vt 0.204421 0.581357
vt 0.189087 0.582864
vt 0.18887 0.575593
vt 0.273111 0.703919
vt 0.27592 0.689271
vt 0.289759 0.614288
vt 0.287971 0.602025
vt 0.301423 0.602726
vt 0.302578 0.616075
vt 0.289895 0.633049
vt 0.301957 0.635657
vt 0.287191 0.652569
vt 0.359753 0.600939
vt 0.359876 0.587342
vt 0.370792 0.588286
vt 0.369993 0.601827
vt 0.299966 0.656183
vt 0.38053 0.589941
vt 0.38053 0.60297
vt 0.313779 0.657074
vt 0.330818 0.661332
vt 0.346023 0.599292
vt 0.346736 0.585857
vt 0.28177 0.672501
vt 0.358962 0.635896
vt 0.359095 0.618572
vt 0.370142 0.620787
vt 0.370057 0.638369
vt 0.315636 0.638719
vt 0.33153 0.643717
vt 0.38053 0.620914
vt 0.38053 0.639221
vt 0.346557 0.631518
vt 0.346253 0.615495
vt 0.359447 0.653699
vt 0.370259 0.656084
vt 0.38053 0.657314
vt 0.34708 0.649765
vt 0.316625 0.617982
vt 0.33183 0.623481
vt 0.347552 0.666892
vt 0.358753 0.670726
vt 0.369255 0.673239
vt 0.38053 0.672843
vt 0.315961 0.604579
vt 0.331719 0.609667
vt 0.315747 0.594549
vt 0.315135 0.584618
vt 0.331394 0.585463
vt 0.331898 0.597222
vt 0.300674 0.593168
vt 0.300559 0.583715
vt 0.287208 0.592
vt 0.286972 0.582761
vt 0.221976 0.587175
vt 0.213104 0.588022
vt 0.371845 0.575858
vt 0.374374 0.572033
vt 0.38053 0.574131
vt 0.38053 0.57847
vt 0.36936 0.564657
vt 0.37262 0.564276
vt 0.370852 0.552018
vt 0.373556 0.556708
vt 0.38053 0.54691
vt 0.38053 0.552175
vt 0.375594 0.568462
vt 0.38053 0.569576
vt 0.374472 0.563969
vt 0.375122 0.559485
vt 0.38053 0.556894
vt 0.38053 0.563674
vt 0.33111 0.574379
vt 0.345686 0.574943
vt 0.315493 0.574201
vt 0.28702 0.573218
vt 0.300459 0.573923
vt 0.359476 0.57678
vt 0.315295 0.563219
vt 0.330522 0.563198
vt 0.300302 0.563343
vt 0.227968 0.560191
vt 0.238486 0.560366
vt 0.286795 0.562993
vt 0.249276 0.561254
vt 0.345101 0.562909
vt 0.274005 0.562598
vt 0.261525 0.561505
vt 0.35832 0.56333
vt 0.22201 0.579281
vt 0.213091 0.580192
vt 0.273623 0.551201
vt 0.285925 0.551434
vt 0.299082 0.551284
vt 0.314436 0.550544
vt 0.249094 0.550669
vt 0.261373 0.550622
vt 0.344547 0.548534
vt 0.357742 0.548495
vt 0.330033 0.549915
vt 0.226449 0.549316
vt 0.237312 0.549817
vt 0.21969 0.560982
vt 0.217264 0.549813
vt 0.221673 0.571016
vt 0.212438 0.571952
vt 0.168474 0.570386
vt 0.174661 0.568907
vt 0.194589 0.565959
vt 0.202726 0.564519
vt 0.181106 0.568506
vt 0.187466 0.567543
vt 0.161552 0.571545
vt 0.184619 0.557335
vt 0.191907 0.555377
vt 0.16622 0.561303
vt 0.172354 0.55983
vt 0.199953 0.553433
vt 0.178301 0.558632
vt 0.160064 0.562081
vt 0.211117 0.562593
vt 0.208528 0.55137
vt 0.155335 0.541079
vt 0.152463 0.529266
vt 0.156944 0.528538
vt 0.16002 0.538946
vt 0.18388 0.531727
vt 0.17996 0.521075
vt 0.1884 0.518348
vt 0.192119 0.529359
vt 0.176289 0.534477
vt 0.172456 0.523506
vt 0.169981 0.53633
vt 0.166038 0.525747
vt 0.164836 0.537636
vt 0.160915 0.52728
vt 0.205102 0.538985
vt 0.201256 0.527938
vt 0.21057 0.52679
vt 0.213996 0.537714
vt 0.196961 0.516901
vt 0.206804 0.515742
vt 0.176532 0.510237
vt 0.17347 0.500091
vt 0.181118 0.497974
vt 0.184482 0.507762
vt 0.167994 0.513153
vt 0.164298 0.502299
vt 0.161561 0.515292
vt 0.158276 0.503635
vt 0.156308 0.516717
vt 0.152822 0.504882
vt 0.152975 0.517604
vt 0.149171 0.505618
vt 0.149815 0.518679
vt 0.146261 0.50616
vt 0.169657 0.492038
vt 0.178413 0.48942
vt 0.161597 0.493978
vt 0.192983 0.505876
vt 0.189804 0.495672
vt 0.200034 0.493412
vt 0.202799 0.504336
vt 0.155744 0.495037
vt 0.150272 0.495855
vt 0.14626 0.496522
vt 0.143564 0.497213
vt 0.139121 0.486548
vt 0.142801 0.485869
vt 0.166741 0.483607
vt 0.175815 0.481013
vt 0.158784 0.485412
vt 0.187461 0.486612
vt 0.197905 0.483748
vt 0.152721 0.48611
vt 0.146856 0.485983
vt 0.132932 0.475891
vt 0.137077 0.475088
vt 0.162868 0.47395
vt 0.172852 0.472279
vt 0.1555 0.476299
vt 0.185569 0.477809
vt 0.196554 0.474659
vt 0.148249 0.476253
vt 0.14198 0.475895
vt 0.183995 0.469087
vt 0.196145 0.465909
vt 0.134889 0.465223
vt 0.129468 0.46501
vt 0.125609 0.466406
vt 0.169992 0.460437
vt 0.183867 0.45938
vt 0.197224 0.4573
vt 0.236659 0.538063
vt 0.234989 0.526447
vt 0.247714 0.526352
vt 0.248852 0.538421
vt 0.272464 0.538447
vt 0.270879 0.525289
vt 0.282777 0.524539
vt 0.28532 0.538352
vt 0.259423 0.5258
vt 0.260743 0.538171
vt 0.224057 0.537686
vt 0.22207 0.526576
vt 0.219346 0.515115
vt 0.232434 0.514912
vt 0.245709 0.513929
vt 0.269404 0.512316
vt 0.28204 0.511016
vt 0.257591 0.513256
vt 0.216089 0.503422
vt 0.213121 0.491666
vt 0.226932 0.48967
vt 0.229518 0.502085
vt 0.240545 0.48761
vt 0.243093 0.500963
vt 0.268305 0.498467
vt 0.266924 0.483638
vt 0.280421 0.481238
vt 0.281368 0.496667
vt 0.253452 0.485723
vt 0.255228 0.50008
vt 0.211274 0.481176
vt 0.22511 0.478336
vt 0.238963 0.475177
vt 0.265929 0.469952
vt 0.279546 0.466476
vt 0.252239 0.472479
vt 0.210272 0.471547
vt 0.224373 0.468058
vt 0.238339 0.464593
vt 0.265661 0.459137
vt 0.278684 0.45557
vt 0.251961 0.461856
vt 0.210595 0.462623
vt 0.22485 0.458923
vt 0.23851 0.455651
vt 0.265362 0.450137
vt 0.277323 0.446981
vt 0.25193 0.452949
vt 0.211501 0.454584
vt 0.225384 0.451103
vt 0.238573 0.44775
vt 0.251399 0.444715
vt 0.275693 0.438924
vt 0.28694 0.436399
vt 0.35597 0.511408
vt 0.355942 0.492411
vt 0.367792 0.488718
vt 0.368091 0.508978
vt 0.314631 0.536366
vt 0.314261 0.521116
vt 0.329258 0.517964
vt 0.329591 0.533882
vt 0.343238 0.514551
vt 0.343728 0.531517
vt 0.356761 0.529672
vt 0.298804 0.537629
vt 0.298018 0.523388
vt 0.296672 0.509541
vt 0.313601 0.505695
vt 0.32922 0.501471
vt 0.342871 0.496636
vt 0.38053 0.487454
vt 0.38053 0.507746
vt 0.295513 0.493952
vt 0.294874 0.478343
vt 0.311456 0.47415
vt 0.31278 0.489853
vt 0.329152 0.484269
vt 0.328605 0.468486
vt 0.344851 0.460659
vt 0.343497 0.478473
vt 0.36857 0.469303
vt 0.369489 0.452841
vt 0.38053 0.452298
vt 0.38053 0.468378
vt 0.359192 0.455137
vt 0.356999 0.473381
vt 0.293662 0.46341
vt 0.31017 0.459594
vt 0.328218 0.454597
vt 0.346523 0.446732
vt 0.370337 0.439148
vt 0.38053 0.437972
vt 0.361741 0.441986
vt 0.291877 0.452788
vt 0.309104 0.44899
vt 0.328343 0.443627
vt 0.351569 0.434732
vt 0.371396 0.429692
vt 0.38053 0.428684
vt 0.363729 0.431491
vt 0.289438 0.444446
vt 0.306988 0.440383
vt 0.325596 0.434381
vt 0.373065 0.415562
vt 0.38053 0.416335
vt 0.366693 0.41538
vt 0.362115 0.414267
vt 0.369697 0.528267
vt 0.38053 0.52774
vt 0.157462 0.550022
vt 0.163001 0.548662
vt 0.18783 0.543139
vt 0.196146 0.540723
vt 0.180339 0.545332
vt 0.174073 0.54697
vt 0.168509 0.548089
vt 0.344017 0.425261
vt 0.303705 0.432257
vt 0.264365 0.442271
vt 0.875802 0.466401
vt 0.87647 0.464826
vt 0.863452 0.449025
vt 0.865685 0.454015
vt 0.861368 0.460012
vt 0.859322 0.457141
vt 0.853287 0.466101
vt 0.855985 0.467842
vt 0.853556 0.471501
vt 0.850422 0.469836
vt 0.859422 0.479931
vt 0.855095 0.479606
vt 0.855896 0.476309
vt 0.859928 0.477026
vt 0.856097 0.462333
vt 0.858543 0.464143
vt 0.859312 0.483168
vt 0.854902 0.483168
vt 0.878865 0.46677
vt 0.857189 0.456158
vt 0.854264 0.461157
vt 0.852491 0.460427
vt 0.855052 0.455498
vt 0.796854 0.483168
vt 0.79716 0.476446
vt 0.797947 0.467579
vt 0.799151 0.457995
vt 0.801228 0.44794
vt 0.885039 0.47188
vt 0.881579 0.464622
vt 0.88461 0.467646
vt 0.872886 0.480031
vt 0.89535 0.461045
vt 0.842513 0.458012
vt 0.843047 0.458849
vt 0.843403 0.459692
vt 0.844078 0.460607
vt 0.845928 0.463664
vt 0.844823 0.461848
vt 0.804236 0.437138
vt 0.87586 0.462405
vt 0.859422 0.449241
vt 0.047507 0.583935
vt 0.046887 0.584781
vt 0.046059 0.58581
vt 0.808255 0.426458
vt 0.936024 0.477448
vt 0.936948 0.483168
vt 0.856516 0.449268
vt 0.873364 0.472948
vt 0.843338 0.398599
vt 0.842668 0.403997
vt 0.933955 0.471023
vt 0.881201 0.460384
vt 0.931065 0.464406
vt 0.927437 0.458494
vt 0.923506 0.453565
vt 0.866486 0.464615
vt 0.870087 0.461795
vt 0.919699 0.450173
vt 0.914956 0.449384
vt 0.910044 0.449591
vt 0.904903 0.451512
vt 0.899718 0.454659
vt 0.893622 0.458489
vt 0.88603 0.452115
vt 0.891691 0.448861
vt 0.892473 0.454573
vt 0.886858 0.457638
vt 0.813707 0.416308
vt 0.819898 0.407027
vt 0.827442 0.399968
vt 0.835623 0.394893
vt 0.875959 0.40046
vt 0.88091 0.393186
vt 0.889705 0.399445
vt 0.883162 0.406946
vt 0.843863 0.392668
vt 0.852046 0.391936
vt 0.850566 0.398035
vt 0.860138 0.392913
vt 0.857669 0.399127
vt 0.868155 0.395719
vt 0.864604 0.401993
vt 0.871306 0.406639
vt 0.877567 0.412974
vt 0.927041 0.420165
vt 0.945925 0.476275
vt 0.946385 0.483168
vt 0.941769 0.483168
vt 0.94104 0.476833
vt 0.904178 0.442385
vt 0.911632 0.440098
vt 0.910794 0.445011
vt 0.904544 0.447256
vt 0.857363 0.472874
vt 0.944575 0.469751
vt 0.949003 0.468849
vt 0.950341 0.475783
vt 0.91925 0.439616
vt 0.916973 0.444823
vt 0.93228 0.446703
vt 0.936249 0.443153
vt 0.941935 0.451308
vt 0.937959 0.453637
vt 0.941956 0.46204
vt 0.946552 0.460424
vt 0.926167 0.441864
vt 0.921518 0.434025
vt 0.929501 0.437147
vt 0.953169 0.475997
vt 0.953587 0.483168
vt 0.950742 0.483168
vt 0.951842 0.468366
vt 0.949648 0.459634
vt 0.872645 0.418026
vt 0.867242 0.411944
vt 0.871735 0.388789
vt 0.861404 0.407525
vt 0.855214 0.404594
vt 0.859131 0.469365
vt 0.86133 0.465905
vt 0.848964 0.40369
vt 0.853492 0.385463
vt 0.844232 0.386719
vt 0.844381 0.381077
vt 0.854679 0.379266
vt 0.834962 0.389353
vt 0.834063 0.384244
vt 0.841943 0.408688
vt 0.84732 0.408349
vt 0.852779 0.409322
vt 0.85832 0.412013
vt 0.863662 0.416474
vt 0.868321 0.42233
vt 0.862609 0.386099
vt 0.86481 0.37915
vt 0.792409 0.476136
vt 0.791964 0.483168
vt 0.792573 0.466958
vt 0.796204 0.44633
vt 0.793892 0.457179
vt 0.799555 0.434809
vt 0.825529 0.395072
vt 0.823579 0.39018
vt 0.816999 0.402427
vt 0.875404 0.381042
vt 0.886377 0.384728
vt 0.897276 0.390877
vt 0.896957 0.408503
vt 0.888972 0.414933
vt 0.904154 0.436057
vt 0.912647 0.433911
vt 0.939443 0.470588
vt 0.927956 0.449674
vt 0.932615 0.456091
vt 0.936606 0.463447
vt 0.922809 0.446228
vt 0.945319 0.449655
vt 0.864189 0.462394
vt 0.868134 0.458313
vt 0.871618 0.447744
vt 0.877208 0.44357
vt 0.898764 0.450742
vt 0.897805 0.445526
vt 0.939834 0.43958
vt 0.932673 0.432304
vt 0.923962 0.427627
vt 0.957045 0.483168
vt 0.914123 0.425039
vt 0.914977 0.413193
vt 0.906511 0.400875
vt 0.882506 0.420509
vt 0.863889 0.467533
vt 0.862111 0.470807
vt 0.860863 0.474019
vt 0.887852 0.461468
vt 0.844575 0.158136
vt 0.85419 0.157089
vt 0.855272 0.167567
vt 0.866805 0.183366
vt 0.857598 0.18478
vt 0.861917 0.203018
vt 0.853433 0.222553
vt 0.866506 0.220602
vt 0.858616 0.240124
vt 0.871531 0.238103
vt 0.863196 0.258801
vt 0.876642 0.258323
vt 0.867023 0.27748
vt 0.8794 0.278501
vt 0.877222 0.293593
vt 0.881306 0.308235
vt 0.873753 0.304276
vt 0.897025 0.439063
vt 0.890555 0.442408
vt 0.888838 0.435796
vt 0.895719 0.431734
vt 0.884579 0.445982
vt 0.904051 0.42788
vt 0.893349 0.423666
vt 0.886313 0.428306
vt 0.875021 0.436885
vt 0.869593 0.441848
vt 0.867574 0.433947
vt 0.872306 0.42974
vt 0.902277 0.418353
vt 0.863171 0.438784
vt 0.85974 0.44094
vt 0.856482 0.442222
vt 0.853338 0.443457
vt 0.850718 0.444422
vt 0.848567 0.445239
vt 0.846817 0.445951
vt 0.845532 0.44667
vt 0.844427 0.446962
vt 0.039725 0.584327
vt 0.039226 0.583237
vt 0.038724 0.58212
vt 0.038136 0.580766
vt 0.037269 0.578644
vt 0.035803 0.574718
vt 0.033593 0.567773
vt 0.024039 0.552881
vt 0.841483 0.447399
vt 0.839549 0.446954
vt 0.842673 0.447334
vt 0.843736 0.447129
vt 0.87725 0.425069
vt 0.882873 0.439685
vt 0.88048 0.432717
vt 0.889787 0.463953
vt 0.894025 0.464953
vt 0.896653 0.465803
vt 0.892205 0.475026
vt 0.890552 0.468305
vt 0.903809 0.473037
vt 0.905887 0.473425
vt 0.889466 0.47189
vt 0.907036 0.473694
vt 0.794522 0.026005
vt 0.790174 0.028986
vt 0.785405 0.03246
vt 0.781478 0.036106
vt 0.777821 0.041555
vt 0.7745 0.051659
vt 0.773179 0.064949
vt 0.776082 0.081441
vt 0.779973 0.096464
vt 0.82485 0.135553
vt 0.826921 0.135995
vt 0.834947 0.13644
vt 0.840687 0.136067
vt 0.818358 0.323066
vt 0.798798 0.37756
vt 0.803302 0.382919
vt 0.794365 0.371702
vt 0.790609 0.364386
vt 0.78768 0.355591
vt 0.800774 0.352678
vt 0.803047 0.359578
vt 0.811506 0.371194
vt 0.816507 0.375924
vt 0.806988 0.366212
vt 0.811905 0.350676
vt 0.814017 0.356094
vt 0.823285 0.365376
vt 0.83129 0.368733
vt 0.817953 0.361427
vt 0.874716 0.315944
vt 0.868749 0.312154
vt 0.861808 0.309779
vt 0.854837 0.308595
vt 0.882174 0.328957
vt 0.878783 0.320618
vt 0.799891 0.344931
vt 0.811337 0.344572
vt 0.786843 0.345557
vt 0.845142 0.366198
vt 0.820867 0.335208
vt 0.824318 0.33116
vt 0.838979 0.318347
vt 0.84723 0.316259
vt 0.865509 0.355617
vt 0.856628 0.35952
vt 0.833813 0.329306
vt 0.836602 0.332586
vt 0.835219 0.333483
vt 0.832402 0.331503
vt 0.875763 0.339969
vt 0.873873 0.349115
vt 0.868836 0.322244
vt 0.872825 0.32625
vt 0.84205 0.359648
vt 0.844394 0.357062
vt 0.850226 0.356327
vt 0.849233 0.358682
vt 0.864651 0.3261
vt 0.861138 0.331378
vt 0.856376 0.329862
vt 0.8598 0.324172
vt 0.826555 0.358116
vt 0.822989 0.353764
vt 0.847581 0.361907
vt 0.825517 0.344374
vt 0.829325 0.342728
vt 0.828131 0.347153
vt 0.826546 0.348922
vt 0.872501 0.339761
vt 0.870039 0.340046
vt 0.868224 0.336477
vt 0.871208 0.335315
vt 0.831227 0.352127
vt 0.828357 0.352521
vt 0.853212 0.316338
vt 0.865853 0.33373
vt 0.869181 0.331815
vt 0.836332 0.358579
vt 0.839371 0.35647
vt 0.836264 0.327061
vt 0.838275 0.331729
vt 0.826673 0.327563
vt 0.864019 0.353433
vt 0.862501 0.352047
vt 0.868406 0.346536
vt 0.870505 0.347556
vt 0.85505 0.322617
vt 0.852715 0.329076
vt 0.849207 0.328653
vt 0.851626 0.322603
vt 0.837461 0.352161
vt 0.83514 0.354732
vt 0.834484 0.349793
vt 0.86649 0.341673
vt 0.864984 0.346211
vt 0.855426 0.352096
vt 0.85635 0.354703
vt 0.850635 0.353544
vt 0.859669 0.333229
vt 0.854023 0.331479
vt 0.831213 0.346047
vt 0.859866 0.350283
vt 0.838906 0.332756
vt 0.837439 0.333436
vt 0.865293 0.338201
vt 0.841345 0.353775
vt 0.845777 0.354126
vt 0.834633 0.335321
vt 0.833894 0.334475
vt 0.836252 0.334178
vt 0.841256 0.331598
vt 0.841058 0.330488
vt 0.84475 0.329398
vt 0.844349 0.330859
vt 0.847738 0.330551
vt 0.863009 0.335199
vt 0.831336 0.342823
vt 0.850766 0.330945
vt 0.832748 0.338276
vt 0.83113 0.338187
vt 0.832535 0.343257
vt 0.833598 0.346255
vt 0.850413 0.332202
vt 0.847203 0.331725
vt 0.833469 0.338669
vt 0.835111 0.335881
vt 0.846726 0.352144
vt 0.851026 0.351543
vt 0.858117 0.334262
vt 0.86138 0.336215
vt 0.839084 0.350883
vt 0.836245 0.349049
vt 0.863758 0.342161
vt 0.862193 0.345918
vt 0.855231 0.350358
vt 0.853121 0.332701
vt 0.857973 0.349285
vt 0.839695 0.333324
vt 0.838035 0.334042
vt 0.863241 0.338911
vt 0.842713 0.352009
vt 0.83664 0.334619
vt 0.841679 0.332624
vt 0.844737 0.33175
vt 0.843694 0.350867
vt 0.844415 0.350069
vt 0.847792 0.350094
vt 0.847372 0.350855
vt 0.860937 0.339532
vt 0.859831 0.339889
vt 0.858294 0.337755
vt 0.859327 0.337243
vt 0.838515 0.334573
vt 0.839111 0.33544
vt 0.837162 0.335696
vt 0.83697 0.335277
vt 0.856655 0.347713
vt 0.855526 0.346879
vt 0.856676 0.345642
vt 0.858572 0.345605
vt 0.834728 0.343848
vt 0.835412 0.343672
vt 0.836305 0.345354
vt 0.835509 0.345501
vt 0.849935 0.33373
vt 0.849885 0.334249
vt 0.847743 0.333903
vt 0.847666 0.333398
vt 0.851287 0.349474
vt 0.851219 0.350256
vt 0.85675 0.335491
vt 0.856297 0.335995
vt 0.851956 0.334756
vt 0.85213 0.334232
vt 0.838887 0.347885
vt 0.837842 0.348559
vt 0.840373 0.334459
vt 0.84074 0.334795
vt 0.861679 0.342479
vt 0.859958 0.342435
vt 0.853353 0.347356
vt 0.853873 0.348369
vt 0.851238 0.348728
vt 0.854523 0.346206
vt 0.836729 0.338236
vt 0.836314 0.337846
vt 0.837756 0.336851
vt 0.843623 0.334651
vt 0.843201 0.334276
vt 0.846131 0.333907
vt 0.846171 0.334363
vt 0.847556 0.334428
vt 0.836341 0.340007
vt 0.835579 0.33979
vt 0.855636 0.336328
vt 0.85748 0.338013
vt 0.842264 0.348508
vt 0.841412 0.349251
vt 0.839678 0.347433
vt 0.858092 0.342301
vt 0.855586 0.34544
vt 0.852789 0.343225
vt 0.851604 0.34278
vt 0.851611 0.34182
vt 0.852769 0.34228
vt 0.846999 0.347072
vt 0.847538 0.346037
vt 0.849082 0.346182
vt 0.848869 0.347141
vt 0.842367 0.341097
vt 0.840767 0.340234
vt 0.841103 0.339311
vt 0.842424 0.340245
vt 0.852672 0.344171
vt 0.85153 0.343625
vt 0.847815 0.338816
vt 0.848312 0.337711
vt 0.849996 0.338464
vt 0.849212 0.339218
vt 0.84247 0.337896
vt 0.843079 0.338981
vt 0.842664 0.339532
vt 0.841592 0.338561
vt 0.845505 0.33869
vt 0.845372 0.337306
vt 0.846754 0.337424
vt 0.846568 0.338847
vt 0.85145 0.340913
vt 0.852495 0.340829
vt 0.851524 0.344329
vt 0.852335 0.344967
vt 0.85191 0.345616
vt 0.851427 0.344783
vt 0.844489 0.338544
vt 0.844192 0.337397
vt 0.840589 0.342833
vt 0.842795 0.343534
vt 0.843748 0.344218
vt 0.841325 0.344526
vt 0.845375 0.336236
vt 0.846928 0.336321
vt 0.843884 0.336441
vt 0.839343 0.339562
vt 0.839804 0.338544
vt 0.84628 0.347963
vt 0.848594 0.34803
vt 0.844118 0.347189
vt 0.845264 0.346357
vt 0.853871 0.343327
vt 0.854174 0.341738
vt 0.841884 0.336978
vt 0.84056 0.337681
vt 0.853061 0.345558
vt 0.852465 0.346305
vt 0.839528 0.345418
vt 0.84359 0.345637
vt 0.84153 0.346467
vt 0.852955 0.337897
vt 0.85164 0.339182
vt 0.850879 0.337207
vt 0.851002 0.347271
vt 0.850871 0.34639
vt 0.853423 0.344546
vt 0.854086 0.338828
vt 0.840631 0.341283
vt 0.838945 0.341356
vt 0.848779 0.336678
vt 0.838899 0.343841
vt 0.840382 0.350122
vt 0.85442 0.349551
vt 0.831907 0.356261
vt 0.854917 0.336925
vt 0.851546 0.336295
vt 0.851503 0.335211
vt 0.837038 0.34523
vt 0.837723 0.345148
vt 0.840495 0.347007
vt 0.840988 0.335287
vt 0.841233 0.335817
vt 0.839682 0.336676
vt 0.839221 0.335914
vt 0.856042 0.342968
vt 0.856915 0.340564
vt 0.858554 0.340245
vt 0.845024 0.349388
vt 0.84561 0.348724
vt 0.848375 0.348818
vt 0.848118 0.349453
vt 0.856289 0.338377
vt 0.83832 0.337696
vt 0.853799 0.345951
vt 0.854675 0.345057
vt 0.83619 0.343686
vt 0.836963 0.343583
vt 0.849801 0.334784
vt 0.849204 0.335748
vt 0.847081 0.334999
vt 0.85118 0.348056
vt 0.843082 0.347869
vt 0.846018 0.3336
vt 0.845136 0.344703
vt 0.850872 0.345486
vt 0.842348 0.341949
vt 0.843023 0.333817
vt 0.835701 0.336494
vt 0.83488 0.339759
vt 0.850556 0.33992
vt 0.8462 0.345418
vt 0.845841 0.344054
vt 0.847313 0.344589
vt 0.847895 0.345069
vt 0.849125 0.345109
vt 0.850237 0.344559
vt 0.850281 0.344119
vt 0.850165 0.343533
vt 0.850134 0.34284
vt 0.85011 0.342059
vt 0.850234 0.341301
vt 0.850393 0.340745
vt 0.84964 0.340272
vt 0.84849 0.339951
vt 0.847275 0.339944
vt 0.846271 0.340054
vt 0.845508 0.339992
vt 0.844756 0.339807
vt 0.844037 0.340101
vt 0.843819 0.340639
vt 0.843672 0.34125
vt 0.843567 0.341897
vt 0.843532 0.342538
vt 0.844018 0.343387
vt 0.84479 0.343718
vt 0.847013 0.340705
vt 0.846334 0.340871
vt 0.845266 0.343158
vt 0.846144 0.343418
vt 0.837173 0.340262
vt 0.848184 0.340761
vt 0.849217 0.340883
vt 0.847483 0.34393
vt 0.846269 0.342748
vt 0.847497 0.342981
vt 0.845377 0.342014
vt 0.84634 0.34215
vt 0.845394 0.342581
vt 0.848266 0.344088
vt 0.848355 0.343046
vt 0.849213 0.343825
vt 0.849165 0.343118
vt 0.849126 0.342373
vt 0.847379 0.342272
vt 0.848341 0.342226
vt 0.847062 0.341404
vt 0.848228 0.341515
vt 0.846331 0.341469
vt 0.845373 0.341447
vt 0.84541 0.340826
vt 0.849108 0.341612
vt 0.85295 0.346673
vt 0.837825 0.338838
vt 0.843784 0.335254
vt 0.845488 0.335022
vt 0.82653 0.337589
vt 0.829995 0.333662
vt 0.839969 0.324113
vt 0.846453 0.323147
vt 0.856637 0.356644
vt 0.829918 0.324616
vt 0.838308 0.362945
vt 0.863805 0.319474
vt 0.820363 0.343515
vt 0.82114 0.349635
vt 0.876342 0.333087
vt 0.831385 0.361134
vt 0.833352 0.321575
vt 0.858198 0.31757
vt 0.833218 0.518189
vt 0.833504 0.51523
vt 0.834501 0.515404
vt 0.834363 0.518361
vt 0.83064 0.518347
vt 0.830924 0.514946
vt 0.832342 0.515149
vt 0.832059 0.518267
vt 0.833492 0.520941
vt 0.832425 0.521251
vt 0.831206 0.521706
vt 0.833358 0.523804
vt 0.832306 0.524781
vt 0.834283 0.523217
vt 0.83441 0.525753
vt 0.833735 0.527009
vt 0.834986 0.52491
vt 0.835445 0.527082
vt 0.835059 0.528755
vt 0.83583 0.525975
vt 0.836482 0.527913
vt 0.836308 0.52989
vt 0.836668 0.526723
vt 0.837694 0.528643
vt 0.837503 0.530446
vt 0.837721 0.52712
vt 0.838723 0.528467
vt 0.838795 0.530383
vt 0.838722 0.526933
vt 0.839947 0.528095
vt 0.840215 0.530197
vt 0.839764 0.526569
vt 0.841031 0.527548
vt 0.841562 0.529517
vt 0.84077 0.526051
vt 0.84462 0.522817
vt 0.845797 0.52361
vt 0.844462 0.526092
vt 0.843579 0.524794
vt 0.843752 0.52231
vt 0.842863 0.524089
vt 0.844206 0.513854
vt 0.845419 0.513407
vt 0.845722 0.516398
vt 0.844436 0.516504
vt 0.846523 0.51338
vt 0.846976 0.516871
vt 0.843724 0.511317
vt 0.844557 0.510733
vt 0.845552 0.510412
vt 0.843143 0.509726
vt 0.843796 0.509041
vt 0.844519 0.508386
vt 0.834407 0.512203
vt 0.835434 0.512494
vt 0.832041 0.511557
vt 0.833337 0.511928
vt 0.833813 0.508595
vt 0.834842 0.509101
vt 0.835752 0.509516
vt 0.836632 0.509831
vt 0.835669 0.506371
vt 0.836357 0.507016
vt 0.836882 0.507609
vt 0.837475 0.50804
vt 0.837233 0.505121
vt 0.837598 0.505806
vt 0.837939 0.506358
vt 0.838563 0.507192
vt 0.839634 0.503909
vt 0.839675 0.504769
vt 0.838649 0.505005
vt 0.838581 0.504356
vt 0.839815 0.505447
vt 0.840193 0.506137
vt 0.839511 0.506453
vt 0.838664 0.505487
vt 0.840721 0.503793
vt 0.840608 0.50474
vt 0.840678 0.505754
vt 0.840718 0.506307
vt 0.841842 0.504214
vt 0.84158 0.505099
vt 0.84139 0.50615
vt 0.841373 0.507166
vt 0.847427 0.524867
vt 0.845704 0.527671
vt 0.845416 0.507344
vt 0.846744 0.509513
vt 0.848137 0.512904
vt 0.850136 0.512279
vt 0.851007 0.517115
vt 0.848731 0.517041
vt 0.842148 0.531539
vt 0.840507 0.532064
vt 0.838864 0.532091
vt 0.837452 0.532
vt 0.8361 0.531468
vt 0.834712 0.530293
vt 0.833224 0.528415
vt 0.831441 0.525624
vt 0.830016 0.522267
vt 0.829471 0.518482
vt 0.829758 0.514836
vt 0.830971 0.511198
vt 0.832914 0.508002
vt 0.835152 0.505667
vt 0.832736 0.530245
vt 0.830539 0.526639
vt 0.838289 0.50353
vt 0.839539 0.50306
vt 0.84081 0.503049
vt 0.842216 0.50372
vt 0.836839 0.504345
vt 0.836251 0.503001
vt 0.837948 0.502111
vt 0.834129 0.504567
vt 0.835693 0.500823
vt 0.837761 0.499896
vt 0.839555 0.499564
vt 0.839449 0.501707
vt 0.841346 0.499753
vt 0.840972 0.501789
vt 0.843421 0.500631
vt 0.842737 0.502701
vt 0.833994 0.494274
vt 0.836729 0.493343
vt 0.83746 0.496859
vt 0.835014 0.49778
vt 0.839558 0.493055
vt 0.842267 0.493415
vt 0.841783 0.496843
vt 0.839674 0.49659
vt 0.845373 0.494928
vt 0.844312 0.497902
vt 0.833188 0.490518
vt 0.8362 0.489781
vt 0.839296 0.489565
vt 0.842633 0.490014
vt 0.846828 0.491553
vt 0.832489 0.486944
vt 0.835621 0.486569
vt 0.851233 0.490748
vt 0.845779 0.486864
vt 0.850122 0.486826
vt 0.839005 0.486429
vt 0.842422 0.486519
vt 0.852507 0.511587
vt 0.853556 0.517109
vt 0.850352 0.507111
vt 0.848202 0.508337
vt 0.84823 0.504597
vt 0.846477 0.506123
vt 0.851804 0.528174
vt 0.849453 0.532225
vt 0.847381 0.529879
vt 0.849363 0.526447
vt 0.837444 0.536417
vt 0.835812 0.535748
vt 0.836024 0.533242
vt 0.837417 0.533758
vt 0.841491 0.536883
vt 0.83931 0.536825
vt 0.838965 0.533999
vt 0.840938 0.534127
vt 0.83415 0.534441
vt 0.834545 0.532224
vt 0.832143 0.531866
vt 0.82996 0.527939
vt 0.828012 0.523272
vt 0.828826 0.522739
vt 0.828587 0.509639
vt 0.830819 0.505601
vt 0.831906 0.507241
vt 0.829827 0.510754
vt 0.827086 0.518605
vt 0.828153 0.518552
vt 0.827272 0.514128
vt 0.828475 0.514653
vt 0.833306 0.50258
vt 0.832251 0.499587
vt 0.831024 0.495915
vt 0.829909 0.491821
vt 0.829278 0.487522
vt 0.824249 0.504232
vt 0.827389 0.499143
vt 0.829034 0.502604
vt 0.826496 0.507387
vt 0.822958 0.511121
vt 0.825212 0.512942
vt 0.824275 0.524615
vt 0.823036 0.518084
vt 0.825212 0.518492
vt 0.826448 0.524034
vt 0.826719 0.530891
vt 0.828839 0.529598
vt 0.840337 0.544135
vt 0.837449 0.543335
vt 0.837498 0.539606
vt 0.839743 0.540149
vt 0.834933 0.542224
vt 0.835562 0.538761
vt 0.843505 0.544206
vt 0.842354 0.540323
vt 0.832253 0.539985
vt 0.833588 0.537189
vt 0.829519 0.536095
vt 0.831308 0.534094
vt 0.824061 0.531927
vt 0.821446 0.524683
vt 0.827315 0.538087
vt 0.819734 0.508617
vt 0.820998 0.499454
vt 0.825776 0.494432
vt 0.840985 0.548265
vt 0.837301 0.54719
vt 0.833909 0.545435
vt 0.844751 0.548378
vt 0.830563 0.542457
vt 0.819997 0.516897
vt 0.848582 0.547701
vt 0.84685 0.54347
vt 0.824867 0.488539
vt 0.82097 0.532874
vt 0.818202 0.525089
vt 0.816531 0.516483
vt 0.815702 0.507631
vt 0.815634 0.49829
vt 0.815595 0.490099
vt 0.820397 0.490284
vt 0.812921 0.516457
vt 0.811985 0.50723
vt 0.817871 0.534065
vt 0.814816 0.525573
vt 0.81167 0.497596
vt 0.811663 0.489784
vt 0.793761 0.552179
vt 0.787405 0.538993
vt 0.794004 0.534692
vt 0.79912 0.547457
vt 0.783087 0.525538
vt 0.790113 0.522341
vt 0.780167 0.512372
vt 0.787471 0.510644
vt 0.84598 0.552974
vt 0.841352 0.552803
vt 0.83693 0.551514
vt 0.832858 0.548945
vt 0.828545 0.545084
vt 0.824692 0.539765
vt 0.850543 0.552105
vt 0.826629 0.547942
vt 0.821996 0.541639
vt 0.831511 0.552882
vt 0.836525 0.556308
vt 0.810839 0.573157
vt 0.801811 0.563357
vt 0.806143 0.558582
vt 0.81402 0.568443
vt 0.796545 0.569219
vt 0.787637 0.557423
vt 0.804121 0.543316
vt 0.810082 0.554201
vt 0.821335 0.581283
vt 0.819576 0.585179
vt 0.807295 0.57801
vt 0.718699 0.615128
vt 0.701241 0.613305
vt 0.709928 0.574969
vt 0.725453 0.583512
vt 0.870032 0.485169
vt 0.868127 0.485498
vt 0.868818 0.492159
vt 0.866724 0.493206
vt 0.866324 0.490469
vt 0.868276 0.489844
vt 0.869573 0.49471
vt 0.867999 0.495671
vt 0.863755 0.491399
vt 0.864653 0.494291
vt 0.866036 0.49734
vt 0.866047 0.488002
vt 0.865896 0.485771
vt 0.868161 0.487528
vt 0.863193 0.486115
vt 0.86334 0.488637
vt 0.869942 0.487143
vt 0.868256 0.500053
vt 0.86978 0.498119
vt 0.872491 0.500456
vt 0.871518 0.502122
vt 0.87545 0.488704
vt 0.874696 0.487779
vt 0.876614 0.486727
vt 0.876798 0.487546
vt 0.874665 0.495701
vt 0.87554 0.495141
vt 0.878003 0.497519
vt 0.876592 0.498184
vt 0.87454 0.486033
vt 0.874595 0.484687
vt 0.876754 0.484581
vt 0.876682 0.485716
vt 0.878776 0.486471
vt 0.878685 0.487426
vt 0.879423 0.484499
vt 0.879225 0.485533
vt 0.880973 0.487006
vt 0.880479 0.487793
vt 0.882221 0.484559
vt 0.881671 0.485709
vt 0.883056 0.48845
vt 0.882 0.489018
vt 0.88219 0.494292
vt 0.882953 0.49122
vt 0.88396 0.491145
vt 0.883563 0.494526
vt 0.880873 0.496628
vt 0.880273 0.495316
vt 0.881304 0.494083
vt 0.876097 0.489939
vt 0.875192 0.48972
vt 0.876207 0.489134
vt 0.876855 0.493617
vt 0.876423 0.494262
vt 0.875334 0.492322
vt 0.876244 0.491929
vt 0.878653 0.495181
vt 0.878306 0.496039
vt 0.877019 0.488104
vt 0.878684 0.488115
vt 0.880104 0.488451
vt 0.88118 0.489589
vt 0.881839 0.491344
vt 0.874477 0.492687
vt 0.872985 0.484733
vt 0.871599 0.484952
vt 0.874219 0.490065
vt 0.870001 0.48934
vt 0.870316 0.491635
vt 0.870945 0.494154
vt 0.871972 0.496483
vt 0.870948 0.497074
vt 0.873161 0.498171
vt 0.872932 0.499205
vt 0.881108 0.498137
vt 0.87477 0.507487
vt 0.880345 0.510793
vt 0.878989 0.516353
vt 0.873188 0.512413
vt 0.883945 0.48468
vt 0.883481 0.486261
vt 0.878798 0.494057
vt 0.879854 0.494397
vt 0.880692 0.493561
vt 0.880665 0.490072
vt 0.879703 0.489321
vt 0.877789 0.489163
vt 0.877276 0.489708
vt 0.877568 0.493195
vt 0.878677 0.489019
vt 0.876843 0.490456
vt 0.881098 0.491368
vt 0.877437 0.491869
vt 0.886547 0.484906
vt 0.897823 0.504127
vt 0.900273 0.503125
vt 0.904276 0.505847
vt 0.902787 0.50728
vt 0.916689 0.501839
vt 0.920203 0.497546
vt 0.92201 0.498476
vt 0.917786 0.502502
vt 0.913974 0.504121
vt 0.914824 0.504923
vt 0.895969 0.484618
vt 0.893287 0.484338
vt 0.890023 0.484712
vt 0.880209 0.491692
vt 0.879876 0.490976
vt 0.878169 0.492619
vt 0.878707 0.493311
vt 0.87982 0.492605
vt 0.879234 0.49319
vt 0.878029 0.4901
vt 0.877635 0.490238
vt 0.878586 0.489947
vt 0.877585 0.490808
vt 0.877746 0.4916
vt 0.879301 0.490263
vt 0.878108 0.490805
vt 0.878332 0.491497
vt 0.878719 0.492325
vt 0.878548 0.4906
vt 0.878884 0.491045
vt 0.879315 0.491783
vt 0.920675 0.504107
vt 0.917605 0.507033
vt 0.924064 0.499605
vt 0.902323 0.502205
vt 0.905019 0.504583
vt 0.889633 0.486679
vt 0.886163 0.486718
vt 0.899198 0.499428
vt 0.900486 0.498706
vt 0.903448 0.501318
vt 0.901584 0.497996
vt 0.904136 0.500503
vt 0.905008 0.499726
vt 0.902994 0.497309
vt 0.903925 0.496635
vt 0.905774 0.499156
vt 0.904947 0.495863
vt 0.906975 0.49841
vt 0.906084 0.49507
vt 0.90741 0.497983
vt 0.908987 0.503361
vt 0.910199 0.503704
vt 0.910439 0.504537
vt 0.90897 0.504623
vt 0.909155 0.502596
vt 0.910011 0.50252
vt 0.909655 0.500662
vt 0.910001 0.500277
vt 0.910039 0.501476
vt 0.909345 0.501773
vt 0.909817 0.499609
vt 0.909923 0.49941
vt 0.91494 0.499714
vt 0.91566 0.500598
vt 0.913301 0.502829
vt 0.912892 0.501771
vt 0.911066 0.498512
vt 0.912483 0.498368
vt 0.911239 0.499625
vt 0.91033 0.499044
vt 0.905737 0.503359
vt 0.906245 0.50229
vt 0.906747 0.501304
vt 0.907783 0.499563
vt 0.906989 0.500593
vt 0.908348 0.499287
vt 0.908838 0.507375
vt 0.908956 0.506048
vt 0.91091 0.505927
vt 0.911268 0.507258
vt 0.914218 0.499006
vt 0.912539 0.500923
vt 0.91347 0.498558
vt 0.912018 0.500303
vt 0.893032 0.486554
vt 0.894849 0.486569
vt 0.89478 0.488587
vt 0.892186 0.488996
vt 0.89702 0.493532
vt 0.898053 0.492987
vt 0.899311 0.495631
vt 0.898213 0.49605
vt 0.899774 0.492565
vt 0.901337 0.492054
vt 0.902364 0.494191
vt 0.900936 0.494891
vt 0.889198 0.48903
vt 0.88895 0.491489
vt 0.885874 0.491402
vt 0.88585 0.488944
vt 0.892363 0.494389
vt 0.895539 0.493908
vt 0.896985 0.496678
vt 0.894179 0.497574
vt 0.899012 0.488122
vt 0.900756 0.488007
vt 0.900828 0.489867
vt 0.899099 0.490172
vt 0.896592 0.488382
vt 0.89744 0.488237
vt 0.897589 0.490421
vt 0.896499 0.490618
vt 0.899423 0.486353
vt 0.900978 0.486213
vt 0.897044 0.486552
vt 0.8977 0.48646
vt 0.899771 0.484471
vt 0.901122 0.484329
vt 0.897683 0.484586
vt 0.898231 0.484573
vt 0.903002 0.4913
vt 0.902913 0.489538
vt 0.903132 0.48793
vt 0.903121 0.486022
vt 0.903197 0.484461
vt 0.8951 0.490868
vt 0.917126 0.49616
vt 0.918507 0.496752
vt 0.913348 0.494608
vt 0.915094 0.494777
vt 0.916065 0.495387
vt 0.923159 0.492519
vt 0.920701 0.492033
vt 0.918603 0.491253
vt 0.917164 0.49086
vt 0.915672 0.490592
vt 0.91442 0.490133
vt 0.917966 0.486393
vt 0.91944 0.486518
vt 0.921499 0.486722
vt 0.927014 0.487424
vt 0.929569 0.487801
vt 0.927626 0.494019
vt 0.925184 0.493472
vt 0.924361 0.486956
vt 0.914846 0.486375
vt 0.916143 0.486424
vt 0.912101 0.494439
vt 0.913127 0.489781
vt 0.91404 0.486312
vt 0.905105 0.487855
vt 0.905237 0.489352
vt 0.905354 0.48582
vt 0.905509 0.490386
vt 0.910862 0.495711
vt 0.911341 0.489411
vt 0.905418 0.484387
vt 0.909795 0.49932
vt 0.909879 0.499326
vt 0.908675 0.497741
vt 0.90916 0.49889
vt 0.906658 0.487579
vt 0.9068 0.488908
vt 0.909994 0.499144
vt 0.91013 0.497995
vt 0.855674 0.02715
vt 0.8665 0.037576
vt 0.864728 0.040494
vt 0.856868 0.031431
vt 0.90676 0.484264
vt 0.906706 0.485575
vt 0.911576 0.486659
vt 0.906694 0.490268
vt 0.907541 0.494498
vt 0.894766 0.018293
vt 0.89819 0.015695
vt 0.901432 0.019093
vt 0.898834 0.021789
vt 0.901169 0.013682
vt 0.903607 0.016527
vt 0.850578 0.028769
vt 0.849489 0.024899
vt 0.890594 0.022033
vt 0.892363 0.020287
vt 0.89612 0.024105
vt 0.894394 0.025611
vt 0.870606 0.046046
vt 0.867315 0.043665
vt 0.870282 0.041095
vt 0.873382 0.044493
vt 0.883482 0.037055
vt 0.881666 0.040063
vt 0.878522 0.038003
vt 0.879683 0.03481
vt 0.884008 0.029583
vt 0.887588 0.032221
vt 0.86156 0.042734
vt 0.855388 0.036356
vt 0.877509 0.045835
vt 0.875765 0.047052
vt 0.87544 0.044493
vt 0.876523 0.04309
vt 0.864541 0.045955
vt 0.87989 0.047135
vt 0.876235 0.048766
vt 0.904926 0.01456
vt 0.909031 0.020189
vt 0.907563 0.021802
vt 0.905342 0.023724
vt 0.90299 0.026039
vt 0.848661 0.033845
vt 0.900702 0.028248
vt 0.899092 0.029544
vt 0.868061 0.048145
vt 0.888568 0.039152
vt 0.886132 0.041796
vt 0.89241 0.035542
vt 0.859134 0.04489
vt 0.85374 0.040457
vt 0.856798 0.049553
vt 0.853003 0.047182
vt 0.862569 0.047694
vt 0.882125 0.048861
vt 0.876872 0.050343
vt 0.912291 0.025385
vt 0.91078 0.026706
vt 0.90882 0.028508
vt 0.906639 0.03035
vt 0.847357 0.037754
vt 0.904504 0.032075
vt 0.903014 0.033243
vt 0.866474 0.049642
vt 0.892874 0.041504
vt 0.890081 0.043906
vt 0.896593 0.037965
vt 0.846788 0.097267
vt 0.846839 0.102177
vt 0.896804 0.045533
vt 0.893698 0.047579
vt 0.900617 0.043105
vt 0.847995 0.076251
vt 0.909973 0.036305
vt 0.908035 0.037943
vt 0.85598 0.056036
vt 0.852216 0.053781
vt 0.860446 0.051433
vt 0.847293 0.06445
vt 0.884341 0.051944
vt 0.87746 0.053095
vt 0.91569 0.032182
vt 0.914015 0.033108
vt 0.846833 0.052315
vt 0.912247 0.034554
vt 0.84588 0.044411
vt 0.906606 0.038961
vt 0.864827 0.05276
vt 0.92041 0.044845
vt 0.918724 0.045321
vt 0.916398 0.046608
vt 0.914026 0.047934
vt 0.911424 0.049262
vt 0.909985 0.049919
vt 0.864544 0.058221
vt 0.859712 0.057248
vt 0.900043 0.053877
vt 0.89654 0.055157
vt 0.903858 0.052756
vt 0.857519 0.065797
vt 0.853042 0.064988
vt 0.886009 0.057886
vt 0.878491 0.058396
vt 0.861115 0.066555
vt 0.886827 0.067403
vt 0.879051 0.06741
vt 0.92374 0.061881
vt 0.921807 0.062297
vt 0.918895 0.063163
vt 0.91624 0.063836
vt 0.913573 0.064311
vt 0.912085 0.064551
vt 0.864732 0.066856
vt 0.902123 0.065374
vt 0.89854 0.065651
vt 0.904963 0.065276
vt 0.857874 0.078004
vt 0.853296 0.076932
vt 0.850972 0.096335
vt 0.854965 0.095066
vt 0.86153 0.078458
vt 0.8866 0.080335
vt 0.879078 0.080079
vt 0.923205 0.082193
vt 0.921046 0.082815
vt 0.917372 0.082619
vt 0.914078 0.082303
vt 0.911043 0.081889
vt 0.9081 0.081617
vt 0.865162 0.07799
vt 0.899801 0.080655
vt 0.896557 0.080473
vt 0.902434 0.080944
vt 0.917721 0.101406
vt 0.915599 0.100732
vt 0.912225 0.099904
vt 0.909424 0.098762
vt 0.906702 0.097667
vt 0.9041 0.096969
vt 0.865089 0.091659
vt 0.858895 0.092353
vt 0.896134 0.094819
vt 0.89268 0.094237
vt 0.898931 0.095432
vt 0.849674 0.102748
vt 0.853335 0.103373
vt 0.883235 0.093699
vt 0.877237 0.093552
vt 0.889491 0.108186
vt 0.886248 0.106979
vt 0.892345 0.109356
vt 0.901431 0.114157
vt 0.899605 0.112887
vt 0.857654 0.105058
vt 0.878917 0.105587
vt 0.87502 0.107271
vt 0.907492 0.118236
vt 0.905552 0.117393
vt 0.903718 0.115992
vt 0.897403 0.111778
vt 0.862823 0.109545
vt 0.861474 0.117929
vt 0.858789 0.116898
vt 0.851525 0.117531
vt 0.855483 0.116559
vt 0.847845 0.117152
vt 0.88266 0.122007
vt 0.881114 0.121263
vt 0.885204 0.12136
vt 0.895277 0.110545
vt 0.887441 0.122849
vt 0.875478 0.117095
vt 0.870367 0.118294
vt 0.896272 0.132118
vt 0.895003 0.130818
vt 0.894086 0.127915
vt 0.89265 0.126647
vt 0.889633 0.126883
vt 0.888352 0.125793
vt 0.866287 0.130236
vt 0.864629 0.131773
vt 0.778648 0.500272
vt 0.785851 0.500156
vt 0.933022 0.48842
vt 0.93078 0.49484
vt 0.909306 0.512524
vt 0.908764 0.509518
vt 0.912277 0.510103
vt 0.913072 0.512424
vt 0.92344 0.505158
vt 0.919918 0.508829
vt 0.927427 0.500854
vt 0.962263 0.490713
vt 0.96853 0.491339
vt 0.96785 0.502309
vt 0.961067 0.499963
vt 0.939363 0.573945
vt 0.931804 0.585888
vt 0.924991 0.581142
vt 0.93162 0.568754
vt 0.418574 0.949612
vt 0.423237 0.951413
vt 0.421701 0.95577
vt 0.417349 0.95344
vt 0.420404 0.942293
vt 0.425478 0.945351
vt 0.424591 0.932713
vt 0.429507 0.936982
vt 0.431979 0.921085
vt 0.437781 0.924429
vt 0.443004 0.908327
vt 0.448961 0.913339
vt 0.454966 0.8981
vt 0.460689 0.901974
vt 0.410301 0.945096
vt 0.414249 0.946906
vt 0.412925 0.951138
vt 0.408684 0.949444
vt 0.412474 0.937914
vt 0.416935 0.940442
vt 0.415436 0.926882
vt 0.419727 0.929707
vt 0.420844 0.914559
vt 0.426174 0.917636
vt 0.430429 0.90179
vt 0.436832 0.904845
vt 0.443145 0.891229
vt 0.448406 0.894127
vt 0.920116 0.599702
vt 0.913639 0.593962
vt 0.977064 0.506097
vt 0.977804 0.492641
vt 0.992106 0.497377
vt 0.99014 0.514495
vt 0.384361 0.950586
vt 0.382552 0.951394
vt 0.382695 0.945153
vt 0.384872 0.944152
vt 0.382886 0.93248
vt 0.385354 0.932303
vt 0.383348 0.918562
vt 0.385479 0.918694
vt 0.396638 0.905456
vt 0.39423 0.91945
vt 0.389394 0.918952
vt 0.390989 0.903992
vt 0.388738 0.886407
vt 0.394001 0.888334
vt 0.38672 0.903036
vt 0.384116 0.902813
vt 0.384575 0.88582
vt 0.400137 0.889168
vt 0.385771 0.868808
vt 0.391219 0.870442
vt 0.399224 0.920338
vt 0.397754 0.932426
vt 0.393717 0.931919
vt 0.406258 0.872849
vt 0.398571 0.870439
vt 0.424187 0.898337
vt 0.436385 0.886586
vt 0.415912 0.911745
vt 0.411266 0.924436
vt 0.944182 0.563404
vt 0.938151 0.558387
vt 0.779893 0.543934
vt 0.431686 0.949293
vt 0.429177 0.954541
vt 0.467208 0.906368
vt 0.454699 0.918324
vt 0.443869 0.929322
vt 0.435392 0.941736
vt 0.92713 0.664811
vt 0.942957 0.673213
vt 0.933638 0.694102
vt 0.917502 0.686941
vt 0.473222 0.912998
vt 0.460491 0.923794
vt 0.963777 0.683433
vt 0.954248 0.701639
vt 0.450083 0.935257
vt 0.442 0.945938
vt 0.926188 0.716506
vt 0.910801 0.710992
vt 0.477896 0.919662
vt 0.466166 0.930336
vt 0.945772 0.723031
vt 0.456172 0.941105
vt 0.449159 0.950454
vt 0.919693 0.736822
vt 0.905476 0.733125
vt 0.48248 0.927135
vt 0.470995 0.936819
vt 0.939067 0.742104
vt 0.461329 0.946952
vt 0.454899 0.954986
vt 0.914107 0.754414
vt 0.900224 0.750909
vt 0.485995 0.93545
vt 0.476441 0.943811
vt 0.933708 0.75852
vt 0.466083 0.951824
vt 0.459297 0.959214
vt 0.908196 0.773574
vt 0.894116 0.770124
vt 0.488707 0.942437
vt 0.480029 0.949383
vt 0.926999 0.77718
vt 0.470155 0.9576
vt 0.463441 0.964413
vt 0.884989 0.803378
vt 0.899856 0.806244
vt 0.89853 0.814783
vt 0.883 0.812613
vt 0.484991 0.958974
vt 0.492611 0.953924
vt 0.494562 0.957822
vt 0.486744 0.962204
vt 0.919852 0.809529
vt 0.919027 0.817634
vt 0.47007 0.97219
vt 0.476141 0.966516
vt 0.477847 0.968308
vt 0.471715 0.973856
vt 0.713974 0.683426
vt 0.698941 0.691346
vt 0.686883 0.6553
vt 0.704892 0.651325
vt 0.68329 0.699645
vt 0.668606 0.659024
vt 0.746457 0.667264
vt 0.728926 0.676585
vt 0.721123 0.648436
vt 0.739062 0.643615
vt 0.792019 0.647033
vt 0.777861 0.652973
vt 0.772835 0.637704
vt 0.78829 0.635277
vt 0.762578 0.659748
vt 0.756964 0.640931
vt 0.85576 0.591896
vt 0.856162 0.597652
vt 0.844741 0.594961
vt 0.844793 0.589633
vt 0.832327 0.591326
vt 0.833449 0.586006
vt 0.757613 0.600265
vt 0.773326 0.606491
vt 0.771008 0.620402
vt 0.754528 0.619181
vt 0.866873 0.59311
vt 0.867639 0.600175
vt 0.852349 0.689948
vt 0.848724 0.706359
vt 0.831919 0.703348
vt 0.837743 0.688454
vt 0.736851 0.616944
vt 0.741245 0.59198
vt 0.842713 0.723476
vt 0.824757 0.719581
vt 0.916564 0.574538
vt 0.905735 0.585496
vt 0.426863 0.958422
vt 0.904733 0.679014
vt 0.914393 0.65603
vt 0.899868 0.707048
vt 0.894047 0.729565
vt 0.887554 0.749508
vt 0.88215 0.767247
vt 0.864391 0.539711
vt 0.860031 0.545502
vt 0.856924 0.541178
vt 0.860773 0.535425
vt 0.842788 0.533627
vt 0.843847 0.536385
vt 0.854708 0.530278
vt 0.851872 0.534943
vt 0.845204 0.539835
vt 0.846567 0.535068
vt 0.84835 0.538042
vt 0.857663 0.532617
vt 0.854157 0.537651
vt 0.901988 0.612434
vt 0.897582 0.602534
vt 0.892866 0.592402
vt 0.958195 0.49915
vt 0.95964 0.490435
vt 0.955918 0.509598
vt 0.959342 0.511721
vt 0.955457 0.525206
vt 0.951791 0.521767
vt 0.960366 0.529822
vt 0.965205 0.51516
vt 0.950238 0.537559
vt 0.946312 0.533511
vt 0.954608 0.542444
vt 0.39498 0.949479
vt 0.39143 0.94961
vt 0.392812 0.943499
vt 0.396554 0.943506
vt 0.389272 0.932218
vt 0.40659 0.890891
vt 0.414076 0.874491
vt 0.401815 0.906483
vt 0.387798 0.949928
vt 0.388612 0.943634
vt 0.966981 0.536335
vt 0.97317 0.520714
vt 0.975526 0.54603
vt 0.968866 0.557062
vt 0.960827 0.548636
vt 0.932433 0.552853
vt 0.924788 0.563116
vt 0.40332 0.943591
vt 0.406581 0.943886
vt 0.40492 0.948815
vt 0.401506 0.948921
vt 0.407985 0.923064
vt 0.411724 0.909462
vt 0.418181 0.894985
vt 0.429404 0.882802
vt 0.946355 0.579632
vt 0.954696 0.586576
vt 0.94822 0.597202
vt 0.939381 0.591303
vt 0.917865 0.618405
vt 0.930363 0.623285
vt 0.922067 0.63787
vt 0.910544 0.632445
vt 0.951497 0.569
vt 0.959328 0.576622
vt 0.92952 0.604671
vt 0.93973 0.60947
vt 0.903768 0.647415
vt 0.804633 0.642415
vt 0.801391 0.632267
vt 0.815504 0.638499
vt 0.813398 0.630903
vt 0.867277 0.60671
vt 0.856304 0.602889
vt 0.662865 0.710597
vt 0.643204 0.662415
vt 0.880812 0.613063
vt 0.8811 0.602423
vt 0.772307 0.699547
vt 0.761166 0.712823
vt 0.744232 0.697272
vt 0.758672 0.68535
vt 0.895369 0.661285
vt 0.863528 0.800018
vt 0.872755 0.801321
vt 0.870412 0.810953
vt 0.862047 0.810078
vt 0.846832 0.779931
vt 0.845317 0.797014
vt 0.82791 0.792943
vt 0.830179 0.775511
vt 0.849916 0.761339
vt 0.834104 0.757678
vt 0.87749 0.747523
vt 0.872003 0.765371
vt 0.883038 0.727891
vt 0.888133 0.707235
vt 0.891295 0.684246
vt 0.888748 0.787338
vt 0.876851 0.78478
vt 0.806209 0.714958
vt 0.814371 0.700167
vt 0.804849 0.785189
vt 0.800678 0.802406
vt 0.773625 0.795585
vt 0.780688 0.777246
vt 0.821823 0.68654
vt 0.817819 0.735405
vt 0.812665 0.751495
vt 0.791235 0.744719
vt 0.797875 0.729889
vt 0.841874 0.676422
vt 0.829306 0.674521
vt 0.812885 0.669153
vt 0.805822 0.681876
vt 0.794559 0.674518
vt 0.804427 0.662289
vt 0.787321 0.709359
vt 0.77809 0.723404
vt 0.796831 0.695261
vt 0.78337 0.686987
vt 0.75431 0.767287
vt 0.745033 0.784017
vt 0.716101 0.767219
vt 0.728721 0.750924
vt 0.770221 0.73662
vt 0.750943 0.724647
vt 0.73168 0.707515
vt 0.797725 0.65522
vt 0.785067 0.665411
vt 0.772073 0.674939
vt 0.70617 0.730571
vt 0.687931 0.743599
vt 0.702582 0.522638
vt 0.680666 0.55637
vt 0.660913 0.544667
vt 0.690115 0.508931
vt 0.736517 0.56172
vt 0.724828 0.549484
vt 0.772036 0.549508
vt 0.765132 0.534953
vt 0.774343 0.52984
vt 0.781164 0.563168
vt 0.79161 0.574642
vt 0.694494 0.5645
vt 0.683639 0.610131
vt 0.837096 0.740299
vt 0.777714 0.491345
vt 0.78466 0.490734
vt 0.759897 0.520283
vt 0.77065 0.515967
vt 0.775257 0.56865
vt 0.765312 0.554785
vt 0.786274 0.580009
vt 0.808348 0.767969
vt 0.776954 0.59526
vt 0.763078 0.585943
vt 0.74905 0.574008
vt 0.757058 0.539987
vt 0.983347 0.531549
vt 0.898936 0.627068
vt 0.894603 0.640596
vt 0.887908 0.651109
vt 0.886949 0.66813
vt 0.845594 0.666281
vt 0.835497 0.664231
vt 0.820043 0.658837
vt 0.813895 0.652934
vt 0.808234 0.647987
vt 0.757908 0.561937
vt 0.769429 0.575549
vt 0.781282 0.586498
vt 0.826218 0.806112
vt 0.748049 0.54768
vt 0.741177 0.497553
vt 0.753179 0.494037
vt 0.467018 0.968422
vt 0.473598 0.962192
vt 0.666748 0.606618
vt 0.641249 0.600887
vt 0.866463 0.675417
vt 0.855271 0.676371
vt 0.85585 0.666312
vt 0.865012 0.665099
vt 0.713168 0.534826
vt 0.733428 0.516758
vt 0.739961 0.533375
vt 0.767429 0.492132
vt 0.786024 0.76046
vt 0.903202 0.790432
vt 0.923375 0.793725
vt 0.71925 0.718559
vt 0.727882 0.503061
vt 0.482697 0.95437
vt 0.490684 0.948845
vt 0.762606 0.751615
vt 0.740139 0.737333
vt 0.750479 0.52558
vt 0.936024 0.488887
vt 0.84991 0.503015
vt 0.847262 0.50051
vt 0.84861 0.498511
vt 0.851461 0.501633
vt 0.942962 0.530112
vt 0.948856 0.51948
vt 0.953225 0.508221
vt 0.955402 0.49839
vt 0.956678 0.490247
vt 0.405223 0.933852
vt 0.40903 0.935051
vt 0.839235 0.656282
vt 0.847052 0.657825
vt 0.827371 0.651825
vt 0.821997 0.647551
vt 0.769221 0.501789
vt 0.755756 0.505221
vt 0.745037 0.509655
vt 0.835586 0.518427
vt 0.835555 0.515538
vt 0.837013 0.515746
vt 0.837007 0.518337
vt 0.837298 0.525011
vt 0.837963 0.525473
vt 0.837066 0.525872
vt 0.836263 0.525246
vt 0.83688 0.524487
vt 0.835841 0.524648
vt 0.836576 0.523103
vt 0.835244 0.523085
vt 0.835788 0.521032
vt 0.834575 0.520992
vt 0.836302 0.512655
vt 0.841056 0.508462
vt 0.840668 0.507181
vt 0.838777 0.50809
vt 0.839602 0.507708
vt 0.839443 0.509006
vt 0.838942 0.509208
vt 0.840096 0.506993
vt 0.842187 0.510541
vt 0.841715 0.509777
vt 0.842192 0.509246
vt 0.842677 0.510194
vt 0.842404 0.514206
vt 0.842264 0.512137
vt 0.843185 0.511712
vt 0.843414 0.51412
vt 0.837988 0.508635
vt 0.842537 0.516405
vt 0.843686 0.516492
vt 0.837345 0.510092
vt 0.841797 0.523102
vt 0.842211 0.521452
vt 0.843125 0.521785
vt 0.842361 0.52362
vt 0.840292 0.525064
vt 0.840968 0.524737
vt 0.841293 0.524976
vt 0.840762 0.525377
vt 0.838971 0.525337
vt 0.839642 0.525219
vt 0.839936 0.52577
vt 0.838976 0.526031
vt 0.838539 0.525417
vt 0.838091 0.526169
vt 0.839274 0.51636
vt 0.839385 0.514294
vt 0.841256 0.51435
vt 0.841309 0.516412
vt 0.839625 0.522481
vt 0.839835 0.521207
vt 0.841157 0.521059
vt 0.84094 0.522646
vt 0.839127 0.523468
vt 0.839176 0.523542
vt 0.838932 0.524518
vt 0.838748 0.524453
vt 0.838252 0.51847
vt 0.838658 0.521112
vt 0.837276 0.520978
vt 0.839822 0.510652
vt 0.839392 0.511294
vt 0.838358 0.510713
vt 0.838563 0.509585
vt 0.840003 0.511999
vt 0.841385 0.512368
vt 0.839238 0.523569
vt 0.839054 0.524536
vt 0.838915 0.522531
vt 0.837721 0.52267
vt 0.840043 0.51043
vt 0.83988 0.510569
vt 0.840209 0.511447
vt 0.840306 0.511158
vt 0.841298 0.510201
vt 0.841414 0.51115
vt 0.83933 0.52355
vt 0.839403 0.524514
vt 0.83908 0.523266
vt 0.838293 0.523689
vt 0.840197 0.510355
vt 0.839932 0.508827
vt 0.839419 0.523455
vt 0.839463 0.52329
vt 0.840329 0.523946
vt 0.839802 0.524389
vt 0.839114 0.523391
vt 0.838501 0.524172
vt 0.840301 0.510411
vt 0.840424 0.508999
vt 0.838451 0.513318
vt 0.83817 0.516107
vt 0.83737 0.512981
vt 0.840382 0.510646
vt 0.840928 0.509599
vt 0.098954 0.600965
vt 0.103086 0.608573
vt 0.088613 0.616041
vt 0.086143 0.599128
vt 0.121246 0.566625
vt 0.115029 0.568049
vt 0.107075 0.551327
vt 0.121168 0.547391
vt 0.139713 0.576141
vt 0.135529 0.571398
vt 0.147994 0.561919
vt 0.151156 0.571181
vt 0.141874 0.59973
vt 0.142798 0.595914
vt 0.149523 0.595923
vt 0.149135 0.599323
vt 0.118785 0.615721
vt 0.126574 0.614846
vt 0.136337 0.626557
vt 0.121025 0.632858
vt 0.098235 0.594028
vt 0.089218 0.589692
vt 0.110367 0.570703
vt 0.097147 0.564817
vt 0.143195 0.592365
vt 0.149637 0.593275
vt 0.132708 0.611797
vt 0.143434 0.617443
vt 0.090076 0.586239
vt 0.091728 0.583094
vt 0.101398 0.586256
vt 0.099548 0.589336
vt 0.1081 0.573314
vt 0.106333 0.575931
vt 0.096467 0.571167
vt 0.096477 0.568809
vt 0.143076 0.589117
vt 0.149333 0.59142
vt 0.137227 0.607821
vt 0.147372 0.608627
vt 0.103024 0.584064
vt 0.0939 0.580762
vt 0.142932 0.585756
vt 0.142259 0.581731
vt 0.151156 0.584484
vt 0.150618 0.588029
vt 0.140063 0.603788
vt 0.148514 0.604052
vt 0.103959 0.58199
vt 0.094689 0.579764
vt 0.110581 0.613671
vt 0.103089 0.63154
vt 0.104913 0.579379
vt 0.095145 0.577067
vt 0.107447 0.583534
vt 0.106434 0.585423
vt 0.109333 0.603101
vt 0.114175 0.606299
vt 0.13368 0.599839
vt 0.134967 0.597086
vt 0.119482 0.607451
vt 0.108823 0.581501
vt 0.106052 0.598573
vt 0.121626 0.573483
vt 0.117028 0.574344
vt 0.134267 0.580933
vt 0.131444 0.577488
vt 0.135668 0.594451
vt 0.124462 0.606969
vt 0.104945 0.593948
vt 0.113973 0.575913
vt 0.136033 0.591875
vt 0.12862 0.605198
vt 0.10569 0.587558
vt 0.105149 0.59029
vt 0.112116 0.577424
vt 0.110484 0.579135
vt 0.136196 0.589451
vt 0.131683 0.602643
vt 0.136103 0.587213
vt 0.135693 0.584506
vt 0.119751 0.602897
vt 0.123313 0.602699
vt 0.108816 0.593515
vt 0.110092 0.596799
vt 0.118165 0.57798
vt 0.115803 0.578906
vt 0.132159 0.593608
vt 0.13251 0.591518
vt 0.126379 0.60157
vt 0.108795 0.588333
vt 0.108522 0.590631
vt 0.114256 0.579889
vt 0.112784 0.581119
vt 0.132552 0.589523
vt 0.128763 0.599831
vt 0.109336 0.586474
vt 0.132432 0.587775
vt 0.132001 0.585822
vt 0.130452 0.597817
vt 0.110109 0.584812
vt 0.112616 0.599856
vt 0.116042 0.601944
vt 0.131486 0.5957
vt 0.111198 0.582978
vt 0.121593 0.577623
vt 0.130906 0.583301
vt 0.128858 0.580749
vt 0.116954 0.599657
vt 0.119843 0.600459
vt 0.112584 0.583892
vt 0.111535 0.585525
vt 0.112175 0.595753
vt 0.114244 0.598074
vt 0.121481 0.579851
vt 0.118686 0.579998
vt 0.129067 0.584534
vt 0.127396 0.582494
vt 0.129641 0.594924
vt 0.13026 0.593118
vt 0.122669 0.600378
vt 0.110943 0.5932
vt 0.116729 0.580618
vt 0.130565 0.591282
vt 0.125157 0.599576
vt 0.110524 0.588774
vt 0.11047 0.590809
vt 0.115396 0.581322
vt 0.114073 0.582304
vt 0.130597 0.589559
vt 0.127153 0.598258
vt 0.110899 0.587072
vt 0.130407 0.588097
vt 0.130007 0.586531
vt 0.128633 0.596655
vt 0.126153 0.59723
vt 0.127498 0.595897
vt 0.128446 0.594404
vt 0.129041 0.592807
vt 0.129343 0.591161
vt 0.129342 0.589627
vt 0.113465 0.584564
vt 0.112506 0.58606
vt 0.129167 0.588357
vt 0.128779 0.587029
vt 0.12793 0.585349
vt 0.126466 0.583615
vt 0.121347 0.581275
vt 0.118925 0.581307
vt 0.119885 0.598911
vt 0.122263 0.5989
vt 0.117224 0.581761
vt 0.113438 0.595037
vt 0.115218 0.596888
vt 0.111944 0.587505
vt 0.111688 0.589084
vt 0.111753 0.590903
vt 0.116045 0.58232
vt 0.114851 0.583158
vt 0.112291 0.592942
vt 0.117459 0.59823
vt 0.124394 0.598288
vt 0.123788 0.597227
vt 0.125356 0.596364
vt 0.112687 0.589325
vt 0.112831 0.590945
vt 0.113371 0.592686
vt 0.117563 0.582741
vt 0.116523 0.583208
vt 0.121204 0.582456
vt 0.119074 0.582416
vt 0.114408 0.594419
vt 0.11596 0.595932
vt 0.12828 0.591091
vt 0.128299 0.589733
vt 0.119922 0.597673
vt 0.121947 0.5977
vt 0.128131 0.588629
vt 0.126576 0.595249
vt 0.117861 0.597067
vt 0.113335 0.586557
vt 0.112859 0.587881
vt 0.126993 0.586051
vt 0.125692 0.584547
vt 0.127444 0.593968
vt 0.1142 0.585208
vt 0.128007 0.592562
vt 0.127769 0.587494
vt 0.127192 0.58985
vt 0.127055 0.588921
vt 0.124582 0.595458
vt 0.125662 0.594553
vt 0.115325 0.593783
vt 0.116653 0.595004
vt 0.114981 0.585909
vt 0.114222 0.587089
vt 0.113837 0.588245
vt 0.126037 0.586751
vt 0.124906 0.585453
vt 0.126423 0.593493
vt 0.11826 0.59596
vt 0.119985 0.596491
vt 0.113744 0.589513
vt 0.119229 0.583546
vt 0.117915 0.583774
vt 0.126905 0.592295
vt 0.113922 0.590921
vt 0.114422 0.592383
vt 0.12673 0.587969
vt 0.127154 0.591019
vt 0.121667 0.596536
vt 0.123219 0.596158
vt 0.117005 0.584141
vt 0.121078 0.583632
vt 0.115393 0.58771
vt 0.115103 0.588644
vt 0.124916 0.587485
vt 0.123996 0.586443
vt 0.12461 0.593664
vt 0.125221 0.592848
vt 0.118765 0.594728
vt 0.120115 0.595164
vt 0.115071 0.589678
vt 0.119489 0.584841
vt 0.118401 0.584986
vt 0.125582 0.591888
vt 0.115254 0.590824
vt 0.115667 0.591981
vt 0.125496 0.588451
vt 0.125779 0.590862
vt 0.121415 0.595202
vt 0.122631 0.594896
vt 0.116394 0.593057
vt 0.117652 0.585264
vt 0.120987 0.584947
vt 0.125852 0.589933
vt 0.123731 0.594349
vt 0.117465 0.593993
vt 0.125774 0.5892
vt 0.116014 0.586748
vt 0.122061 0.588885
vt 0.121946 0.588512
vt 0.123534 0.588208
vt 0.123918 0.588871
vt 0.124087 0.589387
vt 0.124115 0.589905
vt 0.121978 0.589591
vt 0.122066 0.589212
vt 0.11781 0.592214
vt 0.117319 0.591485
vt 0.11927 0.591226
vt 0.11942 0.591648
vt 0.12118 0.591731
vt 0.121438 0.591376
vt 0.123247 0.592496
vt 0.122651 0.592972
vt 0.12096 0.586409
vt 0.122125 0.586818
vt 0.121631 0.587719
vt 0.12101 0.587496
vt 0.121917 0.593359
vt 0.12089 0.592034
vt 0.120681 0.587678
vt 0.119952 0.586355
vt 0.121785 0.588106
vt 0.12294 0.587477
vt 0.11966 0.592011
vt 0.119887 0.592346
vt 0.119387 0.593342
vt 0.118527 0.592841
vt 0.121625 0.590965
vt 0.123657 0.591933
vt 0.120371 0.592492
vt 0.120616 0.592274
vt 0.121129 0.593603
vt 0.120299 0.593634
vt 0.119937 0.588366
vt 0.119607 0.588807
vt 0.117553 0.587753
vt 0.118174 0.587072
vt 0.120391 0.587868
vt 0.119206 0.586462
vt 0.119355 0.589272
vt 0.1171 0.588442
vt 0.123896 0.591269
vt 0.121753 0.590512
vt 0.12018 0.588077
vt 0.118694 0.58667
vt 0.121867 0.590039
vt 0.124043 0.590555
vt 0.119223 0.589739
vt 0.116904 0.589119
vt 0.117039 0.590681
vt 0.116899 0.589864
vt 0.119185 0.590233
vt 0.119203 0.590743
vt 0.122702 0.58552
vt 0.852747 0.545283
vt 0.855326 0.549664
vt 0.878458 0.593835
vt 0.881629 0.625917
vt 0.850477 0.541324
vt 0.844932 0.53249
vt 0.84387 0.530149
vt 0.842973 0.528279
vt 0.842181 0.526498
vt 0.84173 0.525313
vt 0.491767 0.858633
vt 0.485193 0.850176
vt 0.503435 0.840623
vt 0.510398 0.848891
vt 0.520013 0.834484
vt 0.525967 0.84165
vt 0.531774 0.828387
vt 0.538617 0.835771
vt 0.542864 0.825026
vt 0.54835 0.832788
vt 0.551343 0.823323
vt 0.555687 0.831297
vt 0.561657 0.829973
vt 0.557657 0.821619
vt 0.563127 0.820587
vt 0.566999 0.829214
vt 0.568863 0.819224
vt 0.572822 0.828307
vt 0.575786 0.818181
vt 0.579743 0.827495
vt 0.584951 0.817227
vt 0.587891 0.826409
vt 0.477443 0.84231
vt 0.495372 0.833251
vt 0.51088 0.827996
vt 0.522881 0.821965
vt 0.534277 0.816826
vt 0.543739 0.814007
vt 0.551081 0.811847
vt 0.55738 0.810138
vt 0.563517 0.808793
vt 0.571419 0.807559
vt 0.580953 0.806761
vt 0.469369 0.82057
vt 0.448973 0.813543
vt 0.47431 0.80702
vt 0.487799 0.814528
vt 0.492507 0.801274
vt 0.502368 0.809061
vt 0.506095 0.794025
vt 0.514522 0.802595
vt 0.518772 0.787688
vt 0.525549 0.796789
vt 0.534857 0.791419
vt 0.52919 0.781576
vt 0.539381 0.775454
vt 0.542974 0.787721
vt 0.551231 0.767216
vt 0.550625 0.784703
vt 0.56108 0.767989
vt 0.560273 0.784213
vt 0.574678 0.772143
vt 0.575287 0.786111
vt 0.422879 0.812879
vt 0.40213 0.8119
vt 0.402005 0.80169
vt 0.421928 0.80109
vt 0.442145 0.801399
vt 0.464209 0.798129
vt 0.483854 0.792261
vt 0.499508 0.78442
vt 0.513228 0.777824
vt 0.524331 0.771641
vt 0.535356 0.764859
vt 0.547054 0.757072
vt 0.558901 0.747728
vt 0.562169 0.753051
vt 0.568233 0.756018
vt 0.577659 0.759602
vt 0.389663 0.800979
vt 0.389843 0.811051
vt 0.436431 0.791511
vt 0.456302 0.789362
vt 0.476558 0.783581
vt 0.4936 0.775892
vt 0.507373 0.769215
vt 0.519002 0.762613
vt 0.530823 0.755981
vt 0.543329 0.749528
vt 0.573099 0.743727
vt 0.577683 0.748014
vt 0.431143 0.78153
vt 0.449571 0.779949
vt 0.47034 0.774102
vt 0.487513 0.766452
vt 0.500773 0.760089
vt 0.512646 0.753505
vt 0.525175 0.746939
vt 0.538659 0.741441
vt 0.552663 0.73535
vt 0.55617 0.742222
vt 0.427763 0.772737
vt 0.444986 0.769955
vt 0.465223 0.763512
vt 0.481202 0.755606
vt 0.493015 0.749659
vt 0.504801 0.743627
vt 0.518073 0.736461
vt 0.532579 0.731269
vt 0.54818 0.726121
vt 0.38944 0.765129
vt 0.389802 0.776475
vt 0.42414 0.760037
vt 0.440412 0.758363
vt 0.460087 0.752407
vt 0.473855 0.744378
vt 0.483603 0.736985
vt 0.494934 0.731681
vt 0.50959 0.723519
vt 0.525613 0.71764
vt 0.542715 0.713378
vt 0.386707 0.745493
vt 0.389737 0.791304
vt 0.443104 0.870535
vt 0.451616 0.875106
vt 0.49743 0.865612
vt 0.5152 0.856433
vt 0.530193 0.84903
vt 0.543111 0.843636
vt 0.551937 0.84079
vt 0.558398 0.839153
vt 0.56401 0.837859
vt 0.56936 0.836907
vt 0.575376 0.835759
vt 0.581975 0.834892
vt 0.589809 0.834837
vt 0.40101 0.791926
vt 0.394692 0.750475
vt 0.397201 0.768079
vt 0.43701 0.826969
vt 0.41858 0.824726
vt 0.399364 0.779261
vt 0.402784 0.823324
vt 0.45307 0.831184
vt 0.405062 0.852895
vt 0.414757 0.856262
vt 0.395978 0.851835
vt 0.424616 0.860941
vt 0.474959 0.868548
vt 0.466601 0.862102
vt 0.459218 0.879958
vt 0.46531 0.88348
vt 0.490715 0.910563
vt 0.493007 0.918966
vt 0.49749 0.94453
vt 0.498676 0.950945
vt 0.487884 0.90363
vt 0.499683 0.956178
vt 0.496769 0.937236
vt 0.483946 0.897718
vt 0.472531 0.887771
vt 0.478897 0.892732
vt 0.49569 0.929347
vt 0.494772 0.884166
vt 0.498886 0.889523
vt 0.504372 0.924107
vt 0.504402 0.933204
vt 0.488982 0.87913
vt 0.503085 0.912699
vt 0.502774 0.903252
vt 0.50126 0.896055
vt 0.504554 0.941205
vt 0.505002 0.948783
vt 0.505903 0.954843
vt 0.512753 0.899039
vt 0.512201 0.907926
vt 0.512204 0.919288
vt 0.511731 0.92945
vt 0.504099 0.871015
vt 0.508497 0.876945
vt 0.511607 0.938536
vt 0.511662 0.883237
vt 0.511476 0.947285
vt 0.512792 0.89075
vt 0.458359 0.857885
vt 0.412722 0.837644
vt 0.424668 0.841004
vt 0.401019 0.836272
vt 0.436234 0.847386
vt 0.48248 0.874128
vt 0.38553 0.850719
vt 0.389527 0.835724
vt 0.39059 0.822631
vt 0.416294 0.781917
vt 0.419069 0.791681
vt 0.412893 0.771751
vt 0.409227 0.758673
vt 0.517883 0.946783
vt 0.517896 0.954552
vt 0.51185 0.95437
vt 0.522455 0.869624
vt 0.523692 0.877606
vt 0.518687 0.926688
vt 0.518175 0.937001
vt 0.523214 0.886514
vt 0.521882 0.896045
vt 0.520328 0.906235
vt 0.519464 0.916621
vt 0.519837 0.862617
vt 0.530438 0.893834
vt 0.528004 0.905627
vt 0.52653 0.916394
vt 0.525326 0.925995
vt 0.534348 0.855873
vt 0.536116 0.863414
vt 0.523808 0.94768
vt 0.523447 0.955185
vt 0.535109 0.872772
vt 0.524487 0.937415
vt 0.532967 0.882642
vt 0.535322 0.906539
vt 0.539667 0.89219
vt 0.544978 0.900041
vt 0.541811 0.910581
vt 0.605178 0.692159
vt 0.599249 0.699316
vt 0.593768 0.691813
vt 0.600659 0.685655
vt 0.550331 0.905797
vt 0.547848 0.91465
vt 0.613314 0.702481
vt 0.608095 0.709724
vt 0.603503 0.704464
vt 0.609472 0.697208
vt 0.533366 0.918172
vt 0.539861 0.920865
vt 0.611355 0.685835
vt 0.606604 0.680131
vt 0.546122 0.92338
vt 0.618951 0.695962
vt 0.615371 0.690506
vt 0.532119 0.928981
vt 0.538175 0.931768
vt 0.616542 0.680972
vt 0.61198 0.675535
vt 0.543962 0.933922
vt 0.623927 0.689793
vt 0.620485 0.685571
vt 0.530711 0.938797
vt 0.537153 0.940438
vt 0.621642 0.676273
vt 0.617092 0.671106
vt 0.542992 0.942097
vt 0.628986 0.684607
vt 0.62556 0.680603
vt 0.529936 0.947867
vt 0.536179 0.948791
vt 0.627208 0.672051
vt 0.62229 0.666424
vt 0.542244 0.95008
vt 0.634309 0.679482
vt 0.631002 0.675935
vt 0.529153 0.956092
vt 0.53512 0.957217
vt 0.633817 0.666495
vt 0.628883 0.660616
vt 0.540291 0.9583
vt 0.640579 0.674153
vt 0.637357 0.670501
vt 0.546242 0.851677
vt 0.545929 0.860479
vt 0.544711 0.869244
vt 0.541965 0.879025
vt 0.567481 0.882926
vt 0.572143 0.8816
vt 0.572707 0.88646
vt 0.568839 0.888133
vt 0.554405 0.849193
vt 0.553954 0.858011
vt 0.59741 0.711209
vt 0.590002 0.718624
vt 0.5835 0.712006
vt 0.591804 0.705615
vt 0.552372 0.866323
vt 0.577498 0.704652
vt 0.585939 0.698584
vt 0.549758 0.874785
vt 0.561191 0.884493
vt 0.562582 0.890226
vt 0.589989 0.725074
vt 0.579941 0.728431
vt 0.577349 0.722899
vt 0.599765 0.721115
vt 0.597408 0.725397
vt 0.560178 0.847464
vt 0.560294 0.856134
vt 0.572856 0.716135
vt 0.558347 0.864312
vt 0.567826 0.708151
vt 0.556172 0.87212
vt 0.55474 0.879925
vt 0.548124 0.884074
vt 0.555364 0.887193
vt 0.549901 0.892042
vt 0.595459 0.728901
vt 0.589643 0.729346
vt 0.581309 0.732778
vt 0.565332 0.846097
vt 0.56505 0.854732
vt 0.563473 0.863008
vt 0.561852 0.870608
vt 0.560826 0.877823
vt 0.572266 0.875913
vt 0.566901 0.87661
vt 0.594438 0.732563
vt 0.589642 0.733983
vt 0.582857 0.737541
vt 0.576301 0.844306
vt 0.575723 0.853052
vt 0.570035 0.853698
vt 0.570513 0.845082
vt 0.568705 0.734746
vt 0.570668 0.739406
vt 0.574557 0.861308
vt 0.568621 0.862058
vt 0.573179 0.869023
vt 0.567518 0.869639
vt 0.579415 0.874439
vt 0.578559 0.879595
vt 0.594866 0.737158
vt 0.591329 0.739673
vt 0.586117 0.743662
vt 0.582766 0.843784
vt 0.582231 0.852755
vt 0.58119 0.860988
vt 0.580315 0.868246
vt 0.588563 0.867288
vt 0.58803 0.872998
vt 0.587327 0.8776
vt 0.597603 0.742561
vt 0.595027 0.745831
vt 0.591956 0.749346
vt 0.590244 0.843379
vt 0.589796 0.852227
vt 0.583968 0.753595
vt 0.58924 0.860385
vt 0.56218 0.720759
vt 0.566161 0.72866
vt 0.558082 0.893374
vt 0.578575 0.884064
vt 0.586864 0.881576
vt 0.603628 0.715855
vt 0.557437 0.710656
vt 0.553817 0.898439
vt 0.602299 0.75162
vt 0.599964 0.755372
vt 0.599231 0.842656
vt 0.598788 0.851146
vt 0.596171 0.816281
vt 0.598208 0.825509
vt 0.595713 0.759923
vt 0.596782 0.879713
vt 0.597123 0.875763
vt 0.598002 0.85922
vt 0.5944 0.807596
vt 0.597775 0.865815
vt 0.599113 0.83466
vt 0.597552 0.871413
vt 0.590152 0.777971
vt 0.591395 0.788799
vt 0.604421 0.748998
vt 0.592477 0.767366
vt 0.612368 0.756752
vt 0.610628 0.760202
vt 0.608956 0.841818
vt 0.60852 0.850117
vt 0.607917 0.807441
vt 0.607802 0.81615
vt 0.609082 0.764704
vt 0.607938 0.85784
vt 0.607203 0.772162
vt 0.607578 0.864437
vt 0.608899 0.833502
vt 0.607282 0.869624
vt 0.605876 0.782459
vt 0.605071 0.791348
vt 0.606723 0.877854
vt 0.606959 0.873784
vt 0.613957 0.754124
vt 0.608802 0.824327
vt 0.620874 0.763493
vt 0.619927 0.768221
vt 0.618075 0.848905
vt 0.617025 0.856507
vt 0.618405 0.7756
vt 0.616799 0.862541
vt 0.618113 0.832494
vt 0.618495 0.840429
vt 0.616596 0.86769
vt 0.617361 0.784359
vt 0.618538 0.792813
vt 0.615856 0.875458
vt 0.616152 0.871475
vt 0.623095 0.757185
vt 0.62196 0.760097
vt 0.618716 0.82413
vt 0.619286 0.815691
vt 0.620505 0.807941
vt 0.628845 0.770058
vt 0.628539 0.777465
vt 0.625535 0.854712
vt 0.625453 0.860412
vt 0.626692 0.831794
vt 0.626924 0.839307
vt 0.625148 0.865238
vt 0.629033 0.785772
vt 0.629407 0.793872
vt 0.624129 0.873233
vt 0.62485 0.869062
vt 0.630973 0.759222
vt 0.630234 0.761962
vt 0.62715 0.823839
vt 0.628026 0.815164
vt 0.629516 0.76516
vt 0.626425 0.847036
vt 0.628579 0.808286
vt 0.435142 0.696282
vt 0.434575 0.695189
vt 0.43579 0.694914
vt 0.435835 0.696122
vt 0.43735 0.698929
vt 0.438391 0.699751
vt 0.437455 0.700489
vt 0.436806 0.699347
vt 0.436992 0.695074
vt 0.436535 0.696209
vt 0.436125 0.699535
vt 0.436266 0.700829
vt 0.438045 0.695638
vt 0.437154 0.696541
vt 0.435025 0.700702
vt 0.435415 0.699452
vt 0.438766 0.696527
vt 0.437576 0.69706
vt 0.434128 0.697937
vt 0.432788 0.698039
vt 0.432941 0.696876
vt 0.434213 0.697267
vt 0.433922 0.700124
vt 0.434783 0.69912
vt 0.439088 0.697611
vt 0.437766 0.697694
vt 0.43357 0.695879
vt 0.43457 0.696684
vt 0.434329 0.69859
vt 0.43313 0.699177
vt 0.43897 0.698737
vt 0.437688 0.698352
vt 0.433189 0.692842
vt 0.43571 0.692293
vt 0.441072 0.702207
vt 0.439173 0.703791
vt 0.438195 0.69265
vt 0.436723 0.704564
vt 0.440366 0.6938
vt 0.434118 0.704333
vt 0.441773 0.695629
vt 0.429423 0.698756
vt 0.429762 0.696326
vt 0.431777 0.703139
vt 0.442406 0.697814
vt 0.431079 0.694263
vt 0.430128 0.701159
vt 0.442191 0.700104
vt 0.442079 0.711853
vt 0.436687 0.713549
vt 0.439885 0.6896
vt 0.444379 0.691905
vt 0.430914 0.713219
vt 0.447689 0.69536
vt 0.420689 0.702022
vt 0.421513 0.697069
vt 0.425784 0.710831
vt 0.448947 0.699601
vt 0.424474 0.69289
vt 0.422157 0.706951
vt 0.448755 0.704197
vt 0.429077 0.69011
vt 0.446201 0.708448
vt 0.434555 0.6887
vt 0.449703 0.71344
vt 0.453456 0.718656
vt 0.446416 0.725977
vt 0.444073 0.718055
vt 0.433795 0.686231
vt 0.432573 0.683537
vt 0.442826 0.684231
vt 0.441088 0.687212
vt 0.436748 0.720524
vt 0.437119 0.729704
vt 0.452706 0.687709
vt 0.448045 0.689844
vt 0.426873 0.730246
vt 0.42889 0.720201
vt 0.458561 0.694613
vt 0.451911 0.694913
vt 0.414988 0.705114
vt 0.407578 0.708546
vt 0.408851 0.699863
vt 0.416102 0.698346
vt 0.41676 0.725898
vt 0.421908 0.717059
vt 0.460225 0.703323
vt 0.45416 0.701443
vt 0.413305 0.69228
vt 0.420132 0.692603
vt 0.417016 0.711763
vt 0.409581 0.717877
vt 0.458553 0.711372
vt 0.453653 0.707743
vt 0.421061 0.685837
vt 0.425507 0.688421
vt 0.450051 0.734028
vt 0.43717 0.738944
vt 0.445489 0.680656
vt 0.45721 0.684958
vt 0.424431 0.738833
vt 0.466624 0.693746
vt 0.398297 0.7129
vt 0.400258 0.700915
vt 0.412542 0.734452
vt 0.467936 0.705393
vt 0.407452 0.690362
vt 0.401924 0.724467
vt 0.467181 0.719014
vt 0.416729 0.683326
vt 0.45952 0.727222
vt 0.431814 0.679444
vt 0.466548 0.735458
vt 0.455441 0.742885
vt 0.431136 0.674209
vt 0.450779 0.674186
vt 0.43757 0.750222
vt 0.465568 0.681199
vt 0.423876 0.750077
vt 0.476154 0.6926
vt 0.390058 0.715843
vt 0.39178 0.700475
vt 0.409908 0.744644
vt 0.476513 0.708186
vt 0.400667 0.686699
vt 0.393498 0.731323
vt 0.475135 0.725501
vt 0.413328 0.678947
vt 0.386565 0.730693
vt 0.386228 0.715137
vt 0.388005 0.69935
vt 0.391421 0.685893
vt 0.490839 0.717656
vt 0.503988 0.710465
vt 0.627091 0.0392
vt 0.629108 0.039109
vt 0.629743 0.040564
vt 0.627482 0.040721
vt 0.63656 0.036706
vt 0.638292 0.035812
vt 0.638687 0.03683
vt 0.636749 0.037949
vt 0.632038 0.038521
vt 0.634611 0.037456
vt 0.634809 0.038958
vt 0.632573 0.03994
vt 0.635637 0.047598
vt 0.639472 0.046821
vt 0.640285 0.04907
vt 0.636402 0.049599
vt 0.629909 0.048832
vt 0.632467 0.048088
vt 0.633093 0.050032
vt 0.630492 0.050376
vt 0.642058 0.045489
vt 0.64445 0.043711
vt 0.647084 0.04364
vt 0.644806 0.047441
vt 0.623286 0.029932
vt 0.625669 0.029626
vt 0.627216 0.033335
vt 0.624693 0.033826
vt 0.632209 0.027009
vt 0.633947 0.025986
vt 0.636028 0.029699
vt 0.633977 0.030418
vt 0.627949 0.028954
vt 0.630102 0.028069
vt 0.631866 0.031451
vt 0.629497 0.032625
vt 0.734784 0.160273
vt 0.738464 0.160283
vt 0.738259 0.162144
vt 0.734709 0.16181
vt 0.63309 0.041273
vt 0.635564 0.040509
vt 0.730058 0.159728
vt 0.731072 0.160023
vt 0.730536 0.161666
vt 0.729383 0.161466
vt 0.722393 0.157247
vt 0.724286 0.157649
vt 0.724259 0.15966
vt 0.722597 0.159257
vt 0.642839 0.039602
vt 0.644605 0.041488
vt 0.643051 0.043098
vt 0.641067 0.041185
vt 0.635668 0.024767
vt 0.637802 0.02886
vt 0.64587 0.04184
vt 0.64821 0.041195
vt 0.640445 0.034413
vt 0.640933 0.035443
vt 0.622759 0.037521
vt 0.621615 0.034231
vt 0.623187 0.034036
vt 0.624028 0.036954
vt 0.62534 0.04967
vt 0.625247 0.047939
vt 0.627189 0.047479
vt 0.62744 0.04917
vt 0.626904 0.045286
vt 0.625251 0.045609
vt 0.627825 0.042028
vt 0.630102 0.041834
vt 0.63736 0.039602
vt 0.639439 0.038499
vt 0.630234 0.022829
vt 0.628264 0.024032
vt 0.627861 0.022806
vt 0.629546 0.021109
vt 0.626485 0.025014
vt 0.62426 0.025528
vt 0.624078 0.024506
vt 0.626196 0.02402
vt 0.754079 0.162084
vt 0.752525 0.163509
vt 0.749633 0.163187
vt 0.750619 0.162358
vt 0.621506 0.025967
vt 0.620093 0.025751
vt 0.619718 0.023908
vt 0.621351 0.024459
vt 0.621595 0.023076
vt 0.619994 0.021628
vt 0.620382 0.019326
vt 0.621851 0.021661
vt 0.62025 0.016265
vt 0.620807 0.018631
vt 0.619528 0.016864
vt 0.629173 0.015644
vt 0.629153 0.017803
vt 0.62732 0.016793
vt 0.626732 0.014545
vt 0.757375 0.162402
vt 0.756646 0.163332
vt 0.755741 0.163128
vt 0.756482 0.162185
vt 0.6283 0.019826
vt 0.627271 0.021855
vt 0.626892 0.02122
vt 0.627504 0.019051
vt 0.758727 0.158297
vt 0.758618 0.159997
vt 0.757792 0.15996
vt 0.758237 0.158148
vt 0.625776 0.023102
vt 0.623912 0.023466
vt 0.623622 0.022436
vt 0.625361 0.022236
vt 0.62513 0.021624
vt 0.626536 0.020425
vt 0.623291 0.021582
vt 0.736218 0.151803
vt 0.739677 0.153077
vt 0.738828 0.155636
vt 0.73575 0.154657
vt 0.731354 0.150738
vt 0.732904 0.150917
vt 0.732658 0.154047
vt 0.731329 0.153584
vt 0.722984 0.147823
vt 0.725041 0.148854
vt 0.724585 0.151787
vt 0.722811 0.151229
vt 0.755609 0.159762
vt 0.756273 0.157819
vt 0.626828 0.018494
vt 0.626566 0.016438
vt 0.625974 0.014278
vt 0.618994 0.020311
vt 0.621957 0.020528
vt 0.75389 0.157374
vt 0.753614 0.159384
vt 0.750295 0.158578
vt 0.750699 0.156473
vt 0.618738 0.023364
vt 0.619016 0.025342
vt 0.747609 0.163016
vt 0.74843 0.161991
vt 0.631379 0.017628
vt 0.630595 0.019462
vt 0.630865 0.024036
vt 0.628626 0.025021
vt 0.626788 0.025883
vt 0.624567 0.026508
vt 0.747465 0.155712
vt 0.747006 0.157791
vt 0.745386 0.157436
vt 0.74586 0.1552
vt 0.634968 0.04588
vt 0.634054 0.043806
vt 0.636796 0.042963
vt 0.638415 0.045371
vt 0.726912 0.158518
vt 0.726416 0.160457
vt 0.641573 0.036993
vt 0.626308 0.042243
vt 0.624842 0.042475
vt 0.629239 0.047052
vt 0.628712 0.045064
vt 0.630995 0.044664
vt 0.631762 0.046395
vt 0.640448 0.044673
vt 0.638768 0.042255
vt 0.728286 0.149688
vt 0.727799 0.152806
vt 0.63059 0.035069
vt 0.633407 0.034322
vt 0.634104 0.035971
vt 0.631435 0.036899
vt 0.634151 0.021845
vt 0.632729 0.022955
vt 0.631841 0.021088
vt 0.633029 0.019746
vt 0.63561 0.033787
vt 0.637345 0.033167
vt 0.637914 0.034609
vt 0.636176 0.035232
vt 0.745683 0.161483
vt 0.74539 0.162632
vt 0.744058 0.16262
vt 0.744305 0.161425
vt 0.620309 0.029508
vt 0.619987 0.028717
vt 0.621004 0.028516
vt 0.621436 0.029319
vt 0.732265 0.160175
vt 0.733351 0.160281
vt 0.733142 0.161818
vt 0.731949 0.161671
vt 0.733879 0.151099
vt 0.735035 0.151528
vt 0.734674 0.154482
vt 0.733611 0.154366
vt 0.628106 0.035751
vt 0.628689 0.037478
vt 0.625737 0.036395
vt 0.626516 0.037938
vt 0.639541 0.031916
vt 0.640119 0.033354
vt 0.623853 0.040045
vt 0.623441 0.038915
vt 0.624907 0.038496
vt 0.625521 0.039624
vt 0.621828 0.027399
vt 0.620563 0.02753
vt 0.744903 0.154885
vt 0.744405 0.157123
vt 0.743425 0.161398
vt 0.743205 0.162596
vt 0.619456 0.027506
vt 0.624493 0.041337
vt 0.626003 0.041017
vt 0.622674 0.029016
vt 0.625202 0.028313
vt 0.631724 0.025973
vt 0.633555 0.024988
vt 0.627445 0.027572
vt 0.629385 0.026853
vt 0.635234 0.02405
vt 0.620621 0.03041
vt 0.621848 0.030291
vt 0.743933 0.154614
vt 0.74346 0.156839
vt 0.742457 0.161343
vt 0.742248 0.16255
vt 0.622189 0.028169
vt 0.624862 0.027329
vt 0.631349 0.025042
vt 0.633205 0.024074
vt 0.627064 0.0267
vt 0.628975 0.025906
vt 0.634869 0.023238
vt 0.738621 0.157865
vt 0.735433 0.157731
vt 0.731781 0.157467
vt 0.730716 0.157007
vt 0.724602 0.155013
vt 0.722439 0.154379
vt 0.754974 0.161122
vt 0.752411 0.160743
vt 0.757884 0.161713
vt 0.757192 0.161372
vt 0.749553 0.160113
vt 0.727325 0.156239
vt 0.746693 0.159331
vt 0.74499 0.159338
vt 0.73403 0.157684
vt 0.732884 0.157682
vt 0.743833 0.159244
vt 0.742845 0.158929
vt 0.728667 0.147278
vt 0.731538 0.148427
vt 0.723865 0.145696
vt 0.725504 0.146411
vt 0.745173 0.153436
vt 0.746029 0.153715
vt 0.758233 0.15727
vt 0.756226 0.156338
vt 0.733122 0.148978
vt 0.734118 0.149466
vt 0.739798 0.151449
vt 0.744293 0.153172
vt 0.753355 0.15556
vt 0.75059 0.155144
vt 0.736554 0.150246
vt 0.735182 0.149791
vt 0.758693 0.157187
vt 0.747492 0.154219
vt 0.624248 0.013809
vt 0.622583 0.014017
vt 0.622409 0.013414
vt 0.624239 0.013173
vt 0.624824 0.021156
vt 0.626156 0.020154
vt 0.620766 0.014391
vt 0.621314 0.014799
vt 0.626476 0.01835
vt 0.620774 0.016069
vt 0.621207 0.018129
vt 0.625949 0.016295
vt 0.625336 0.014441
vt 0.625388 0.01358
vt 0.624995 0.013984
vt 0.622075 0.020198
vt 0.620929 0.015321
vt 0.620278 0.015064
vt 0.623424 0.021097
vt 0.623001 0.015261
vt 0.62286 0.014664
vt 0.62359 0.016954
vt 0.624054 0.018352
vt 0.665061 0.034099
vt 0.666297 0.034872
vt 0.665668 0.036498
vt 0.664301 0.035563
vt 0.672778 0.038432
vt 0.675139 0.03921
vt 0.674749 0.040633
vt 0.67226 0.040063
vt 0.668689 0.036374
vt 0.671112 0.037371
vt 0.670339 0.039311
vt 0.667985 0.038116
vt 0.662141 0.050479
vt 0.665892 0.051645
vt 0.665595 0.055351
vt 0.661431 0.05254
vt 0.655717 0.044775
vt 0.658459 0.047463
vt 0.65655 0.050542
vt 0.650581 0.047647
vt 0.670127 0.051897
vt 0.673276 0.051958
vt 0.674206 0.055066
vt 0.671342 0.057663
vt 0.670637 0.023398
vt 0.671602 0.023898
vt 0.669966 0.027309
vt 0.668384 0.02641
vt 0.677957 0.027263
vt 0.679527 0.027759
vt 0.678594 0.031337
vt 0.676762 0.030817
vt 0.673864 0.025674
vt 0.676093 0.026685
vt 0.674412 0.03008
vt 0.672228 0.029112
vt 0.742086 0.132613
vt 0.745512 0.1312
vt 0.745879 0.133035
vt 0.742538 0.134423
vt 0.667116 0.039829
vt 0.669665 0.040998
vt 0.734752 0.135123
vt 0.735938 0.134771
vt 0.736434 0.136807
vt 0.735293 0.137188
vt 0.723607 0.137234
vt 0.726615 0.136101
vt 0.727584 0.137928
vt 0.725378 0.139106
vt 0.675983 0.04719
vt 0.675837 0.049041
vt 0.673265 0.048678
vt 0.673499 0.046957
vt 0.681735 0.0283
vt 0.681105 0.031953
vt 0.676017 0.052078
vt 0.676773 0.053832
vt 0.677138 0.039906
vt 0.676738 0.041063
vt 0.6643 0.028021
vt 0.66579 0.024731
vt 0.667071 0.025778
vt 0.665488 0.028663
vt 0.652849 0.040497
vt 0.654891 0.039278
vt 0.65656 0.040701
vt 0.653944 0.042215
vt 0.658335 0.039506
vt 0.656831 0.038162
vt 0.663504 0.036914
vt 0.664725 0.037919
vt 0.671973 0.041593
vt 0.67425 0.042024
vt 0.679742 0.022757
vt 0.677844 0.022279
vt 0.678481 0.021023
vt 0.680128 0.021076
vt 0.675891 0.021469
vt 0.673968 0.020251
vt 0.674625 0.019117
vt 0.676455 0.020332
vt 0.760331 0.126737
vt 0.760437 0.128488
vt 0.757716 0.129993
vt 0.757936 0.127661
vt 0.672903 0.019414
vt 0.67198 0.018255
vt 0.673195 0.016717
vt 0.673753 0.018061
vt 0.674393 0.017019
vt 0.674233 0.015196
vt 0.675647 0.014141
vt 0.675044 0.016107
vt 0.677162 0.012307
vt 0.67603 0.013993
vt 0.676525 0.012197
vt 0.683336 0.017544
vt 0.681573 0.019085
vt 0.681391 0.01768
vt 0.682989 0.015426
vt 0.762953 0.125908
vt 0.763001 0.127457
vt 0.76235 0.127709
vt 0.762349 0.125827
vt 0.680233 0.019993
vt 0.67863 0.02036
vt 0.678827 0.019652
vt 0.680362 0.019006
vt 0.762131 0.121377
vt 0.762724 0.122927
vt 0.761947 0.123153
vt 0.761263 0.121761
vt 0.676647 0.019895
vt 0.675059 0.018599
vt 0.67552 0.017782
vt 0.676946 0.019247
vt 0.677254 0.018593
vt 0.678763 0.018921
vt 0.675996 0.017209
vt 0.740501 0.125952
vt 0.743819 0.125369
vt 0.744362 0.127452
vt 0.741135 0.12835
vt 0.732683 0.127104
vt 0.733845 0.126701
vt 0.734464 0.12992
vt 0.733234 0.130148
vt 0.720308 0.128032
vt 0.72471 0.128369
vt 0.725211 0.131291
vt 0.720556 0.132028
vt 0.760056 0.123777
vt 0.759499 0.12236
vt 0.680046 0.018524
vt 0.681345 0.016878
vt 0.682317 0.014821
vt 0.674646 0.012596
vt 0.675576 0.01576
vt 0.756802 0.12272
vt 0.757591 0.124397
vt 0.754327 0.12516
vt 0.75363 0.123185
vt 0.6727 0.014917
vt 0.671151 0.01729
vt 0.755003 0.131067
vt 0.754887 0.129246
vt 0.683729 0.019878
vt 0.681601 0.020731
vt 0.679288 0.024049
vt 0.677524 0.023322
vt 0.675467 0.02226
vt 0.673389 0.02102
vt 0.751151 0.123855
vt 0.751731 0.125776
vt 0.750415 0.12613
vt 0.749831 0.124098
vt 0.663512 0.047026
vt 0.66489 0.044272
vt 0.667686 0.045684
vt 0.666807 0.048435
vt 0.729345 0.135875
vt 0.729946 0.137593
vt 0.676475 0.042299
vt 0.662138 0.035873
vt 0.660883 0.03493
vt 0.658427 0.042342
vt 0.660033 0.040928
vt 0.661998 0.042278
vt 0.660727 0.044715
vt 0.670156 0.048759
vt 0.670618 0.046468
vt 0.727258 0.127874
vt 0.727774 0.131141
vt 0.670862 0.031808
vt 0.672991 0.032833
vt 0.672055 0.034969
vt 0.669892 0.033782
vt 0.682834 0.025054
vt 0.680748 0.024607
vt 0.681231 0.023032
vt 0.683301 0.023026
vt 0.675292 0.033884
vt 0.677066 0.03464
vt 0.67586 0.037197
vt 0.674083 0.036093
vt 0.752679 0.129903
vt 0.753068 0.131792
vt 0.751848 0.131938
vt 0.751501 0.13022
vt 0.668835 0.02088
vt 0.669449 0.019993
vt 0.670584 0.020546
vt 0.669901 0.021658
vt 0.737191 0.134537
vt 0.738959 0.13389
vt 0.739767 0.135871
vt 0.737654 0.136456
vt 0.735133 0.126729
vt 0.737036 0.126523
vt 0.737475 0.129407
vt 0.735839 0.129667
vt 0.6684 0.030498
vt 0.66758 0.032657
vt 0.666871 0.029591
vt 0.666052 0.031846
vt 0.6798 0.035124
vt 0.677938 0.037945
vt 0.662206 0.032869
vt 0.663307 0.03097
vt 0.664549 0.031474
vt 0.663633 0.033452
vt 0.672309 0.020325
vt 0.671137 0.019657
vt 0.748758 0.124284
vt 0.749269 0.126421
vt 0.750268 0.130618
vt 0.750777 0.13213
vt 0.670215 0.019061
vt 0.661544 0.033953
vt 0.662884 0.034697
vt 0.671167 0.022204
vt 0.672167 0.022713
vt 0.678479 0.026071
vt 0.67995 0.026631
vt 0.674474 0.024492
vt 0.676699 0.025454
vt 0.682065 0.027218
vt 0.668319 0.021811
vt 0.669279 0.022602
vt 0.747599 0.124441
vt 0.748104 0.126656
vt 0.749231 0.130962
vt 0.749753 0.132442
vt 0.671844 0.021323
vt 0.672796 0.021636
vt 0.67893 0.02498
vt 0.680381 0.025557
vt 0.67504 0.023221
vt 0.677288 0.024259
vt 0.682487 0.026193
vt 0.745039 0.129394
vt 0.741701 0.130702
vt 0.735453 0.13299
vt 0.734256 0.13332
vt 0.726139 0.134456
vt 0.721457 0.135241
vt 0.760317 0.125402
vt 0.757915 0.126087
vt 0.763001 0.124585
vt 0.762338 0.124895
vt 0.754715 0.127303
vt 0.728751 0.134089
vt 0.752327 0.127923
vt 0.750996 0.128321
vt 0.738155 0.131988
vt 0.736808 0.132666
vt 0.749898 0.128647
vt 0.74871 0.129094
vt 0.727149 0.125262
vt 0.732105 0.124305
vt 0.721084 0.125744
vt 0.724936 0.125606
vt 0.748202 0.122412
vt 0.749361 0.122244
vt 0.760704 0.120593
vt 0.759181 0.120985
vt 0.733436 0.124084
vt 0.734673 0.124099
vt 0.743505 0.123428
vt 0.74706 0.122519
vt 0.756556 0.121537
vt 0.752938 0.121575
vt 0.740077 0.123825
vt 0.736756 0.123877
vt 0.761719 0.120506
vt 0.750606 0.122035
vt 0.681842 0.012809
vt 0.680747 0.012061
vt 0.681056 0.01157
vt 0.682244 0.012771
vt 0.67737 0.018196
vt 0.678724 0.018647
vt 0.679422 0.011054
vt 0.679682 0.011627
vt 0.679973 0.018114
vt 0.677843 0.012244
vt 0.676733 0.013974
vt 0.681019 0.016316
vt 0.682002 0.014523
vt 0.682446 0.013655
vt 0.682071 0.013488
vt 0.675936 0.015695
vt 0.678575 0.01163
vt 0.678126 0.011177
vt 0.676235 0.017068
vt 0.679935 0.013367
vt 0.680464 0.012562
vt 0.679008 0.015106
vt 0.678193 0.016639
vt 0.688281 0.056568
vt 0.689613 0.058438
vt 0.688514 0.058904
vt 0.687541 0.057227
vt 0.693689 0.063054
vt 0.694878 0.064184
vt 0.693881 0.064949
vt 0.692715 0.063893
vt 0.691205 0.060375
vt 0.692648 0.061863
vt 0.691519 0.062777
vt 0.689982 0.061131
vt 0.68117 0.066804
vt 0.682846 0.069576
vt 0.681118 0.071834
vt 0.679114 0.068247
vt 0.678894 0.060028
vt 0.679755 0.063224
vt 0.676821 0.063943
vt 0.674472 0.05975
vt 0.685357 0.072126
vt 0.688867 0.073902
vt 0.689685 0.077467
vt 0.682035 0.076685
vt 0.698508 0.049847
vt 0.699224 0.051081
vt 0.695604 0.053812
vt 0.694689 0.052572
vt 0.702806 0.056103
vt 0.703695 0.056899
vt 0.700495 0.059604
vt 0.699505 0.058582
vt 0.700743 0.053615
vt 0.701863 0.055258
vt 0.698563 0.057621
vt 0.697069 0.055988
vt 0.728559 0.11279
vt 0.733043 0.109512
vt 0.733884 0.110913
vt 0.729574 0.114235
vt 0.688756 0.06187
vt 0.69035 0.063624
vt 0.72486 0.11566
vt 0.725866 0.114975
vt 0.727076 0.116537
vt 0.726198 0.117395
vt 0.719048 0.119786
vt 0.72025 0.118737
vt 0.72182 0.120161
vt 0.72027 0.120738
vt 0.692189 0.070471
vt 0.691548 0.071947
vt 0.689371 0.071045
vt 0.690289 0.069105
vt 0.705299 0.058116
vt 0.702148 0.061059
vt 0.69117 0.074454
vt 0.692253 0.076725
vt 0.696421 0.065879
vt 0.695501 0.066429
vt 0.68887 0.05236
vt 0.693175 0.049498
vt 0.694044 0.051109
vt 0.689783 0.053783
vt 0.678983 0.054843
vt 0.68036 0.055592
vt 0.680367 0.057561
vt 0.678718 0.056943
vt 0.682224 0.057645
vt 0.681661 0.055734
vt 0.686416 0.057933
vt 0.687326 0.059544
vt 0.69146 0.065014
vt 0.692636 0.065988
vt 0.707363 0.052327
vt 0.706251 0.051543
vt 0.707247 0.050465
vt 0.708714 0.050893
vt 0.704792 0.050237
vt 0.703558 0.048467
vt 0.704744 0.047629
vt 0.705704 0.049419
vt 0.747475 0.098247
vt 0.748022 0.09999
vt 0.7456 0.102117
vt 0.745092 0.100454
vt 0.70282 0.046807
vt 0.702384 0.045119
vt 0.704742 0.043993
vt 0.704459 0.04582
vt 0.706213 0.044961
vt 0.706969 0.042698
vt 0.70891 0.042622
vt 0.707295 0.044416
vt 0.711175 0.041629
vt 0.709548 0.042687
vt 0.710316 0.041038
vt 0.71369 0.049445
vt 0.711856 0.049676
vt 0.712835 0.048168
vt 0.714462 0.047055
vt 0.750116 0.095675
vt 0.750695 0.097045
vt 0.749934 0.097889
vt 0.749178 0.09655
vt 0.710244 0.049674
vt 0.708235 0.049759
vt 0.708704 0.049252
vt 0.710877 0.048901
vt 0.748256 0.092369
vt 0.74902 0.093574
vt 0.748025 0.0943
vt 0.747325 0.092924
vt 0.706518 0.048765
vt 0.705825 0.046854
vt 0.706544 0.046365
vt 0.707127 0.048256
vt 0.707553 0.047833
vt 0.709066 0.048728
vt 0.707093 0.046054
vt 0.723202 0.106054
vt 0.728658 0.103069
vt 0.730076 0.105461
vt 0.724794 0.108687
vt 0.719592 0.108075
vt 0.72036 0.10747
vt 0.722178 0.110371
vt 0.721116 0.110774
vt 0.712234 0.111866
vt 0.714322 0.111289
vt 0.715907 0.114605
vt 0.714543 0.115542
vt 0.746006 0.095742
vt 0.745123 0.094432
vt 0.711051 0.048386
vt 0.712912 0.047298
vt 0.714038 0.046191
vt 0.707695 0.040915
vt 0.707925 0.04425
vt 0.742611 0.095685
vt 0.743515 0.097312
vt 0.740211 0.099173
vt 0.739173 0.09744
vt 0.704819 0.041974
vt 0.701989 0.043535
vt 0.742964 0.104274
vt 0.74234 0.102839
vt 0.712153 0.051355
vt 0.710306 0.051048
vt 0.70621 0.053559
vt 0.705226 0.052321
vt 0.703918 0.05093
vt 0.702519 0.049054
vt 0.735896 0.098831
vt 0.73711 0.100811
vt 0.73578 0.10159
vt 0.734758 0.099501
vt 0.68275 0.065452
vt 0.684733 0.064372
vt 0.686723 0.066359
vt 0.684676 0.068087
vt 0.721422 0.11781
vt 0.723045 0.119532
vt 0.694494 0.067459
vt 0.685942 0.05653
vt 0.685181 0.054846
vt 0.680577 0.059871
vt 0.682561 0.059527
vt 0.683343 0.061532
vt 0.681193 0.062339
vt 0.687096 0.070108
vt 0.688908 0.068118
vt 0.715929 0.110387
vt 0.717246 0.113583
vt 0.693495 0.05878
vt 0.694934 0.060247
vt 0.693711 0.061036
vt 0.692343 0.059585
vt 0.708239 0.055939
vt 0.707045 0.054439
vt 0.708507 0.053077
vt 0.709818 0.054078
vt 0.696031 0.061434
vt 0.697045 0.06272
vt 0.695924 0.063395
vt 0.694819 0.062179
vt 0.740152 0.104282
vt 0.741039 0.105544
vt 0.739991 0.106356
vt 0.738958 0.105085
vt 0.698214 0.046146
vt 0.699125 0.04539
vt 0.700067 0.046808
vt 0.69913 0.047607
vt 0.72656 0.11453
vt 0.727589 0.1137
vt 0.728715 0.115147
vt 0.727735 0.115991
vt 0.721025 0.10705
vt 0.722128 0.106419
vt 0.723998 0.109179
vt 0.722941 0.110035
vt 0.69188 0.056831
vt 0.690765 0.05778
vt 0.690547 0.055101
vt 0.689207 0.055912
vt 0.698164 0.064545
vt 0.697445 0.065197
vt 0.686897 0.053825
vt 0.687948 0.053142
vt 0.688726 0.054652
vt 0.687782 0.055315
vt 0.701679 0.047625
vt 0.700988 0.046095
vt 0.733905 0.100192
vt 0.734996 0.102078
vt 0.737997 0.10591
vt 0.739043 0.107166
vt 0.70011 0.044626
vt 0.686181 0.054229
vt 0.687022 0.055848
vt 0.699717 0.048948
vt 0.700464 0.050259
vt 0.704099 0.05512
vt 0.704924 0.056014
vt 0.701913 0.052513
vt 0.703349 0.054095
vt 0.706457 0.05731
vt 0.696999 0.047104
vt 0.697882 0.048576
vt 0.73273 0.100816
vt 0.733781 0.102855
vt 0.73684 0.106898
vt 0.737824 0.108264
vt 0.700746 0.04821
vt 0.701621 0.049574
vt 0.705249 0.054286
vt 0.706029 0.055275
vt 0.703042 0.051622
vt 0.704284 0.053055
vt 0.707367 0.05675
vt 0.731566 0.107516
vt 0.726869 0.111125
vt 0.724283 0.113089
vt 0.723211 0.113626
vt 0.718293 0.11722
vt 0.717358 0.118262
vt 0.746847 0.097111
vt 0.744314 0.098995
vt 0.749721 0.094889
vt 0.748781 0.095672
vt 0.741311 0.100993
vt 0.719478 0.116074
vt 0.738605 0.102826
vt 0.737394 0.10363
vt 0.725991 0.111856
vt 0.725011 0.112755
vt 0.736539 0.104167
vt 0.735157 0.104816
vt 0.715191 0.107932
vt 0.718608 0.105863
vt 0.711508 0.10969
vt 0.713573 0.108919
vt 0.733313 0.098667
vt 0.734372 0.098373
vt 0.746561 0.092039
vt 0.744408 0.093594
vt 0.719695 0.105107
vt 0.720452 0.104982
vt 0.727877 0.101364
vt 0.731809 0.099102
vt 0.741886 0.094568
vt 0.738482 0.096358
vt 0.722329 0.104158
vt 0.721409 0.104662
vt 0.747517 0.091606
vt 0.735452 0.097721
vt 0.714139 0.043973
vt 0.713603 0.043108
vt 0.714169 0.042678
vt 0.714799 0.043857
vt 0.708025 0.04739
vt 0.709243 0.048368
vt 0.713239 0.041688
vt 0.712869 0.04227
vt 0.710963 0.047982
vt 0.711025 0.042305
vt 0.709792 0.043039
vt 0.712642 0.046858
vt 0.713613 0.045686
vt 0.714819 0.044847
vt 0.714059 0.04464
vt 0.708253 0.04449
vt 0.712136 0.042177
vt 0.712496 0.041433
vt 0.707465 0.045948
vt 0.712292 0.04412
vt 0.71297 0.043572
vt 0.711389 0.044815
vt 0.709918 0.045967
vt 0.699459 0.082693
vt 0.699616 0.084752
vt 0.698228 0.085163
vt 0.698121 0.082911
vt 0.701431 0.089123
vt 0.702918 0.091015
vt 0.701698 0.09165
vt 0.700007 0.089593
vt 0.699877 0.08643
vt 0.70049 0.087957
vt 0.699231 0.088398
vt 0.698507 0.086884
vt 0.689066 0.088896
vt 0.690338 0.091008
vt 0.687361 0.09196
vt 0.686379 0.089642
vt 0.688577 0.083135
vt 0.688189 0.086706
vt 0.685471 0.087048
vt 0.685187 0.082429
vt 0.692096 0.093127
vt 0.694424 0.095652
vt 0.692395 0.097333
vt 0.689091 0.093945
vt 0.706313 0.081097
vt 0.70655 0.082609
vt 0.704793 0.083267
vt 0.704421 0.081443
vt 0.708077 0.08678
vt 0.708934 0.08819
vt 0.707117 0.089154
vt 0.706069 0.087631
vt 0.706776 0.08418
vt 0.707372 0.085648
vt 0.705484 0.086344
vt 0.704972 0.084814
vt 0.711671 0.098448
vt 0.713012 0.097091
vt 0.714258 0.098687
vt 0.713021 0.099826
vt 0.697274 0.08708
vt 0.698139 0.088824
vt 0.708039 0.102034
vt 0.708963 0.101113
vt 0.710628 0.102884
vt 0.710042 0.103929
vt 0.705839 0.107472
vt 0.705585 0.106075
vt 0.708022 0.107327
vt 0.708155 0.10786
vt 0.699123 0.095998
vt 0.697948 0.096974
vt 0.696245 0.094775
vt 0.697646 0.093937
vt 0.70979 0.089251
vt 0.708089 0.090436
vt 0.696612 0.097852
vt 0.694965 0.099709
vt 0.704219 0.092726
vt 0.703041 0.093506
vt 0.702253 0.078483
vt 0.703933 0.078359
vt 0.704072 0.079764
vt 0.702306 0.080089
vt 0.692738 0.078665
vt 0.693252 0.078579
vt 0.692518 0.08026
vt 0.691314 0.080556
vt 0.693965 0.080356
vt 0.694498 0.078604
vt 0.696777 0.083162
vt 0.696902 0.08529
vt 0.698947 0.090028
vt 0.700445 0.092255
vt 0.712488 0.085366
vt 0.711859 0.084324
vt 0.713101 0.08392
vt 0.714033 0.084957
vt 0.711215 0.082957
vt 0.710921 0.081457
vt 0.711955 0.081059
vt 0.712419 0.082644
vt 0.721429 0.088768
vt 0.721914 0.090108
vt 0.720711 0.091766
vt 0.719941 0.090148
vt 0.710639 0.080095
vt 0.7108 0.078662
vt 0.712543 0.078536
vt 0.71198 0.079707
vt 0.7133 0.079655
vt 0.714168 0.078533
vt 0.715325 0.079003
vt 0.714208 0.079737
vt 0.716694 0.079266
vt 0.71569 0.079445
vt 0.716542 0.078741
vt 0.717111 0.08483
vt 0.71615 0.084633
vt 0.71684 0.08396
vt 0.717843 0.083925
vt 0.717689 0.079538
vt 0.717762 0.078959
vt 0.715011 0.084278
vt 0.714093 0.08354
vt 0.714697 0.083273
vt 0.715636 0.083802
vt 0.718632 0.082318
vt 0.718692 0.081196
vt 0.719297 0.081064
vt 0.719182 0.082597
vt 0.713382 0.082354
vt 0.713033 0.080891
vt 0.713742 0.0808
vt 0.713987 0.082175
vt 0.71432 0.082069
vt 0.714893 0.083213
vt 0.714145 0.080785
vt 0.708163 0.094439
vt 0.709758 0.092999
vt 0.710614 0.094384
vt 0.709156 0.095721
vt 0.704277 0.097932
vt 0.705308 0.097036
vt 0.706366 0.098428
vt 0.705382 0.09939
vt 0.700211 0.102185
vt 0.701007 0.101357
vt 0.702525 0.103162
vt 0.701906 0.104284
vt 0.719877 0.084213
vt 0.721223 0.085039
vt 0.719972 0.086459
vt 0.718998 0.085677
vt 0.715883 0.083482
vt 0.722557 0.087534
vt 0.722921 0.088815
vt 0.716906 0.083506
vt 0.717733 0.083358
vt 0.715295 0.077835
vt 0.714661 0.079887
vt 0.717722 0.087094
vt 0.718502 0.088046
vt 0.716419 0.089921
vt 0.715482 0.088801
vt 0.713334 0.077454
vt 0.711051 0.077401
vt 0.719209 0.093508
vt 0.718174 0.092004
vt 0.715827 0.08568
vt 0.714928 0.085335
vt 0.710693 0.085723
vt 0.710307 0.084761
vt 0.709671 0.083368
vt 0.709402 0.081907
vt 0.71369 0.090075
vt 0.714727 0.09133
vt 0.713955 0.091887
vt 0.713015 0.090533
vt 0.691739 0.088286
vt 0.694039 0.087813
vt 0.695039 0.089949
vt 0.692896 0.090342
vt 0.706039 0.104336
vt 0.708284 0.106029
vt 0.70187 0.094157
vt 0.696887 0.080851
vt 0.697217 0.079082
vt 0.691446 0.083355
vt 0.693538 0.083435
vt 0.693633 0.085819
vt 0.69116 0.086078
vt 0.694417 0.092339
vt 0.696104 0.091855
vt 0.701878 0.100226
vt 0.703176 0.101759
vt 0.702938 0.085337
vt 0.703764 0.087033
vt 0.70197 0.087409
vt 0.701377 0.08589
vt 0.712088 0.087921
vt 0.711538 0.086954
vt 0.713078 0.08627
vt 0.713773 0.087052
vt 0.704434 0.088327
vt 0.705435 0.090006
vt 0.704065 0.090483
vt 0.702765 0.088863
vt 0.716756 0.093625
vt 0.717834 0.094959
vt 0.717117 0.095788
vt 0.716113 0.094475
vt 0.707021 0.078076
vt 0.707992 0.077898
vt 0.708061 0.079157
vt 0.707114 0.079287
vt 0.709881 0.100378
vt 0.710601 0.09952
vt 0.712076 0.100967
vt 0.711359 0.101899
vt 0.706387 0.096175
vt 0.707269 0.095352
vt 0.70831 0.096603
vt 0.707391 0.097447
vt 0.702772 0.083814
vt 0.701101 0.084268
vt 0.702521 0.081892
vt 0.700983 0.082265
vt 0.706451 0.091598
vt 0.705222 0.092175
vt 0.69963 0.078804
vt 0.70079 0.078677
vt 0.700794 0.080282
vt 0.699505 0.080503
vt 0.709293 0.080541
vt 0.709094 0.078946
vt 0.71219 0.091074
vt 0.71322 0.092374
vt 0.71529 0.095095
vt 0.716432 0.096478
vt 0.709063 0.077631
vt 0.698415 0.0789
vt 0.698181 0.080703
vt 0.707246 0.080906
vt 0.707393 0.082409
vt 0.709025 0.086414
vt 0.709766 0.087792
vt 0.707541 0.083942
vt 0.708227 0.085344
vt 0.710469 0.088878
vt 0.705928 0.078102
vt 0.706117 0.079409
vt 0.711536 0.091663
vt 0.712472 0.092987
vt 0.714508 0.095749
vt 0.71563 0.097209
vt 0.708204 0.080758
vt 0.708339 0.082187
vt 0.709764 0.085974
vt 0.710578 0.087375
vt 0.708513 0.083716
vt 0.709111 0.085107
vt 0.711363 0.088384
vt 0.711728 0.095776
vt 0.710234 0.096896
vt 0.707495 0.099626
vt 0.706613 0.100657
vt 0.704046 0.104696
vt 0.703768 0.106234
vt 0.720689 0.08756
vt 0.719204 0.089009
vt 0.718241 0.080094
vt 0.718759 0.079689
vt 0.722079 0.086297
vt 0.717344 0.09094
vt 0.704597 0.103147
vt 0.715808 0.0926
vt 0.715052 0.09322
vt 0.709323 0.097912
vt 0.70849 0.098735
vt 0.714278 0.093668
vt 0.713454 0.094278
vt 0.700683 0.098361
vt 0.703045 0.096093
vt 0.698375 0.100041
vt 0.699575 0.099135
vt 0.711328 0.08988
vt 0.712045 0.08936
vt 0.71873 0.08401
vt 0.717961 0.085035
vt 0.704154 0.095233
vt 0.705228 0.09441
vt 0.709006 0.091687
vt 0.710594 0.090414
vt 0.716679 0.086202
vt 0.714476 0.087753
vt 0.707353 0.092926
vt 0.706208 0.093716
vt 0.7183 0.083011
vt 0.718605 0.083534
vt 0.712743 0.088887
vt 0.718259 0.082174
vt 0.718175 0.081258
vt 0.714605 0.082038
vt 0.71519 0.083051
vt 0.717881 0.080353
vt 0.715948 0.083306
vt 0.71694 0.079744
vt 0.715917 0.079683
vt 0.71693 0.083221
vt 0.717507 0.083037
vt 0.717954 0.082702
vt 0.715022 0.080091
vt 0.717471 0.07998
vt 0.714446 0.080757
vt 0.717107 0.081486
vt 0.717517 0.081436
vt 0.716391 0.081549
vt 0.715393 0.081719
vt 0.589071 0.06801
vt 0.591479 0.066947
vt 0.592261 0.068193
vt 0.589988 0.069397
vt 0.596462 0.063317
vt 0.599277 0.060623
vt 0.600326 0.061624
vt 0.597367 0.064692
vt 0.59382 0.065532
vt 0.594596 0.066794
vt 0.693968 0.17928
vt 0.695361 0.181353
vt 0.692453 0.18321
vt 0.691236 0.181474
vt 0.601198 0.059305
vt 0.602449 0.060392
vt 0.588865 0.072293
vt 0.58777 0.07059
vt 0.590992 0.071005
vt 0.595802 0.057482
vt 0.593894 0.06024
vt 0.59311 0.059548
vt 0.594518 0.056682
vt 0.591817 0.062553
vt 0.589328 0.063795
vt 0.588697 0.062936
vt 0.59126 0.061872
vt 0.703074 0.192382
vt 0.699923 0.193257
vt 0.698563 0.191337
vt 0.701704 0.190252
vt 0.58635 0.064015
vt 0.585633 0.062686
vt 0.588099 0.062128
vt 0.584966 0.061287
vt 0.584506 0.060051
vt 0.587647 0.061382
vt 0.583268 0.056644
vt 0.584689 0.059182
vt 0.582486 0.058405
vt 0.593362 0.053851
vt 0.593334 0.056104
vt 0.592179 0.055742
vt 0.591482 0.05334
vt 0.705194 0.195778
vt 0.70322 0.196344
vt 0.701609 0.19491
vt 0.704269 0.193999
vt 0.592401 0.058974
vt 0.591771 0.058477
vt 0.709706 0.192869
vt 0.707759 0.194398
vt 0.706893 0.192668
vt 0.708809 0.1911
vt 0.590759 0.061298
vt 0.59034 0.060765
vt 0.589921 0.060261
vt 0.591198 0.057866
vt 0.587404 0.060891
vt 0.700665 0.17528
vt 0.702223 0.177141
vt 0.698705 0.178866
vt 0.697454 0.176831
vt 0.705841 0.191009
vt 0.708128 0.189
vt 0.591096 0.055806
vt 0.589526 0.053395
vt 0.58263 0.060483
vt 0.707073 0.186726
vt 0.704387 0.188531
vt 0.70312 0.186072
vt 0.70577 0.184317
vt 0.582983 0.062556
vt 0.5838 0.064325
vt 0.697401 0.189505
vt 0.700166 0.18787
vt 0.595091 0.054625
vt 0.596809 0.058245
vt 0.594563 0.060861
vt 0.59234 0.063192
vt 0.589903 0.064535
vt 0.704515 0.182084
vt 0.701527 0.183344
vt 0.701026 0.182533
vt 0.703758 0.180856
vt 0.598577 0.056871
vt 0.597007 0.05571
vt 0.698844 0.185664
vt 0.696147 0.18792
vt 0.69533 0.186816
vt 0.698196 0.184718
vt 0.585878 0.067897
vt 0.585304 0.06706
vt 0.587689 0.066089
vt 0.588283 0.066889
vt 0.601873 0.063387
vt 0.598643 0.066276
vt 0.587097 0.065171
vt 0.703215 0.179996
vt 0.700277 0.181611
vt 0.593227 0.069918
vt 0.595691 0.068253
vt 0.603982 0.062017
vt 0.697665 0.183987
vt 0.694634 0.185963
vt 0.584672 0.06596
vt 0.590843 0.065999
vt 0.595728 0.062289
vt 0.598457 0.059627
vt 0.593224 0.064647
vt 0.600366 0.058456
vt 0.586677 0.069087
vt 0.702657 0.178984
vt 0.699718 0.180743
vt 0.696871 0.182906
vt 0.693697 0.184737
vt 0.590398 0.065255
vt 0.595213 0.061582
vt 0.597698 0.058972
vt 0.592798 0.063843
vt 0.599614 0.057763
vt 0.70533 0.179135
vt 0.705909 0.180085
vt 0.710493 0.189338
vt 0.709768 0.187273
vt 0.703687 0.176555
vt 0.704621 0.178024
vt 0.708832 0.185376
vt 0.707605 0.183297
vt 0.7028 0.174372
vt 0.711183 0.19138
vt 0.706611 0.1814
vt 0.588077 0.053439
vt 0.586021 0.054054
vt 0.585591 0.052791
vt 0.587912 0.052339
vt 0.589661 0.059873
vt 0.590995 0.057792
vt 0.583582 0.054776
vt 0.584451 0.055049
vt 0.590536 0.055993
vt 0.583949 0.056317
vt 0.584958 0.058662
vt 0.589091 0.054087
vt 0.587339 0.060659
vt 0.586567 0.055068
vt 0.587604 0.056993
vt 0.627782 0.051075
vt 0.65001 0.04369
vt 0.676178 0.057245
vt 0.689758 0.079458
vt 0.72907 0.145551
vt 0.731848 0.1466
vt 0.725306 0.144213
vt 0.726603 0.144578
vt 0.74555 0.151833
vt 0.746388 0.152205
vt 0.758341 0.1558
vt 0.755824 0.154864
vt 0.733361 0.147362
vt 0.734408 0.147846
vt 0.740318 0.149873
vt 0.744718 0.151581
vt 0.752986 0.153901
vt 0.7503 0.153221
vt 0.736863 0.148919
vt 0.735399 0.148355
vt 0.758969 0.156353
vt 0.747942 0.1526
vt 0.726824 0.123353
vt 0.731724 0.122216
vt 0.721749 0.123909
vt 0.724927 0.123675
vt 0.747839 0.120968
vt 0.748949 0.120844
vt 0.760155 0.119401
vt 0.757856 0.11911
vt 0.73296 0.121953
vt 0.734174 0.121847
vt 0.743058 0.121924
vt 0.746708 0.121077
vt 0.755443 0.119639
vt 0.752245 0.120179
vt 0.739641 0.12218
vt 0.736287 0.121789
vt 0.761148 0.119356
vt 0.750143 0.120605
vt 0.714243 0.10591
vt 0.717624 0.103956
vt 0.710643 0.108167
vt 0.712837 0.106753
vt 0.732741 0.097441
vt 0.733832 0.097144
vt 0.745333 0.091269
vt 0.742729 0.092113
vt 0.718907 0.103218
vt 0.71998 0.102937
vt 0.72728 0.100019
vt 0.731306 0.09789
vt 0.740242 0.093071
vt 0.736995 0.094995
vt 0.722153 0.102208
vt 0.72121 0.102599
vt 0.746157 0.090676
vt 0.734932 0.096523
vt 0.678003 0.075203
vt 0.676188 0.071081
vt 0.716389 0.12689
vt 0.71734 0.132758
vt 0.71311 0.133575
vt 0.711712 0.12917
vt 0.682935 0.090789
vt 0.680988 0.087374
vt 0.695822 0.104635
vt 0.692758 0.101966
vt 0.696932 0.10165
vt 0.63319 0.052303
vt 0.63125 0.052414
vt 0.717059 0.154515
vt 0.718449 0.152303
vt 0.720661 0.153619
vt 0.720498 0.156514
vt 0.68432 0.09376
vt 0.685986 0.095471
vt 0.699268 0.103568
vt 0.700742 0.105758
vt 0.698826 0.107106
vt 0.69808 0.105026
vt 0.706853 0.113794
vt 0.710915 0.117782
vt 0.707664 0.118912
vt 0.705156 0.114196
vt 0.628029 0.052835
vt 0.714411 0.138657
vt 0.717507 0.138954
vt 0.660102 0.056599
vt 0.655128 0.054598
vt 0.717826 0.14983
vt 0.719547 0.149933
vt 0.701787 0.110294
vt 0.703916 0.109488
vt 0.720835 0.15873
vt 0.719015 0.158529
vt 0.70961 0.123334
vt 0.71496 0.121852
vt 0.663726 0.059635
vt 0.637007 0.052264
vt 0.62522 0.053395
vt 0.62526 0.051534
vt 0.690118 0.099055
vt 0.718615 0.144777
vt 0.716146 0.144959
vt 0.672759 0.066679
vt 0.641414 0.052057
vt 0.705532 0.124405
vt 0.703645 0.120139
vt 0.707769 0.130234
vt 0.709744 0.134476
vt 0.705904 0.136422
vt 0.703922 0.13151
vt 0.698054 0.110721
vt 0.695435 0.106417
vt 0.686436 0.100612
vt 0.691167 0.105064
vt 0.687969 0.106521
vt 0.682339 0.102778
vt 0.711424 0.139681
vt 0.701658 0.115539
vt 0.700126 0.121105
vt 0.697594 0.115954
vt 0.713537 0.145335
vt 0.715003 0.150246
vt 0.712107 0.150823
vt 0.709929 0.146202
vt 0.706484 0.147657
vt 0.704447 0.142551
vt 0.7077 0.140869
vt 0.693675 0.117171
vt 0.691074 0.111558
vt 0.6939 0.110643
vt 0.678766 0.079643
vt 0.709405 0.15261
vt 0.705277 0.154554
vt 0.701741 0.150263
vt 0.70244 0.137574
vt 0.700169 0.133082
vt 0.630656 0.06274
vt 0.626323 0.061233
vt 0.627193 0.056703
vt 0.632449 0.057075
vt 0.670048 0.065309
vt 0.688699 0.119793
vt 0.695514 0.12277
vt 0.691885 0.125968
vt 0.699561 0.14467
vt 0.697929 0.140041
vt 0.696387 0.135406
vt 0.670578 0.099793
vt 0.667949 0.096007
vt 0.671261 0.092375
vt 0.673614 0.097041
vt 0.654057 0.069361
vt 0.659352 0.072286
vt 0.655378 0.08003
vt 0.650484 0.077301
vt 0.678113 0.100642
vt 0.674585 0.103185
vt 0.663224 0.077034
vt 0.659388 0.083706
vt 0.662494 0.08794
vt 0.665824 0.082272
vt 0.665268 0.110923
vt 0.660162 0.116287
vt 0.657615 0.113689
vt 0.662993 0.107833
vt 0.665448 0.092109
vt 0.669214 0.087249
vt 0.653036 0.11046
vt 0.659377 0.1043
vt 0.645503 0.074652
vt 0.648363 0.066991
vt 0.637157 0.092146
vt 0.631718 0.090594
vt 0.635899 0.082019
vt 0.641393 0.083821
vt 0.641727 0.094265
vt 0.645508 0.096357
vt 0.640777 0.103428
vt 0.6373 0.101573
vt 0.652325 0.100451
vt 0.649035 0.098329
vt 0.654492 0.090971
vt 0.65787 0.093929
vt 0.62495 0.089857
vt 0.629299 0.081049
vt 0.642946 0.065074
vt 0.643594 0.057595
vt 0.650461 0.059872
vt 0.665851 0.06283
vt 0.643967 0.105212
vt 0.655815 0.102527
vt 0.661249 0.096862
vt 0.646222 0.086033
vt 0.662221 0.066635
vt 0.666102 0.071174
vt 0.636525 0.06371
vt 0.63756 0.059718
vt 0.675408 0.094424
vt 0.674693 0.089205
vt 0.639997 0.072672
vt 0.673422 0.082667
vt 0.720664 0.14352
vt 0.723332 0.14283
vt 0.718539 0.12483
vt 0.720426 0.140148
vt 0.723171 0.141062
vt 0.708379 0.111452
vt 0.719821 0.123673
vt 0.649842 0.040899
vt 0.717481 0.122157
vt 0.708578 0.109727
vt 0.719535 0.122438
vt 0.705781 0.109099
vt 0.707672 0.108637
vt 0.677251 0.054963
vt 0.692025 0.078062
vt 0.636257 0.771134
vt 0.636615 0.778306
vt 0.633262 0.853527
vt 0.633306 0.859025
vt 0.634602 0.831695
vt 0.634407 0.838999
vt 0.633128 0.863219
vt 0.637755 0.786028
vt 0.637985 0.793932
vt 0.632561 0.866929
vt 0.631497 0.871029
vt 0.638051 0.760189
vt 0.637339 0.762958
vt 0.635272 0.824171
vt 0.635901 0.81627
vt 0.636579 0.766344
vt 0.633943 0.846485
vt 0.636325 0.809027
vt 0.640569 0.86196
vt 0.640317 0.865456
vt 0.642341 0.778538
vt 0.643461 0.785929
vt 0.644579 0.760108
vt 0.64357 0.763033
vt 0.642058 0.824706
vt 0.641433 0.831882
vt 0.642577 0.817116
vt 0.642487 0.766596
vt 0.641196 0.839272
vt 0.641064 0.846461
vt 0.643105 0.809762
vt 0.641987 0.771494
vt 0.64054 0.853176
vt 0.64059 0.858166
vt 0.644106 0.793771
vt 0.639228 0.869249
vt 0.65003 0.76043
vt 0.648493 0.763198
vt 0.647163 0.825149
vt 0.646715 0.831942
vt 0.647522 0.817747
vt 0.647111 0.766827
vt 0.646405 0.839222
vt 0.646161 0.846263
vt 0.648378 0.810293
vt 0.646299 0.771908
vt 0.645819 0.852729
vt 0.646496 0.778954
vt 0.646029 0.857544
vt 0.64611 0.861237
vt 0.647596 0.786234
vt 0.648715 0.793757
vt 0.645874 0.864633
vt 0.644748 0.868253
vt 0.653178 0.763777
vt 0.651865 0.767525
vt 0.651055 0.838948
vt 0.650549 0.845953
vt 0.652945 0.810903
vt 0.652256 0.818342
vt 0.650803 0.772569
vt 0.650581 0.852117
vt 0.650752 0.779522
vt 0.650817 0.856857
vt 0.651537 0.831845
vt 0.650726 0.860606
vt 0.651703 0.786559
vt 0.652935 0.794128
vt 0.650151 0.864111
vt 0.649445 0.867402
vt 0.65525 0.761369
vt 0.651846 0.825427
vt 0.661792 0.763558
vt 0.659724 0.765944
vt 0.656671 0.8258
vt 0.65603 0.831939
vt 0.6569 0.819126
vt 0.657885 0.769255
vt 0.655515 0.838716
vt 0.655365 0.845405
vt 0.657045 0.81184
vt 0.656526 0.773723
vt 0.655676 0.851209
vt 0.656395 0.780263
vt 0.655948 0.855852
vt 0.65596 0.859723
vt 0.656964 0.787064
vt 0.657312 0.794885
vt 0.655443 0.863363
vt 0.655126 0.866489
vt 0.666699 0.769727
vt 0.664721 0.772604
vt 0.662312 0.838
vt 0.662655 0.844217
vt 0.661103 0.813446
vt 0.66194 0.820332
vt 0.663497 0.776513
vt 0.662761 0.849991
vt 0.66308 0.781761
vt 0.66302 0.854686
vt 0.662182 0.832119
vt 0.662986 0.858684
vt 0.662699 0.788475
vt 0.661905 0.796274
vt 0.662557 0.862373
vt 0.662136 0.865472
vt 0.668497 0.766931
vt 0.662462 0.826447
vt 0.673282 0.777871
vt 0.671858 0.781421
vt 0.671878 0.843315
vt 0.672163 0.848862
vt 0.670641 0.785788
vt 0.6725 0.85343
vt 0.670017 0.832256
vt 0.671052 0.837626
vt 0.672288 0.857398
vt 0.669774 0.791789
vt 0.669018 0.798752
vt 0.671815 0.860929
vt 0.671107 0.864181
vt 0.676975 0.77158
vt 0.675059 0.774696
vt 0.669458 0.826801
vt 0.667903 0.821314
vt 0.667493 0.815192
vt 0.683526 0.78728
vt 0.682502 0.791334
vt 0.684155 0.847417
vt 0.684147 0.851753
vt 0.681286 0.831699
vt 0.682616 0.836637
vt 0.68389 0.855665
vt 0.681859 0.796013
vt 0.681028 0.801649
vt 0.683252 0.859475
vt 0.682952 0.862893
vt 0.687956 0.777042
vt 0.686246 0.780179
vt 0.680194 0.826652
vt 0.679025 0.821477
vt 0.684758 0.783242
vt 0.683446 0.841878
vt 0.678865 0.815992
vt 0.695563 0.831378
vt 0.696563 0.835872
vt 0.697032 0.849413
vt 0.696744 0.853455
vt 0.694948 0.800324
vt 0.694343 0.8052
vt 0.696146 0.857456
vt 0.695965 0.860804
vt 0.695452 0.796044
vt 0.700288 0.782811
vt 0.698627 0.785869
vt 0.694251 0.826658
vt 0.693283 0.822076
vt 0.697201 0.788788
vt 0.696918 0.840441
vt 0.693069 0.817223
vt 0.696222 0.792444
vt 0.697197 0.845131
vt 0.709619 0.853546
vt 0.709653 0.857322
vt 0.709861 0.850284
vt 0.708652 0.800745
vt 0.708194 0.804493
vt 0.714233 0.788407
vt 0.712107 0.791086
vt 0.709373 0.826796
vt 0.710031 0.830781
vt 0.70843 0.82261
vt 0.710479 0.794144
vt 0.710453 0.834746
vt 0.710528 0.838954
vt 0.707873 0.818461
vt 0.709349 0.797552
vt 0.710525 0.843036
vt 0.710018 0.847045
vt 0.707915 0.8084
vt 0.725864 0.792519
vt 0.7239 0.795094
vt 0.720286 0.827134
vt 0.720797 0.830824
vt 0.719726 0.823475
vt 0.722205 0.798033
vt 0.721144 0.834519
vt 0.721182 0.837844
vt 0.719748 0.819832
vt 0.720905 0.80116
vt 0.72114 0.840947
vt 0.720096 0.804563
vt 0.721016 0.843945
vt 0.721049 0.846839
vt 0.719673 0.807942
vt 0.71955 0.811471
vt 0.721675 0.849708
vt 0.721802 0.85328
vt 0.733329 0.798182
vt 0.731804 0.801162
vt 0.730191 0.833693
vt 0.730167 0.836606
vt 0.729471 0.821144
vt 0.729244 0.824237
vt 0.730541 0.804385
vt 0.730117 0.839341
vt 0.72973 0.807829
vt 0.730116 0.841866
vt 0.729998 0.830593
vt 0.7302 0.84438
vt 0.729331 0.810943
vt 0.729285 0.814064
vt 0.73041 0.847257
vt 0.731097 0.850312
vt 0.735026 0.795548
vt 0.729602 0.827359
vt 0.738889 0.803721
vt 0.737823 0.807144
vt 0.737055 0.835846
vt 0.737019 0.838413
vt 0.737068 0.810591
vt 0.737082 0.84073
vt 0.73708 0.830337
vt 0.737189 0.833221
vt 0.737239 0.843017
vt 0.73657 0.81344
vt 0.736539 0.816146
vt 0.737451 0.845675
vt 0.737983 0.848543
vt 0.74183 0.797981
vt 0.74022 0.800679
vt 0.736923 0.827539
vt 0.736762 0.824782
vt 0.736899 0.821817
vt 0.742843 0.808947
vt 0.742273 0.812129
vt 0.742868 0.838283
vt 0.742954 0.840502
vt 0.742944 0.83054
vt 0.742932 0.833012
vt 0.743074 0.842596
vt 0.741902 0.814759
vt 0.742043 0.817276
vt 0.743199 0.84497
vt 0.743578 0.847374
vt 0.746673 0.79954
vt 0.744962 0.802365
vt 0.742856 0.827886
vt 0.742759 0.825289
vt 0.743711 0.805522
vt 0.742854 0.835691
vt 0.742929 0.822807
vt 0.747482 0.830823
vt 0.74753 0.833238
vt 0.747688 0.840478
vt 0.747732 0.842482
vt 0.745828 0.817743
vt 0.7456 0.815377
vt 0.748108 0.815901
vt 0.748692 0.818122
vt 0.747526 0.846654
vt 0.747645 0.84468
vt 0.751324 0.844736
vt 0.750806 0.846804
vt 0.74567 0.813042
vt 0.747784 0.813634
vt 0.749703 0.800466
vt 0.747804 0.803417
vt 0.747414 0.828348
vt 0.747278 0.825712
vt 0.750789 0.825867
vt 0.750984 0.828554
vt 0.746623 0.806716
vt 0.747532 0.835792
vt 0.747122 0.822963
vt 0.750432 0.823215
vt 0.745921 0.810186
vt 0.747593 0.838296
vt 0.667837 0.078625
vt 0.655627 0.066592
vt 0.671762 0.075643
vt 0.670315 0.071986
vt 0.657419 0.062815
vt 0.654708 0.059373
vt 0.678468 0.093048
vt 0.681335 0.094673
vt 0.65017 0.053015
vt 0.644826 0.052004
vt 0.677825 0.090217
vt 0.680639 0.084662
vt 0.674308 0.077345
vt 0.680833 0.097882
vt 0.697912 0.128504
vt 0.694394 0.131073
vt 0.623061 0.109706
vt 0.62138 0.114288
vt 0.617655 0.113621
vt 0.618761 0.109017
vt 0.627065 0.111079
vt 0.624968 0.11558
vt 0.591996 0.072967
vt 0.590041 0.074311
vt 0.606066 0.063652
vt 0.603942 0.065192
vt 0.692247 0.176948
vt 0.695995 0.174096
vt 0.699353 0.172769
vt 0.600229 0.06834
vt 0.596975 0.070027
vt 0.701522 0.171883
vt 0.594236 0.071573
vt 0.689894 0.179471
vt 0.598507 0.07221
vt 0.59535 0.073883
vt 0.592978 0.075165
vt 0.688679 0.17755
vt 0.690948 0.175372
vt 0.607962 0.064829
vt 0.605944 0.066557
vt 0.590969 0.076295
vt 0.695077 0.172397
vt 0.698425 0.170747
vt 0.700473 0.169761
vt 0.602178 0.06998
vt 0.603872 0.071674
vt 0.599938 0.07466
vt 0.607815 0.067632
vt 0.596208 0.076278
vt 0.593813 0.077233
vt 0.687561 0.175987
vt 0.690186 0.174219
vt 0.609491 0.065661
vt 0.591649 0.078006
vt 0.694548 0.171096
vt 0.697855 0.16912
vt 0.699965 0.168006
vt 0.689521 0.172707
vt 0.693998 0.169809
vt 0.697264 0.167656
vt 0.69965 0.166404
vt 0.605665 0.073332
vt 0.601386 0.077282
vt 0.609724 0.068496
vt 0.597396 0.078602
vt 0.594643 0.079206
vt 0.686689 0.174369
vt 0.610968 0.066137
vt 0.592182 0.079691
vt 0.685789 0.172308
vt 0.68879 0.171581
vt 0.61261 0.066457
vt 0.611808 0.069714
vt 0.59538 0.081807
vt 0.592476 0.08184
vt 0.693426 0.168114
vt 0.696942 0.16566
vt 0.699612 0.164669
vt 0.607758 0.075131
vt 0.603353 0.0797
vt 0.598732 0.081435
vt 0.604233 0.083132
vt 0.600419 0.084966
vt 0.596036 0.08553
vt 0.684722 0.168813
vt 0.688878 0.166598
vt 0.614768 0.067307
vt 0.615477 0.071014
vt 0.592132 0.085401
vt 0.693597 0.16445
vt 0.697546 0.162904
vt 0.701323 0.162798
vt 0.609658 0.077607
vt 0.596316 0.090044
vt 0.601461 0.089032
vt 0.59159 0.089709
vt 0.695088 0.154509
vt 0.685521 0.157596
vt 0.682996 0.153228
vt 0.692271 0.148716
vt 0.679418 0.160353
vt 0.676175 0.156249
vt 0.590994 0.095211
vt 0.595778 0.095907
vt 0.59526 0.101823
vt 0.590942 0.100339
vt 0.680979 0.148892
vt 0.690336 0.143945
vt 0.679401 0.144693
vt 0.688711 0.139775
vt 0.677983 0.140419
vt 0.686966 0.135663
vt 0.608672 0.091937
vt 0.617041 0.090813
vt 0.615181 0.097585
vt 0.609507 0.098489
vt 0.676441 0.135111
vt 0.68461 0.130671
vt 0.675534 0.128408
vt 0.681871 0.124337
vt 0.674994 0.120537
vt 0.669537 0.131852
vt 0.670636 0.125895
vt 0.678949 0.117225
vt 0.702457 0.156663
vt 0.687376 0.162507
vt 0.682669 0.164924
vt 0.701735 0.126339
vt 0.65028 0.108713
vt 0.637406 0.056147
vt 0.640756 0.055138
vt 0.634363 0.05526
vt 0.661174 0.06256
vt 0.693488 0.16058
vt 0.667484 0.103011
vt 0.664431 0.099765
vt 0.633097 0.099661
vt 0.628145 0.098072
vt 0.647209 0.106963
vt 0.621918 0.097094
vt 0.65058 0.088351
vt 0.686217 0.112934
vt 0.683215 0.108582
vt 0.669069 0.138226
vt 0.669804 0.143783
vt 0.698887 0.159201
vt 0.704292 0.160985
vt 0.619098 0.070353
vt 0.617812 0.066043
vt 0.613212 0.080251
vt 0.606213 0.087075
vt 0.669084 0.114406
vt 0.672413 0.117632
vt 0.666851 0.124472
vt 0.66187 0.124433
vt 0.673317 0.10988
vt 0.676103 0.113219
vt 0.67849 0.105407
vt 0.601885 0.094579
vt 0.601516 0.102223
vt 0.629636 0.105834
vt 0.633512 0.107606
vt 0.630625 0.112709
vt 0.636826 0.109343
vt 0.633739 0.114292
vt 0.639916 0.111003
vt 0.636741 0.115883
vt 0.642958 0.112684
vt 0.639725 0.117547
vt 0.64586 0.114458
vt 0.642567 0.119212
vt 0.746428 0.820452
vt 0.742569 0.820065
vt 0.736799 0.819018
vt 0.719531 0.815839
vt 0.729394 0.817628
vt 0.434135 0.865893
vt 0.421801 0.878609
vt 0.412712 0.892311
vt 0.406998 0.908052
vt 0.403998 0.921468
vt 0.402012 0.932893
vt 0.400036 0.943405
vt 0.398344 0.949106
vt 0.95588 0.559201
vt 0.963795 0.567357
vt 0.949401 0.553316
vt 0.9443 0.548405
vt 0.939918 0.543682
vt 0.935916 0.538977
vt 0.871506 0.486653
vt 0.91496 0.50926
vt 0.916263 0.510984
vt 0.913069 0.505969
vt 0.911882 0.503599
vt 0.912479 0.504925
vt 0.911562 0.502566
vt 0.911522 0.501655
vt 0.911211 0.500961
vt 0.910678 0.500082
vt 0.910129 0.499302
vt 0.909974 0.499229
vt 0.874401 0.044477
vt 0.873184 0.046461
vt 0.872023 0.048075
vt 0.871475 0.049441
vt 0.870873 0.052313
vt 0.871455 0.057724
vt 0.871849 0.066831
vt 0.872219 0.078893
vt 0.87118 0.092839
vt 0.869357 0.109788
vt 0.865516 0.119285
vt 0.869726 0.127532
vt 0.878315 0.119253
vt 0.882474 0.106431
vt 0.887893 0.093984
vt 0.891551 0.080325
vt 0.892601 0.066324
vt 0.89119 0.056291
vt 0.888907 0.049556
vt 0.885963 0.046158
vt 0.882875 0.044299
vt 0.879479 0.042822
vt 0.877462 0.040518
vt 0.909567 0.499148
vt 0.909132 0.499772
vt 0.908656 0.500315
vt 0.907939 0.501294
vt 0.90779 0.501956
vt 0.907847 0.502689
vt 0.907625 0.504098
vt 0.90762 0.505477
vt 0.906965 0.506673
vt 0.906085 0.509145
vt 0.905359 0.511297
vt 0.871494 0.488815
vt 0.871692 0.491052
vt 0.447582 0.853072
vt 0.467106 0.83673
vt 0.48457 0.82724
vt 0.499863 0.821632
vt 0.512462 0.815782
vt 0.524345 0.809912
vt 0.53417 0.80525
vt 0.542314 0.801093
vt 0.549299 0.798539
vt 0.555662 0.797215
vt 0.564827 0.796863
vt 0.577784 0.797577
vt 0.592614 0.799124
vt 0.606663 0.799704
vt 0.620139 0.801045
vt 0.629122 0.801259
vt 0.637178 0.801649
vt 0.648214 0.116718
vt 0.645179 0.121097
vt 0.651824 0.119909
vt 0.647933 0.123766
vt 0.872936 0.488333
vt 0.872997 0.490498
vt 0.87222 0.494002
vt 0.873346 0.496442
vt 0.873174 0.124812
vt 0.86947 0.121153
vt 0.900964 0.508793
vt 0.874795 0.498411
vt 0.836369 0.560637
vt 0.836163 0.565662
vt 0.829081 0.561319
vt 0.830259 0.556839
vt 0.82252 0.554714
vt 0.824532 0.55107
vt 0.816842 0.546582
vt 0.819446 0.5438
vt 0.814903 0.535476
vt 0.811746 0.53743
vt 0.808114 0.527506
vt 0.811547 0.526282
vt 0.805569 0.517309
vt 0.809319 0.516773
vt 0.803789 0.507551
vt 0.808021 0.507179
vt 0.802896 0.498275
vt 0.807419 0.498064
vt 0.802621 0.489743
vt 0.807324 0.489737
vt 0.625144 0.104347
vt 0.649877 0.126624
vt 0.646043 0.129996
vt 0.644335 0.127508
vt 0.749509 0.820633
vt 0.555815 0.910212
vt 0.553711 0.91849
vt 0.551217 0.926322
vt 0.549409 0.935905
vt 0.548086 0.943576
vt 0.546949 0.95146
vt 0.544991 0.959342
vt 0.566366 0.894717
vt 0.562402 0.898193
vt 0.570866 0.892176
vt 0.57492 0.889989
vt 0.579607 0.887788
vt 0.586816 0.885495
vt 0.558967 0.903326
vt 0.596482 0.883221
vt 0.606612 0.881407
vt 0.615613 0.878979
vt 0.623585 0.877271
vt 0.630536 0.875214
vt 0.637139 0.873265
vt 0.642804 0.871874
vt 0.648134 0.870713
vt 0.654173 0.869597
vt 0.66147 0.86858
vt 0.670907 0.867336
vt 0.68293 0.866302
vt 0.696158 0.864222
vt 0.71012 0.861017
vt 0.722034 0.856969
vt 0.731254 0.853987
vt 0.738433 0.852108
vt 0.7438 0.850845
vt 0.747172 0.850336
vt 0.651824 0.132249
vt 0.648532 0.134647
vt 0.714392 0.155398
vt 0.622054 0.059841
vt 0.624453 0.056694
vt 0.715655 0.158409
vt 0.711659 0.15837
vt 0.712113 0.15554
vt 0.622765 0.068079
vt 0.620478 0.063319
vt 0.616378 0.081596
vt 0.633954 0.070884
vt 0.622317 0.081292
vt 0.653626 0.123443
vt 0.654764 0.129549
vt 0.627896 0.06947
vt 0.582772 0.125263
vt 0.586912 0.129913
vt 0.580224 0.133004
vt 0.572563 0.128823
vt 0.588928 0.122496
vt 0.592163 0.126242
vt 0.593153 0.11866
vt 0.595976 0.122281
vt 0.59647 0.114695
vt 0.599452 0.118433
vt 0.598125 0.110093
vt 0.6021 0.114741
vt 0.604946 0.109173
vt 0.610077 0.105057
vt 0.614736 0.103672
vt 0.570273 0.124445
vt 0.579692 0.122383
vt 0.586454 0.119842
vt 0.570508 0.120398
vt 0.576369 0.118771
vt 0.671214 0.147866
vt 0.673224 0.152111
vt 0.582272 0.116386
vt 0.586839 0.113261
vt 0.591075 0.116181
vt 0.589069 0.109684
vt 0.593418 0.112375
vt 0.590546 0.105316
vt 0.59474 0.107774
vt 0.562005 0.914014
vt 0.559259 0.922349
vt 0.556411 0.930304
vt 0.554442 0.937923
vt 0.552993 0.945038
vt 0.551531 0.952303
vt 0.549568 0.960317
vt 0.570934 0.898018
vt 0.568282 0.901756
vt 0.573935 0.895421
vt 0.577195 0.893135
vt 0.581515 0.890818
vt 0.587485 0.888926
vt 0.565037 0.907169
vt 0.596433 0.886727
vt 0.606702 0.884762
vt 0.615724 0.882276
vt 0.623546 0.880668
vt 0.63043 0.878819
vt 0.636613 0.876566
vt 0.641885 0.874904
vt 0.647123 0.873735
vt 0.653879 0.872581
vt 0.661246 0.871736
vt 0.670718 0.871132
vt 0.682739 0.869865
vt 0.696019 0.867644
vt 0.710471 0.864219
vt 0.722112 0.860454
vt 0.731304 0.857573
vt 0.738366 0.855949
vt 0.743357 0.854886
vt 0.746512 0.854627
vt 0.620077 0.103489
vt 0.670506 0.106324
vt 0.693464 0.811906
vt 0.707474 0.814361
vt 0.679687 0.809203
vt 0.667684 0.806926
vt 0.661101 0.804732
vt 0.656927 0.803271
vt 0.653157 0.802453
vt 0.648927 0.802083
vt 0.643858 0.801964
vt 0.708034 0.159819
vt 0.61421 0.109621
vt 0.61386 0.114531
vt 0.610647 0.116429
vt 0.610273 0.111368
vt 0.608329 0.118649
vt 0.606548 0.114477
vt 0.606223 0.121054
vt 0.604407 0.118265
vt 0.601616 0.12123
vt 0.598186 0.124858
vt 0.594512 0.1287
vt 0.589636 0.132309
vt 0.592063 0.133975
vt 0.587134 0.136994
vt 0.583735 0.134788
vt 0.751091 0.831081
vt 0.751181 0.833423
vt 0.751505 0.840384
vt 0.751545 0.842433
vt 0.751853 0.801066
vt 0.749767 0.804244
vt 0.74859 0.807591
vt 0.751267 0.835806
vt 0.747936 0.810939
vt 0.751378 0.838199
vt 0.750019 0.850437
vt 0.748705 0.854207
vt 0.628225 0.117075
vt 0.600228 0.127301
vt 0.603593 0.1238
vt 0.642011 0.12522
vt 0.634138 0.120205
vt 0.637059 0.121908
vt 0.639684 0.123524
vt 0.59656 0.130841
vt 0.631186 0.118576
vt 0.606973 0.668918
vt 0.612091 0.664749
vt 0.5711 0.694519
vt 0.579722 0.689481
vt 0.601623 0.67343
vt 0.519031 0.702735
vt 0.5516 0.698732
vt 0.562021 0.697275
vt 0.536813 0.700006
vt 0.595645 0.678484
vt 0.61736 0.660072
vt 0.623764 0.654122
vt 0.588544 0.684055
vt 0.607307 0.657529
vt 0.613416 0.65283
vt 0.515085 0.689539
vt 0.530964 0.685792
vt 0.619289 0.64779
vt 0.582583 0.674091
vt 0.590286 0.669749
vt 0.564422 0.682719
vt 0.573277 0.678751
vt 0.596485 0.665205
vt 0.555435 0.684082
vt 0.601946 0.661322
vt 0.544736 0.685072
vt 0.500821 0.698355
vt 0.52497 0.670773
vt 0.538477 0.670225
vt 0.602683 0.649102
vt 0.608471 0.64495
vt 0.510305 0.674076
vt 0.614313 0.63974
vt 0.576674 0.662051
vt 0.584462 0.658849
vt 0.558172 0.668083
vt 0.567232 0.66519
vt 0.591004 0.6553
vt 0.54945 0.669537
vt 0.596714 0.652161
vt 0.496614 0.682885
vt 0.518387 0.655303
vt 0.531141 0.653618
vt 0.597513 0.637698
vt 0.603617 0.635206
vt 0.505138 0.658562
vt 0.60973 0.631703
vt 0.571693 0.647667
vt 0.579214 0.645471
vt 0.552442 0.652208
vt 0.562344 0.64985
vt 0.585698 0.643124
vt 0.541194 0.653136
vt 0.591501 0.640879
vt 0.491701 0.665036
vt 0.513403 0.638283
vt 0.525383 0.637236
vt 0.592568 0.626614
vt 0.598014 0.62383
vt 0.499501 0.642074
vt 0.60466 0.620683
vt 0.567917 0.634012
vt 0.57501 0.63211
vt 0.546495 0.636142
vt 0.558649 0.635484
vt 0.581167 0.630382
vt 0.536119 0.636742
vt 0.586955 0.628755
vt 0.486604 0.64769
vt 0.510286 0.623092
vt 0.522006 0.621363
vt 0.589182 0.615493
vt 0.594617 0.613271
vt 0.496501 0.625817
vt 0.601624 0.6114
vt 0.563355 0.620921
vt 0.571072 0.620141
vt 0.54315 0.621257
vt 0.553647 0.621009
vt 0.577592 0.619085
vt 0.53274 0.62134
vt 0.583504 0.617362
vt 0.483632 0.629825
vt 0.48329 0.61272
vt 0.496121 0.610347
vt 0.50988 0.608433
vt 0.52095 0.606957
vt 0.586613 0.605214
vt 0.592176 0.603949
vt 0.560294 0.608277
vt 0.568341 0.608336
vt 0.540853 0.607472
vt 0.550668 0.60809
vt 0.575097 0.607871
vt 0.530912 0.607168
vt 0.581062 0.606874
vt 0.579374 0.597395
vt 0.584769 0.59621
vt 0.484986 0.600283
vt 0.497459 0.598568
vt 0.510681 0.596249
vt 0.521192 0.595141
vt 0.590595 0.59506
vt 0.59928 0.602272
vt 0.598305 0.594393
vt 0.557892 0.5973
vt 0.566514 0.597973
vt 0.539514 0.59623
vt 0.549112 0.597024
vt 0.573449 0.597979
vt 0.530352 0.595653
vt 0.530538 0.58702
vt 0.521815 0.587022
vt 0.521546 0.579066
vt 0.530765 0.579035
vt 0.578373 0.589528
vt 0.584538 0.588466
vt 0.498269 0.588912
vt 0.486006 0.590303
vt 0.486711 0.581491
vt 0.498975 0.580329
vt 0.510699 0.587745
vt 0.5112 0.57953
vt 0.590481 0.587444
vt 0.598112 0.586878
vt 0.556931 0.588987
vt 0.565179 0.589935
vt 0.572331 0.59005
vt 0.521703 0.570239
vt 0.531288 0.570749
vt 0.584256 0.582488
vt 0.578141 0.582847
vt 0.57865 0.576169
vt 0.584866 0.576468
vt 0.486829 0.57254
vt 0.499323 0.571313
vt 0.511774 0.570901
vt 0.590714 0.582272
vt 0.591325 0.57706
vt 0.59837 0.582205
vt 0.598811 0.577728
vt 0.564536 0.582326
vt 0.55664 0.581357
vt 0.557075 0.57336
vt 0.565061 0.57459
vt 0.571974 0.582864
vt 0.57219 0.575593
vt 0.48795 0.703919
vt 0.485141 0.689271
vt 0.471302 0.614288
vt 0.458482 0.616075
vt 0.459638 0.602726
vt 0.47309 0.602025
vt 0.471166 0.633049
vt 0.459103 0.635657
vt 0.473869 0.652569
vt 0.401308 0.600939
vt 0.391068 0.601827
vt 0.390269 0.588286
vt 0.401185 0.587342
vt 0.461095 0.656183
vt 0.430243 0.661332
vt 0.447281 0.657074
vt 0.415037 0.599292
vt 0.414325 0.585857
vt 0.479291 0.672501
vt 0.402098 0.635896
vt 0.391003 0.638369
vt 0.390919 0.620787
vt 0.401965 0.618572
vt 0.42953 0.643717
vt 0.445424 0.638719
vt 0.414503 0.631518
vt 0.414808 0.615495
vt 0.401614 0.653699
vt 0.390802 0.656084
vt 0.413981 0.649765
vt 0.42923 0.623481
vt 0.444436 0.617982
vt 0.413508 0.666892
vt 0.402308 0.670726
vt 0.391805 0.673239
vt 0.429341 0.609667
vt 0.445099 0.604579
vt 0.445314 0.594549
vt 0.429162 0.597222
vt 0.429667 0.585463
vt 0.445926 0.584618
vt 0.460501 0.583715
vt 0.460386 0.593168
vt 0.473852 0.592
vt 0.474088 0.582761
vt 0.539084 0.587175
vt 0.547957 0.588022
vt 0.389216 0.575858
vt 0.386687 0.572033
vt 0.391701 0.564657
vt 0.388441 0.564276
vt 0.390208 0.552018
vt 0.387505 0.556708
vt 0.385466 0.568462
vt 0.386589 0.563969
vt 0.385939 0.559485
vt 0.415375 0.574943
vt 0.429951 0.574379
vt 0.445567 0.574201
vt 0.460602 0.573923
vt 0.47404 0.573218
vt 0.401585 0.57678
vt 0.430538 0.563198
vt 0.445765 0.563219
vt 0.460759 0.563343
vt 0.522575 0.560366
vt 0.533093 0.560191
vt 0.474266 0.562993
vt 0.511785 0.561254
vt 0.415959 0.562909
vt 0.487055 0.562598
vt 0.499536 0.561505
vt 0.402741 0.56333
vt 0.53905 0.579281
vt 0.547969 0.580192
vt 0.475136 0.551434
vt 0.487437 0.551201
vt 0.446625 0.550544
vt 0.461978 0.551284
vt 0.499687 0.550622
vt 0.511966 0.550669
vt 0.403318 0.548495
vt 0.416513 0.548534
vt 0.431027 0.549915
vt 0.523748 0.549817
vt 0.534612 0.549316
vt 0.543796 0.549813
vt 0.54137 0.560982
vt 0.539388 0.571016
vt 0.548623 0.571952
vt 0.5864 0.568907
vt 0.592586 0.570386
vt 0.558334 0.564519
vt 0.566472 0.565959
vt 0.579954 0.568506
vt 0.573594 0.567543
vt 0.599509 0.571545
vt 0.569153 0.555377
vt 0.576442 0.557335
vt 0.588706 0.55983
vt 0.59484 0.561303
vt 0.561108 0.553433
vt 0.582759 0.558632
vt 0.600996 0.562081
vt 0.598059 0.548662
vt 0.603598 0.550022
vt 0.592551 0.548089
vt 0.549943 0.562593
vt 0.552533 0.55137
vt 0.586987 0.54697
vt 0.605726 0.541079
vt 0.601041 0.538946
vt 0.604117 0.528538
vt 0.608598 0.529266
vt 0.577181 0.531727
vt 0.568941 0.529359
vt 0.57266 0.518348
vt 0.581101 0.521075
vt 0.584772 0.534477
vt 0.588604 0.523506
vt 0.591079 0.53633
vt 0.595023 0.525747
vt 0.596225 0.537636
vt 0.600146 0.52728
vt 0.555959 0.538985
vt 0.547064 0.537714
vt 0.550491 0.52679
vt 0.559804 0.527938
vt 0.608085 0.517604
vt 0.611246 0.518679
vt 0.554256 0.515742
vt 0.564099 0.516901
vt 0.604753 0.516717
vt 0.584529 0.510237
vt 0.576578 0.507762
vt 0.579942 0.497974
vt 0.587591 0.500091
vt 0.593067 0.513153
vt 0.596763 0.502299
vt 0.599499 0.515292
vt 0.602784 0.503635
vt 0.608239 0.504882
vt 0.611889 0.505618
vt 0.6148 0.50616
vt 0.582647 0.48942
vt 0.591404 0.492038
vt 0.599463 0.493978
vt 0.568078 0.505876
vt 0.558262 0.504336
vt 0.561027 0.493412
vt 0.571257 0.495672
vt 0.605317 0.495037
vt 0.610789 0.495855
vt 0.6148 0.496522
vt 0.617496 0.497213
vt 0.61826 0.485869
vt 0.62194 0.486548
vt 0.585246 0.481013
vt 0.59432 0.483607
vt 0.602276 0.485412
vt 0.563155 0.483748
vt 0.573599 0.486612
vt 0.608339 0.48611
vt 0.614205 0.485983
vt 0.623983 0.475088
vt 0.628128 0.475891
vt 0.588209 0.472279
vt 0.598192 0.47395
vt 0.60556 0.476299
vt 0.564507 0.474659
vt 0.575492 0.477809
vt 0.612811 0.476253
vt 0.61908 0.475895
vt 0.564915 0.465909
vt 0.577066 0.469087
vt 0.626172 0.465223
vt 0.631592 0.46501
vt 0.635452 0.466406
vt 0.591069 0.460437
vt 0.563836 0.4573
vt 0.577193 0.45938
vt 0.524401 0.538063
vt 0.512209 0.538421
vt 0.513347 0.526352
vt 0.526072 0.526447
vt 0.488596 0.538447
vt 0.475741 0.538352
vt 0.478283 0.524539
vt 0.490181 0.525289
vt 0.500317 0.538171
vt 0.501638 0.5258
vt 0.537003 0.537686
vt 0.538991 0.526576
vt 0.528627 0.514912
vt 0.541714 0.515115
vt 0.515352 0.513929
vt 0.479021 0.511016
vt 0.491656 0.512316
vt 0.50347 0.513256
vt 0.39249 0.469303
vt 0.393268 0.488718
vt 0.404061 0.473381
vt 0.405119 0.492411
vt 0.544971 0.503422
vt 0.531542 0.502085
vt 0.534128 0.48967
vt 0.547939 0.491666
vt 0.517968 0.500963
vt 0.520515 0.48761
vt 0.492756 0.498467
vt 0.479692 0.496667
vt 0.480639 0.481238
vt 0.494137 0.483638
vt 0.505833 0.50008
vt 0.507609 0.485723
vt 0.535951 0.478336
vt 0.549787 0.481176
vt 0.522098 0.475177
vt 0.481514 0.466476
vt 0.495131 0.469952
vt 0.508821 0.472479
vt 0.536687 0.468058
vt 0.550788 0.471547
vt 0.522721 0.464593
vt 0.482377 0.45557
vt 0.4954 0.459137
vt 0.509099 0.461856
vt 0.536211 0.458923
vt 0.550465 0.462623
vt 0.52255 0.455651
vt 0.483738 0.446981
vt 0.495699 0.450137
vt 0.50913 0.452949
vt 0.535677 0.451103
vt 0.54956 0.454584
vt 0.522487 0.44775
vt 0.509661 0.444715
vt 0.485367 0.438924
vt 0.474121 0.436399
vt 0.417564 0.478473
vt 0.418189 0.496636
vt 0.431908 0.484269
vt 0.43184 0.501471
vt 0.40509 0.511408
vt 0.39297 0.508978
vt 0.446429 0.536366
vt 0.431469 0.533882
vt 0.431803 0.517964
vt 0.446799 0.521116
vt 0.417332 0.531517
vt 0.417822 0.514551
vt 0.404299 0.529672
vt 0.462257 0.537629
vt 0.463042 0.523388
vt 0.447459 0.505695
vt 0.464389 0.509541
vt 0.44828 0.489853
vt 0.465547 0.493952
vt 0.449605 0.47415
vt 0.466186 0.478343
vt 0.414955 0.458848
vt 0.432456 0.468486
vt 0.391534 0.452887
vt 0.401696 0.453952
vt 0.45089 0.459594
vt 0.467399 0.46341
vt 0.413474 0.446287
vt 0.432842 0.454597
vt 0.390858 0.439247
vt 0.399588 0.441967
vt 0.451956 0.44899
vt 0.469184 0.452788
vt 0.408954 0.435454
vt 0.432718 0.443627
vt 0.390313 0.430354
vt 0.397995 0.432497
vt 0.454073 0.440383
vt 0.471623 0.444446
vt 0.435465 0.434381
vt 0.580722 0.545332
vt 0.573231 0.543139
vt 0.564915 0.540723
vt 0.387995 0.415562
vt 0.394368 0.41538
vt 0.398945 0.414267
vt 0.391364 0.528267
vt 0.417044 0.425261
vt 0.457356 0.432257
vt 0.496695 0.442271
vt 0.875802 0.499934
vt 0.87647 0.501509
vt 0.863452 0.51731
vt 0.859322 0.509195
vt 0.861368 0.506323
vt 0.865685 0.512321
vt 0.853287 0.500235
vt 0.850422 0.496499
vt 0.853556 0.494834
vt 0.855985 0.498494
vt 0.859422 0.486405
vt 0.859928 0.489309
vt 0.855896 0.490026
vt 0.855095 0.486729
vt 0.856097 0.504003
vt 0.858543 0.502192
vt 0.878865 0.499566
vt 0.857189 0.510177
vt 0.855052 0.510837
vt 0.852491 0.505908
vt 0.854264 0.505178
vt 0.79716 0.48989
vt 0.797947 0.498756
vt 0.799151 0.50834
vt 0.801228 0.518395
vt 0.885039 0.494456
vt 0.881579 0.501713
vt 0.88461 0.498689
vt 0.872886 0.486304
vt 0.89535 0.505291
vt 0.8425 0.508324
vt 0.843037 0.507487
vt 0.843397 0.506643
vt 0.844075 0.505728
vt 0.845928 0.502671
vt 0.844823 0.504487
vt 0.804236 0.529197
vt 0.87586 0.50393
vt 0.859422 0.517094
vt 0.115458 0.583935
vt 0.116078 0.584781
vt 0.116906 0.58581
vt 0.808255 0.539877
vt 0.945925 0.49006
vt 0.94104 0.489502
vt 0.856516 0.517067
vt 0.873364 0.493387
vt 0.843338 0.567736
vt 0.842668 0.562338
vt 0.933955 0.495312
vt 0.881201 0.505951
vt 0.931065 0.501929
vt 0.927437 0.507842
vt 0.923506 0.51277
vt 0.866486 0.50172
vt 0.870087 0.50454
vt 0.919699 0.516162
vt 0.914956 0.516951
vt 0.910044 0.516744
vt 0.904903 0.514823
vt 0.899718 0.511676
vt 0.893622 0.507846
vt 0.88603 0.51422
vt 0.886858 0.508697
vt 0.892473 0.511762
vt 0.891691 0.517475
vt 0.813707 0.550027
vt 0.819898 0.559308
vt 0.827442 0.566367
vt 0.835623 0.571442
vt 0.875959 0.565875
vt 0.883162 0.559389
vt 0.889705 0.56689
vt 0.88091 0.57315
vt 0.843863 0.573667
vt 0.852046 0.574399
vt 0.850566 0.568301
vt 0.857669 0.567208
vt 0.860138 0.573422
vt 0.864604 0.564342
vt 0.868155 0.570616
vt 0.871306 0.559696
vt 0.877567 0.553361
vt 0.927041 0.546171
vt 0.953169 0.490338
vt 0.950341 0.490552
vt 0.904178 0.52395
vt 0.904544 0.51908
vt 0.910794 0.521324
vt 0.911632 0.526237
vt 0.857363 0.493461
vt 0.944575 0.496584
vt 0.949003 0.497486
vt 0.916973 0.521512
vt 0.91925 0.526719
vt 0.93228 0.519632
vt 0.937959 0.512698
vt 0.941935 0.515028
vt 0.936249 0.523183
vt 0.941956 0.504295
vt 0.946552 0.505911
vt 0.926167 0.524471
vt 0.929501 0.529189
vt 0.921518 0.53231
vt 0.951842 0.497969
vt 0.949648 0.506701
vt 0.872645 0.548309
vt 0.867242 0.554392
vt 0.871735 0.577546
vt 0.861404 0.558811
vt 0.855214 0.561742
vt 0.859131 0.49697
vt 0.86133 0.50043
vt 0.848964 0.562645
vt 0.853492 0.580872
vt 0.854679 0.587069
vt 0.844381 0.585258
vt 0.844232 0.579616
vt 0.834063 0.582091
vt 0.834962 0.576982
vt 0.841943 0.557647
vt 0.84732 0.557986
vt 0.852779 0.557013
vt 0.85832 0.554322
vt 0.863662 0.549861
vt 0.868321 0.544005
vt 0.862609 0.580236
vt 0.86481 0.587185
vt 0.792409 0.490199
vt 0.792573 0.499377
vt 0.793892 0.509156
vt 0.796204 0.520005
vt 0.799555 0.531526
vt 0.823579 0.576155
vt 0.825529 0.571263
vt 0.816999 0.563908
vt 0.875404 0.585293
vt 0.886377 0.581607
vt 0.897276 0.575458
vt 0.888972 0.551402
vt 0.896957 0.557832
vt 0.904154 0.530278
vt 0.912647 0.532424
vt 0.939443 0.495747
vt 0.927956 0.516661
vt 0.932615 0.510244
vt 0.936606 0.502888
vt 0.922809 0.520107
vt 0.945319 0.51668
vt 0.864189 0.503941
vt 0.868134 0.508023
vt 0.871618 0.518591
vt 0.877208 0.522765
vt 0.897805 0.52081
vt 0.898764 0.515593
vt 0.939834 0.526755
vt 0.932673 0.534031
vt 0.923962 0.538708
vt 0.914123 0.541296
vt 0.914977 0.553142
vt 0.906511 0.56546
vt 0.882506 0.545826
vt 0.863889 0.498802
vt 0.862111 0.495529
vt 0.860863 0.492316
vt 0.887852 0.504868
vt 0.855272 0.798768
vt 0.85419 0.809246
vt 0.844575 0.808199
vt 0.866805 0.782969
vt 0.857598 0.781555
vt 0.861917 0.763317
vt 0.853433 0.743782
vt 0.866506 0.745733
vt 0.858616 0.726212
vt 0.871531 0.728232
vt 0.863196 0.707534
vt 0.876642 0.708012
vt 0.867023 0.688855
vt 0.8794 0.687834
vt 0.877222 0.672742
vt 0.873753 0.662059
vt 0.881306 0.6581
vt 0.897025 0.527272
vt 0.895719 0.534602
vt 0.888838 0.530539
vt 0.890555 0.523927
vt 0.884579 0.520353
vt 0.904051 0.538455
vt 0.886313 0.538029
vt 0.893349 0.542669
vt 0.875021 0.52945
vt 0.872306 0.536595
vt 0.867574 0.532388
vt 0.869593 0.524487
vt 0.902277 0.547982
vt 0.863171 0.527551
vt 0.85974 0.525396
vt 0.856482 0.524114
vt 0.853338 0.522878
vt 0.850718 0.521913
vt 0.848565 0.521091
vt 0.846812 0.520375
vt 0.845523 0.519652
vt 0.844417 0.519355
vt 0.12324 0.584327
vt 0.12374 0.583237
vt 0.124241 0.58212
vt 0.124829 0.580766
vt 0.125697 0.578644
vt 0.127162 0.574718
vt 0.129372 0.567773
vt 0.138927 0.552881
vt 0.839501 0.518673
vt 0.841238 0.518841
vt 0.842553 0.51897
vt 0.843727 0.519182
vt 0.87725 0.541267
vt 0.882873 0.52665
vt 0.88048 0.533618
vt 0.889787 0.502382
vt 0.893811 0.501349
vt 0.896378 0.500457
vt 0.89203 0.49135
vt 0.890253 0.498038
vt 0.903618 0.493317
vt 0.905804 0.492902
vt 0.889184 0.494487
vt 0.907012 0.492618
vt 0.886852 0.026005
vt 0.8912 0.028986
vt 0.895969 0.03246
vt 0.899896 0.036106
vt 0.903553 0.041555
vt 0.906875 0.051659
vt 0.908195 0.064949
vt 0.905293 0.081441
vt 0.901402 0.096464
vt 0.856525 0.135553
vt 0.854454 0.135995
vt 0.846427 0.13644
vt 0.818358 0.643269
vt 0.803302 0.583416
vt 0.798798 0.588775
vt 0.794365 0.594633
vt 0.790609 0.601949
vt 0.78768 0.610744
vt 0.803047 0.606757
vt 0.800774 0.613657
vt 0.816507 0.590411
vt 0.811506 0.595141
vt 0.806988 0.600123
vt 0.814017 0.610241
vt 0.811905 0.615659
vt 0.83129 0.597602
vt 0.823285 0.600959
vt 0.817953 0.604908
vt 0.868749 0.654182
vt 0.874716 0.650391
vt 0.854837 0.657741
vt 0.861808 0.656556
vt 0.878783 0.645718
vt 0.882174 0.637378
vt 0.811337 0.621764
vt 0.799891 0.621404
vt 0.786843 0.620778
vt 0.845142 0.600137
vt 0.820867 0.631127
vt 0.824318 0.635175
vt 0.838979 0.647988
vt 0.84723 0.650076
vt 0.865509 0.610718
vt 0.856628 0.606815
vt 0.833813 0.637029
vt 0.832402 0.634832
vt 0.835219 0.632852
vt 0.836602 0.63375
vt 0.875763 0.626366
vt 0.873873 0.61722
vt 0.868836 0.644091
vt 0.872825 0.640086
vt 0.84205 0.606687
vt 0.849233 0.607654
vt 0.850226 0.610008
vt 0.844394 0.609274
vt 0.864651 0.640235
vt 0.8598 0.642163
vt 0.856376 0.636473
vt 0.861138 0.634957
vt 0.826555 0.60822
vt 0.822989 0.612571
vt 0.847581 0.604428
vt 0.825517 0.621962
vt 0.826546 0.617414
vt 0.828131 0.619182
vt 0.829325 0.623607
vt 0.872501 0.626575
vt 0.871208 0.63102
vt 0.868224 0.629858
vt 0.870039 0.62629
vt 0.828357 0.613814
vt 0.831227 0.614209
vt 0.853212 0.649998
vt 0.869181 0.63452
vt 0.865853 0.632606
vt 0.836332 0.607757
vt 0.839371 0.609866
vt 0.836264 0.639274
vt 0.838275 0.634606
vt 0.826673 0.638773
vt 0.864019 0.612902
vt 0.870505 0.61878
vt 0.868406 0.619799
vt 0.862501 0.614289
vt 0.85505 0.643718
vt 0.851626 0.643732
vt 0.849207 0.637682
vt 0.852715 0.637259
vt 0.837461 0.614174
vt 0.834484 0.616542
vt 0.83514 0.611603
vt 0.86649 0.624663
vt 0.864984 0.620124
vt 0.855426 0.614239
vt 0.850635 0.612791
vt 0.85635 0.611633
vt 0.854023 0.634856
vt 0.859669 0.633106
vt 0.831213 0.620288
vt 0.859866 0.616052
vt 0.837439 0.632899
vt 0.838906 0.633579
vt 0.865293 0.628134
vt 0.845777 0.612209
vt 0.841345 0.61256
vt 0.834633 0.631014
vt 0.836252 0.632158
vt 0.833894 0.63186
vt 0.841256 0.634737
vt 0.844349 0.635476
vt 0.84475 0.636937
vt 0.841058 0.635847
vt 0.847738 0.635784
vt 0.863009 0.631136
vt 0.831336 0.623512
vt 0.850766 0.635391
vt 0.832748 0.628059
vt 0.83113 0.628148
vt 0.833598 0.62008
vt 0.832535 0.623078
vt 0.847203 0.63461
vt 0.850413 0.634133
vt 0.833469 0.627667
vt 0.835111 0.630455
vt 0.851026 0.614792
vt 0.846726 0.614191
vt 0.858117 0.632073
vt 0.86138 0.63012
vt 0.839084 0.615452
vt 0.836245 0.617286
vt 0.863758 0.624174
vt 0.862193 0.620417
vt 0.855231 0.615977
vt 0.853121 0.633634
vt 0.857973 0.61705
vt 0.838035 0.632293
vt 0.839695 0.633011
vt 0.863241 0.627424
vt 0.842713 0.614326
vt 0.83664 0.631716
vt 0.841679 0.633711
vt 0.844737 0.634585
vt 0.843694 0.615468
vt 0.847372 0.61548
vt 0.847792 0.616241
vt 0.844415 0.616266
vt 0.860937 0.626803
vt 0.859327 0.629092
vt 0.858294 0.62858
vt 0.859831 0.626447
vt 0.838515 0.631762
vt 0.83697 0.631058
vt 0.837162 0.630639
vt 0.839111 0.630895
vt 0.856655 0.618622
vt 0.858572 0.620731
vt 0.856676 0.620693
vt 0.855526 0.619456
vt 0.834728 0.622487
vt 0.835509 0.620834
vt 0.836305 0.620981
vt 0.835412 0.622663
vt 0.849935 0.632605
vt 0.847666 0.632937
vt 0.847743 0.632432
vt 0.849885 0.632086
vt 0.851219 0.616079
vt 0.851287 0.616861
vt 0.85675 0.630844
vt 0.85213 0.632103
vt 0.851956 0.631579
vt 0.856297 0.63034
vt 0.837842 0.617776
vt 0.838887 0.61845
vt 0.840373 0.631876
vt 0.84074 0.63154
vt 0.861679 0.623856
vt 0.859958 0.623901
vt 0.853353 0.61898
vt 0.851238 0.617607
vt 0.853873 0.617966
vt 0.854523 0.620129
vt 0.836729 0.628099
vt 0.837756 0.629484
vt 0.836314 0.628489
vt 0.843623 0.631684
vt 0.846171 0.631972
vt 0.846131 0.632428
vt 0.843201 0.632059
vt 0.847556 0.631908
vt 0.836341 0.626328
vt 0.835579 0.626546
vt 0.855636 0.630007
vt 0.85748 0.628322
vt 0.842264 0.617827
vt 0.839678 0.618903
vt 0.841412 0.617084
vt 0.858092 0.624034
vt 0.855586 0.620895
vt 0.852789 0.62311
vt 0.852769 0.624056
vt 0.851611 0.624515
vt 0.851604 0.623555
vt 0.846999 0.619264
vt 0.848869 0.619194
vt 0.849082 0.620153
vt 0.847538 0.620298
vt 0.842367 0.625239
vt 0.842424 0.62609
vt 0.841103 0.627024
vt 0.840767 0.626101
vt 0.85153 0.62271
vt 0.852672 0.622164
vt 0.847815 0.62752
vt 0.849212 0.627117
vt 0.849996 0.627871
vt 0.848312 0.628624
vt 0.84247 0.628439
vt 0.841592 0.627775
vt 0.842664 0.626803
vt 0.843079 0.627354
vt 0.845505 0.627646
vt 0.846568 0.627488
vt 0.846754 0.628912
vt 0.845372 0.62903
vt 0.852495 0.625506
vt 0.85145 0.625422
vt 0.851524 0.622007
vt 0.851427 0.621553
vt 0.85191 0.620719
vt 0.852335 0.621369
vt 0.844489 0.627791
vt 0.844192 0.628938
vt 0.840589 0.623502
vt 0.841325 0.621809
vt 0.843748 0.622117
vt 0.842795 0.622801
vt 0.846928 0.630014
vt 0.845375 0.630099
vt 0.843884 0.629894
vt 0.839804 0.627791
vt 0.839343 0.626773
vt 0.84628 0.618372
vt 0.848594 0.618306
vt 0.845264 0.619978
vt 0.844118 0.619146
vt 0.853871 0.623008
vt 0.854174 0.624597
vt 0.841884 0.629357
vt 0.84056 0.628654
vt 0.852465 0.62003
vt 0.853061 0.620777
vt 0.839528 0.620917
vt 0.84153 0.619868
vt 0.84359 0.620698
vt 0.852955 0.628439
vt 0.850879 0.629129
vt 0.85164 0.627154
vt 0.850871 0.619945
vt 0.851002 0.619064
vt 0.853423 0.62179
vt 0.854086 0.627507
vt 0.840631 0.625052
vt 0.838945 0.624979
vt 0.848779 0.629657
vt 0.838899 0.622494
vt 0.840382 0.616213
vt 0.85442 0.616784
vt 0.831907 0.610074
vt 0.851503 0.631124
vt 0.851546 0.63004
vt 0.854917 0.629411
vt 0.837038 0.621105
vt 0.840495 0.619329
vt 0.837723 0.621187
vt 0.840988 0.631048
vt 0.839221 0.630422
vt 0.839682 0.629659
vt 0.841233 0.630518
vt 0.858554 0.62609
vt 0.856915 0.625771
vt 0.856042 0.623368
vt 0.845024 0.616947
vt 0.848118 0.616882
vt 0.848375 0.617518
vt 0.84561 0.617611
vt 0.856289 0.627958
vt 0.83832 0.628639
vt 0.854675 0.621278
vt 0.853799 0.620385
vt 0.83619 0.622649
vt 0.836963 0.622752
vt 0.849801 0.631551
vt 0.847081 0.631337
vt 0.849204 0.630588
vt 0.85118 0.618279
vt 0.843082 0.618467
vt 0.846018 0.632736
vt 0.845136 0.621632
vt 0.850872 0.620849
vt 0.842348 0.624387
vt 0.843023 0.632518
vt 0.835701 0.629841
vt 0.83488 0.626576
vt 0.850556 0.626415
vt 0.8462 0.620917
vt 0.847313 0.621746
vt 0.845841 0.622282
vt 0.847895 0.621266
vt 0.849125 0.621227
vt 0.850237 0.621776
vt 0.850281 0.622216
vt 0.850165 0.622803
vt 0.850134 0.623496
vt 0.85011 0.624276
vt 0.850234 0.625034
vt 0.850393 0.625591
vt 0.84964 0.626063
vt 0.84849 0.626384
vt 0.847275 0.626391
vt 0.846271 0.626282
vt 0.845508 0.626343
vt 0.844756 0.626529
vt 0.844037 0.626234
vt 0.843819 0.625696
vt 0.843672 0.625085
vt 0.843567 0.624439
vt 0.843532 0.623797
vt 0.844018 0.622948
vt 0.84479 0.622617
vt 0.847013 0.625631
vt 0.846334 0.625464
vt 0.845266 0.623177
vt 0.846144 0.622917
vt 0.837173 0.626073
vt 0.848184 0.625574
vt 0.849217 0.625452
vt 0.847483 0.622405
vt 0.847497 0.623355
vt 0.846269 0.623588
vt 0.845377 0.624321
vt 0.845394 0.623755
vt 0.84634 0.624186
vt 0.848266 0.622248
vt 0.848355 0.62329
vt 0.849213 0.62251
vt 0.849165 0.623218
vt 0.849126 0.623962
vt 0.848341 0.624109
vt 0.847379 0.624063
vt 0.848228 0.624821
vt 0.847062 0.624932
vt 0.846331 0.624866
vt 0.845373 0.624888
vt 0.84541 0.625509
vt 0.849108 0.624723
vt 0.85295 0.619662
vt 0.837825 0.627498
vt 0.843784 0.631081
vt 0.845488 0.631313
vt 0.829995 0.632673
vt 0.82653 0.628746
vt 0.846453 0.643188
vt 0.839969 0.642222
vt 0.856637 0.609691
vt 0.829918 0.641719
vt 0.838308 0.60339
vt 0.863805 0.646862
vt 0.820363 0.62282
vt 0.82114 0.6167
vt 0.876342 0.633248
vt 0.831385 0.605201
vt 0.833352 0.64476
vt 0.858198 0.648765
vt 0.903094 0.011863
f 4384/1 1/2 2/3 4383/4
f 4385/9 4384/1 3/6 8/10
f 3/6 4384/1 4383/4 4/7
f 7/1204 1/2 4384/1 4385/9
f 5158/1191 1/2 7/1204 5163/1203
f 1/2 5158/1191 5157/1194 2/3
f 4401/54 4383/4 2/3 55/55
f 5164/1205 55/55 2/3 5157/1194
f 56/57 4/7 4383/4 4401/54
f 4386/14 4385/9 8/10 11/12
f 10/1202 7/1204 4385/9 4386/14
f 5/5 3/6 4/7 6/8
f 8/10 3/6 5/5 9/11
f 11/12 8/10 9/11 12/13
f 57/56 6/8 4/7 56/57
f 5163/1203 7/1204 10/1202 5162/1201
f 5158/1191 1056/1192 1057/1193 5157/1194
f 1056/1192 5158/1191 5163/1203 1058/1252
f 1058/1252 5163/1203 5162/1201 1059/1262
f 1074/1285 5164/1205 5157/1194 1057/1193
f 4402/60 4401/54 55/55 58/61
f 59/59 56/57 4401/54 4402/60
f 5176/1224 58/61 55/55 5164/1205
f 1075/1256 5176/1224 5164/1205 1074/1285
f 60/58 57/56 56/57 59/59
f 4387/17 4386/14 11/12 14/15
f 13/1200 10/1202 4386/14 4387/17
f 14/15 11/12 12/13 15/16
f 5162/1201 10/1202 13/1200 5161/1199
f 4432/103 5/5 6/8 4433/104
f 4412/102 9/11 5/5 4432/103
f 4433/104 6/8 57/56 4431/105
f 4434/101 12/13 9/11 4412/102
f 15/16 12/13 4434/101 4413/100
f 4431/105 57/56 60/58 4410/106
f 1059/1262 5162/1201 5161/1199 1060/1272
f 1082/1251 1056/1192 1058/1252 1084/1253
f 1056/1192 1082/1251 1083/1286 1057/1193
f 1100/1284 1074/1285 1057/1193 1083/1286
f 1084/1253 1058/1252 1059/1262 1085/1263
f 1085/1263 1059/1262 1060/1272 1086/1273
f 1101/1257 1075/1256 1074/1285 1100/1284
f 4403/64 4402/60 58/61 61/65
f 62/63 59/59 4402/60 4403/64
f 5174/1221 61/65 58/61 5176/1224
f 63/62 60/58 59/59 62/63
f 1076/1255 5174/1221 5176/1224 1075/1256
f 1102/1254 1076/1255 1075/1256 1101/1257
f 4410/106 60/58 63/62 4411/107
f 4388/20 4387/17 14/15 17/18
f 16/1196 13/1200 4387/17 4388/20
f 17/18 14/15 15/16 18/19
f 5161/1199 13/1200 16/1196 5160/1195
f 4414/99 18/19 15/16 4413/100
f 1060/1272 5161/1199 5160/1195 1061/1280
f 92/176 4412/102 4432/103 90/182
f 90/182 4432/103 4433/104 91/185
f 91/185 4433/104 4431/105 94/179
f 93/108 4434/101 4412/102 92/176
f 94/179 4431/105 4410/106 95/180
f 4413/100 4434/101 93/108 83/109
f 84/172 4414/99 4413/100 83/109
f 95/180 4410/106 4411/107 96/117
f 1086/1273 1060/1272 1061/1280 1087/1281
f 1108/1305 1082/1306 1084/1307 1110/1308
f 1082/1306 1108/1305 1109/1340 1083/1339
f 1110/1308 1084/1307 1085/1315 1111/1316
f 1126/1292 1100/1291 1083/1339 1109/1340
f 1127/1289 1101/1290 1100/1291 1126/1292
f 1111/1316 1085/1315 1086/1327 1112/1328
f 1112/1328 1086/1327 1087/1335 1113/1336
f 1128/1309 1102/1310 1101/1290 1127/1289
f 4408/68 4403/64 61/65 103/69
f 101/67 62/63 4403/64 4408/68
f 5169/1208 103/69 61/65 5174/1221
f 102/66 63/62 62/63 101/67
f 1081/1209 5169/1208 5174/1221 1076/1255
f 63/62 102/66 4427/114 4411/107
f 1107/1264 1081/1209 1076/1255 1102/1254
f 1133/1318 1107/1317 1102/1310 1128/1309
f 4411/107 4427/114 104/116 96/117
f 4389/23 4388/20 17/18 20/21
f 19/1197 16/1196 4388/20 4389/23
f 20/21 17/18 18/19 21/22
f 5160/1195 16/1196 19/1197 5159/1198
f 4415/98 21/22 18/19 4414/99
f 1061/1280 5160/1195 5159/1198 1062/1248
f 85/166 4415/98 4414/99 84/172
f 1087/1281 1061/1280 1062/1248 1088/1247
f 155/175 93/108 92/176 154/177
f 154/177 92/176 90/182 152/183
f 152/183 90/182 91/185 153/184
f 153/184 91/185 94/179 156/178
f 156/178 94/179 95/180 157/181
f 83/109 93/108 155/175 145/174
f 157/181 95/180 96/117 158/186
f 146/173 84/172 83/109 145/174
f 147/167 85/166 84/172 146/173
f 109/118 158/186 96/117 104/116
f 1113/1336 1087/1335 1088/1302 1114/1301
f 1108/1305 1134/1349 1135/1346 1109/1340
f 1134/1349 1108/1305 1110/1308 1136/1357
f 1136/1357 1110/1308 1111/1316 1137/1361
f 1152/1345 1126/1292 1109/1340 1135/1346
f 1137/1361 1111/1316 1112/1328 1138/1367
f 1153/1351 1127/1289 1126/1292 1152/1345
f 1154/1358 1128/1309 1127/1289 1153/1351
f 1138/1367 1112/1328 1113/1336 1139/1347
f 1139/1347 1113/1336 1114/1301 1140/1348
f 1159/1362 1133/1318 1128/1309 1154/1358
f 4404/75 4408/68 103/69 64/76
f 65/72 101/67 4408/68 4404/75
f 103/69 5169/1208 5168/1211 64/76
f 66/71 102/66 101/67 65/72
f 5169/1208 1081/1209 1077/1210 5168/1211
f 102/66 66/71 4429/110 4427/114
f 1081/1209 1107/1264 1103/1265 1077/1210
f 4427/114 4429/110 97/115 104/116
f 1107/1317 1133/1318 1129/1319 1103/1320
f 1133/1318 1159/1362 1155/1363 1129/1319
f 109/118 104/116 97/115 105/119
f 4390/26 4389/23 20/21 23/24
f 22/1238 19/1197 4389/23 4390/26
f 23/24 20/21 21/22 24/25
f 5159/1198 19/1197 22/1238 5182/1237
f 4416/97 24/25 21/22 4415/98
f 1062/1248 5159/1198 5182/1237 1063/1249
f 86/165 4416/97 4415/98 85/166
f 1088/1247 1062/1248 1063/1249 1089/1250
f 148/164 86/165 85/166 147/167
f 1114/1301 1088/1302 1089/1303 1115/1304
f 145/174 155/175 174/203 161/214
f 155/175 154/177 173/199 174/203
f 154/177 152/183 171/200 173/199
f 152/183 153/184 172/197 171/200
f 153/184 156/178 175/193 172/197
f 156/178 157/181 176/194 175/193
f 157/181 158/186 166/188 176/194
f 146/173 145/174 161/214 160/212
f 114/127 166/188 158/186 109/118
f 147/167 146/173 160/212 159/208
f 148/164 147/167 159/208 186/206
f 109/118 105/119 110/128 114/127
f 1140/1348 1114/1301 1115/1304 1141/1356
f 1160/1370 1134/1349 1136/1357 1162/1371
f 1134/1349 1160/1370 1161/1391 1135/1346
f 1178/1390 1152/1345 1135/1346 1161/1391
f 1162/1371 1136/1357 1137/1361 1163/1378
f 1163/1378 1137/1361 1138/1367 1164/1384
f 1179/1373 1153/1351 1152/1345 1178/1390
f 1164/1384 1138/1367 1139/1347 1165/1388
f 1180/1372 1154/1358 1153/1351 1179/1373
f 1185/1379 1159/1362 1154/1358 1180/1372
f 1165/1388 1139/1347 1140/1348 1166/1392
f 1166/1392 1140/1348 1141/1356 1167/1376
f 1159/1362 1185/1379 1181/1380 1155/1363
f 4405/74 4404/75 64/76 67/77
f 68/73 65/72 4404/75 4405/74
f 5170/1212 67/77 64/76 5168/1211
f 69/70 66/71 65/72 68/73
f 1078/1275 5170/1212 5168/1211 1077/1210
f 4429/110 66/71 69/70 4430/111
f 1104/1274 1078/1275 1077/1210 1103/1265
f 97/115 4429/110 4430/111 98/120
f 1130/1329 1104/1330 1103/1320 1129/1319
f 105/119 97/115 98/120 106/121
f 1156/1344 1130/1329 1129/1319 1155/1363
f 1182/1385 1156/1344 1155/1363 1181/1380
f 105/119 106/121 111/131 110/128
f 4391/29 4390/26 23/24 26/27
f 25/1234 22/1238 4390/26 4391/29
f 26/27 23/24 24/25 27/28
f 5182/1237 22/1238 25/1234 5181/1233
f 4417/96 27/28 24/25 4416/97
f 1063/1249 5182/1237 5181/1233 1064/1260
f 87/170 4417/96 4416/97 86/165
f 1089/1250 1063/1249 1064/1260 1090/1261
f 149/171 87/170 86/165 148/164
f 1115/1304 1089/1303 1090/1313 1116/1314
f 149/171 148/164 186/206 187/205
f 1141/1356 1115/1304 1116/1314 1142/1360
f 180/202 174/203 173/199 179/198
f 174/203 180/202 191/215 161/214
f 190/213 160/212 161/214 191/215
f 179/198 173/199 171/200 177/201
f 177/201 171/200 172/197 178/196
f 178/196 172/197 175/193 181/192
f 181/192 175/193 176/194 182/195
f 166/188 167/187 182/195 176/194
f 114/127 119/126 167/187 166/188
f 189/209 159/208 160/212 190/213
f 119/126 114/127 110/128 115/129
f 194/207 186/206 159/208 189/209
f 195/204 187/205 186/206 194/207
f 115/129 110/128 111/131 116/130
f 1167/1376 1141/1356 1142/1360 1168/1377
f 1160/1370 1186/1397 1187/1398 1161/1391
f 1186/1397 1160/1370 1162/1371 1188/1409
f 1188/1409 1162/1371 1163/1378 1189/1413
f 1204/1402 1178/1390 1161/1391 1187/1398
f 1205/1401 1179/1373 1178/1390 1204/1402
f 1189/1413 1163/1378 1164/1384 1190/1419
f 1190/1419 1164/1384 1165/1388 1191/1423
f 1206/1410 1180/1372 1179/1373 1205/1401
f 1191/1423 1165/1388 1166/1392 1192/1407
f 1211/1414 1185/1379 1180/1372 1206/1410
f 1185/1379 1211/1414 1207/1415 1181/1380
f 1192/1407 1166/1392 1167/1376 1193/1408
f 1193/1408 1167/1376 1168/1377 1194/1412
f 1208/1420 1182/1385 1181/1380 1207/1415
f 4406/80 4405/74 67/77 70/81
f 71/79 68/73 4405/74 4406/80
f 5165/1207 70/81 67/77 5170/1212
f 72/78 69/70 68/73 71/79
f 1079/1283 5165/1207 5170/1212 1078/1275
f 4430/111 69/70 72/78 4428/112
f 1105/1282 1079/1283 1078/1275 1104/1274
f 98/120 4430/111 4428/112 99/122
f 1131/1337 1105/1338 1104/1330 1130/1329
f 106/121 98/120 99/122 107/123
f 1157/1343 1131/1337 1130/1329 1156/1344
f 106/121 107/123 112/132 111/131
f 1183/1389 1157/1343 1156/1344 1182/1385
f 1209/1400 1183/1389 1182/1385 1208/1420
f 116/130 111/131 112/132 117/133
f 4392/32 4391/29 26/27 29/30
f 28/1235 25/1234 4391/29 4392/32
f 29/30 26/27 27/28 30/31
f 5181/1233 25/1234 28/1235 5180/1236
f 4419/95 30/31 27/28 4417/96
f 1064/1260 5181/1233 5180/1236 1065/1270
f 88/169 4419/95 4417/96 87/170
f 1090/1261 1064/1260 1065/1270 1091/1271
f 150/168 88/169 87/170 149/171
f 1116/1314 1090/1313 1091/1325 1117/1326
f 150/168 149/171 187/205 188/211
f 1142/1360 1116/1314 1117/1326 1143/1366
f 196/210 188/211 187/205 195/204
f 1168/1377 1142/1360 1143/1366 1169/1383
f 208/216 180/202 179/198 207/217
f 180/202 208/216 213/218 191/215
f 207/217 179/198 177/201 205/227
f 212/226 190/213 191/215 213/218
f 211/224 189/209 190/213 212/226
f 205/227 177/201 178/196 206/219
f 206/219 178/196 181/192 209/220
f 209/220 181/192 182/195 210/221
f 167/187 168/189 210/221 182/195
f 119/126 125/136 168/189 167/187
f 125/136 119/126 115/129 121/137
f 216/223 194/207 189/209 211/224
f 121/137 115/129 116/130 122/138
f 217/222 195/204 194/207 216/223
f 218/225 196/210 195/204 217/222
f 122/138 116/130 117/133 123/139
f 1194/1412 1168/1377 1169/1383 1195/1418
f 1212/1438 1186/1397 1188/1409 1214/1439
f 1212/1438 1234/1449 1187/1398 1186/1397
f 1204/1402 1187/1398 1234/1449 1231/1441
f 1188/1409 1189/1413 1232/1450 1214/1439
f 1189/1413 1190/1419 1216/1424 1232/1450
f 1204/1402 1231/1441 1230/1442 1205/1401
f 1206/1410 1205/1401 1230/1442 1215/1448
f 1216/1424 1190/1419 1191/1423 1217/1425
f 1191/1423 1192/1407 1229/1426 1217/1425
f 1211/1414 1206/1410 1215/1448 1237/1444
f 1192/1407 1193/1408 1218/1427 1229/1426
f 1211/1414 1237/1444 1233/1445 1207/1415
f 1208/1420 1207/1415 1233/1445 1213/1443
f 1218/1427 1193/1408 1194/1412 1219/1429
f 1194/1412 1195/1418 1226/1428 1219/1429
f 1209/1400 1208/1420 1213/1443 1235/1431
f 4407/84 4406/80 70/81 73/85
f 74/83 71/79 4406/80 4407/84
f 5166/1206 73/85 70/81 5165/1207
f 75/82 72/78 71/79 74/83
f 1080/1288 5166/1206 5165/1207 1079/1283
f 4428/112 72/78 75/82 4409/113
f 1106/1287 1080/1288 1079/1283 1105/1282
f 99/122 4428/112 4409/113 100/124
f 1132/1341 1106/1342 1105/1338 1131/1337
f 107/123 99/122 100/124 108/125
f 1158/1350 1132/1341 1131/1337 1157/1343
f 107/123 108/125 113/134 112/132
f 1184/1393 1158/1350 1157/1343 1183/1389
f 117/133 112/132 113/134 118/135
f 1210/1399 1184/1393 1183/1389 1209/1400
f 1236/1430 1210/1399 1209/1400 1235/1431
f 123/139 117/133 118/135 124/140
f 4513/35 4392/32 29/30 4463/33
f 4464/1230 28/1235 4392/32 4513/35
f 4463/33 29/30 30/31 4462/34
f 5180/1236 28/1235 4464/1230 5184/1229
f 4515/94 4462/34 30/31 4419/95
f 1065/1270 5180/1236 5184/1229 4487/1277
f 4469/965 4515/94 4419/95 88/169
f 1091/1271 1065/1270 4487/1277 4489/1276
f 4469/965 88/169 150/168 4471/966
f 1117/1326 1091/1325 4489/1332 4491/1331
f 188/211 4485/969 4471/966 150/168
f 1143/1366 1117/1326 4491/1331 4493/1368
f 4485/969 188/211 196/210 4473/229
f 1169/1383 1143/1366 4493/1368 4495/1386
f 4475/228 4473/229 196/210 218/225
f 1195/1418 1169/1383 4495/1386 4497/1421
f 226/232 208/216 207/217 225/233
f 226/232 256/261 213/218 208/216
f 225/233 207/217 205/227 223/234
f 255/260 212/226 213/218 256/261
f 223/234 205/227 206/219 224/235
f 254/259 211/224 212/226 255/260
f 257/258 216/223 211/224 254/259
f 206/219 209/220 234/238 224/235
f 234/238 209/220 229/236 236/239
f 209/220 210/221 222/230 229/236
f 168/189 169/190 222/230 210/221
f 125/136 131/141 169/190 168/189
f 131/141 125/136 121/137 127/142
f 127/142 121/137 122/138 128/146
f 258/257 217/222 216/223 257/258
f 128/146 122/138 123/139 129/147
f 259/256 218/225 217/222 258/257
f 4477/262 4475/228 218/225 259/256
f 129/147 123/139 124/140 130/145
f 1195/1418 4497/1421 4499/1433 1226/1428
f 1214/1439 1240/1464 1238/1465 1212/1438
f 1212/1438 1238/1465 1260/1468 1234/1449
f 1232/1450 1258/1452 1240/1464 1214/1439
f 1234/1449 1260/1468 1257/1460 1231/1441
f 1231/1441 1257/1460 1256/1461 1230/1442
f 1216/1424 1242/1451 1258/1452 1232/1450
f 1217/1425 1243/1467 1242/1451 1216/1424
f 1230/1442 1256/1461 1241/1455 1215/1448
f 1215/1448 1241/1455 1263/1453 1237/1444
f 1229/1426 1255/1473 1243/1467 1217/1425
f 1218/1427 1244/1475 1255/1473 1229/1426
f 1237/1444 1263/1453 1259/1454 1233/1445
f 1219/1429 1245/1463 1244/1475 1218/1427
f 1233/1445 1259/1454 1239/1469 1213/1443
f 1213/1443 1239/1469 1261/1470 1235/1431
f 1226/1428 1252/1462 1245/1463 1219/1429
f 4499/1433 4501/1466 1252/1462 1226/1428
f 1235/1431 1261/1470 1262/1474 1236/1430
f 4400/4946 53/4947 74/83 4407/84
f 4407/84 73/85 54/1215 4400/4946
f 73/85 5166/1206 5167/1216 54/1215
f 53/4947 52/4948 75/82 74/83
f 5166/1206 1080/1288 1073/1268 5167/1216
f 4409/113 75/82 52/4948 4424/4949
f 1099/1269 1073/1268 1080/1288 1106/1287
f 4424/4949 82/4951 100/124 4409/113
f 1125/1324 1099/1323 1106/1342 1132/1341
f 82/4951 144/4950 108/125 100/124
f 1132/1341 1158/1350 1151/1365 1125/1324
f 144/4950 4633/1176 113/134 108/125
f 1177/1382 1151/1365 1158/1350 1184/1393
f 4633/1176 910/1175 118/135 113/134
f 1184/1393 1210/1399 1203/1417 1177/1382
f 910/1175 4476/4922 124/140 118/135
f 1210/1399 1236/1430 1228/1447 1203/1417
f 1254/4955 1228/1447 1236/1430 1262/1474
f 120/143 126/144 130/145 124/140
f 120/143 124/140 4476/4922 215/4921
f 4393/1595 4513/35 4463/33 32/1594
f 31/1231 4464/1230 4513/35 4393/1595
f 32/1594 4463/33 4462/34 33/1592
f 5184/1229 4464/1230 31/1231 5171/1232
f 4418/1593 33/1592 4462/34 4515/94
f 4487/1277 5184/1229 5171/1232 1066/1278
f 89/1591 4418/1593 4515/94 4469/965
f 4489/1276 4487/1277 1066/1278 1092/1279
f 89/1591 4469/965 4471/966 151/971
f 4491/1331 4489/1332 1092/1333 1118/1334
f 4485/969 905/970 151/971 4471/966
f 4493/1368 4491/1331 1118/1334 1144/1369
f 905/970 4485/969 4473/229 197/1590
f 4495/1386 4493/1368 1144/1369 1170/1387
f 219/1586 197/1590 4473/229 4475/228
f 4497/1421 4495/1386 1170/1387 1196/1422
f 260/1587 219/1586 4475/228 4477/262
f 4497/1421 1196/1422 1221/1432 4499/1433
f 233/242 226/232 225/233 232/243
f 226/232 233/242 263/264 256/261
f 232/243 225/233 223/234 230/240
f 262/263 255/260 256/261 263/264
f 230/240 223/234 224/235 231/241
f 261/265 254/259 255/260 262/263
f 231/241 224/235 234/238 237/245
f 264/266 257/258 254/259 261/265
f 258/257 257/258 264/266 4573/5042
f 237/245 234/238 236/239 239/246
f 229/236 222/230 221/231 228/237
f 236/239 229/236 228/237 235/244
f 239/246 236/239 235/244 238/247
f 169/190 170/191 221/231 222/230
f 131/141 137/148 170/191 169/190
f 137/148 131/141 127/142 133/149
f 133/149 127/142 128/146 134/152
f 134/152 128/146 129/147 135/153
f 259/256 258/257 4573/5042 4570/5043
f 135/153 129/147 130/145 136/151
f 4477/262 259/256 4570/5043 4567/5044
f 4567/5044 4564/5045 260/1587 4477/262
f 126/144 132/150 136/151 130/145
f 1221/1432 1247/1476 4501/1466 4499/1433
f 1258/1452 1284/1499 1266/1500 1240/1464
f 1240/1464 1266/1500 1264/1489 1238/1465
f 1238/1465 1264/1489 1286/1490 1260/1468
f 1260/1468 1286/1490 1283/1481 1257/1460
f 1242/1451 1268/1480 1284/1499 1258/1452
f 1257/1460 1283/1481 1282/1482 1256/1461
f 1256/1461 1282/1482 1267/1496 1241/1455
f 1243/1467 1269/1479 1268/1480 1242/1451
f 1255/1473 1281/1488 1269/1479 1243/1467
f 1241/1455 1267/1496 1289/1495 1263/1453
f 1263/1453 1289/1495 1285/1491 1259/1454
f 1244/1475 1270/1494 1281/1488 1255/1473
f 1245/1463 1271/1498 1270/1494 1244/1475
f 1259/1454 1285/1491 1265/1485 1239/1469
f 1252/1462 1278/1478 1271/1498 1245/1463
f 1239/1469 1265/1485 1287/1483 1261/1470
f 1261/1470 1287/1483 1288/1484 1262/1474
f 4501/1466 4503/1477 1278/1478 1252/1462
f 1247/1476 1273/1497 4503/1477 4501/1466
f 1262/1474 1288/1484 1280/4956 1254/4955
f 4400/4946 4514/51 4465/52 53/4947
f 54/1215 4466/1214 4514/51 4400/4946
f 53/4947 4465/52 4467/53 52/4948
f 5183/1213 4466/1214 54/1215 5167/1216
f 4488/1267 5183/1213 5167/1216 1073/1268
f 4424/4949 52/4948 4467/53 4516/88
f 4490/1266 4488/1267 1073/1268 1099/1269
f 82/4951 4424/4949 4516/88 4468/159
f 4492/1321 4490/1322 1099/1323 1125/1324
f 144/4950 82/4951 4468/159 4470/158
f 4494/1364 4492/1321 1125/1324 1151/1365
f 4470/158 4518/1173 4633/1176 144/4950
f 4496/1381 4494/1364 1151/1365 1177/1382
f 4518/1173 4693/1174 910/1175 4633/1176
f 4498/1416 4496/1381 1177/1382 1203/1417
f 4693/1174 4486/4919 4476/4922 910/1175
f 4500/1446 4498/1416 1203/1417 1228/1447
f 4486/4919 183/4920 215/4921 4476/4922
f 1228/1447 1254/4955 4502/1456 4500/1446
f 1254/4955 1280/4956 4504/1501 4502/1456
f 126/144 120/143 4450/4925 4448/4924
f 4643/5008 4450/4925 120/143 215/4921
f 132/150 126/144 4448/4924 4449/4930
f 4641/5033 4643/5008 215/4921 183/4920
f 4393/1595 32/1594 35/37 4394/41
f 31/1231 4393/1595 4394/41 34/1226
f 32/1594 33/1592 36/38 35/37
f 34/1226 5179/1225 5171/1232 31/1231
f 4426/87 36/38 33/1592 4418/1593
f 5179/1225 1067/1244 1066/1278 5171/1232
f 76/162 4426/87 4418/1593 89/1591
f 1067/1244 1093/1243 1092/1279 1066/1278
f 89/1591 151/971 138/163 76/162
f 1093/1298 1119/1297 1118/1334 1092/1333
f 904/967 138/163 151/971 905/970
f 1144/1369 1118/1334 1119/1297 1145/1354
f 907/973 904/967 905/970 197/1590
f 1145/1354 1171/1395 1170/1387 1144/1369
f 197/1590 219/1586 902/963 907/973
f 1171/1395 1197/1405 1196/1422 1170/1387
f 219/1586 260/1587 903/964 902/963
f 1196/1422 1197/1405 1222/1435 1221/1432
f 4564/5045 4561/5046 903/964 260/1587
f 1222/1435 1248/1472 1247/1476 1221/1432
f 4646/4278 4647/4276 263/264 233/242
f 233/242 232/243 4645/4279 4646/4278
f 232/243 230/240 897/4282 4645/4279
f 262/263 263/264 4647/4276 4648/4274
f 230/240 231/241 4704/4284 897/4282
f 261/265 262/263 4648/4274 4649/4271
f 231/241 237/245 4651/4286 4704/4284
f 264/266 261/265 4649/4271 4650/4270
f 237/245 239/246 4705/4288 4651/4286
f 4650/4270 4715/4964 4573/5042 264/266
f 4715/4964 4714/5035 4570/5043 4573/5042
f 239/246 238/247 4706/4290 4705/4288
f 5346/5712 5396/5751 221/231 170/191
f 5402/5758 228/237 221/231 5396/5751
f 5408/5757 235/244 228/237 5402/5758
f 5410/5764 238/247 235/244 5408/5757
f 5410/5764 9714/9731 4706/4290 238/247
f 5315/5669 5346/5712 170/191 137/148
f 137/148 133/149 5311/5670 5315/5669
f 133/149 134/152 5312/5674 5311/5670
f 134/152 135/153 5313/5675 5312/5674
f 135/153 136/151 5314/5672 5313/5675
f 4714/5035 4713/5032 4567/5044 4570/5043
f 5310/5673 5314/5672 136/151 132/150
f 4713/5032 4712/5031 4564/5045 4567/5044
f 4712/5031 4711/5029 4561/5046 4564/5045
f 132/150 4449/4930 9469/10345 5310/5673
f 1248/1472 1274/1487 1273/1497 1247/1476
f 1284/1499 1310/1519 1292/1520 1266/1500
f 1268/1480 1294/1525 1310/1519 1284/1499
f 1266/1500 1292/1520 1290/1509 1264/1489
f 1264/1489 1290/1509 1312/1510 1286/1490
f 1286/1490 1312/1510 1309/1526 1283/1481
f 1283/1481 1309/1526 1308/1521 1282/1482
f 1269/1479 1295/1508 1294/1525 1268/1480
f 1282/1482 1308/1521 1293/1516 1267/1496
f 1267/1496 1293/1516 1315/1515 1289/1495
f 1281/1488 1307/1507 1295/1508 1269/1479
f 1270/1494 1296/1514 1307/1507 1281/1488
f 1289/1495 1315/1515 1311/1511 1285/1491
f 1285/1491 1311/1511 1291/1503 1265/1485
f 1271/1498 1297/1518 1296/1514 1270/1494
f 1278/1478 1304/1524 1297/1518 1271/1498
f 1265/1485 1291/1503 1313/1504 1287/1483
f 4503/1477 4505/1527 1304/1524 1278/1478
f 1287/1483 1313/1504 1314/1528 1288/1484
f 1288/1484 1314/1528 1306/4957 1280/4956
f 1273/1497 1299/1517 4505/1527 4503/1477
f 1274/1487 1300/1506 1299/1517 1273/1497
f 1280/4956 1306/4957 4506/1522 4504/1501
f 4514/51 4399/48 50/49 4465/52
f 4466/1214 51/1219 4399/48 4514/51
f 4465/52 50/49 49/50 4467/53
f 5172/1220 51/1219 4466/1214 5183/1213
f 4516/88 4467/53 49/50 4425/89
f 1072/1258 5172/1220 5183/1213 4488/1267
f 1098/1259 1072/1258 4488/1267 4490/1266
f 4468/159 4516/88 4425/89 81/157
f 1124/1312 1098/1311 4490/1322 4492/1321
f 4470/158 4468/159 81/157 143/156
f 1150/1359 1124/1312 4492/1321 4494/1364
f 143/156 4634/4934 4518/1173 4470/158
f 1176/1375 1150/1359 4494/1364 4496/1381
f 4634/4934 4692/4933 4693/1174 4518/1173
f 1202/1411 1176/1375 4496/1381 4498/1416
f 4692/4933 4472/4927 4486/4919 4693/1174
f 1227/1440 1202/1411 4498/1416 4500/1446
f 4472/4927 908/4928 183/4920 4486/4919
f 4500/1446 4502/1456 1253/1457 1227/1440
f 183/4920 908/4928 4639/5034 4641/5033
f 4502/1456 4504/1501 1279/1492 1253/1457
f 4504/1501 4506/1522 1305/1512 1279/1492
f 164/4923 4448/4924 4450/4925 163/4926
f 4643/5008 4642/5088 163/4926 4450/4925
f 165/4929 4449/4930 4448/4924 164/4923
f 4642/5088 4643/5008 4641/5033 4640/5087
f 165/4929 5342/10342 9469/10345 4449/4930
f 4638/5086 4640/5087 4641/5033 4639/5034
f 38/36 35/37 36/38 39/39
f 4395/40 4394/41 35/37 38/36
f 37/1227 34/1226 4394/41 4395/40
f 5179/1225 34/1226 37/1227 5178/1228
f 4421/86 39/39 36/38 4426/87
f 1067/1244 5179/1225 5178/1228 1068/1245
f 77/161 4421/86 4426/87 76/162
f 1093/1243 1067/1244 1068/1245 1094/1246
f 139/160 77/161 76/162 138/163
f 1119/1297 1093/1298 1094/1299 1120/1300
f 139/160 138/163 904/967 184/968
f 1145/1354 1119/1297 1120/1300 1146/1355
f 906/972 184/968 904/967 907/973
f 1171/1395 1145/1354 1146/1355 1172/1396
f 902/963 214/962 906/972 907/973
f 1197/1405 1171/1395 1172/1396 1198/1406
f 220/961 214/962 902/963 903/964
f 1197/1405 1198/1406 1223/1434 1222/1435
f 4561/5046 4452/5047 220/961 903/964
f 1223/1434 1249/1471 1248/1472 1222/1435
f 4711/5029 4710/5028 4452/5047 4561/5046
f 1249/1471 1275/1486 1274/1487 1248/1472
f 4646/4278 4645/4279 3746/4280 3745/4281
f 3745/4281 3744/4277 4647/4276 4646/4278
f 4648/4274 4647/4276 3744/4277 3743/4275
f 4645/4279 897/4282 3747/4283 3746/4280
f 897/4282 4704/4284 3748/4285 3747/4283
f 4649/4271 4648/4274 3743/4275 3742/4272
f 4704/4284 4651/4286 3749/4287 3748/4285
f 4650/4270 4649/4271 3742/4272 3741/4273
f 4651/4286 4705/4288 3750/4289 3749/4287
f 4574/4963 4715/4964 4650/4270 3741/4273
f 4705/4288 4706/4290 3751/4291 3750/4289
f 4714/5035 4715/4964 4574/4963 4571/4992
f 4713/5032 4714/5035 4571/4992 4568/4994
f 9714/9731 8818/9730 3751/4291 4706/4290
f 5309/5664 5345/5711 5346/5712 5315/5669
f 5345/5711 5385/5742 5396/5751 5346/5712
f 5384/5741 5402/5758 5396/5751 5385/5742
f 5407/5756 5408/5757 5402/5758 5384/5741
f 5409/5763 5410/5764 5408/5757 5407/5756
f 5409/5763 9663/9729 9714/9731 5410/5764
f 9663/9729 8817/9728 8818/9730 9714/9731
f 5315/5669 5311/5670 5305/5665 5309/5664
f 5311/5670 5312/5674 5306/5666 5305/5665
f 5312/5674 5313/5675 5307/5667 5306/5666
f 5313/5675 5314/5672 5308/5668 5307/5667
f 5304/5671 5308/5668 5314/5672 5310/5673
f 4712/5031 4713/5032 4568/4994 4565/4996
f 5310/5673 9469/10345 9470/10344 5304/5671
f 4711/5029 4712/5031 4565/4996 4562/4997
f 4710/5028 4711/5029 4562/4997 4538/4998
f 5342/10342 5341/10343 9470/10344 9469/10345
f 1275/1486 1301/1505 1300/1506 1274/1487
f 4510/1563 1292/1520 1310/1519 1341/1550
f 1294/1525 4508/1542 1341/1550 1310/1519
f 4512/1562 1290/1509 1292/1520 4510/1563
f 4508/1542 1294/1525 1295/1508 4507/1543
f 1290/1509 4512/1562 1339/1557 1312/1510
f 1342/1556 1309/1526 1312/1510 1339/1557
f 1343/1537 1308/1521 1309/1526 1342/1556
f 1308/1521 1343/1537 4509/1540 1293/1516
f 4507/1543 1295/1508 1307/1507 1344/1559
f 1293/1516 4509/1540 1336/1581 1315/1515
f 1315/1515 1336/1581 1340/1584 1311/1511
f 1296/1514 1355/1573 1344/1559 1307/1507
f 1355/1573 1296/1514 1297/1518 1354/1577
f 4511/1579 1291/1503 1311/1511 1340/1584
f 1338/1571 1313/1504 1291/1503 4511/1579
f 1304/1524 1347/1536 1354/1577 1297/1518
f 4505/1527 1335/1533 1347/1536 1304/1524
f 1337/1567 1314/1528 1313/1504 1338/1571
f 1335/1533 4505/1527 1299/1517 1352/1530
f 1345/1566 1306/4957 1314/1528 1337/1567
f 1334/1576 4506/1522 1306/4957 1345/1566
f 1352/1530 1299/1517 1300/1506 1351/1531
f 1351/1531 1300/1506 1301/1505 1350/1553
f 4506/1522 1334/1576 1346/1569 1305/1512
f 4399/48 4398/42 47/45 50/49
f 51/1219 48/1218 4398/42 4399/48
f 50/49 47/45 46/47 49/50
f 5173/1217 48/1218 51/1219 5172/1220
f 4425/89 49/50 46/47 4423/90
f 1071/1241 5173/1217 5172/1220 1072/1258
f 81/157 4425/89 4423/90 80/93
f 1097/1242 1071/1241 1072/1258 1098/1259
f 1123/1296 1097/1295 1098/1311 1124/1312
f 143/156 81/157 80/93 142/155
f 1149/1353 1123/1296 1124/1312 1150/1359
f 143/156 142/155 4595/4935 4634/4934
f 1175/1374 1149/1353 1150/1359 1176/1375
f 4689/4932 4692/4933 4634/4934 4595/4935
f 1201/1404 1175/1374 1176/1375 1202/1411
f 4447/4918 4472/4927 4692/4933 4689/4932
f 1201/1404 1202/1411 1227/1440 1220/1436
f 4447/4918 4444/4917 908/4928 4472/4927
f 1227/1440 1253/1457 1246/1458 1220/1436
f 4637/5072 4639/5034 908/4928 4444/4917
f 1253/1457 1279/1492 1272/1493 1246/1458
f 162/4970 4638/5086 4639/5034 4637/5072
f 1279/1492 1305/1512 1298/1513 1272/1493
f 1353/1551 1298/1513 1305/1512 1346/1569
f 164/4923 163/4926 200/301 201/300
f 165/4929 164/4923 201/300 202/299
f 163/4926 4642/5088 199/292 200/301
f 4642/5088 4640/5087 203/293 199/292
f 165/4929 202/299 5377/5813 5342/10342
f 4474/294 203/293 4640/5087 4638/5086
f 5342/10342 5377/5813 5376/5814 5341/10343
f 4474/294 4638/5086 162/4970 198/303
f 38/36 39/39 40/5126 41/5127
f 4395/40 38/36 41/5127 4396/5128
f 4420/5125 40/5126 39/39 4421/86
f 4396/5128 42/5140 37/1227 4395/40
f 42/5140 5177/5139 5178/1228 37/1227
f 5177/5139 1069/5137 1068/1245 5178/1228
f 4421/86 77/161 78/5124 4420/5125
f 1094/1246 1068/1245 1069/5137 1095/5138
f 140/5123 78/5124 77/161 139/160
f 1120/1300 1094/1299 1095/5136 1121/5135
f 139/160 184/968 192/5122 140/5123
f 1146/1355 1120/1300 1121/5135 1147/5134
f 909/5121 192/5122 184/968 906/972
f 1172/1396 1146/1355 1147/5134 1173/5133
f 193/5120 909/5121 906/972 214/962
f 1198/1406 1172/1396 1173/5133 1199/5132
f 214/962 220/961 4519/5117 193/5120
f 1199/5132 1224/5131 1223/1434 1198/1406
f 4451/5118 4519/5117 220/961 4452/5047
f 1224/5131 1250/5130 1249/1471 1223/1434
f 4451/5118 4452/5047 4710/5028 4709/5141
f 1275/1486 1249/1471 1250/5130 1276/5129
f 4537/5085 4709/5141 4710/5028 4538/4998
f 1301/1505 1275/1486 1276/5129 1302/1585
f 715/4940 716/4952 3746/4280 3747/4283
f 716/4952 717/4958 3745/4281 3746/4280
f 3744/4277 3745/4281 717/4958 721/4982
f 721/4982 720/4983 3743/4275 3744/4277
f 720/4983 718/4984 3742/4272 3743/4275
f 714/4939 715/4940 3747/4283 3748/4285
f 3748/4285 3749/4287 244/4938 714/4939
f 718/4984 719/4985 3741/4273 3742/4272
f 3749/4287 3750/4289 246/4937 244/4938
f 3741/4273 719/4985 4575/4990 4574/4963
f 3750/4289 3751/4291 245/4936 246/4937
f 4572/4991 4571/4992 4574/4963 4575/4990
f 8818/9730 5416/10353 245/4936 3751/4291
f 4571/4992 4572/4991 4569/4993 4568/4994
f 4568/4994 4569/4993 4566/4995 4565/4996
f 8817/9728 5415/10354 5416/10353 8818/9730
f 5309/5664 5305/5665 5299/5655 5303/5654
f 5303/5654 5344/5710 5345/5711 5309/5664
f 5344/5710 5358/5714 5385/5742 5345/5711
f 5384/5741 5385/5742 5358/5714 5357/5713
f 5381/5740 5384/5741 5357/5713 5354/5717
f 5381/5740 5398/5755 5407/5756 5384/5741
f 5404/5760 5409/5763 5407/5756 5398/5755
f 5404/5760 9713/9727 9663/9729 5409/5763
f 9713/9727 8816/9726 8817/9728 9663/9729
f 8816/9726 5837/10355 5415/10354 8817/9728
f 5305/5665 5306/5666 5300/5658 5299/5655
f 5306/5666 5307/5667 5301/5659 5300/5658
f 5307/5667 5308/5668 5302/5662 5301/5659
f 6012/6630 5302/5662 5308/5668 9495/10339
f 5304/5671 5390/10340 9495/10339 5308/5668
f 9655/10422 5390/10340 5304/5671 9470/10344
f 4563/4986 4562/4997 4565/4996 4566/4995
f 9655/10422 9470/10344 5341/10343 9654/10496
f 4538/4998 4562/4997 4563/4986 4540/4989
f 4538/4998 4540/4989 4539/5063 4537/5085
f 5341/10343 5376/5814 5375/5807 9654/10496
f 1350/1553 1301/1505 1302/1585 1349/1548
f 4703/1561 4512/1562 4510/1563 4701/1564
f 4701/1564 4510/1563 1341/1550 1326/1549
f 4508/1542 4699/1541 1326/1549 1341/1550
f 4699/1541 4508/1542 4507/1543 4698/1544
f 4512/1562 4703/1561 1328/1558 1339/1557
f 4698/1544 4507/1543 1344/1559 1323/1560
f 1325/1555 1342/1556 1339/1557 1328/1558
f 1324/1538 1343/1537 1342/1556 1325/1555
f 1343/1537 1324/1538 4700/1539 4509/1540
f 4509/1540 4700/1539 1331/1582 1336/1581
f 1355/1573 4697/1574 1323/1560 1344/1559
f 1336/1581 1331/1582 1327/1583 1340/1584
f 4702/1580 4511/1579 1340/1584 1327/1583
f 4697/1574 1355/1573 1354/1577 4696/1578
f 1347/1536 1320/1535 4696/1578 1354/1577
f 1329/1572 1338/1571 4511/1579 4702/1580
f 1330/1568 1337/1567 1338/1571 1329/1572
f 1335/1533 1332/1534 1320/1535 1347/1536
f 1332/1534 1335/1533 1352/1530 4694/1529
f 1322/1565 1345/1566 1337/1567 1330/1568
f 4694/1529 1352/1530 1351/1531 1316/1532
f 1333/1575 1334/1576 1345/1566 1322/1565
f 1334/1576 1333/1575 1321/1570 1346/1569
f 1316/1532 1351/1531 1350/1553 1317/1554
f 1317/1554 1350/1553 1349/1548 1318/1547
f 4695/1552 1353/1551 1346/1569 1321/1570
f 4398/42 4397/43 44/44 47/45
f 48/1218 45/1223 4397/43 4398/42
f 47/45 44/44 43/46 46/47
f 5175/1222 45/1223 48/1218 5173/1217
f 46/47 43/46 4422/91 4423/90
f 1070/1240 5175/1222 5173/1217 1071/1241
f 4423/90 4422/91 79/92 80/93
f 1096/1239 1070/1240 1071/1241 1097/1242
f 79/92 141/154 142/155 80/93
f 1122/1293 1096/1294 1097/1295 1123/1296
f 1148/1352 1122/1293 1123/1296 1149/1353
f 141/154 4605/4961 4595/4935 142/155
f 1174/1394 1148/1352 1149/1353 1175/1374
f 4605/4961 4635/4954 4689/4932 4595/4935
f 1200/1403 1174/1394 1175/1374 1201/1404
f 4635/4954 4446/4915 4447/4918 4689/4932
f 1200/1403 1201/1404 1220/1436 1225/1437
f 4446/4915 4445/4916 4444/4917 4447/4918
f 1220/1436 1246/1458 1251/1459 1225/1437
f 4636/5073 4637/5072 4444/4917 4445/4916
f 1246/1458 1272/1493 1277/1502 1251/1459
f 4637/5072 4636/5073 185/4971 162/4970
f 1272/1493 1298/1513 1303/1523 1277/1502
f 162/4970 185/4971 204/304 198/303
f 1348/1545 1303/1523 1298/1513 1353/1551
f 1319/1546 1348/1545 1353/1551 4695/1552
f 201/300 200/301 290/295 291/297
f 200/301 199/292 280/288 290/295
f 292/298 202/299 201/300 291/297
f 292/298 5460/5811 5377/5813 202/299
f 199/292 203/293 282/289 280/288
f 4479/291 282/289 203/293 4474/294
f 5377/5813 5460/5811 5459/5810 5376/5814
f 284/306 4479/291 4474/294 198/303
f 5376/5814 5459/5810 5449/5803 5375/5807
f 198/303 204/304 4455/305 284/306
f 41/5127 40/5126 43/46 44/44
f 4422/91 43/46 40/5126 4420/5125
f 4396/5128 41/5127 44/44 4397/43
f 4397/43 45/1223 42/5140 4396/5128
f 4420/5125 78/5124 79/92 4422/91
f 45/1223 5175/1222 5177/5139 42/5140
f 5175/1222 1070/1240 1069/5137 5177/5139
f 1070/1240 1096/1239 1095/5138 1069/5137
f 141/154 79/92 78/5124 140/5123
f 1096/1294 1122/1293 1121/5135 1095/5136
f 140/5123 192/5122 4605/4961 141/154
f 1147/5134 1121/5135 1122/1293 1148/1352
f 4635/4954 4605/4961 192/5122 909/5121
f 1173/5133 1147/5134 1148/1352 1174/1394
f 909/5121 193/5120 4446/4915 4635/4954
f 1174/1394 1200/1403 1199/5132 1173/5133
f 4691/5116 4446/4915 193/5120 4519/5117
f 1224/5131 1199/5132 1200/1403 1225/1437
f 4690/5115 4691/5116 4519/5117 4451/5118
f 1225/1437 1251/1459 1250/5130 1224/5131
f 4709/5141 4719/5143 4690/5115 4451/5118
f 1276/5129 1250/5130 1251/1459 1277/1502
f 4688/5114 4719/5143 4709/5141 4537/5085
f 1302/1585 1276/5129 1277/1502 1303/1523
f 4537/5085 4539/5063 4687/5113 4688/5114
f 1303/1523 1348/1545 1349/1548 1302/1585
f 4576/5053 4583/5055 716/4952 715/4940
f 4582/5054 4576/5053 715/4940 714/4939
f 4583/5055 4577/273 717/4958 716/4952
f 721/4982 717/4958 4577/273 4586/274
f 4586/274 4585/5058 720/4983 721/4982
f 4585/5058 4584/5056 718/4984 720/4983
f 4584/5056 4581/5040 719/4985 718/4984
f 714/4939 244/4938 4580/5052 4582/5054
f 244/4938 246/4937 4579/5050 4580/5052
f 4581/5040 4588/5037 4575/4990 719/4985
f 246/4937 245/4936 4578/5051 4579/5050
f 4572/4991 4575/4990 4588/5037 4587/5036
f 5416/10353 9594/10460 4578/5051 245/4936
f 4569/4993 4572/4991 4587/5036 4589/5048
f 5415/10354 9595/10461 9594/10460 5416/10353
f 4569/4993 4589/5048 4590/5030 4566/4995
f 4566/4995 4590/5030 4591/4987 4563/4986
f 5837/10355 9597/10462 9595/10461 5415/10354
f 5303/5654 5299/5655 5294/5656 5298/5657
f 5299/5655 5300/5658 5295/5661 5294/5656
f 5298/5657 5343/5709 5344/5710 5303/5654
f 5343/5709 5352/5715 5358/5714 5344/5710
f 5357/5713 5358/5714 5352/5715 5351/5716
f 5354/5717 5357/5713 5351/5716 5348/5718
f 5380/5748 5381/5740 5354/5717 5353/5720
f 5397/5754 5398/5755 5381/5740 5380/5748
f 5353/5720 5354/5717 5348/5718 5347/5721
f 5403/5759 5404/5760 5398/5755 5397/5754
f 5403/5759 5999/9725 9713/9727 5404/5760
f 5999/9725 8815/9724 8816/9726 9713/9727
f 5837/10355 8816/9726 8815/9724 5838/10356
f 9597/10462 5837/10355 5838/10356 9592/10463
f 5300/5658 5301/5659 5296/5660 5295/5661
f 5301/5659 5302/5662 5297/5663 5296/5660
f 9645/6629 5297/5663 5302/5662 6012/6630
f 9537/6628 9645/6629 6012/6630 9702/6631
f 9702/6631 6012/6630 9495/10339 9505/10338
f 9505/10338 9495/10339 5390/10340 5359/10341
f 9653/10443 5359/10341 5390/10340 9655/10422
f 9654/10496 9652/10495 9653/10443 9655/10422
f 4563/4986 4591/4987 4592/4988 4540/4989
f 9654/10496 5375/5807 5378/5808 9652/10495
f 4540/4989 4592/4988 4594/5062 4539/5063
f 4686/5119 4687/5113 4539/5063 4594/5062
f 5375/5807 5449/5803 5451/5802 5378/5808
f 1348/1545 1319/1546 1318/1547 1349/1548
f 4703/1561 4701/1564 1325/1555 1328/1558
f 4701/1564 1326/1549 1324/1538 1325/1555
f 1326/1549 4699/1541 4700/1539 1324/1538
f 4699/1541 4698/1544 1331/1582 4700/1539
f 4698/1544 1323/1560 1327/1583 1331/1582
f 4702/1580 1327/1583 1323/1560 4697/1574
f 4697/1574 4696/1578 1329/1572 4702/1580
f 1330/1568 1329/1572 4696/1578 1320/1535
f 1322/1565 1330/1568 1320/1535 1332/1534
f 1333/1575 1322/1565 1332/1534 4694/1529
f 4694/1529 1316/1532 1321/1570 1333/1575
f 1316/1532 1317/1554 4695/1552 1321/1570
f 1319/1546 4695/1552 1317/1554 1318/1547
f 4446/4915 4691/5116 4435/5074 4445/4916
f 4435/5074 4533/369 4636/5073 4445/4916
f 4533/369 4453/368 185/4971 4636/5073
f 4532/4953 204/304 185/4971 4453/368
f 204/304 4532/4953 4525/4914 4455/305
f 290/295 4456/296 900/284 291/297
f 4456/296 290/295 280/288 279/287
f 4520/283 292/298 291/297 900/284
f 281/286 279/287 280/288 282/289
f 4520/283 6002/5800 5460/5811 292/298
f 5459/5810 5460/5811 6002/5800 9476/5812
f 4480/290 281/286 282/289 4479/291
f 283/362 4480/290 4479/291 284/306
f 9476/5812 5448/5804 5449/5803 5459/5810
f 283/362 284/306 4455/305 285/365
f 5450/5801 5451/5802 5449/5803 5448/5804
f 4455/305 4525/4914 4437/4913 285/365
f 4435/5074 4691/5116 4690/5115 4536/5075
f 4536/5075 4690/5115 4719/5143 4717/5142
f 4688/5114 4673/5109 4717/5142 4719/5143
f 4687/5113 4675/5110 4673/5109 4688/5114
f 4675/5110 4687/5113 4686/5119 4676/5112
f 240/252 4576/5053 4582/5054 241/254
f 242/250 4583/5055 4576/5053 240/252
f 243/249 4577/273 4583/5055 242/250
f 241/254 4582/5054 4580/5052 251/769
f 4577/273 243/249 267/269 4586/274
f 266/268 4585/5058 4586/274 267/269
f 265/5057 4584/5056 4585/5058 266/268
f 268/5041 4581/5040 4584/5056 265/5057
f 4588/5037 4581/5040 268/5041 269/5038
f 251/769 4580/5052 4579/5050 253/1108
f 253/1108 4579/5050 4578/5051 252/1109
f 4587/5036 4588/5037 269/5038 270/5039
f 5422/6577 252/1109 4578/5051 9594/10460
f 4589/5048 4587/5036 270/5039 4478/5049
f 5421/6245 5422/6577 9594/10460 9595/10461
f 4478/5049 271/5059 4590/5030 4589/5048
f 5412/5772 5421/6245 9595/10461 9597/10462
f 271/5059 911/5060 4591/4987 4590/5030
f 911/5060 737/5061 4592/4988 4591/4987
f 5411/5770 5412/5772 9597/10462 9592/10463
f 5293/5646 5298/5657 5294/5656 5289/5647
f 5289/5647 5294/5656 5295/5661 5290/5648
f 5298/5657 5293/5646 5336/5708 5343/5709
f 5290/5648 5295/5661 5296/5660 5291/5650
f 5335/5701 5352/5715 5343/5709 5336/5708
f 5334/5700 5351/5716 5352/5715 5335/5701
f 5331/5706 5348/5718 5351/5716 5334/5700
f 5330/5704 5347/5721 5348/5718 5331/5706
f 5382/5738 5380/5748 5353/5720 5355/5719
f 5399/5753 5397/5754 5380/5748 5382/5738
f 5355/5719 5353/5720 5347/5721 5349/5722
f 5405/5762 5403/5759 5397/5754 5399/5753
f 5332/5698 5349/5722 5347/5721 5330/5704
f 5405/5762 9657/9723 5999/9725 5403/5759
f 9657/9723 8814/9722 8815/9724 5999/9725
f 5838/10356 8815/9724 8814/9722 5839/10368
f 9592/10463 5838/10356 5839/10368 9598/10464
f 5413/5767 5411/5770 9592/10463 9598/10464
f 5291/5650 5296/5660 5297/5663 5292/5652
f 5322/10366 5292/5652 5297/5663 9645/6629
f 9489/5680 5322/10366 9645/6629 9537/6628
f 5321/5678 9489/5680 9537/6628 9646/10351
f 9646/10351 9537/6628 9702/6631 9701/10352
f 9701/10352 9702/6631 9505/10338 9491/10346
f 9491/10346 9505/10338 5359/10341 6010/10347
f 5359/10341 9653/10443 9651/10444 6010/10347
f 9650/10494 9651/10444 9653/10443 9652/10495
f 9493/5809 9650/10494 9652/10495 5378/5808
f 4594/5062 4592/4988 737/5061 736/5084
f 9498/5806 9493/5809 5378/5808 5451/5802
f 4685/5083 4686/5119 4594/5062 736/5084
f 4685/5083 4614/5082 4676/5112 4686/5119
f 9499/5805 9498/5806 5451/5802 5450/5801
f 4435/5074 4536/5075 4534/370 4533/369
f 4453/368 4533/369 4534/370 4454/371
f 4532/4953 4453/368 4454/371 4461/4966
f 4525/4914 4532/4953 4461/4966 4522/4942
f 4522/4942 289/4931 4437/4913 4525/4914
f 4456/296 293/302 294/285 900/284
f 293/302 4456/296 279/287 278/360
f 295/282 4520/283 900/284 294/285
f 278/360 279/287 281/286 339/361
f 295/282 5462/5799 6002/5800 4520/283
f 281/286 4480/290 4482/364 339/361
f 9476/5812 6002/5800 5462/5799 5461/5815
f 5461/5815 5447/5867 5448/5804 9476/5812
f 4480/290 283/362 340/363 4482/364
f 283/362 285/365 341/366 340/363
f 5447/5867 5501/5868 5450/5801 5448/5804
f 4437/4913 4442/4269 341/366 285/365
f 5450/5801 5501/5868 9501/5869 9499/5805
f 289/4931 338/312 4442/4269 4437/4913
f 4534/370 4536/5075 4717/5142 4718/5111
f 4672/5108 4718/5111 4717/5142 4673/5109
f 4674/5107 4672/5108 4673/5109 4675/5110
f 4674/5107 4675/5110 4676/5112 4559/5064
f 4676/5112 4614/5082 4560/5065 4559/5064
f 4615/251 242/250 240/252 4617/253
f 4617/253 240/252 241/254 4618/255
f 4618/255 241/254 251/769 4631/770
f 4616/248 243/249 242/250 4615/251
f 243/249 4616/248 4620/270 267/269
f 4631/770 251/769 253/1108 4630/1107
f 4619/267 266/268 267/269 4620/270
f 265/5057 266/268 4619/267 4625/275
f 268/5041 265/5057 4625/275 4623/936
f 269/5038 268/5041 4623/936 4622/933
f 270/5039 269/5038 4622/933 4621/932
f 4630/1107 253/1108 252/1109 4629/1110
f 9642/6576 4629/1110 252/1109 5422/6577
f 4478/5049 270/5039 4621/932 4632/942
f 9643/6244 9642/6576 5422/6577 5421/6245
f 271/5059 4478/5049 4632/942 4624/1588
f 9631/5771 9643/6244 5421/6245 5412/5772
f 271/5059 4624/1588 4628/976 911/5060
f 9630/5769 9631/5771 5412/5772 5411/5770
f 737/5061 911/5060 4628/976 4627/953
f 736/5084 737/5061 4627/953 4626/952
f 9628/5766 9630/5769 5411/5770 5413/5767
f 5293/5646 5289/5647 5281/5644 5288/5643
f 5293/5646 5288/5643 5280/5645 5336/5708
f 5289/5647 5290/5648 5282/5649 5281/5644
f 5290/5648 5291/5650 5283/5651 5282/5649
f 5335/5701 5336/5708 5280/5645 5279/5702
f 5291/5650 5292/5652 5284/5653 5283/5651
f 5334/5700 5335/5701 5279/5702 5278/5703
f 5331/5706 5334/5700 5278/5703 5275/5707
f 5330/5704 5331/5706 5275/5707 5274/5705
f 5332/5698 5330/5704 5274/5705 5276/5699
f 5383/5737 5382/5738 5355/5719 5356/5723
f 5400/5752 5399/5753 5382/5738 5383/5737
f 5356/5723 5355/5719 5349/5722 5350/5724
f 5406/5761 5405/5762 5399/5753 5400/5752
f 5333/5697 5350/5724 5349/5722 5332/5698
f 5406/5761 9658/9720 9657/9723 5405/5762
f 5333/5697 5332/5698 5276/5699 5277/5637
f 9658/9720 8813/9721 8814/9722 9657/9723
f 5839/10368 8814/9722 8813/9721 5840/10374
f 9598/10464 5839/10368 5840/10374 9593/5790
f 5414/5768 5413/5767 9598/10464 9593/5790
f 9629/5765 9628/5766 5413/5767 5414/5768
f 5266/10367 5284/5653 5292/5652 5322/10366
f 5322/10366 9489/5680 9487/5681 5266/10367
f 9489/5680 5321/5678 5265/5679 9487/5681
f 5321/5678 5320/5676 5264/5619 5265/5679
f 5321/5678 9646/10351 9610/10350 5320/5676
f 9698/10349 9610/10350 9646/10351 9701/10352
f 9468/10335 9698/10349 9701/10352 9491/10346
f 9468/10335 9491/10346 6010/10347 9465/10336
f 9649/10481 9465/10336 6010/10347 9651/10444
f 5340/10386 9649/10481 9651/10444 9650/10494
f 9493/5809 5374/5816 5340/10386 9650/10494
f 5453/5817 5374/5816 9493/5809 9498/5806
f 738/1006 4685/5083 736/5084 4626/952
f 5452/5871 5453/5817 9498/5806 9499/5805
f 4685/5083 4684/4999 4613/5080 4614/5082
f 738/1006 916/1005 4684/4999 4685/5083
f 4555/5021 4560/5065 4614/5082 4613/5080
f 9499/5805 9501/5869 5502/5870 5452/5871
f 4454/371 4534/370 4718/5111 4708/4978
f 4461/4966 4454/371 4708/4978 4707/4981
f 4522/4942 4461/4966 4707/4981 4716/5089
f 4522/4942 4523/4943 359/367 289/4931
f 4716/5089 373/5144 4523/4943 4522/4942
f 338/312 289/4931 359/367 319/313
f 4439/4193 4438/356 294/285 293/302
f 278/360 4436/4239 4439/4193 293/302
f 295/282 294/285 4438/356 4440/355
f 278/360 339/361 4443/4240 4436/4239
f 295/282 4440/355 9460/5865 5462/5799
f 4517/4264 4443/4240 339/361 4482/364
f 9461/9635 5461/5815 5462/5799 9460/5865
f 4517/4264 4482/364 340/363 4441/4265
f 5447/5867 5461/5815 9461/9635 9458/9681
f 5447/5867 9458/9681 9464/9682 5501/5868
f 4442/4269 4441/4265 340/363 341/366
f 9536/9706 9501/5869 5501/5868 9464/9682
f 338/312 337/311 4441/4265 4442/4269
f 9536/9706 9462/9707 5502/5870 9501/5869
f 337/311 338/312 319/313 320/314
f 4708/4978 4718/5111 4672/5108 4527/4979
f 4672/5108 4674/5107 4526/5077 4527/4979
f 4604/5004 4526/5077 4674/5107 4559/5064
f 4559/5064 4560/5065 4593/5005 4604/5004
f 4560/5065 4555/5021 4598/5012 4593/5005
f 250/271 4616/248 4615/251 249/857
f 249/857 4615/251 4617/253 247/1099
f 247/1099 4617/253 4618/255 248/1111
f 248/1111 4618/255 4631/770 983/1189
f 983/1189 4631/770 4630/1107 985/1151
f 4616/248 250/271 273/272 4620/270
f 272/276 4619/267 4620/270 273/272
f 985/1151 4630/1107 4629/1110 984/1152
f 4625/275 4619/267 272/276 872/277
f 4623/936 4625/275 872/277 871/937
f 4622/933 4623/936 871/937 868/934
f 4621/932 4622/933 868/934 869/935
f 4632/942 4621/932 869/935 4484/943
f 6080/6616 984/1152 4629/1110 9642/6576
f 6079/6643 6080/6616 9642/6576 9643/6244
f 4624/1588 4632/942 4484/943 870/1036
f 5418/6579 6079/6643 9643/6244 9631/5771
f 4624/1588 870/1036 913/974 4628/976
f 5417/6570 5418/6579 9631/5771 9630/5769
f 4627/953 4628/976 913/974 896/816
f 5419/6328 5417/6570 9630/5769 9628/5766
f 4626/952 4627/953 896/816 895/786
f 4626/952 895/786 894/785 738/1006
f 5420/5789 5419/6328 9628/5766 9629/5765
f 9449/5642 5288/5643 5281/5644 9451/5638
f 5281/5644 5282/5649 9452/5639 9451/5638
f 9433/5635 5280/5645 5288/5643 9449/5642
f 5279/5702 5280/5645 9433/5635 9432/5634
f 5282/5649 5283/5651 9450/5640 9452/5639
f 5283/5651 5284/5653 9431/5641 9450/5640
f 5278/5703 5279/5702 9432/5634 9453/5633
f 9446/10365 9431/5641 5284/5653 5266/10367
f 5275/5707 5278/5703 9453/5633 9455/5632
f 5274/5705 5275/5707 9455/5632 9454/5631
f 5276/5699 5274/5705 9454/5631 9434/5630
f 5277/5637 5276/5699 9434/5630 9456/5629
f 5356/5723 5367/5735 5388/5739 5383/5737
f 5400/5752 5383/5737 5388/5739 5425/5778
f 5350/5724 5339/5736 5367/5735 5356/5723
f 5400/5752 5425/5778 5432/5781 5406/5761
f 5323/5696 5339/5736 5350/5724 5333/5697
f 9658/9720 5406/5761 5432/5781 9659/9719
f 5267/5636 5323/5696 5333/5697 5277/5637
f 8813/9721 9658/9720 9659/9719 8812/9718
f 9435/5628 5267/5636 5277/5637 9456/5629
f 8812/9718 5844/10398 5840/10374 8813/9721
f 5844/10398 9601/5791 9593/5790 5840/10374
f 9593/5790 9601/5791 5436/5786 5414/5768
f 5414/5768 5436/5786 9633/5785 9629/5765
f 9629/5765 9633/5785 5442/5788 5420/5789
f 5266/10367 9487/5681 9535/5616 9446/10365
f 9487/5681 5265/5679 9447/5617 9535/5616
f 5265/5679 5264/5619 9445/5618 9447/5617
f 5263/5620 5264/5619 5320/5676 5319/5677
f 5319/5677 5320/5676 9610/10350 9619/10377
f 9445/5618 5264/5619 5263/5620 9444/5621
f 9619/10377 9610/10350 9698/10349 9647/10370
f 9647/10370 9698/10349 9468/10335 9467/10334
f 9467/10334 9468/10335 9465/10336 9466/10337
f 9648/10482 9466/10337 9465/10336 9649/10481
f 9649/10481 5340/10386 5361/10387 9648/10482
f 5340/10386 5374/5816 5379/5819 5361/10387
f 5374/5816 5453/5817 9475/5818 5379/5819
f 5452/5871 5454/5873 9475/5818 5453/5817
f 916/1005 738/1006 894/785 893/856
f 5452/5871 5502/5870 5503/5872 5454/5873
f 4683/4192 4684/4999 916/1005 3699/4191
f 4612/5079 4613/5080 4684/4999 4683/4192
f 4556/5022 4555/5021 4613/5080 4612/5079
f 3698/4190 3699/4191 916/1005 893/856
f 4602/5020 4598/5012 4555/5021 4556/5022
f 9463/9711 5503/5872 5502/5870 9462/9707
f 4708/4978 4527/4979 901/4980 4707/4981
f 4707/4981 901/4980 4644/4977 4716/5089
f 4716/5089 4644/4977 377/4945 373/5144
f 375/5145 4727/5148 4523/4943 373/5144
f 4523/4943 4521/4941 361/334 359/367
f 4523/4943 4727/5148 4749/5151 4521/4941
f 359/367 287/337 327/348 319/313
f 361/334 334/333 287/337 359/367
f 375/5145 373/5144 377/4945 378/389
f 319/313 327/348 324/346 320/314
f 296/4944 297/357 4438/356 4439/4193
f 277/4262 296/4944 4439/4193 4436/4239
f 4440/355 4438/356 297/357 298/358
f 4436/4239 4443/4240 336/4263 277/4262
f 4440/355 298/358 5464/5864 9460/5865
f 4481/4962 336/4263 4443/4240 4517/4264
f 5463/10360 9461/9635 9460/5865 5464/5864
f 4517/4264 4441/4265 337/311 4481/4962
f 5446/9704 9458/9681 9461/9635 5463/10360
f 9458/9681 5446/9704 5498/9705 9464/9682
f 9500/10378 9536/9706 9464/9682 5498/9705
f 9536/9706 9500/10378 5499/5824 9462/9707
f 4481/4962 337/311 320/314 288/354
f 5500/5827 9463/9711 9462/9707 5499/5824
f 320/314 324/346 323/345 288/354
f 901/4980 4527/4979 4526/5077 4535/5076
f 4604/5004 4541/5007 4535/5076 4526/5077
f 4604/5004 4593/5005 4542/5006 4541/5007
f 4593/5005 4598/5012 4550/5013 4542/5006
f 4549/5070 4550/5013 4598/5012 4602/5020
f 974/1102 274/1103 273/272 250/271
f 974/1102 250/271 249/857 977/1101
f 249/857 247/1099 981/1100 977/1101
f 981/1100 247/1099 248/1111 982/1112
f 983/1189 227/1188 982/1112 248/1111
f 985/1151 1015/1137 227/1188 983/1189
f 1015/1137 985/1151 984/1152 1016/1138
f 272/276 273/272 274/1103 4780/5168
f 4780/5168 4784/5175 872/277 272/276
f 6108/6604 1016/1138 984/1152 6080/6616
f 871/937 872/277 4784/5175 4788/5180
f 868/934 871/937 4788/5180 4797/5191
f 860/1033 869/935 868/934 4797/5191
f 4483/1032 4484/943 869/935 860/1033
f 867/1037 870/1036 4484/943 4483/1032
f 6080/6616 6079/6643 5401/6644 6108/6604
f 6079/6643 5418/6579 6078/6578 5401/6644
f 912/975 913/974 870/1036 867/1037
f 6077/6569 6078/6578 5418/6579 5417/6570
f 740/817 896/816 913/974 912/975
f 5419/6328 6073/6568 6077/6569 5417/6570
f 741/787 895/786 896/816 740/817
f 6070/6571 6073/6568 5419/6328 5420/5789
f 742/784 894/785 895/786 741/787
f 743/855 893/856 894/785 742/784
f 6070/6571 5420/5789 5442/5788 5443/6572
f 5247/5590 9433/5635 9449/5642 5286/5594
f 5286/5594 9449/5642 9451/5638 5250/5601
f 9451/5638 9452/5639 5253/5598 5250/5601
f 9452/5639 9450/5640 5256/5606 5253/5598
f 9432/5634 9433/5635 5247/5590 5244/5586
f 9453/5633 9432/5634 5244/5586 5241/5584
f 9450/5640 9431/5641 5259/5610 5256/5606
f 9431/5641 9446/10365 5236/10364 5259/5610
f 9455/5632 9453/5633 5241/5584 5190/5534
f 9446/10365 9535/5616 9486/5581 5236/10364
f 9454/5631 9455/5632 5190/5534 5189/5533
f 9434/5630 9454/5631 5189/5533 5193/5539
f 9456/5629 9434/5630 5193/5539 5196/5541
f 5199/5544 9435/5628 9456/5629 5196/5541
f 5366/5733 5367/5735 5339/5736 5338/5734
f 5387/5747 5388/5739 5367/5735 5366/5733
f 5424/5777 5425/5778 5388/5739 5387/5747
f 5431/5780 5432/5781 5425/5778 5424/5777
f 5324/5694 5338/5734 5339/5736 5323/5696
f 5431/5780 9660/9717 9659/9719 5432/5781
f 5324/5694 5323/5696 5267/5636 5268/5695
f 9660/9717 8811/9716 8812/9718 9659/9719
f 5268/5695 5267/5636 9435/5628 9436/5627
f 5844/10398 8812/9718 8811/9716 5843/10399
f 9436/5627 9435/5628 5199/5544 5202/5547
f 9601/5791 5844/10398 5843/10399 9600/10467
f 5435/5787 5436/5786 9601/5791 9600/10467
f 9632/5784 9633/5785 5436/5786 5435/5787
f 5441/5794 5442/5788 9633/5785 9632/5784
f 5441/5794 9783/10574 5443/6572 5442/5788
f 9535/5616 9447/5617 5233/5578 9486/5581
f 9447/5617 9445/5618 5230/5574 5233/5578
f 5230/5574 9445/5618 9444/5621 5227/5575
f 5319/5677 5318/10531 5262/10532 5263/5620
f 9442/10533 9444/5621 5263/5620 5262/10532
f 5318/10531 5319/5677 9619/10377 5368/10530
f 9647/10370 6011/10529 5368/10530 9619/10377
f 9444/5621 9442/10533 5224/10534 5227/5575
f 6011/10529 9647/10370 9467/10334 5369/10528
f 9700/10526 9538/10525 5369/10528 9467/10334
f 9467/10334 9466/10337 9457/10483 9700/10526
f 9457/10483 9466/10337 9648/10482 9551/5878
f 9551/5878 9648/10482 5361/10387 9473/5875
f 9550/10369 9473/5875 5361/10387 5379/5819
f 5379/5819 9475/5818 9543/10333 9550/10369
f 9475/5818 5454/5873 9459/10332 9543/10333
f 9459/10332 5454/5873 5503/5872 9463/9711
f 893/856 743/855 3697/4189 3698/4190
f 4683/4192 3699/4191 918/988 4681/1177
f 4612/5079 4683/4192 4681/1177 4610/5078
f 892/987 918/988 3699/4191 3698/4190
f 4556/5022 4612/5079 4610/5078 4558/5015
f 4602/5020 4556/5022 4558/5015 4603/5014
f 3698/4190 3697/4189 744/989 892/987
f 4549/5070 4602/5020 4603/5014 4547/5067
f 5458/10348 9459/10332 9463/9711 5500/5827
f 4644/4977 901/4980 4535/5076 4531/4976
f 712/4268 377/4945 4644/4977 4531/4976
f 378/389 377/4945 712/4268 379/390
f 4726/494 4727/5148 375/5145 376/5146
f 375/5145 378/389 364/392 376/5146
f 4727/5148 4726/494 4750/493 4749/5151
f 4521/4941 4459/491 360/335 361/334
f 4732/492 4459/491 4521/4941 4749/5151
f 334/333 361/334 360/335 286/336
f 4749/5151 4750/493 4720/5147 4732/492
f 287/337 334/333 335/338 321/339
f 287/337 321/339 326/347 327/348
f 326/347 325/343 324/346 327/348
f 334/333 286/336 333/353 335/338
f 378/389 379/390 369/391 364/392
f 325/343 322/344 323/345 324/346
f 276/310 301/315 296/4944 277/4262
f 301/315 302/318 297/357 296/4944
f 298/358 297/357 302/318 303/322
f 277/4262 336/4263 368/359 276/310
f 298/358 303/322 5468/5829 5464/5864
f 288/354 368/359 336/4263 4481/4962
f 5467/5828 5463/10360 5464/5864 5468/5829
f 5445/5821 5446/9704 5463/10360 5467/5828
f 5446/9704 5445/5821 5528/5866 5498/9705
f 5457/5863 9500/10378 5498/9705 5528/5866
f 9500/10378 5457/5863 5482/5825 5499/5824
f 5499/5824 5482/5825 5481/5826 5500/5827
f 365/342 368/359 288/354 323/345
f 5500/5827 5481/5826 5520/5874 5458/10348
f 322/344 366/340 365/342 323/345
f 4531/4976 4535/5076 4541/5007 4530/4975
f 4541/5007 4542/5006 4529/4974 4530/4975
f 4542/5006 4550/5013 4528/4973 4529/4974
f 4550/5013 4549/5070 3700/4972 4528/4973
f 4549/5070 4547/5067 898/4969 3700/4972
f 4937/1113 974/1102 977/1101 4934/1114
f 4937/1113 4938/1115 274/1103 974/1102
f 4938/1115 4948/5167 4780/5168 274/1103
f 4934/1114 977/1101 981/1100 4935/1120
f 981/1100 982/1112 4941/1163 4935/1120
f 227/1188 4946/1190 4941/1163 982/1112
f 1015/1137 4942/1136 4946/1190 227/1188
f 4942/1136 1015/1137 1016/1138 4940/1139
f 9943/6603 4940/1139 1016/1138 6108/6604
f 4948/5167 4949/5174 4784/5175 4780/5168
f 4949/5174 4950/5179 4788/5180 4784/5175
f 6108/6604 5401/6644 9947/6645 9943/6603
f 4788/5180 5140/5521 5149/5216 4797/5191
f 4950/5179 5155/5526 5140/5521 4788/5180
f 5136/5197 860/1033 4797/5191 5149/5216
f 5145/5196 4483/1032 860/1033 5136/5197
f 4483/1032 5145/5196 5138/5203 867/1037
f 867/1037 933/1589 739/1122 912/975
f 5147/5202 933/1589 867/1037 5138/5203
f 5401/6644 6078/6578 9942/6626 9947/6645
f 6077/6569 9937/6587 9942/6626 6078/6578
f 998/1019 999/1025 740/817 912/975
f 912/975 739/1122 997/1020 998/1019
f 9936/6581 9937/6587 6077/6569 6073/6568
f 741/787 740/817 999/1025 1002/1016
f 9939/6580 9936/6581 6073/6568 6070/6571
f 742/784 741/787 1002/1016 1000/1015
f 9939/6580 6070/6571 5443/6572 9940/6582
f 743/855 742/784 1000/1015 1001/1023
f 3696/4187 3697/4189 743/855 1001/1023
f 9940/6582 5443/6572 9783/10574 9949/10575
f 5247/5590 5246/5591 5243/5587 5244/5586
f 5286/5594 5285/5595 5246/5591 5247/5590
f 5250/5601 5249/5600 5285/5595 5286/5594
f 5253/5598 5252/5599 5249/5600 5250/5601
f 5256/5606 5255/5607 5252/5599 5253/5598
f 5259/5610 5258/5611 5255/5607 5256/5606
f 5244/5586 5243/5587 5240/5585 5241/5584
f 5241/5584 5240/5585 5188/5535 5190/5534
f 5237/10363 5258/5611 5259/5610 5236/10364
f 5237/10363 5236/10364 9486/5581 9484/5580
f 5189/5533 5190/5534 5188/5535 5187/5536
f 9484/5580 9486/5581 5233/5578 5234/5577
f 5192/5538 5193/5539 5189/5533 5187/5536
f 5195/5540 5196/5541 5193/5539 5192/5538
f 5198/5543 5199/5544 5196/5541 5195/5540
f 5201/5546 5202/5547 5199/5544 5198/5543
f 5365/5729 5366/5733 5338/5734 5337/5730
f 5386/5745 5387/5747 5366/5733 5365/5729
f 5325/5687 5337/5730 5338/5734 5324/5694
f 5423/5776 5424/5777 5387/5747 5386/5745
f 5430/5782 5431/5780 5424/5777 5423/5776
f 5430/5782 9661/9715 9660/9717 5431/5780
f 5325/5687 5324/5694 5268/5695 5269/5688
f 9661/9715 8810/9714 8811/9716 9660/9717
f 5269/5688 5268/5695 9436/5627 9437/5626
f 5843/10399 8811/9716 8810/9714 5841/10400
f 9437/5626 9436/5627 5202/5547 5205/5550
f 9600/10467 5843/10399 5841/10400 9599/10466
f 5204/5549 5205/5550 5202/5547 5201/5546
f 5434/10465 5435/5787 9600/10467 9599/10466
f 5434/10465 9638/5792 9632/5784 5435/5787
f 9638/5792 5977/5793 5441/5794 9632/5784
f 9783/10574 5441/5794 5977/5793 9787/10581
f 9949/10575 9783/10574 9787/10581 9950/10582
f 5234/5577 5233/5578 5230/5574 5231/5571
f 5231/5571 5230/5574 5227/5575 5228/5572
f 5225/10535 5228/5572 5227/5575 5224/10534
f 5317/5682 5318/10531 5368/10530 5360/6438
f 5318/10531 5317/5682 5261/5685 5262/10532
f 9443/5614 9442/10533 5262/10532 5261/5685
f 9442/10533 9443/5614 5223/5565 5224/10534
f 6011/10529 6008/6443 5360/6438 5368/10530
f 5369/10528 5389/6435 6008/6443 6011/10529
f 5222/5564 5225/10535 5224/10534 5223/5565
f 5389/6435 5369/10528 9538/10525 5395/6432
f 9699/10523 9471/10524 9538/10525 9700/10526
f 9457/10483 9554/10484 9699/10523 9700/10526
f 9471/10524 9472/10457 5395/6432 9538/10525
f 9457/10483 9551/5878 9552/5877 9554/10484
f 9473/5875 9474/5876 9552/5877 9551/5878
f 9550/10369 9480/10382 9474/5876 9473/5875
f 9543/10333 9540/10358 9480/10382 9550/10369
f 9540/10358 9543/10333 9459/10332 5458/10348
f 996/1002 744/989 3697/4189 3696/4187
f 892/987 923/983 917/982 918/988
f 4681/1177 918/988 917/982 4680/1178
f 4610/5078 4681/1177 4680/1178 4609/5071
f 4558/5015 4610/5078 4609/5071 4551/5016
f 892/987 744/989 921/985 923/983
f 4603/5014 4558/5015 4551/5016 4596/5017
f 4547/5067 4603/5014 4596/5017 4546/5068
f 921/985 744/989 996/1002 995/1000
f 899/4968 898/4969 4547/5067 4546/5068
f 9540/10358 5458/10348 5520/5874 9541/10359
f 3740/4238 712/4268 4531/4976 4530/4975
f 379/390 712/4268 3740/4238 3739/4237
f 369/391 379/390 3739/4237 4725/4236
f 4750/493 4726/494 411/495 4740/496
f 376/5146 412/432 411/495 4726/494
f 376/5146 364/392 409/427 412/432
f 364/392 369/391 408/426 409/427
f 4720/5147 4750/493 4740/496 410/523
f 4731/489 4524/490 4459/491 4732/492
f 315/331 360/335 4459/491 4524/490
f 286/336 360/335 315/331 314/330
f 356/478 4731/489 4732/492 4720/5147
f 286/336 314/330 332/352 333/353
f 457/479 356/478 4720/5147 410/523
f 345/375 321/339 335/338 355/377
f 355/377 335/338 333/353 354/385
f 321/339 345/375 348/376 326/347
f 347/382 325/343 326/347 348/376
f 346/386 322/344 325/343 347/382
f 332/352 353/379 354/385 333/353
f 408/426 369/391 4725/4236 3738/4235
f 322/344 346/386 367/384 366/340
f 275/307 299/308 300/309 276/310
f 275/307 276/310 368/359 365/342
f 306/316 301/315 276/310 300/309
f 301/315 306/316 307/317 302/318
f 308/321 303/322 302/318 307/317
f 308/321 5472/5830 5468/5829 303/322
f 5467/5828 5468/5829 5472/5830 5471/5831
f 5471/5831 5466/5822 5445/5821 5467/5828
f 5444/5820 5445/5821 5466/5822 5465/5823
f 5444/5820 5525/5850 5528/5866 5445/5821
f 5525/5850 5485/5854 5457/5863 5528/5866
f 5482/5825 5457/5863 5485/5854 5486/5853
f 5481/5826 5482/5825 5486/5853 5489/5857
f 5520/5874 5481/5826 5489/5857 5456/5846
f 366/340 328/341 275/307 365/342
f 5522/5845 5520/5874 5456/5846 5496/5842
f 9541/10359 5520/5874 5522/5845 9539/10357
f 366/340 367/384 349/380 328/341
f 4530/4975 4529/4974 713/773 3740/4238
f 4529/4974 4528/4973 726/774 713/773
f 3701/4195 726/774 4528/4973 3700/4972
f 3700/4972 898/4969 730/777 3701/4195
f 898/4969 899/4968 731/778 730/777
f 1011/1131 4937/1113 4934/1114 1010/1132
f 1011/1131 1012/1133 4938/1115 4937/1113
f 1010/1132 4934/1114 4935/1120 1013/1135
f 1012/1133 4783/5169 4948/5167 4938/1115
f 4783/5169 4787/5176 4949/5174 4948/5167
f 4935/1120 4941/1163 1017/1149 1013/1135
f 4946/1190 1055/1150 1017/1149 4941/1163
f 4942/1136 1021/1157 1055/1150 4946/1190
f 1021/1157 4942/1136 4940/1139 1014/1158
f 6113/6621 1014/1158 4940/1139 9943/6603
f 9943/6603 9947/6645 6147/6614 6113/6621
f 4787/5176 4791/5181 4950/5179 4949/5174
f 4791/5181 5151/5214 5155/5526 4950/5179
f 9947/6645 9942/6626 6109/6615 6147/6614
f 5140/5521 5122/5206 5121/5209 5149/5216
f 5155/5526 5131/5230 5122/5206 5140/5521
f 5113/5519 5136/5197 5149/5216 5121/5209
f 5151/5214 5125/5423 5131/5230 5155/5526
f 5114/5235 5145/5196 5136/5197 5113/5519
f 5145/5196 5114/5235 5117/5238 5138/5203
f 5118/5221 5147/5202 5138/5203 5117/5238
f 885/1123 739/1122 933/1589 4792/5186
f 933/1589 5147/5202 5154/5525 4792/5186
f 885/1123 993/1027 997/1020 739/1122
f 5147/5202 5118/5221 5129/5224 5154/5525
f 9937/6587 6107/6602 6109/6615 9942/6626
f 6104/6598 6107/6602 9937/6587 9936/6581
f 998/1019 997/1020 749/1021 746/1022
f 746/1022 763/1026 999/1025 998/1019
f 1002/1016 999/1025 763/1026 762/1017
f 993/1027 886/955 749/1021 997/1020
f 6105/6599 6104/6598 9936/6581 9939/6580
f 1000/1015 1002/1016 762/1017 776/1018
f 6105/6599 9939/6580 9940/6582 6106/6600
f 1001/1023 1000/1015 776/1018 928/1024
f 6106/6600 9940/6582 9949/10575 9786/10576
f 1001/1023 928/1024 3695/4188 3696/4187
f 3696/4187 3695/4188 785/1003 996/1002
f 9786/10576 9949/10575 9950/10582 9790/10583
f 5246/5591 9425/5592 9424/5588 5243/5587
f 5285/5595 9430/5596 9425/5592 5246/5591
f 5243/5587 9424/5588 9423/5582 5240/5585
f 5249/5600 9426/5605 9430/5596 5285/5595
f 5252/5599 9427/5602 9426/5605 5249/5600
f 5255/5607 9428/5608 9427/5602 5252/5599
f 5258/5611 9429/5612 9428/5608 5255/5607
f 9422/10362 9429/5612 5258/5611 5237/10363
f 5240/5585 9423/5582 9405/5530 5188/5535
f 5187/5536 5188/5535 9405/5530 9406/5529
f 9422/10362 5237/10363 9484/5580 9533/5579
f 9533/5579 9484/5580 5234/5577 9421/5576
f 9407/5537 5192/5538 5187/5536 9406/5529
f 9421/5576 5234/5577 5231/5571 9420/5570
f 9408/5542 5195/5540 5192/5538 9407/5537
f 9409/5545 5198/5543 5195/5540 9408/5542
f 9410/5548 5201/5546 5198/5543 9409/5545
f 9411/5551 5204/5549 5201/5546 9410/5548
f 5370/5726 5365/5729 5337/5730 5362/5727
f 5391/5744 5386/5745 5365/5729 5370/5726
f 5326/5686 5362/5727 5337/5730 5325/5687
f 5426/5775 5423/5776 5386/5745 5391/5744
f 5326/5686 5325/5687 5269/5688 5270/5689
f 5433/5783 5430/5782 5423/5776 5426/5775
f 5433/5783 9662/9712 9661/9715 5430/5782
f 9662/9712 8809/9713 8810/9714 9661/9715
f 5270/5689 5269/5688 9437/5626 9438/5625
f 5841/10400 8810/9714 8809/9713 5842/10401
f 9438/5625 9437/5626 5205/5550 5208/5553
f 9599/10466 5841/10400 5842/10401 9596/10451
f 5207/5552 5208/5553 5205/5550 5204/5549
f 5437/10450 5434/10465 9599/10466 9596/10451
f 9412/5554 5207/5552 5204/5549 9411/5551
f 5437/10450 9636/6408 9638/5792 5434/10465
f 9636/6408 5976/6407 5977/5793 9638/5792
f 5976/6407 9791/10586 9787/10581 5977/5793
f 9950/10582 9787/10581 9791/10586 9951/10587
f 9790/10583 9950/10582 9951/10587 9794/10588
f 9420/5570 5231/5571 5228/5572 9419/5573
f 9418/10536 9419/5573 5228/5572 5225/10535
f 9417/5568 9418/10536 5225/10535 5222/5564
f 5317/5682 5316/5683 5260/5684 5261/5685
f 5317/5682 5360/6438 6006/6439 5316/5683
f 6008/6443 6009/6444 6006/6439 5360/6438
f 5261/5685 5260/5684 9448/5615 9443/5614
f 9443/5614 9448/5615 5220/5566 5223/5565
f 5222/5564 5223/5565 5220/5566 5219/5567
f 6004/6434 6009/6444 6008/6443 5389/6435
f 5395/6432 6005/6433 6004/6434 5389/6435
f 9417/5568 5222/5564 5219/5567 9416/5569
f 9577/10456 6005/6433 5395/6432 9472/10457
f 9554/10484 9725/10550 9727/10551 9699/10523
f 9717/10549 9471/10524 9699/10523 9727/10551
f 9471/10524 9717/10549 9718/10438 9472/10457
f 9552/5877 9726/10519 9725/10550 9554/10484
f 9719/10439 9577/10456 9472/10457 9718/10438
f 9474/5876 9716/10394 9726/10519 9552/5877
f 9480/10382 9715/10395 9716/10394 9474/5876
f 9540/10358 9724/10497 9715/10395 9480/10382
f 9724/10497 9540/10358 9541/10359 5533/10552
f 995/1000 996/1002 785/1003 924/1004
f 915/981 917/982 923/983 922/984
f 921/985 914/986 922/984 923/983
f 4680/1178 917/982 915/981 4679/1179
f 4609/5071 4680/1178 4679/1179 4608/5027
f 4551/5016 4609/5071 4608/5027 4552/5019
f 4596/5017 4551/5016 4552/5019 4599/5018
f 995/1000 994/1001 914/986 921/985
f 4546/5068 4596/5017 4599/5018 4545/5069
f 735/4967 899/4968 4546/5068 4545/5069
f 924/1004 927/1121 994/1001 995/1000
f 722/779 731/778 899/4968 735/4967
f 5535/10553 5533/10552 9541/10359 9734/10556
f 9541/10359 9539/10357 9755/10559 9734/10556
f 3739/4237 3740/4238 713/773 380/776
f 4725/4236 3739/4237 380/776 370/469
f 3738/4235 4725/4236 370/469 403/472
f 4740/496 411/495 448/482 4737/481
f 412/432 414/431 448/482 411/495
f 410/523 4740/496 4737/481 452/502
f 409/427 413/430 414/431 412/432
f 425/463 413/430 409/427 408/426
f 425/463 408/426 3738/4235 3737/4234
f 452/502 458/501 457/479 410/523
f 4730/428 4731/489 356/478 357/477
f 4460/429 4524/490 4731/489 4730/428
f 4460/429 342/372 315/331 4524/490
f 309/325 314/330 315/331 310/326
f 310/326 315/331 342/372 316/328
f 314/330 309/325 331/351 332/352
f 357/477 356/478 457/479 451/480
f 331/351 352/378 353/379 332/352
f 451/480 457/479 458/501 461/507
f 345/375 382/410 385/408 348/376
f 382/410 345/375 355/377 392/409
f 392/409 355/377 354/385 391/406
f 353/379 390/405 391/406 354/385
f 384/407 347/382 348/376 385/408
f 383/415 346/386 347/382 384/407
f 393/414 367/384 346/386 383/415
f 352/378 389/416 390/405 353/379
f 3737/4234 3738/4235 403/472 423/444
f 367/384 393/414 386/411 349/380
f 299/308 275/307 328/341 329/349
f 299/308 304/319 305/320 300/309
f 304/319 299/308 329/349 330/350
f 300/309 305/320 311/323 306/316
f 306/316 311/323 312/324 307/317
f 313/327 308/321 307/317 312/324
f 313/327 5476/5834 5472/5830 308/321
f 5471/5831 5472/5830 5476/5834 5475/5835
f 5466/5822 5471/5831 5475/5835 5470/5832
f 5465/5823 5466/5822 5470/5832 5469/5833
f 5526/5849 5525/5850 5444/5820 5490/5851
f 5465/5823 5491/5858 5490/5851 5444/5820
f 5469/5833 5492/5859 5491/5858 5465/5823
f 5484/5855 5485/5854 5525/5850 5526/5849
f 5487/5852 5486/5853 5485/5854 5484/5855
f 5488/5856 5489/5857 5486/5853 5487/5852
f 5456/5846 5489/5857 5488/5856 5483/5847
f 5456/5846 5483/5847 5497/5848 5496/5842
f 328/341 349/380 350/381 329/349
f 5496/5842 5455/5843 5521/5844 5522/5845
f 9539/10357 5522/5845 5521/5844 9478/5993
f 5496/5842 5497/5848 5495/5862 5455/5843
f 9738/5992 9755/10559 9539/10357 9478/5993
f 349/380 386/411 387/412 350/381
f 713/773 726/774 381/775 380/776
f 381/775 726/774 3701/4195 3702/4194
f 3702/4194 3701/4195 730/777 400/423
f 400/423 730/777 731/778 401/424
f 731/778 722/779 402/425 401/424
f 986/1118 1011/1131 1010/1132 987/1119
f 986/1118 989/1117 1012/1133 1011/1131
f 987/1119 1010/1132 1013/1135 973/1097
f 4783/5169 1012/1133 989/1117 4782/5170
f 884/1098 973/1097 1013/1135 1017/1149
f 4787/5176 4783/5169 4782/5170 4786/5173
f 4791/5181 4787/5176 4786/5173 4790/5178
f 1042/1148 884/1098 1017/1149 1055/1150
f 1030/1093 1042/1148 1055/1150 1021/1157
f 1021/1157 1014/1158 883/1094 1030/1093
f 6113/6621 6122/6562 883/6565 1014/1158
f 6122/6562 6113/6621 6147/6614 6134/6613
f 6134/6613 6147/6614 6109/6615 5986/6567
f 5151/5214 4791/5181 4790/5178 5141/5215
f 5125/5423 5151/5214 5141/5215 5124/5226
f 5986/6567 6109/6615 6107/6602 6069/6566
f 5122/5206 4810/5207 4819/5208 5121/5209
f 5131/5230 4952/5231 4810/5207 5122/5206
f 4798/5249 5113/5519 5121/5209 4819/5208
f 5125/5423 4813/5244 4952/5231 5131/5230
f 4807/5236 5114/5235 5113/5519 4798/5249
f 4813/5244 5125/5423 5124/5226 4812/5225
f 5114/5235 4807/5236 4800/5237 5117/5238
f 4806/5222 5118/5221 5117/5238 4800/5237
f 5118/5221 4806/5222 4814/5223 5129/5224
f 934/1124 1003/1042 993/1027 885/1123
f 885/1123 4792/5186 4793/5187 934/1124
f 4792/5186 5154/5525 5139/5205 4793/5187
f 5154/5525 5129/5224 5119/5229 5139/5205
f 1003/1042 887/956 886/955 993/1027
f 5129/5224 4814/5223 4815/5228 5119/5229
f 6082/6586 6069/6566 6107/6602 6104/6598
f 6081/6585 6082/6586 6104/6598 6105/6599
f 750/788 746/789 749/790 751/791
f 751/791 749/790 886/954 818/858
f 746/789 750/788 765/805 763/804
f 764/802 762/803 763/804 765/805
f 762/803 764/802 1034/1010 776/1009
f 824/865 818/864 886/955 887/956
f 6081/6585 6105/6599 6106/6600 6084/6584
f 1035/1007 928/1008 776/1009 1034/1010
f 9786/10576 9785/10577 6084/6584 6106/6600
f 3694/4185 3695/4186 928/1008 1035/1007
f 9790/10583 9789/10579 9785/10577 9786/10576
f 789/991 785/990 3695/4186 3694/4185
f 785/990 789/991 925/992 924/993
f 9794/10588 9793/10584 9789/10579 9790/10583
f 9425/5592 5245/5593 5242/5589 9424/5588
f 9430/5596 5287/5597 5245/5593 9425/5592
f 9424/5588 5242/5589 5239/5583 9423/5582
f 9426/5605 5248/5604 5287/5597 9430/5596
f 9423/5582 5239/5583 5186/5531 9405/5530
f 9427/5602 5251/5603 5248/5604 9426/5605
f 9428/5608 5254/5609 5251/5603 9427/5602
f 9429/5612 5257/5613 5254/5609 9428/5608
f 9429/5612 9422/10362 5238/6670 5257/5613
f 5238/6670 9422/10362 9533/5579 9485/6671
f 9406/5529 9405/5530 5186/5531 5185/5532
f 5191/6659 9407/5537 9406/5529 5185/5532
f 9485/6671 9533/5579 9421/5576 5235/6674
f 5235/6674 9421/5576 9420/5570 5232/6675
f 5194/6657 9408/5542 9407/5537 5191/6659
f 5232/6675 9420/5570 9419/5573 5229/6678
f 5197/6655 9409/5545 9408/5542 5194/6657
f 5200/6653 9410/5548 9409/5545 5197/6655
f 5203/6652 9411/5551 9410/5548 5200/6653
f 5206/6693 9412/5554 9411/5551 5203/6652
f 5371/5725 5370/5726 5362/5727 5363/5728
f 5392/5743 5391/5744 5370/5726 5371/5725
f 5327/5691 5363/5728 5362/5727 5326/5686
f 5427/5774 5426/5775 5391/5744 5392/5743
f 5327/5691 5326/5686 5270/5689 5271/5692
f 5427/5774 9589/10452 5433/5783 5426/5775
f 5271/5692 5270/5689 9438/5625 9439/5624
f 9662/9712 5433/5783 9589/10452 9723/10380
f 9590/10379 8809/9713 9662/9712 9723/10380
f 8809/9713 9590/10379 9591/10406 5842/10401
f 9439/5624 9438/5625 5208/5553 5211/5556
f 9596/10451 5842/10401 9591/10406 9603/10449
f 5210/5555 5211/5556 5208/5553 5207/5552
f 9603/10449 5438/10448 5437/10450 9596/10451
f 9413/5557 5210/5555 5207/5552 9412/5554
f 5438/10448 9635/6406 9636/6408 5437/10450
f 5209/6691 9413/5557 9412/5554 5206/6693
f 9635/6406 5973/6405 5976/6407 9636/6408
f 5973/6405 9800/10598 9791/10586 5976/6407
f 9791/10586 9800/10598 10150/10623 10141/10928
f 9951/10587 9791/10586 10141/10928 10156/10933
f 9794/10588 9951/10587 10156/10933 10152/10621
f 10152/10621 10142/10622 9793/10584 9794/10588
f 9419/5573 9418/10536 5226/10548 5229/6678
f 9418/10536 9417/5568 5221/6682 5226/10548
f 5221/6682 9417/5568 9416/5569 5218/6683
f 6006/6439 6007/6442 5329/6441 5316/5683
f 5273/7046 5260/5684 5316/5683 5329/6441
f 5260/5684 5273/7046 9440/7047 9448/5615
f 6009/6444 5373/7045 6007/6442 6006/6439
f 5373/7045 6009/6444 6004/6434 5394/7041
f 9448/5615 9440/7047 5217/7048 5220/5566
f 5216/7049 5219/5567 5220/5566 5217/7048
f 9415/7050 9416/5569 5219/5567 5216/7049
f 5394/7041 6004/6434 6005/6433 5429/7042
f 9580/10455 5429/7042 6005/6433 9577/10456
f 5215/6686 5218/6683 9416/5569 9415/7050
f 9720/10441 9580/10455 9577/10456 9719/10439
f 9682/10518 9683/10517 9725/10550 9726/10519
f 9697/10521 9727/10551 9725/10550 9683/10517
f 9697/10521 9555/10493 9717/10549 9727/10551
f 9555/10493 9556/10414 9718/10438 9717/10549
f 9718/10438 9556/10414 9578/10413 9719/10439
f 9716/10394 9545/10397 9682/10518 9726/10519
f 9719/10439 9578/10413 9581/10411 9720/10441
f 9716/10394 9715/10395 6003/10396 9545/10397
f 9715/10395 9724/10497 9656/10393 6003/10396
f 9724/10497 5533/10552 5537/10361 9656/10393
f 5535/10553 5538/5894 5537/10361 5533/10552
f 924/993 925/992 926/998 927/999
f 915/981 922/984 728/781 919/980
f 4679/1179 915/981 919/980 4678/1180
f 922/984 914/986 747/782 728/781
f 991/818 747/782 914/986 994/1001
f 4608/5027 4679/1179 4678/1180 4607/5026
f 4552/5019 4608/5027 4607/5026 4553/5010
f 4599/5018 4552/5019 4553/5010 4601/5009
f 4545/5069 4599/5018 4601/5009 4544/5066
f 994/1001 927/1121 783/819 991/818
f 729/4965 735/4967 4545/5069 4544/5066
f 735/4967 729/4965 723/772 722/779
f 787/823 783/822 927/999 926/998
f 723/772 480/540 402/425 722/779
f 9733/5998 5536/10554 5535/10553 9734/10556
f 5535/10553 5536/10554 5524/5895 5538/5894
f 9734/10556 9755/10559 9756/5995 9733/5998
f 9755/10559 9738/5992 9728/10555 9756/5995
f 380/776 381/775 362/470 370/469
f 370/469 362/470 404/471 403/472
f 403/472 404/471 424/445 423/444
f 4737/481 448/482 449/483 4738/484
f 414/431 416/434 449/483 448/482
f 452/502 4737/481 4738/484 453/503
f 413/430 415/433 416/434 414/431
f 458/501 452/502 453/503 459/504
f 415/433 413/430 425/463 428/464
f 3737/4234 3736/4233 428/464 425/463
f 423/444 426/443 3736/4233 3737/4234
f 461/507 458/501 459/504 462/508
f 4730/428 4729/404 4457/388 4460/429
f 357/477 358/401 4729/404 4730/428
f 451/480 455/402 358/401 357/477
f 342/372 4460/429 4457/388 343/373
f 316/328 342/372 343/373 317/329
f 304/319 309/325 310/326 305/320
f 309/325 304/319 330/350 331/351
f 305/320 310/326 316/328 311/323
f 311/323 316/328 317/329 312/324
f 330/350 351/383 352/378 331/351
f 461/507 464/511 455/402 451/480
f 351/383 388/413 389/416 352/378
f 464/511 461/507 462/508 465/512
f 384/407 385/408 382/410 395/419
f 382/410 392/409 398/422 395/419
f 398/422 392/409 391/406 390/405
f 397/421 398/422 390/405 389/416
f 394/418 383/415 384/407 395/419
f 396/417 393/414 383/415 394/418
f 396/417 387/412 386/411 393/414
f 399/420 397/421 389/416 388/413
f 426/443 423/444 424/445 427/446
f 329/349 350/381 351/383 330/350
f 318/332 313/327 312/324 317/329
f 318/332 5480/5838 5476/5834 313/327
f 5475/5835 5476/5834 5480/5838 5479/5839
f 5470/5832 5475/5835 5479/5839 5474/5836
f 5469/5833 5470/5832 5474/5836 5473/5837
f 5473/5837 5493/5860 5492/5859 5469/5833
f 5526/5849 5490/5851 5510/5887 5527/5890
f 5484/5855 5526/5849 5527/5890 5507/5892
f 5490/5851 5491/5858 5511/5886 5510/5887
f 5491/5858 5492/5859 5512/5889 5511/5886
f 5492/5859 5493/5860 5513/5885 5512/5889
f 5507/5892 5508/5888 5487/5852 5484/5855
f 5508/5888 5509/5881 5488/5856 5487/5852
f 5483/5847 5488/5856 5509/5881 5506/5882
f 5506/5882 5516/5883 5497/5848 5483/5847
f 5516/5883 5515/5891 5495/5862 5497/5848
f 350/381 387/412 388/413 351/383
f 5455/5843 5495/5862 5494/5861 5477/5841
f 5455/5843 5477/5841 5478/5840 5521/5844
f 5478/5840 9542/5994 9478/5993 5521/5844
f 9737/5991 9738/5992 9478/5993 9542/5994
f 5494/5861 5495/5862 5515/5891 5514/5884
f 5517/5982 9728/10555 9738/5992 9737/5991
f 396/417 399/420 388/413 387/412
f 362/470 381/775 3702/4194 4724/4196
f 4724/4196 3702/4194 400/423 374/398
f 374/398 400/423 401/424 372/394
f 372/394 401/424 402/425 371/395
f 371/395 402/425 480/540 4721/539
f 989/1117 986/1118 976/938 988/941
f 986/1118 987/1119 975/949 976/938
f 987/1119 973/1097 972/279 975/949
f 988/941 4781/5171 4782/5170 989/1117
f 973/1097 884/1098 971/280 972/279
f 4781/5171 4785/5172 4786/5173 4782/5170
f 884/1098 1042/1148 1053/1104 971/280
f 4785/5172 4789/5177 4790/5178 4786/5173
f 4789/5177 5153/5524 5141/5215 4790/5178
f 1042/1148 1030/1093 1025/1096 1053/1104
f 1030/1093 883/1094 882/1095 1025/1096
f 6122/6562 6117/6563 882/6564 883/6565
f 6134/6613 6145/6573 6117/6563 6122/6562
f 5986/6567 6067/5797 6145/6573 6134/6613
f 6069/6566 6068/5798 6067/5797 5986/6567
f 5153/5524 5127/5220 5124/5226 5141/5215
f 5127/5220 4811/5219 4812/5225 5124/5226
f 6082/6586 6071/6420 6068/5798 6069/6566
f 4952/5231 4954/5258 4832/5259 4810/5207
f 4810/5207 4832/5259 4841/5250 4819/5208
f 4820/5248 4798/5249 4819/5208 4841/5250
f 4813/5244 4835/5243 4954/5258 4952/5231
f 4829/5254 4807/5236 4798/5249 4820/5248
f 4835/5243 4813/5244 4812/5225 4834/5245
f 4807/5236 4829/5254 4822/5247 4800/5237
f 4811/5219 4833/5253 4834/5245 4812/5225
f 4828/5246 4806/5222 4800/5237 4822/5247
f 4806/5222 4828/5246 4836/5257 4814/5223
f 4814/5223 4836/5257 4837/5268 4815/5228
f 1003/1042 934/1124 4662/5105 4663/1125
f 4796/5182 4662/5105 934/1124 4793/5187
f 4663/1125 4671/1057 887/956 1003/1042
f 5148/5204 4796/5182 4793/5187 5139/5205
f 5120/5210 5148/5204 5139/5205 5119/5229
f 4818/5211 5120/5210 5119/5229 4815/5228
f 830/874 824/865 887/956 888/957
f 4671/1057 4664/1056 888/957 887/956
f 4840/5251 4818/5211 4815/5228 4837/5268
f 6081/6585 6072/6409 6071/6420 6082/6586
f 6084/6584 6083/6410 6072/6409 6081/6585
f 752/792 750/788 751/791 753/793
f 750/788 752/792 767/807 765/805
f 751/791 818/858 819/859 753/793
f 818/864 824/865 825/866 819/867
f 766/806 764/802 765/805 767/807
f 764/802 766/806 1036/1183 1034/1010
f 1037/1182 1035/1007 1034/1010 1036/1183
f 824/865 830/874 831/875 825/866
f 6083/6410 6084/6584 9785/10577 9784/10578
f 3693/4184 3694/4185 1035/1007 1037/1182
f 9784/10578 9785/10577 9789/10579 9788/10580
f 793/843 789/991 3694/4185 3693/4184
f 9788/10580 9789/10579 9793/10584 9792/10585
f 925/992 789/991 793/843 1038/842
f 926/998 925/992 1038/842 1039/994
f 9792/10585 9793/10584 10142/10622 10154/10931
f 10170/6663 10175/6676 5245/5593 5287/5597
f 10175/6676 10177/6679 5242/5589 5245/5593
f 10177/6679 10165/6660 5239/5583 5242/5589
f 5287/5597 5248/5604 10169/6664 10170/6663
f 10165/6660 10158/6647 5186/5531 5239/5583
f 10171/6667 10169/6664 5248/5604 5251/5603
f 5185/5532 5186/5531 10158/6647 10159/6646
f 10166/6662 10171/6667 5251/5603 5254/5609
f 10167/6661 10166/6662 5254/5609 5257/5613
f 5257/5613 5238/6670 10168/6669 10167/6661
f 10184/6668 10168/6669 5238/6670 9485/6671
f 10173/6673 10184/6668 9485/6671 5235/6674
f 10159/6646 10164/6658 5191/6659 5185/5532
f 10164/6658 10163/6656 5194/6657 5191/6659
f 10174/6672 10173/6673 5235/6674 5232/6675
f 10176/6677 10174/6672 5232/6675 5229/6678
f 10163/6656 10162/6654 5197/6655 5194/6657
f 5229/6678 5226/10548 10178/10547 10176/6677
f 10162/6654 10161/6650 5200/6653 5197/6655
f 10161/6650 10160/6651 5203/6652 5200/6653
f 10160/6651 10183/6692 5206/6693 5203/6652
f 10183/6692 10182/6688 5209/6691 5206/6693
f 5372/5731 5371/5725 5363/5728 5364/5732
f 5393/5746 5392/5743 5371/5725 5372/5731
f 5328/5690 5364/5732 5363/5728 5327/5691
f 5428/5773 5427/5774 5392/5743 5393/5746
f 5328/5690 5327/5691 5271/5692 5272/5693
f 5428/5773 9586/10453 9589/10452 5427/5774
f 5272/5693 5271/5692 9439/5624 9441/5623
f 9723/10380 9589/10452 9586/10453 9722/10445
f 9441/5623 9439/5624 5211/5556 5214/5559
f 9722/10445 9587/10408 9590/10379 9723/10380
f 9588/10407 9591/10406 9590/10379 9587/10408
f 9588/10407 9602/10446 9603/10449 9591/10406
f 5213/5558 5214/5559 5211/5556 5210/5555
f 9602/10446 5439/10447 5438/10448 9603/10449
f 9414/5560 5213/5558 5210/5555 9413/5557
f 5439/10447 9634/6403 9635/6406 5438/10448
f 5212/6690 9414/5560 9413/5557 5209/6691
f 9634/6403 5974/6404 5973/6405 9635/6406
f 10182/6688 10181/6689 5212/6690 5209/6691
f 5965/6502 9800/10598 5973/6405 5974/6404
f 10137/10604 10150/10623 9800/10598 5965/6502
f 10141/10928 10150/10623 10122/10614 10123/10613
f 10114/10926 10122/10614 10150/10623 10137/10604
f 10156/10933 10141/10928 10123/10613 10132/10637
f 10152/10621 10156/10933 10132/10637 10126/10830
f 10126/10830 10125/10632 10142/10622 10152/10621
f 10154/10931 10142/10622 10125/10632 10128/10625
f 5226/10548 5221/6682 10179/6681 10178/10547
f 10180/6680 10179/6681 5221/6682 5218/6683
f 5218/6683 5215/6686 10172/6685 10180/6680
f 9504/6440 9490/6437 5329/6441 6007/6442
f 6007/6442 5373/7045 9492/5750 9504/6440
f 5273/7046 5329/6441 9490/6437 9488/6436
f 5273/7046 9488/6436 9534/5622 9440/7047
f 9440/7047 9534/5622 9481/5562 5217/7048
f 5394/7041 9494/5749 9492/5750 5373/7045
f 5429/7042 9496/5779 9494/5749 5394/7041
f 5216/7049 5217/7048 9481/5562 9482/5561
f 9415/7050 5216/7049 9482/5561 9532/5563
f 5215/6686 9415/7050 9532/5563 9483/6687
f 9583/10454 9496/5779 5429/7042 9580/10455
f 9721/10442 9583/10454 9580/10455 9720/10441
f 10185/6684 10172/6685 5215/6686 9483/6687
f 9720/10441 9581/10411 9584/10409 9721/10442
f 9684/10515 9685/10516 9683/10517 9682/10518
f 9682/10518 9545/10397 9544/10485 9684/10515
f 9696/10522 9697/10521 9683/10517 9685/10516
f 9555/10493 9697/10521 9696/10522 9557/10471
f 9556/10414 9555/10493 9557/10471 9558/10403
f 9556/10414 9558/10403 9579/10402 9578/10413
f 9579/10402 9582/10412 9581/10411 9578/10413
f 6003/10396 9553/10486 9544/10485 9545/10397
f 9584/10409 9581/10411 9582/10412 9585/10410
f 9656/10393 9549/10392 9553/10486 6003/10396
f 5835/9710 9549/10392 9656/10393 5537/10361
f 5538/5894 5539/5897 5835/9710 5537/10361
f 5538/5894 5524/5895 5529/5896 5539/5897
f 791/826 787/823 926/998 1039/994
f 727/780 728/781 747/782 745/783
f 728/781 727/780 920/979 919/980
f 4678/1180 919/980 920/979 4677/1181
f 4607/5026 4678/1180 4677/1181 4606/5023
f 747/782 991/818 990/821 745/783
f 991/818 783/819 782/820 990/821
f 4553/5010 4607/5026 4606/5023 4554/5011
f 4601/5009 4553/5010 4554/5011 4600/5000
f 4544/5066 4601/5009 4600/5000 4543/5003
f 4544/5066 4543/5003 732/4959 729/4965
f 783/822 787/823 786/824 782/825
f 724/771 723/772 729/4965 732/4959
f 724/771 486/541 480/540 723/772
f 787/823 791/826 790/827 786/824
f 4722/538 4721/539 480/540 486/541
f 9756/5995 9746/5996 5571/5997 9733/5998
f 5536/10554 9733/5998 5571/5997 5572/5932
f 5536/10554 5572/5932 5569/5928 5524/5895
f 5524/5895 5569/5928 5568/5929 5529/5896
f 9728/10555 5570/6020 9746/5996 9756/5995
f 5616/5981 5570/6020 9728/10555 5517/5982
f 404/471 362/470 4724/4196 3703/4198
f 424/445 404/471 3703/4198 3704/4197
f 427/446 424/445 3704/4197 3705/4199
f 4738/484 449/483 505/486 4747/485
f 505/486 449/483 416/434 498/438
f 453/503 4738/484 4747/485 506/498
f 415/433 499/435 498/438 416/434
f 459/504 453/503 506/498 507/497
f 499/435 415/433 428/464 500/465
f 462/508 459/504 507/497 508/505
f 500/465 428/464 3736/4233 3735/4232
f 3735/4232 3736/4233 426/443 501/447
f 501/447 426/443 427/446 502/448
f 465/512 462/508 508/505 509/509
f 4728/403 4458/387 4457/388 4729/404
f 363/400 4728/403 4729/404 358/401
f 4458/387 344/374 343/373 4457/388
f 456/399 363/400 358/401 455/402
f 456/399 455/402 464/511 467/515
f 344/374 318/332 317/329 343/373
f 467/515 464/511 465/512 468/516
f 468/516 465/512 509/509 510/513
f 397/421 394/418 395/419 398/422
f 399/420 396/417 394/418 397/421
f 502/448 427/446 3705/4199 3706/4200
f 344/374 5505/5879 5480/5838 318/332
f 5479/5839 5480/5838 5505/5879 5504/5880
f 5474/5836 5479/5839 5504/5880 5478/5840
f 5473/5837 5474/5836 5478/5840 5477/5841
f 5477/5841 5494/5861 5493/5860 5473/5837
f 5493/5860 5494/5861 5514/5884 5513/5885
f 5510/5887 5511/5886 5547/5913 5546/5914
f 5527/5890 5510/5887 5546/5914 5553/5916
f 5553/5916 5543/5917 5507/5892 5527/5890
f 5543/5917 5544/5909 5508/5888 5507/5892
f 5511/5886 5512/5889 5548/5915 5547/5913
f 5512/5889 5513/5885 5549/5918 5548/5915
f 5513/5885 5514/5884 5550/5908 5549/5918
f 5544/5909 5545/5910 5509/5881 5508/5888
f 5506/5882 5509/5881 5545/5910 5542/5912
f 5542/5912 5552/5911 5516/5883 5506/5882
f 5552/5911 5551/5907 5515/5891 5516/5883
f 5514/5884 5515/5891 5551/5907 5550/5908
f 9479/5931 9542/5994 5478/5840 5504/5880
f 9479/5931 9736/5930 9737/5991 9542/5994
f 9736/5930 5518/5979 5517/5982 9737/5991
f 5518/5979 5611/5980 5616/5981 5517/5982
f 3703/4198 4724/4196 374/398 405/397
f 405/397 374/398 372/394 406/393
f 406/393 372/394 371/395 407/396
f 407/396 371/395 4721/539 481/529
f 487/542 481/529 4721/539 4722/538
f 976/938 978/939 979/940 988/941
f 978/939 976/938 975/949 878/948
f 988/941 979/940 1009/5190 4781/5171
f 878/948 975/949 972/279 881/278
f 881/278 972/279 971/280 879/281
f 1009/5190 980/5188 4785/5172 4781/5171
f 1053/1104 1051/1105 879/281 971/280
f 4789/5177 4785/5172 980/5188 873/5189
f 1025/1096 1026/1143 1051/1105 1053/1104
f 873/5189 5142/5523 5153/5524 4789/5177
f 5142/5523 5128/5217 5127/5220 5153/5524
f 882/1095 880/1142 1026/1143 1025/1096
f 882/6564 6117/6563 6118/6607 880/6608
f 6117/6563 6145/6573 6143/6574 6118/6607
f 6145/6573 6067/5797 5984/5796 6143/6574
f 5985/5795 5984/5796 6067/5797 6068/5798
f 5983/6419 5985/5795 6068/5798 6071/6420
f 5128/5217 4801/5218 4811/5219 5127/5220
f 4801/5218 4823/5269 4833/5253 4811/5219
f 6074/6412 5983/6419 6071/6420 6072/6409
f 4954/5258 4956/5293 4854/5279 4832/5259
f 4835/5243 4857/5283 4956/5293 4954/5258
f 4832/5259 4854/5279 4863/5280 4841/5250
f 4842/5287 4820/5248 4841/5250 4863/5280
f 4851/5289 4829/5254 4820/5248 4842/5287
f 4857/5283 4835/5243 4834/5245 4856/5284
f 4829/5254 4851/5289 4844/5286 4822/5247
f 4833/5253 4855/5274 4856/5284 4834/5245
f 4850/5285 4828/5246 4822/5247 4844/5286
f 4823/5269 4845/5273 4855/5274 4833/5253
f 4828/5246 4850/5285 4858/5292 4836/5257
f 4836/5257 4858/5292 4859/5282 4837/5268
f 4862/5281 4840/5251 4837/5268 4859/5282
f 4663/1125 4662/5105 4661/5106 4660/5104
f 4662/5105 4796/5182 4795/5183 4661/5106
f 4660/5104 4659/5103 4671/1057 4663/1125
f 4796/5182 5148/5204 5150/5522 4795/5183
f 4659/5103 4658/5101 4664/1056 4671/1057
f 5148/5204 5120/5210 5123/5213 5150/5522
f 5120/5210 4818/5211 4817/5212 5123/5213
f 4818/5211 4840/5251 4839/5252 4817/5212
f 830/874 836/881 837/882 831/875
f 836/881 830/874 888/957 889/958
f 4664/1056 4665/1055 889/958 888/957
f 4658/5101 4657/5099 4665/1055 4664/1056
f 4840/5251 4862/5281 4861/5288 4839/5252
f 6072/6409 6083/6410 6075/6411 6074/6412
f 6083/6410 9784/10578 6103/10597 6075/6411
f 754/794 752/792 753/793 755/795
f 752/792 754/794 769/809 767/807
f 753/793 819/859 820/863 755/795
f 768/808 766/806 767/807 769/809
f 819/867 825/866 826/870 820/871
f 825/866 831/875 832/878 826/870
f 766/806 768/808 777/852 1036/1183
f 1037/1182 1036/1183 777/852 929/1012
f 3692/4183 3693/4184 1037/1182 929/1012
f 831/875 837/882 838/885 832/878
f 6103/10597 9784/10578 9788/10580 6076/10596
f 799/844 793/843 3693/4184 3692/4183
f 9792/10585 5978/10595 6076/10596 9788/10580
f 795/833 1038/842 793/843 799/844
f 5978/10595 9792/10585 10154/10931 10143/10930
f 815/832 1039/994 1038/842 795/833
f 796/828 791/826 1039/994 815/832
f 10143/10930 10154/10931 10128/10625 10129/10624
f 10170/6663 10169/6664 6169/6665 6173/6666
f 6173/6666 6168/6712 10175/6676 10170/6663
f 6168/6712 6167/6711 10177/6679 10175/6676
f 6167/6711 6166/6741 10165/6660 10177/6679
f 6166/6741 6149/6648 10158/6647 10165/6660
f 6170/6730 6169/6665 10169/6664 10171/6667
f 10159/6646 10158/6647 6149/6648 6148/6649
f 6171/6738 6170/6730 10171/6667 10166/6662
f 6148/6649 6150/6708 10164/6658 10159/6646
f 6172/6743 6171/6738 10166/6662 10167/6661
f 10167/6661 10168/6669 6165/6723 6172/6743
f 9507/6724 6165/6723 10168/6669 10184/6668
f 6164/6714 9507/6724 10184/6668 10173/6673
f 6163/6696 6164/6714 10173/6673 10174/6672
f 6150/6708 6151/6718 10163/6656 10164/6658
f 6151/6718 6152/6728 10162/6654 10163/6656
f 6162/6697 6163/6696 10174/6672 10176/6677
f 10176/6677 10178/10547 6161/10546 6162/6697
f 6152/6728 6153/6736 10161/6650 10162/6654
f 10178/10547 10179/6681 6160/6700 6161/10546
f 6153/6736 6154/6705 10160/6651 10161/6650
f 6154/6705 6155/6704 10183/6692 10160/6651
f 6155/6704 6156/6716 10182/6688 10183/6692
f 6156/6716 6157/6726 10181/6689 10182/6688
f 9494/5749 5393/5746 5372/5731 9492/5750
f 9504/6440 9492/5750 5372/5731 5364/5732
f 5364/5732 5328/5690 9490/6437 9504/6440
f 9496/5779 5428/5773 5393/5746 9494/5749
f 9488/6436 9490/6437 5328/5690 5272/5693
f 9496/5779 9583/10454 9586/10453 5428/5773
f 9488/6436 5272/5693 9441/5623 9534/5622
f 9722/10445 9586/10453 9583/10454 9721/10442
f 9534/5622 9441/5623 5214/5559 9481/5562
f 9721/10442 9584/10409 9587/10408 9722/10445
f 9482/5561 9481/5562 5214/5559 5213/5558
f 9587/10408 9584/10409 9585/10410 9588/10407
f 9585/10410 9604/10458 9602/10446 9588/10407
f 9604/10458 9497/10459 5439/10447 9602/10446
f 9532/5563 9482/5561 5213/5558 9414/5560
f 9497/10459 9644/6413 9634/6403 5439/10447
f 9483/6687 9532/5563 9414/5560 5212/6690
f 9644/6413 9503/6414 5974/6404 9634/6403
f 10181/6689 10185/6684 9483/6687 5212/6690
f 9502/6501 5965/6502 5974/6404 9503/6414
f 6157/6726 9506/6734 10185/6684 10181/6689
f 10146/10603 10137/10604 5965/6502 9502/6501
f 10115/10642 10114/10926 10137/10604 10146/10603
f 10123/10613 10122/10614 9822/10615 9813/10616
f 9801/10657 9822/10615 10122/10614 10114/10926
f 10132/10637 10123/10613 9813/10616 9953/10638
f 9810/10645 9801/10657 10114/10926 10115/10642
f 10126/10830 10132/10637 9953/10638 9816/10652
f 9816/10652 9815/10633 10125/10632 10126/10830
f 10128/10625 10125/10632 9815/10633 9814/10626
f 10129/10624 10128/10625 9814/10626 9804/10627
f 6159/6701 6160/6700 10179/6681 10180/6680
f 10180/6680 10172/6685 6158/6733 6159/6701
f 9506/6734 6158/6733 10172/6685 10185/6684
f 9618/10418 9575/10473 9684/10515 9544/10485
f 9684/10515 9575/10473 9686/10520 9685/10516
f 9685/10516 9686/10520 9695/10527 9696/10522
f 9618/10418 9544/10485 9553/10486 9559/10419
f 9695/10527 9609/10472 9557/10471 9696/10522
f 9558/10403 9557/10471 9609/10472 9607/10404
f 9579/10402 9558/10403 9607/10404 9606/10405
f 9582/10412 9579/10402 9606/10405 9605/10440
f 9585/10410 9582/10412 9605/10440 9604/10458
f 9549/10392 9548/10391 9559/10419 9553/10486
f 8808/9680 9548/10391 9549/10392 5835/9710
f 5539/5897 8807/9679 8808/9680 5835/9710
f 5529/5896 9732/9678 8807/9679 5539/5897
f 5568/5929 8806/9677 9732/9678 5529/5896
f 791/826 796/828 794/829 790/827
f 781/1170 748/1171 727/780 745/783
f 920/979 727/780 748/1171 733/1172
f 992/1169 781/1170 745/783 990/821
f 920/979 733/1172 4682/5081 4677/1181
f 4677/1181 4682/5081 4611/5024 4606/5023
f 4606/5023 4611/5024 4557/5025 4554/5011
f 990/821 782/820 784/1168 992/1169
f 782/825 786/824 788/854 784/1167
f 4554/5011 4557/5025 4597/5001 4600/5000
f 4600/5000 4597/5001 4548/5002 4543/5003
f 4543/5003 4548/5002 734/4960 732/4959
f 732/4959 734/4960 725/1166 724/771
f 786/824 790/827 792/853 788/854
f 486/541 724/771 725/1166 492/1164
f 4722/538 486/541 492/1164 4723/1165
f 790/827 794/829 798/977 792/853
f 487/542 4722/538 4723/1165 493/732
f 9746/5996 9743/5983 5608/5986 5571/5997
f 5570/6020 5612/6006 9743/5983 9746/5996
f 5572/5932 5571/5997 5608/5986 5574/5933
f 5569/5928 5572/5932 5574/5933 5573/5934
f 5585/5965 5568/5929 5569/5928 5573/5934
f 5585/5965 8805/9676 8806/9677 5568/5929
f 5612/6006 5570/6020 5616/5981 5617/6003
f 5611/5980 5620/6009 5617/6003 5616/5981
f 3704/4197 3703/4198 405/397 442/457
f 3705/4199 3704/4197 442/457 443/456
f 3706/4200 3705/4199 443/456 504/474
f 4747/485 505/486 450/487 4739/488
f 498/438 418/437 450/487 505/486
f 506/498 4747/485 4739/488 454/499
f 499/435 417/436 418/437 498/438
f 507/497 506/498 454/499 460/500
f 417/436 499/435 500/465 431/466
f 508/505 507/497 460/500 463/506
f 3735/4232 3734/4231 431/466 500/465
f 509/509 508/505 463/506 466/510
f 501/447 429/450 3734/4231 3735/4232
f 429/450 501/447 502/448 430/451
f 3706/4200 3707/4201 430/451 502/448
f 510/513 509/509 466/510 469/514
f 4728/403 9735/5906 9477/5893 4458/387
f 363/400 5519/5905 9735/5906 4728/403
f 4458/387 9477/5893 5505/5879 344/374
f 456/399 5615/5904 5519/5905 363/400
f 456/399 467/515 5623/6013 5615/5904
f 467/515 468/516 5624/6014 5623/6013
f 468/516 510/513 5658/6011 5624/6014
f 510/513 469/514 5625/6012 5658/6011
f 504/474 444/475 3707/4201 3706/4200
f 5504/5880 5505/5879 9477/5893 9479/5931
f 5556/5919 5553/5916 5546/5914 5547/5913
f 5556/5919 5547/5913 5548/5915 5559/5922
f 5556/5919 5554/5920 5543/5917 5553/5916
f 5554/5920 5555/5921 5544/5909 5543/5917
f 5544/5909 5555/5921 5542/5912 5545/5910
f 5559/5922 5548/5915 5549/5918 5557/5923
f 5557/5923 5549/5918 5550/5908 5558/5924
f 5558/5924 5550/5908 5551/5907 5552/5911
f 5542/5912 5555/5921 5558/5924 5552/5911
f 9736/5930 9479/5931 9477/5893 9735/5906
f 5518/5979 9736/5930 9735/5906 5519/5905
f 5611/5980 5518/5979 5519/5905 5615/5904
f 5620/6009 5611/5980 5615/5904 5623/6013
f 405/397 406/393 441/458 442/457
f 406/393 407/396 479/525 441/458
f 481/529 485/530 479/525 407/396
f 481/529 487/542 491/537 485/530
f 493/732 497/729 491/537 487/542
f 865/930 864/928 979/940 978/939
f 4753/923 865/930 978/939 878/948
f 864/928 4755/927 1009/5190 979/940
f 862/924 4753/923 878/948 881/278
f 4755/927 861/1029 980/5188 1009/5190
f 863/917 862/924 881/278 879/281
f 4757/918 863/917 879/281 1051/1105
f 861/1029 866/1031 873/5189 980/5188
f 4756/920 4757/918 1051/1105 1026/1143
f 5142/5523 873/5189 866/1031 5144/5192
f 4754/1034 4756/920 1026/1143 880/1142
f 5144/5192 5111/5515 5128/5217 5142/5523
f 5111/5515 4799/5272 4801/5218 5128/5217
f 4754/6504 880/6608 6118/6607 9761/6392
f 9761/6392 6118/6607 6143/6574 9762/6389
f 9762/6389 6143/6574 5984/5796 5968/6390
f 5968/6390 5984/5796 5985/5795 5967/6395
f 5967/6395 5985/5795 5983/6419 9759/6396
f 9759/6396 5983/6419 6074/6412 5970/6402
f 4799/5272 4821/5271 4823/5269 4801/5218
f 4845/5273 4823/5269 4821/5271 4843/5277
f 5970/6402 6074/6412 6075/6411 5969/6399
f 4956/5293 4857/5283 5001/5421 5024/5297
f 5024/5297 5047/5300 4854/5279 4956/5293
f 5047/5300 4996/5322 4863/5280 4854/5279
f 4857/5283 4856/5284 5056/5328 5001/5421
f 4842/5287 4863/5280 4996/5322 5002/5422
f 4851/5289 4842/5287 5002/5422 5059/5309
f 5059/5309 5041/5312 4844/5286 4851/5289
f 5040/5316 5056/5328 4856/5284 4855/5274
f 4850/5285 4844/5286 5041/5312 5003/5331
f 5058/5313 5040/5316 4855/5274 4845/5273
f 5003/5331 5053/5301 4858/5292 4850/5285
f 4843/5277 4997/5458 5058/5313 4845/5273
f 5053/5301 5044/5304 4859/5282 4858/5292
f 4862/5281 4859/5282 5044/5304 4995/5323
f 4995/5323 5057/5326 4861/5288 4862/5281
f 4660/5104 4661/5106 4945/1145 4944/1144
f 4661/5106 4795/5183 4951/5184 4945/1145
f 4944/1144 4947/5102 4659/5103 4660/5104
f 4795/5183 5150/5522 5156/5528 4951/5184
f 4947/5102 4943/5100 4658/5101 4659/5103
f 5150/5522 5123/5213 5132/5239 5156/5528
f 4943/5100 4939/5098 4657/5099 4658/5101
f 5123/5213 4817/5212 4953/5240 5132/5239
f 4817/5212 4839/5252 4955/5270 4953/5240
f 4839/5252 4861/5288 4957/5275 4955/5270
f 836/881 842/888 843/889 837/882
f 842/888 836/881 889/958 890/959
f 837/882 843/889 844/892 838/885
f 4665/1055 4666/1053 890/959 889/958
f 4657/5099 4656/5097 4666/1053 4665/1055
f 4939/5098 4936/5096 4656/5097 4657/5099
f 4957/5275 4861/5288 5057/5326 5023/5317
f 5969/6399 6075/6411 6103/10597 9760/6400
f 9760/6400 6103/10597 6076/10596 5966/6498
f 756/796 754/794 755/795 757/797
f 754/794 756/796 771/811 769/809
f 755/795 820/863 821/862 757/797
f 770/810 768/808 769/809 771/811
f 820/863 826/872 827/873 821/862
f 768/808 770/810 778/851 777/852
f 826/872 832/879 833/880 827/873
f 832/879 838/886 839/887 833/880
f 777/852 778/851 930/1011 929/1012
f 3691/4182 3692/4183 929/1012 930/1011
f 805/997 799/844 3692/4183 3691/4182
f 838/886 844/893 845/894 839/887
f 5966/6498 6076/10596 5978/10595 5971/6500
f 801/830 795/833 799/844 805/997
f 10143/10930 10145/10599 5971/6500 5978/10595
f 801/830 809/831 815/832 795/833
f 10145/10599 10143/10930 10129/10624 10112/10923
f 802/835 796/828 815/832 809/831
f 796/828 802/835 800/837 794/829
f 10112/10923 10129/10624 9804/10627 9802/10679
f 6173/6666 6169/6665 6195/6719 6199/6720
f 6196/6729 6195/6719 6169/6665 6170/6730
f 6199/6720 6194/6709 6168/6712 6173/6666
f 6194/6709 6193/6710 6167/6711 6168/6712
f 6193/6710 6192/6739 6166/6741 6167/6711
f 6192/6739 6175/6740 6149/6648 6166/6741
f 6148/6649 6149/6648 6175/6740 6174/6706
f 6197/6737 6196/6729 6170/6730 6171/6738
f 6174/6706 6176/6707 6150/6708 6148/6649
f 6198/6742 6197/6737 6171/6738 6172/6743
f 6176/6707 6177/6717 6151/6718 6150/6708
f 6191/6722 6198/6742 6172/6743 6165/6723
f 9509/6721 6191/6722 6165/6723 9507/6724
f 6190/6713 9509/6721 9507/6724 6164/6714
f 6189/6695 6190/6713 6164/6714 6163/6696
f 6188/6694 6189/6695 6163/6696 6162/6697
f 6177/6717 6178/6727 6152/6728 6151/6718
f 6178/6727 6179/6735 6153/6736 6152/6728
f 6162/6697 6161/10546 6187/10545 6188/6694
f 6186/6699 6187/10545 6161/10546 6160/6700
f 6179/6735 6180/6702 6154/6705 6153/6736
f 6185/6698 6186/6699 6160/6700 6159/6701
f 6180/6702 6181/6703 6155/6704 6154/6705
f 6181/6703 6182/6715 6156/6716 6155/6704
f 6182/6715 6183/6725 6157/6726 6156/6716
f 6183/6725 9508/6731 9506/6734 6157/6726
f 9497/10459 9604/10458 9605/10440 5440/10468
f 5440/10468 9637/7043 9644/6413 9497/10459
f 9637/7043 5975/6506 9503/6414 9644/6413
f 5972/6505 9502/6501 9503/6414 5975/6506
f 9502/6501 5972/6505 10139/10610 10146/10603
f 9508/6731 6184/6732 6158/6733 9506/6734
f 10146/10603 10139/10610 10118/10643 10115/10642
f 10115/10642 10118/10643 9803/10644 9810/10645
f 9823/10655 9844/10656 9822/10615 9801/10657
f 9813/10616 9822/10615 9844/10656 9835/10665
f 9953/10638 9813/10616 9835/10665 9955/10666
f 9832/10661 9823/10655 9801/10657 9810/10645
f 9816/10652 9953/10638 9955/10666 9838/10650
f 9810/10645 9803/10644 9825/10654 9832/10661
f 9838/10650 9837/10651 9815/10633 9816/10652
f 9814/10626 9815/10633 9837/10651 9836/10660
f 9804/10627 9814/10626 9836/10660 9826/10676
f 9802/10679 9804/10627 9826/10676 9824/10678
f 6159/6701 6158/6733 6184/6732 6185/6698
f 9618/10418 9559/10419 9560/10420 9608/10421
f 9575/10473 9618/10418 9608/10421 9576/10474
f 9686/10520 9575/10473 9576/10474 9627/10490
f 9694/10491 9695/10527 9686/10520 9627/10490
f 9694/10491 5856/10492 9609/10472 9695/10527
f 9559/10419 9548/10391 9547/10390 9560/10420
f 9609/10472 5856/10492 5857/10470 9607/10404
f 6013/10469 9606/10405 9607/10404 5857/10470
f 5440/10468 9605/10440 9606/10405 6013/10469
f 9548/10391 8808/9680 5836/6248 9547/10390
f 8807/9679 5540/6249 5836/6248 8808/9680
f 9732/9678 5530/5971 5540/6249 8807/9679
f 8806/9677 5563/5972 5530/5971 9732/9678
f 8805/9676 5583/5948 5563/5972 8806/9677
f 804/846 798/977 794/829 800/837
f 992/1169 6085/6294 5865/6256 781/1170
f 781/1170 5865/6256 5849/6255 748/1171
f 6022/6449 733/1172 748/1171 5849/6255
f 6022/6449 9687/6636 4682/5081 733/1172
f 6085/6294 992/1169 784/1168 5900/6295
f 9687/6636 9620/10416 4611/5024 4682/5081
f 9620/10416 9571/10417 4557/5025 4611/5024
f 9571/10417 9614/10375 4597/5001 4557/5025
f 5900/6298 784/1167 788/854 5903/6299
f 5903/6299 788/854 792/853 5906/6301
f 9614/10375 9561/10376 4548/5002 4597/5001
f 9561/10376 5854/6627 734/4960 4548/5002
f 5854/6627 5847/6246 725/1166 734/4960
f 5641/6036 492/1164 725/1166 5847/6246
f 5906/6301 792/853 798/977 5909/6303
f 9730/6035 4723/1165 492/1164 5641/6036
f 5642/6039 493/732 4723/1165 9730/6035
f 804/846 5914/6312 5909/6303 798/977
f 493/732 5642/6039 5646/6034 497/729
f 9743/5983 9744/5984 5609/5985 5608/5986
f 5612/6006 5613/6005 9744/5984 9743/5983
f 5574/5933 5608/5986 5609/5985 5576/5935
f 5617/6003 5618/6004 5613/6005 5612/6006
f 5573/5934 5574/5933 5576/5935 5575/5936
f 5575/5936 5588/5966 5585/5965 5573/5934
f 8805/9676 5585/5965 5588/5966 8804/9675
f 5583/5948 8805/9676 8804/9675 5586/5945
f 5620/6009 5621/6010 5618/6004 5617/6003
f 5623/6013 5624/6014 5621/6010 5620/6009
f 440/455 443/456 442/457 441/458
f 503/473 504/474 443/456 440/455
f 439/476 444/475 504/474 503/473
f 418/437 420/440 470/5149 450/487
f 470/5149 4748/517 4739/488 450/487
f 4748/517 471/518 454/499 4739/488
f 417/436 419/439 420/440 418/437
f 460/500 454/499 471/518 472/519
f 419/439 417/436 431/466 434/467
f 463/506 460/500 472/519 473/520
f 3734/4231 3733/4230 434/467 431/466
f 466/510 463/506 473/520 474/521
f 429/450 432/449 3733/4230 3734/4231
f 469/514 466/510 474/521 475/522
f 432/449 429/450 430/451 433/452
f 433/452 430/451 3707/4201 3708/4202
f 3708/4202 3707/4201 444/475 445/461
f 469/514 475/522 5630/6019 5625/6012
f 5624/6014 5658/6011 5657/6007 5621/6010
f 5658/6011 5625/6012 5622/6008 5657/6007
f 5625/6012 5630/6019 5629/6018 5622/6008
f 438/462 445/461 444/475 439/476
f 5559/5922 5557/5923 5554/5920 5556/5919
f 5557/5923 5558/5924 5555/5921 5554/5920
f 478/524 440/455 441/458 479/525
f 478/524 479/525 485/530 484/531
f 490/536 484/531 485/530 491/537
f 490/536 491/537 497/729 496/719
f 5645/6033 496/719 497/729 5646/6034
f 965/929 864/928 865/930 966/931
f 966/931 865/930 4753/923 967/922
f 1008/926 4755/927 864/928 965/929
f 967/922 4753/923 862/924 968/925
f 964/1028 861/1029 4755/927 1008/926
f 968/925 862/924 863/917 969/916
f 874/1030 866/1031 861/1029 964/1028
f 969/916 863/917 4757/918 1050/919
f 1050/919 4757/918 4756/920 1022/921
f 5144/5192 866/1031 874/1030 5134/5193
f 1022/921 4756/920 4754/1034 970/1035
f 5111/5515 5144/5192 5134/5193 5110/5516
f 6114/6391 970/6503 4754/6504 9761/6392
f 4799/5272 5111/5515 5110/5516 4802/5261
f 4821/5271 4799/5272 4802/5261 4824/5260
f 6142/6388 6114/6391 9761/6392 9762/6389
f 6066/6387 6142/6388 9762/6389 5968/6390
f 6065/6394 6066/6387 5968/6390 5967/6395
f 6064/6393 6065/6394 5967/6395 9759/6396
f 6063/6401 6064/6393 9759/6396 5970/6402
f 6062/6398 6063/6401 5970/6402 5969/6399
f 4843/5277 4821/5271 4824/5260 4846/5278
f 4843/5277 4846/5278 5046/5457 4997/5458
f 6102/6397 6062/6398 5969/6399 9760/6400
f 5001/5421 4879/5350 4958/5298 5024/5297
f 4879/5350 5001/5421 5056/5328 4878/5327
f 5024/5297 4958/5298 4876/5299 5047/5300
f 5047/5300 4876/5299 4885/5321 4996/5322
f 4864/5334 5002/5422 4996/5322 4885/5321
f 5040/5316 4877/5315 4878/5327 5056/5328
f 4873/5310 5059/5309 5002/5422 4864/5334
f 5059/5309 4873/5310 4866/5311 5041/5312
f 4872/5332 5003/5331 5041/5312 4866/5311
f 5058/5313 4867/5314 4877/5315 5040/5316
f 5003/5331 4872/5332 4880/5302 5053/5301
f 4997/5458 4865/5346 4867/5314 5058/5313
f 5053/5301 4880/5302 4881/5303 5044/5304
f 4865/5346 4997/5458 5046/5457 4868/5338
f 4884/5324 4995/5323 5044/5304 4881/5303
f 4995/5323 4884/5324 4883/5325 5057/5326
f 5057/5326 4883/5325 4959/5318 5023/5317
f 4944/1144 4945/1145 936/1146 1004/1147
f 4945/1145 4951/5184 4794/5185 936/1146
f 1004/1147 937/944 4947/5102 4944/1144
f 4951/5184 5156/5528 5143/5227 4794/5185
f 937/944 938/947 4943/5100 4947/5102
f 5156/5528 5132/5239 5130/5242 5143/5227
f 938/947 939/951 4939/5098 4943/5100
f 5132/5239 4953/5240 4816/5241 5130/5242
f 939/951 940/1106 4936/5096 4939/5098
f 4953/5240 4955/5270 4838/5267 4816/5241
f 4955/5270 4957/5275 4860/5276 4838/5267
f 5023/5317 5054/5320 4860/5276 4957/5275
f 842/888 848/895 849/896 843/889
f 848/895 842/888 890/959 891/960
f 843/889 849/896 850/899 844/892
f 4666/1053 4667/1054 891/960 890/959
f 844/893 850/900 851/901 845/894
f 4656/5097 4655/5095 4667/1054 4666/1053
f 4936/5096 4933/1051 4655/5095 4656/5097
f 940/1106 941/1052 4933/1051 4936/5096
f 5023/5317 4959/5318 4882/5319 5054/5320
f 6061/6497 6102/6397 9760/6400 5966/6498
f 5979/6499 6061/6497 5966/6498 5971/6500
f 758/798 756/796 757/797 759/799
f 756/796 758/798 773/813 771/811
f 757/797 821/862 822/860 759/799
f 772/812 770/810 771/811 773/813
f 821/862 827/873 828/868 822/860
f 770/810 772/812 779/850 778/851
f 827/873 833/880 834/876 828/868
f 778/851 779/850 931/1013 930/1011
f 833/880 839/887 840/883 834/876
f 839/887 845/894 846/890 840/883
f 3690/4181 3691/4182 930/1011 931/1013
f 811/995 805/997 3691/4182 3690/4181
f 805/997 811/995 807/839 801/830
f 845/894 851/901 852/897 846/890
f 10145/10599 10135/10600 5979/6499 5971/6500
f 807/839 803/836 809/831 801/830
f 10112/10923 10111/10922 10135/10600 10145/10599
f 808/834 802/835 809/831 803/836
f 9802/10679 9805/10669 10111/10922 10112/10923
f 802/835 808/834 806/838 800/837
f 800/837 806/838 810/845 804/846
f 9824/10678 9827/10667 9805/10669 9802/10679
f 6199/6772 6195/6773 6221/6774 6225/6775
f 6222/6784 6221/6774 6195/6773 6196/6785
f 6225/6775 6220/6764 6194/6765 6199/6772
f 6223/6792 6222/6784 6196/6785 6197/6793
f 6220/6764 6219/6744 6193/6747 6194/6765
f 6219/6744 6218/6745 6192/6746 6193/6747
f 6218/6745 6201/6794 6175/6795 6192/6746
f 6174/6763 6175/6795 6201/6794 6200/6760
f 6200/6760 6202/6761 6176/6762 6174/6763
f 6224/6796 6223/6792 6197/6793 6198/6797
f 6202/6761 6203/6770 6177/6771 6176/6762
f 6217/6777 6224/6796 6198/6797 6191/6778
f 6203/6770 6204/6782 6178/6783 6177/6771
f 9511/6776 6217/6777 6191/6778 9509/6779
f 6216/6766 9511/6776 9509/6779 6190/6767
f 6215/6749 6216/6766 6190/6767 6189/6750
f 6214/6748 6215/6749 6189/6750 6188/6751
f 6188/6751 6187/10544 6213/10543 6214/6748
f 6204/6782 6205/6790 6179/6791 6178/6783
f 6205/6790 6206/6756 6180/6759 6179/6791
f 6212/6753 6213/10543 6187/10544 6186/6754
f 6211/6752 6212/6753 6186/6754 6185/6755
f 6206/6756 6207/6757 6181/6758 6180/6759
f 6185/6755 6184/6788 6210/6787 6211/6752
f 6207/6757 6208/6768 6182/6769 6181/6758
f 6208/6768 6209/6780 6183/6781 6182/6769
f 6209/6780 9510/6786 9508/6789 6183/6781
f 9510/6786 6210/6787 6184/6788 9508/6789
f 5440/10468 6013/10469 9641/6447 9637/7043
f 9637/7043 9641/6447 6015/6446 5975/6506
f 6014/6445 5972/6505 5975/6506 6015/6446
f 5972/6505 6014/6445 5859/6589 6035/7044
f 10148/10609 10139/10610 5972/6505 6035/7044
f 10119/10628 10118/10643 10139/10610 10148/10609
f 9809/10631 9803/10644 10118/10643 10119/10628
f 9831/10653 9825/10654 9803/10644 9809/10631
f 9845/10694 9866/10686 9844/10656 9823/10655
f 9854/10696 9845/10694 9823/10655 9832/10661
f 9835/10665 9844/10656 9866/10686 9857/10687
f 9955/10666 9835/10665 9857/10687 9957/10700
f 9838/10650 9955/10666 9957/10700 9860/10690
f 9832/10661 9825/10654 9847/10693 9854/10696
f 9860/10690 9859/10691 9837/10651 9838/10650
f 9853/10692 9847/10693 9825/10654 9831/10653
f 9836/10660 9837/10651 9859/10691 9858/10680
f 9826/10676 9836/10660 9858/10680 9848/10681
f 9848/10681 9846/10684 9824/10678 9826/10676
f 9846/10684 9849/10685 9827/10667 9824/10678
f 9608/10421 9560/10420 9567/10425 9612/10426
f 9560/10420 9547/10390 9546/10389 9567/10425
f 9576/10474 9608/10421 9612/10426 9572/10435
f 9572/10435 9626/10489 9627/10490 9576/10474
f 9694/10491 9627/10490 9626/10489 9693/10415
f 5858/6475 9694/10491 9693/10415 6018/6474
f 5858/6475 9639/6423 5856/10492 9694/10491
f 5856/10492 9639/6423 9640/6424 5857/10470
f 9547/10390 5836/6248 5848/6251 9546/10389
f 5857/10470 9640/6424 9641/6447 6013/10469
f 5836/6248 5540/6249 5541/6250 5848/6251
f 5540/6249 5530/5971 5523/5974 5541/6250
f 5530/5971 5563/5972 5564/5973 5523/5974
f 5563/5972 5583/5948 5584/5947 5564/5973
f 5586/5945 5587/5946 5584/5947 5583/5948
f 5914/6312 804/846 810/845 5919/6313
f 6086/6293 6085/6294 5900/6295 5901/6296
f 5867/6257 5865/6256 6085/6294 6086/6293
f 5849/6255 5865/6256 5867/6257 5850/6258
f 5850/6258 6021/6448 6022/6449 5849/6255
f 9688/6635 9687/6636 6022/6449 6021/6448
f 9621/10436 9620/10416 9687/6636 9688/6635
f 5901/6297 5900/6298 5903/6299 5904/6300
f 9570/10424 9571/10417 9620/10416 9621/10436
f 9615/10423 9614/10375 9571/10417 9570/10424
f 9562/10475 9561/10376 9614/10375 9615/10423
f 5904/6300 5903/6299 5906/6301 5907/6302
f 5907/6302 5906/6301 5909/6303 5911/6304
f 9562/10475 5851/10381 5854/6627 9561/10376
f 5847/6246 5854/6627 5851/10381 5846/6247
f 5847/6246 5846/6247 5635/6037 5641/6036
f 9730/6035 5641/6036 5635/6037 9729/6038
f 5911/6304 5909/6303 5914/6312 5916/6311
f 5642/6039 9730/6035 9729/6038 5636/6026
f 5636/6026 5640/6027 5646/6034 5642/6039
f 5916/6311 5914/6312 5919/6313 5921/6309
f 5645/6033 5646/6034 5640/6027 5639/6028
f 9744/5984 9753/5987 5654/5990 5609/5985
f 5613/6005 5655/6002 9753/5987 9744/5984
f 5654/5990 5647/5938 5576/5935 5609/5985
f 5618/6004 5656/5999 5655/6002 5613/6005
f 5575/5936 5576/5935 5647/5938 5648/5937
f 5621/6010 5657/6007 5656/5999 5618/6004
f 5648/5937 5649/5967 5588/5966 5575/5936
f 5649/5967 8803/9674 8804/9675 5588/5966
f 8803/9674 5650/5949 5586/5945 8804/9675
f 5650/5949 5651/5950 5587/5946 5586/5945
f 511/528 503/473 440/455 478/524
f 477/527 439/476 503/473 511/528
f 476/526 438/462 439/476 477/527
f 419/439 421/441 422/442 420/440
f 420/440 422/442 517/5150 470/5149
f 470/5149 517/5150 4746/551 4748/517
f 4748/517 4746/551 516/548 471/518
f 471/518 516/548 515/549 472/519
f 421/441 419/439 434/467 437/468
f 472/519 515/549 523/550 473/520
f 3733/4230 3732/4229 437/468 434/467
f 473/520 523/550 522/554 474/521
f 432/449 435/453 3732/4229 3733/4230
f 474/521 522/554 521/555 475/522
f 435/453 432/449 433/452 436/454
f 5630/6019 475/522 521/555 5668/6051
f 436/454 433/452 3708/4202 3709/4203
f 3709/4203 3708/4202 445/461 446/460
f 447/459 446/460 445/461 438/462
f 5629/6018 5630/6019 5668/6051 5669/6047
f 5657/6007 5622/6008 5619/6000 5656/5999
f 5622/6008 5629/6018 5628/6017 5619/6000
f 5628/6017 5629/6018 5669/6047 5662/6045
f 447/459 438/462 476/526 520/546
f 511/528 478/524 484/531 512/532
f 513/535 512/532 484/531 490/536
f 513/535 490/536 496/719 514/716
f 5661/6032 514/716 496/719 5645/6033
f 5661/6032 5645/6033 5639/6028 5660/6029
f 4766/1088 1008/926 965/929 4761/1089
f 4761/1089 965/929 966/931 4764/1090
f 4764/1090 966/931 967/922 4763/1039
f 4763/1039 967/922 968/925 4760/1040
f 4762/1130 964/1028 1008/926 4766/1088
f 4760/1040 968/925 969/916 4759/1087
f 874/1030 964/1028 4762/1130 4758/5166
f 4759/1087 969/916 1050/919 4768/1156
f 5134/5193 874/1030 4758/5166 5146/5234
f 4768/1156 1050/919 1022/921 4767/1091
f 4767/1091 1022/921 970/1035 4765/1092
f 5110/5516 5134/5193 5146/5234 5115/5201
f 9771/6560 4765/6561 970/6503 6114/6391
f 4802/5261 5110/5516 5115/5201 4808/5200
f 9772/6620 9771/6560 6114/6391 6142/6388
f 4824/5260 4802/5261 4808/5200 4830/5262
f 4846/5278 4824/5260 4830/5262 4852/5294
f 9764/6556 9772/6620 6142/6388 6066/6387
f 9765/6509 9764/6556 6066/6387 6065/6394
f 9768/6510 9765/6509 6065/6394 6064/6393
f 9769/6559 9768/6510 6064/6393 6063/6401
f 9766/6558 9769/6559 6063/6401 6062/6398
f 9770/6557 9766/6558 6062/6398 6102/6397
f 4846/5278 4852/5294 5000/5308 5046/5457
f 4868/5338 5046/5457 5000/5308 4874/5307
f 9767/6597 9770/6557 6102/6397 6061/6497
f 5090/5349 4879/5350 4878/5327 5097/5351
f 4879/5350 5090/5349 5107/5437 4958/5298
f 4958/5298 5107/5437 5101/5440 4876/5299
f 4877/5315 5087/5427 5097/5351 4878/5327
f 4876/5299 5101/5440 5085/5335 4885/5321
f 5095/5333 4864/5334 4885/5321 5085/5335
f 5098/5336 4873/5310 4864/5334 5095/5333
f 4867/5314 5094/5445 5087/5427 4877/5315
f 4873/5310 5098/5336 5105/5353 4866/5311
f 5089/5352 4872/5332 4866/5311 5105/5353
f 4872/5332 5089/5352 5100/5436 4880/5302
f 5094/5445 4867/5314 4865/5346 5106/5345
f 4880/5302 5100/5436 5104/5348 4881/5303
f 5106/5345 4865/5346 4868/5338 5102/5337
f 5086/5347 4884/5324 4881/5303 5104/5348
f 5102/5337 4868/5338 4874/5307 5091/5339
f 4884/5324 5086/5347 5096/5426 4883/5325
f 4883/5325 5096/5426 5108/5447 4959/5318
f 4959/5318 5108/5447 5093/5344 4882/5319
f 936/1146 943/1126 1005/1071 1004/1147
f 876/1184 943/1126 936/1146 4794/5185
f 1004/1147 1005/1071 944/945 937/944
f 5135/5195 876/1184 4794/5185 5143/5227
f 937/944 944/945 945/946 938/947
f 5112/5518 5135/5195 5143/5227 5130/5242
f 945/946 946/950 939/951 938/947
f 4804/5265 5112/5518 5130/5242 4816/5241
f 946/950 947/1067 940/1106 939/951
f 4826/5266 4804/5265 4816/5241 4838/5267
f 947/1067 948/1070 941/1052 940/1106
f 4848/5296 4826/5266 4838/5267 4860/5276
f 4848/5296 4860/5276 5054/5320 5055/5452
f 4870/5342 5055/5452 5054/5320 4882/5319
f 1040/1058 848/895 891/960 1043/1059
f 848/895 1040/1058 1054/1154 849/896
f 849/896 1054/1154 1045/1155 850/899
f 891/960 4667/1054 4668/5093 1043/1059
f 850/900 1045/1140 1052/1141 851/901
f 4667/1054 4655/5095 4654/5094 4668/5093
f 851/901 1052/1141 1041/1159 852/897
f 4655/5095 4933/1051 4932/1047 4654/5094
f 4933/1051 941/1052 1044/1048 4932/1047
f 941/1052 948/1070 1049/1116 1044/1048
f 5092/5343 4870/5342 4882/5319 5093/5344
f 5979/6499 9763/10573 9767/6597 6061/6497
f 10135/10600 10147/10641 9763/10573 5979/6499
f 760/800 758/798 759/799 761/801
f 758/798 760/800 775/815 773/813
f 759/799 822/860 823/861 761/801
f 774/814 772/812 773/813 775/815
f 822/860 828/868 829/869 823/861
f 772/812 774/814 780/849 779/850
f 828/868 834/876 835/877 829/869
f 779/850 780/849 932/1014 931/1013
f 834/876 840/883 841/884 835/877
f 3689/4180 3690/4181 931/1013 932/1014
f 840/883 846/890 847/891 841/884
f 846/890 852/897 853/898 847/891
f 817/996 811/995 3690/4181 3689/4180
f 811/995 817/996 813/847 807/839
f 813/847 797/848 803/836 807/839
f 852/897 1041/1159 1046/1160 853/898
f 10111/10922 10116/10606 10147/10641 10135/10600
f 808/834 803/836 797/848 814/840
f 9805/10669 9811/10607 10116/10606 10111/10922
f 808/834 814/840 812/841 806/838
f 9827/10667 9833/10668 9811/10607 9805/10669
f 806/838 812/841 816/978 810/845
f 5919/6313 810/845 816/978 5924/6315
f 9849/10685 9855/10701 9833/10668 9827/10667
f 6225/6775 6221/6774 6247/6817 6251/6818
f 6248/6799 6247/6817 6221/6774 6222/6784
f 6251/6818 6246/6813 6220/6764 6225/6775
f 6249/6798 6248/6799 6222/6784 6223/6792
f 6246/6813 6245/6806 6219/6744 6220/6764
f 6250/6805 6249/6798 6223/6792 6224/6796
f 6245/6806 6244/6800 6218/6745 6219/6744
f 6244/6800 6227/6801 6201/6794 6218/6745
f 6200/6760 6201/6794 6227/6801 6226/6804
f 6226/6804 6228/6812 6202/6761 6200/6760
f 6228/6812 6229/6816 6203/6770 6202/6761
f 6224/6796 6217/6777 6243/6820 6250/6805
f 6229/6816 6230/6822 6204/6782 6203/6770
f 9513/6819 6243/6820 6217/6777 9511/6776
f 6230/6822 6231/6802 6205/6790 6204/6782
f 6242/6814 9513/6819 9511/6776 6216/6766
f 6241/6808 6242/6814 6216/6766 6215/6749
f 6240/6807 6241/6808 6215/6749 6214/6748
f 6239/10542 6240/6807 6214/6748 6213/10543
f 6238/6810 6239/10542 6213/10543 6212/6753
f 6231/6802 6232/6803 6206/6756 6205/6790
f 6232/6803 6233/6811 6207/6757 6206/6756
f 6237/6809 6238/6810 6212/6753 6211/6752
f 6236/6824 6237/6809 6211/6752 6210/6787
f 6233/6811 6234/6815 6208/6768 6207/6757
f 9512/6823 6236/6824 6210/6787 9510/6786
f 6234/6815 6235/6821 6209/6780 6208/6768
f 6235/6821 9512/6823 9510/6786 6209/6780
f 9640/6424 5998/6292 6015/6446 9641/6447
f 5860/6291 6014/6445 6015/6446 5998/6292
f 6092/6488 6014/6445 5860/6291 6093/6494
f 6014/6445 6092/6488 6091/6491 5859/6589
f 5987/6590 5859/6589 6091/6491 6087/6496
f 5987/6590 9795/10594 6035/7044 5859/6589
f 6035/7044 9795/10594 10155/10932 10148/10609
f 10148/10609 10155/10932 10130/10629 10119/10628
f 10119/10628 10130/10629 9817/10630 9809/10631
f 9809/10631 9817/10630 9839/10664 9831/10653
f 9831/10653 9839/10664 9861/10699 9853/10692
f 9845/10694 10003/10829 9997/10728 9866/10686
f 9854/10696 10060/10716 10003/10829 9845/10694
f 10048/10705 9857/10687 9866/10686 9997/10728
f 10060/10716 9854/10696 9847/10693 10042/10717
f 10025/10704 9957/10700 9857/10687 10048/10705
f 9957/10700 10025/10704 10002/10828 9860/10690
f 9860/10690 10002/10828 10057/10734 9859/10691
f 9853/10692 10004/10738 10042/10717 9847/10693
f 10041/10721 9858/10680 9859/10691 10057/10734
f 10004/10738 9853/10692 9861/10699 10054/10708
f 10059/10720 9848/10681 9858/10680 10041/10721
f 9846/10684 9848/10681 10059/10720 9998/10865
f 9846/10684 9998/10865 10047/10864 9849/10685
f 9849/10685 10047/10864 10001/10713 9855/10701
f 9566/10479 9616/10433 9612/10426 9567/10425
f 9567/10425 9546/10389 8768/10388 9566/10479
f 9616/10433 9573/10434 9572/10435 9612/10426
f 8769/9637 8768/10388 9546/10389 5848/6251
f 9573/10434 9625/10488 9626/10489 9572/10435
f 9625/10488 9692/9634 9693/10415 9626/10489
f 9692/9634 8767/9633 6018/6474 9693/10415
f 6018/6474 5995/6327 5996/6262 5858/6475
f 9639/6423 5858/6475 5996/6262 5997/6261
f 8766/9632 5995/6327 6018/6474 8767/9633
f 9639/6423 5997/6261 5998/6292 9640/6424
f 5541/6250 8770/9636 8769/9637 5848/6251
f 5523/5974 9731/9638 8770/9636 5541/6250
f 5564/5973 8771/9640 9731/9638 5523/5974
f 5584/5947 8772/9639 8771/9640 5564/5973
f 5587/5946 8773/9641 8772/9639 5584/5947
f 5651/5950 8774/9642 8773/9641 5587/5946
f 5921/6309 5919/6313 5924/6315 5926/6316
f 6086/6293 6088/6470 6016/6455 5867/6257
f 6088/6470 6086/6293 5901/6296 6029/6588
f 5904/6300 6028/6468 6029/6467 5901/6297
f 6024/6451 5850/6258 5867/6257 6016/6455
f 6017/6450 6021/6448 5850/6258 6024/6451
f 9689/6634 9688/6635 6021/6448 6017/6450
f 9622/10437 9621/10436 9688/6635 9689/6634
f 9569/10432 9570/10424 9621/10436 9622/10437
f 5907/6302 6131/6463 6028/6468 5904/6300
f 9613/10431 9615/10423 9570/10424 9569/10432
f 9563/10478 9562/10475 9615/10423 9613/10431
f 5851/10381 9562/10475 9563/10478 5855/10383
f 5911/6304 5927/6307 6131/6463 5907/6302
f 5916/6311 5922/6308 5927/6307 5911/6304
f 5855/10383 5845/6254 5846/6247 5851/10381
f 5846/6247 5845/6254 5562/5927 5635/6037
f 5531/5900 9729/6038 5635/6037 5562/5927
f 5567/5899 5636/6026 9729/6038 5531/5900
f 5921/6309 5917/6310 5922/6308 5916/6311
f 5636/6026 5567/5899 5634/6022 5640/6027
f 5633/6021 5639/6028 5640/6027 5634/6022
f 5921/6309 5926/6316 5912/6321 5917/6310
f 5659/6025 5660/6029 5639/6028 5633/6021
f 9753/5987 9745/5988 5610/5989 5654/5990
f 5655/6002 5614/6001 9745/5988 9753/5987
f 5647/5938 5654/5990 5610/5989 5578/5939
f 5656/5999 5619/6000 5614/6001 5655/6002
f 5648/5937 5647/5938 5578/5939 5577/5940
f 5577/5940 5591/5969 5649/5967 5648/5937
f 8803/9674 5649/5967 5591/5969 8802/9673
f 5650/5949 8803/9674 8802/9673 5589/5954
f 5589/5954 5590/5953 5651/5950 5650/5949
f 8774/9642 5651/5950 5590/5953 8775/9643
f 512/532 483/533 477/527 511/528
f 476/526 477/527 483/533 482/534
f 482/534 519/545 520/546 476/526
f 525/560 421/441 437/468 529/561
f 421/441 525/560 526/573 422/442
f 534/5152 517/5150 422/442 526/573
f 517/5150 534/5152 4745/572 4746/551
f 4746/551 4745/572 533/562 516/548
f 516/548 533/562 532/563 515/549
f 515/549 532/563 540/570 523/550
f 529/561 437/468 3732/4229 3731/4228
f 523/550 540/570 539/558 522/554
f 3731/4228 3732/4229 435/453 527/556
f 522/554 539/558 538/559 521/555
f 527/556 435/453 436/454 528/557
f 5668/6051 521/555 538/559 5683/6064
f 528/557 436/454 3709/4203 3710/4204
f 5669/6047 5668/6051 5683/6064 5684/6065
f 3710/4204 3709/4203 446/460 530/564
f 530/564 446/460 447/459 531/565
f 531/565 447/459 520/546 537/553
f 5662/6045 5669/6047 5684/6065 5677/6056
f 5619/6000 5628/6017 5627/6016 5614/6001
f 5627/6016 5628/6017 5662/6045 5663/6046
f 5663/6046 5662/6045 5677/6056 5678/6057
f 519/545 536/552 537/553 520/546
f 489/544 483/533 512/532 513/535
f 514/716 495/707 489/544 513/535
f 514/716 5661/6032 5644/6041 495/707
f 5644/6041 5661/6032 5660/6029 5638/6030
f 5660/6029 5659/6025 5632/6024 5638/6030
f 1007/1074 4766/1088 4761/1089 958/1075
f 957/1129 4762/1130 4766/1088 1007/1074
f 958/1075 4761/1089 4764/1090 959/1080
f 959/1080 4764/1090 4763/1039 960/1038
f 960/1038 4763/1039 4760/1040 961/1041
f 961/1041 4760/1040 4759/1087 962/1085
f 4762/1130 957/1129 875/1187 4758/5166
f 962/1085 4759/1087 4768/1156 1047/1162
f 875/1187 5137/5520 5146/5234 4758/5166
f 1047/1162 4768/1156 4767/1091 1023/1082
f 5137/5520 5116/5198 5115/5201 5146/5234
f 1023/1082 4767/1091 4765/1092 963/1083
f 6115/6553 963/6552 4765/6561 9771/6560
f 5116/5198 4803/5199 4808/5200 5115/5201
f 6139/6625 6115/6553 9771/6560 9772/6620
f 4803/5199 4825/5256 4830/5262 4808/5200
f 6060/6555 6139/6625 9772/6620 9764/6556
f 4825/5256 4847/5291 4852/5294 4830/5262
f 5052/5305 5000/5308 4852/5294 4847/5291
f 6059/6508 6060/6555 9764/6556 9765/6509
f 6058/6507 6059/6508 9765/6509 9768/6510
f 6057/6549 6058/6507 9768/6510 9769/6559
f 6056/6544 6057/6549 9769/6559 9766/6558
f 6101/6545 6056/6544 9766/6558 9770/6557
f 6055/6596 6101/6545 9770/6557 9767/6597
f 5052/5305 4869/5306 4874/5307 5000/5308
f 4869/5306 5099/5433 5091/5339 4874/5307
f 9767/6597 9763/10573 5980/6642 6055/6596
f 5090/5349 4979/5451 4988/5438 5107/5437
f 4979/5451 5090/5349 5097/5351 4971/5429
f 5087/5427 4972/5428 4971/5429 5097/5351
f 5107/5437 4988/5438 4978/5439 5101/5440
f 5101/5440 4978/5439 4967/5450 5085/5335
f 5094/5445 4966/5446 4972/5428 5087/5427
f 4968/5511 5095/5333 5085/5335 4967/5450
f 4973/5443 5098/5336 5095/5333 4968/5511
f 5098/5336 4973/5443 4986/5444 5105/5353
f 5094/5445 5106/5345 4987/5489 4966/5446
f 4977/5434 5089/5352 5105/5353 4986/5444
f 5089/5352 4977/5434 4976/5435 5100/5436
f 5100/5436 4976/5435 4985/5441 5104/5348
f 4987/5489 5106/5345 5102/5337 4981/5512
f 4970/5424 5086/5347 5104/5348 4985/5441
f 4981/5512 5102/5337 5091/5339 4980/5442
f 5086/5347 4970/5424 4969/5425 5096/5426
f 5099/5433 4974/5432 4980/5442 5091/5339
f 5096/5426 4969/5425 4989/5448 5108/5447
f 5108/5447 4989/5448 4984/5449 5093/5344
f 4982/5514 5092/5343 5093/5344 4984/5449
f 943/1126 950/1127 1006/1072 1005/1071
f 950/1127 943/1126 876/1184 877/1185
f 1005/1071 1006/1072 951/1066 944/945
f 5133/5194 877/1185 876/1184 5135/5195
f 944/945 951/1066 952/1060 945/946
f 5109/5517 5133/5194 5135/5195 5112/5518
f 945/946 952/1060 953/1061 946/950
f 4805/5264 5109/5517 5112/5518 4804/5265
f 946/950 953/1061 954/1068 947/1067
f 4827/5263 4805/5264 4804/5265 4826/5266
f 947/1067 954/1068 955/1069 948/1070
f 4849/5295 4827/5263 4826/5266 4848/5296
f 948/1070 955/1069 1048/1153 1049/1116
f 4849/5295 4848/5296 5055/5452 5045/5456
f 4871/5341 5045/5456 5055/5452 4870/5342
f 5103/5340 4871/5341 4870/5342 5092/5343
f 1040/1058 1019/902 1020/905 1054/1154
f 1019/902 1040/1058 1043/1059 1024/1046
f 1043/1059 4668/5093 4669/1043 1024/1046
f 1054/1154 1020/905 1032/911 1045/1155
f 1045/1140 1032/912 1031/915 1052/1141
f 4668/5093 4654/5094 4653/5092 4669/1043
f 1052/1141 1031/915 1033/906 1041/1159
f 4654/5094 4932/1047 4931/1050 4653/5092
f 1041/1159 1033/906 1018/909 1046/1160
f 4932/1047 1044/1048 1029/1049 4931/1050
f 1044/1048 1049/1116 1028/1062 1029/1049
f 1049/1116 1048/1153 1027/1063 1028/1062
f 4983/5513 5103/5340 5092/5343 4982/5514
f 5980/6642 9763/10573 10147/10641 10138/10927
f 10138/10927 10147/10641 10116/10606 10117/10605
f 1506/1752 760/800 761/801 1505/1753
f 1506/1752 1513/1743 775/815 760/800
f 1505/1753 761/801 823/861 1504/1751
f 1465/1742 774/814 775/815 1513/1743
f 1504/1751 823/861 829/869 1502/1748
f 774/814 1465/1742 1464/1716 780/849
f 1502/1748 829/869 835/877 1501/1744
f 1463/1715 932/1014 780/849 1464/1716
f 1501/1744 835/877 841/884 1500/1745
f 3688/4179 3689/4180 932/1014 1463/1715
f 1500/1745 841/884 847/891 1499/1754
f 1512/1739 817/996 3689/4180 3688/4179
f 1499/1754 847/891 853/898 1498/1750
f 1046/1160 1495/1746 1498/1750 853/898
f 1461/1737 813/847 817/996 1512/1739
f 1462/1736 797/848 813/847 1461/1737
f 1511/1738 814/840 797/848 1462/1736
f 1495/1746 1046/1160 1018/909 1496/1747
f 10117/10605 10116/10606 9811/10607 9806/10608
f 1511/1738 1522/1783 812/841 814/840
f 9806/10608 9811/10607 9833/10668 9828/10662
f 812/841 1522/1783 1523/1784 816/978
f 9828/10662 9833/10668 9855/10701 9850/10697
f 5924/6315 816/978 1523/1784 6606/7231
f 6595/7187 5926/6316 5924/6315 6606/7231
f 10053/10712 9850/10697 9855/10701 10001/10713
f 6251/6818 6247/6817 6273/6834 6277/6835
f 6274/6840 6273/6834 6247/6817 6248/6799
f 6277/6835 6272/6827 6246/6813 6251/6818
f 6275/6844 6274/6840 6248/6799 6249/6798
f 6272/6827 6271/6828 6245/6806 6246/6813
f 6276/6848 6275/6844 6249/6798 6250/6805
f 6271/6828 6270/6845 6244/6800 6245/6806
f 6269/6837 6276/6848 6250/6805 6243/6820
f 6270/6845 6253/6846 6227/6801 6244/6800
f 6226/6804 6227/6801 6253/6846 6252/6825
f 6252/6825 6254/6826 6228/6812 6226/6804
f 6254/6826 6255/6833 6229/6816 6228/6812
f 6255/6833 6256/6839 6230/6822 6229/6816
f 9515/6836 6269/6837 6243/6820 9513/6819
f 6256/6839 6257/6843 6231/6802 6230/6822
f 6268/6830 9515/6836 9513/6819 6242/6814
f 6257/6843 6258/6847 6232/6803 6231/6802
f 6267/6829 6268/6830 6242/6814 6241/6808
f 6266/6849 6267/6829 6241/6808 6240/6807
f 6265/10541 6266/6849 6240/6807 6239/10542
f 6264/6851 6265/10541 6239/10542 6238/6810
f 6263/6850 6264/6851 6238/6810 6237/6809
f 6258/6847 6259/6831 6233/6811 6232/6803
f 6259/6831 6260/6832 6234/6815 6233/6811
f 6237/6809 6236/6824 6262/6842 6263/6850
f 9514/6841 6262/6842 6236/6824 9512/6823
f 6260/6832 6261/6838 6235/6821 6234/6815
f 6261/6838 9514/6841 9512/6823 6235/6821
f 5861/6260 5860/6291 5998/6292 5997/6261
f 5861/6260 6096/6487 6093/6494 5860/6291
f 6092/6488 5866/6489 5868/6490 6091/6491
f 5866/6489 6092/6488 6093/6494 5882/6495
f 6096/6487 5881/6486 5882/6495 6093/6494
f 6087/6496 6091/6491 5868/6490 5988/6427
f 6036/6591 5987/6590 6087/6496 6097/6511
f 5987/6590 6036/6591 9796/10593 9795/10594
f 6097/6511 6087/6496 5988/6427 5989/6426
f 9795/10594 9796/10593 10140/10612 10155/10932
f 10155/10932 10140/10612 10120/10635 10130/10629
f 10130/10629 10120/10635 9818/10636 9817/10630
f 9817/10630 9818/10636 9840/10675 9839/10664
f 9839/10664 9840/10675 9862/10689 9861/10699
f 10054/10708 9861/10699 9862/10689 10045/10709
f 9876/10719 9867/10742 10003/10829 10060/10716
f 9867/10742 9888/10729 9997/10728 10003/10829
f 10048/10705 9997/10728 9888/10729 9879/10706
f 10060/10716 10042/10717 9869/10718 9876/10719
f 10025/10704 10048/10705 9879/10706 9959/10707
f 9875/10739 9869/10718 10042/10717 10004/10738
f 10002/10828 10025/10704 9959/10707 9882/10758
f 9882/10758 9881/10735 10057/10734 10002/10828
f 10041/10721 10057/10734 9881/10735 9880/10722
f 10004/10738 10054/10708 9883/10711 9875/10739
f 10059/10720 10041/10721 9880/10722 9870/10723
f 10054/10708 10045/10709 9884/10710 9883/10711
f 9998/10865 10059/10720 9870/10723 9868/10753
f 9868/10753 9871/10746 10047/10864 9998/10865
f 9871/10746 9877/10714 10001/10713 10047/10864
f 10053/10712 10001/10713 9877/10714 9872/10715
f 9566/10479 9565/10476 9617/10427 9616/10433
f 9566/10479 8768/10388 6000/10385 9565/10476
f 9616/10433 9617/10427 9574/10430 9573/10434
f 8768/10388 8769/9637 5852/6253 6000/10385
f 9573/10434 9574/10430 9624/10487 9625/10488
f 8770/9636 5560/5926 5852/6253 8769/9637
f 9625/10488 9624/10487 9691/6632 9692/9634
f 9692/9634 9691/6632 6020/6457 8767/9633
f 5994/6456 8766/9632 8767/9633 6020/6457
f 5863/6326 5862/6259 5996/6262 5995/6327
f 5995/6327 8766/9632 8765/9631 5863/6326
f 5862/6259 5861/6260 5997/6261 5996/6262
f 8766/9632 5994/6456 5864/6458 8765/9631
f 9731/9638 5534/5903 5560/5926 8770/9636
f 8771/9640 5565/5902 5534/5903 9731/9638
f 8772/9639 5602/5959 5565/5902 8771/9640
f 8773/9641 5603/5960 5602/5959 8772/9639
f 8774/9642 5653/5976 5603/5960 8773/9641
f 5653/5976 8774/9642 8775/9643 5604/5978
f 6595/7187 6550/7185 5912/6321 5926/6316
f 6089/6469 6023/6454 6016/6455 6088/6470
f 6026/6471 6089/6469 6088/6470 6029/6588
f 6023/6454 6025/6452 6024/6451 6016/6455
f 6026/6460 6029/6467 6028/6468 6027/6461
f 6028/6468 6131/6463 6130/6319 6027/6461
f 6017/6450 6024/6451 6025/6452 6019/6453
f 9690/6633 9689/6634 6017/6450 6019/6453
f 9623/10480 9622/10437 9689/6634 9690/6633
f 9568/10429 9569/10432 9622/10437 9623/10480
f 9611/10428 9613/10431 9569/10432 9568/10429
f 5927/6307 5910/6306 6130/6319 6131/6463
f 9564/10477 9563/10478 9613/10431 9611/10428
f 5855/10383 9563/10478 9564/10477 6001/10384
f 5845/6254 5855/10383 6001/10384 5853/6252
f 5915/6305 5910/6306 5927/6307 5922/6308
f 5920/6314 5915/6305 5922/6308 5917/6310
f 5853/6252 5561/5925 5562/5927 5845/6254
f 5532/5901 5531/5900 5562/5927 5561/5925
f 5566/5898 5567/5899 5531/5900 5532/5901
f 5566/5898 5601/5958 5634/6022 5567/5899
f 5925/6320 5920/6314 5917/6310 5912/6321
f 5633/6021 5634/6022 5601/5958 5600/5957
f 5659/6025 5633/6021 5600/5957 5652/5975
f 6550/7185 6549/7186 5925/6320 5912/6321
f 5632/6024 5659/6025 5652/5975 5599/5977
f 9754/6015 9745/5988 5614/6001 5627/6016
f 5626/10557 5610/5989 9745/5988 9754/6015
f 5578/5939 5610/5989 5626/10557 5580/5941
f 5577/5940 5578/5939 5580/5941 5579/5942
f 5579/5942 5594/5968 5591/5969 5577/5940
f 8802/9673 5591/5969 5594/5968 8801/9672
f 5589/5954 8802/9673 8801/9672 5592/5951
f 5592/5951 5593/5952 5590/5953 5589/5954
f 5593/5952 8776/9644 8775/9643 5590/5953
f 8776/9644 5605/5963 5604/5978 8775/9643
f 488/543 482/534 483/533 489/544
f 519/545 482/534 488/543 518/547
f 536/552 519/545 518/547 535/571
f 542/592 525/593 529/594 546/595
f 525/593 542/592 543/596 526/597
f 3731/4227 3730/4226 546/595 529/594
f 551/5154 534/5153 526/597 543/596
f 534/5153 551/5154 4736/585 4745/584
f 4745/584 4736/585 550/586 533/587
f 533/587 550/586 549/579 532/578
f 532/578 549/579 557/580 540/581
f 540/581 557/580 556/575 539/574
f 527/601 544/600 3730/4226 3731/4227
f 539/574 556/575 555/576 538/577
f 544/600 527/601 528/602 545/603
f 5683/6073 538/10936 555/6100 5698/6074
f 3710/4205 3711/4206 545/603 528/602
f 5684/6070 5683/6073 5698/6074 5699/6071
f 530/589 547/588 3711/4206 3710/4205
f 5677/6069 5684/6070 5699/6071 5692/6072
f 547/588 530/589 531/590 548/591
f 548/591 531/590 537/569 554/568
f 536/566 553/567 554/568 537/569
f 5678/6078 5677/6069 5692/6072 5693/6079
f 9754/6015 5627/6016 5663/6046 9752/6048
f 9752/6048 5663/6046 5678/6057 9751/6067
f 9751/6077 5678/6078 5693/6079 9742/6080
f 553/567 536/566 535/582 552/583
f 488/543 489/544 495/707 494/702
f 5643/6040 494/702 495/707 5644/6041
f 5643/6040 5644/6041 5638/6030 5637/6031
f 5631/6023 5637/6031 5638/6030 5632/6024
f 5631/6023 5632/6024 5599/5977 5598/5962
f 4777/1073 1007/1074 958/1075 4770/1076
f 4771/1128 957/1129 1007/1074 4777/1073
f 4770/1076 958/1075 959/1080 4774/1079
f 4769/1186 875/1187 957/1129 4771/1128
f 4774/1079 959/1080 960/1038 4773/1077
f 4773/1077 960/1038 961/1041 4772/1078
f 4772/1078 961/1041 962/1085 4776/1086
f 4776/1086 962/1085 1047/1162 4779/1161
f 4769/1186 5152/5527 5137/5520 875/1187
f 4779/1161 1047/1162 1023/1082 4778/1081
f 5152/5527 5126/5232 5116/5198 5137/5520
f 4778/1081 1023/1082 963/1083 4775/1084
f 5126/5232 4809/5233 4803/5199 5116/5198
f 9781/6550 4775/6551 963/6552 6115/6553
f 9782/6624 9781/6550 6115/6553 6139/6625
f 4809/5233 4831/5255 4825/5256 4803/5199
f 9779/6554 9782/6624 6139/6625 6060/6555
f 4831/5255 4853/5290 4847/5291 4825/5256
f 9776/6547 9779/6554 6060/6555 6059/6508
f 5039/5329 5052/5305 4847/5291 4853/5290
f 5039/5329 4875/5330 4869/5306 5052/5305
f 9777/6546 9776/6547 6059/6508 6058/6507
f 9778/6548 9777/6546 6058/6507 6057/6549
f 9774/6543 9778/6548 6057/6549 6056/6544
f 9780/6542 9774/6543 6056/6544 6101/6545
f 9775/6595 9780/6542 6101/6545 6055/6596
f 9773/6641 9775/6595 6055/6596 5980/6642
f 4875/5330 5088/5430 5099/5433 4869/5306
f 5088/5430 4975/5431 4974/5432 5099/5433
f 9773/6641 5980/6642 10138/10927 10153/10934
f 4979/5451 4971/5429 4900/5409 4901/5399
f 4988/5438 4979/5451 4901/5399 4960/5397
f 4960/5397 4898/5398 4978/5439 4988/5438
f 4899/5407 4900/5409 4971/5429 4972/5428
f 4889/5420 4899/5407 4972/5428 4966/5446
f 4898/5398 4907/5413 4967/5450 4978/5439
f 4968/5511 4967/5450 4907/5413 4886/5406
f 4887/5418 4889/5420 4966/5446 4987/5489
f 4973/5443 4968/5511 4886/5406 4895/5405
f 4895/5405 4888/5415 4986/5444 4973/5443
f 4977/5434 4986/5444 4888/5415 4894/5401
f 4987/5489 4981/5512 4890/5395 4887/5418
f 4894/5401 4902/5402 4976/5435 4977/5434
f 4902/5402 4903/5416 4985/5441 4976/5435
f 4970/5424 4985/5441 4903/5416 4906/5410
f 4981/5512 4980/5442 4896/5396 4890/5395
f 4906/5410 4905/5412 4969/5425 4970/5424
f 4891/5404 4896/5396 4980/5442 4974/5432
f 4989/5448 4969/5425 4905/5412 4961/5419
f 4897/5403 4891/5404 4974/5432 4975/5431
f 4961/5419 4904/5393 4984/5449 4989/5448
f 4982/5514 4984/5449 4904/5393 4892/5392
f 4983/5513 4982/5514 4892/5392 4893/5394
f 4769/1186 4771/1128 950/1127 877/1185
f 1006/1072 950/1127 4771/1128 4777/1073
f 4777/1073 4770/1076 951/1066 1006/1072
f 5152/5527 4769/1186 877/1185 5133/5194
f 4770/1076 4774/1079 952/1060 951/1066
f 5133/5194 5109/5517 5126/5232 5152/5527
f 4774/1079 4773/1077 953/1061 952/1060
f 5109/5517 4805/5264 4809/5233 5126/5232
f 4773/1077 4772/1078 954/1068 953/1061
f 4831/5255 4809/5233 4805/5264 4827/5263
f 4772/1078 4776/1086 955/1069 954/1068
f 4827/5263 4849/5295 4853/5290 4831/5255
f 1048/1153 955/1069 4776/1086 4779/1161
f 4849/5295 5045/5456 5039/5329 4853/5290
f 4779/1161 4778/1081 1027/1063 1048/1153
f 5045/5456 4871/5341 4875/5330 5039/5329
f 5088/5430 4875/5330 4871/5341 5103/5340
f 5103/5340 4983/5513 4975/5431 5088/5430
f 1019/902 854/903 855/904 1020/905
f 854/903 1019/902 1024/1046 935/1045
f 1020/905 855/904 856/910 1032/911
f 4669/1043 4670/1044 935/1045 1024/1046
f 4653/5092 4652/5091 4670/1044 4669/1043
f 1032/912 856/913 857/914 1031/915
f 1031/915 857/914 858/907 1033/906
f 4931/1050 4930/5090 4652/5091 4653/5092
f 1033/906 858/907 859/908 1018/909
f 1029/1049 942/1134 4930/5090 4931/1050
f 1496/1747 1018/909 859/908 1497/1749
f 1029/1049 1028/1062 949/1065 942/1134
f 1028/1062 1027/1063 956/1064 949/1065
f 4778/1081 4775/1084 956/1064 1027/1063
f 4897/5403 4975/5431 4983/5513 4893/5394
f 10153/10934 10138/10927 10117/10605 10127/10639
f 10127/10639 10117/10605 9806/10608 9812/10640
f 1484/1759 1506/1752 1505/1753 1485/1755
f 1506/1752 1484/1759 1521/1782 1513/1743
f 1485/1755 1505/1753 1504/1751 1486/1756
f 1520/1740 1465/1742 1513/1743 1521/1782
f 1486/1756 1504/1751 1502/1748 1487/1762
f 1465/1742 1520/1740 1519/1741 1464/1716
f 1487/1762 1502/1748 1501/1744 1488/1761
f 1518/1777 1463/1715 1464/1716 1519/1741
f 1488/1761 1501/1744 1500/1745 1489/1760
f 3752/4241 3688/4179 1463/1715 1518/1777
f 1489/1760 1500/1745 1499/1754 1490/1757
f 1514/1781 1512/1739 3688/4179 3752/4241
f 1490/1757 1499/1754 1498/1750 1491/1758
f 1516/1779 1461/1737 1512/1739 1514/1781
f 1495/1746 1494/1763 1491/1758 1498/1750
f 1494/1763 1495/1746 1496/1747 1493/1764
f 1517/1778 1462/1736 1461/1737 1516/1779
f 1515/1780 1511/1738 1462/1736 1517/1778
f 1524/1785 1522/1783 1511/1738 1515/1780
f 1493/1764 1496/1747 1497/1749 1492/1765
f 9812/10640 9806/10608 9828/10662 9834/10663
f 1522/1783 1524/1785 1525/1786 1523/1784
f 9834/10663 9828/10662 9850/10697 9856/10698
f 6606/7231 1523/1784 1525/1786 6607/7232
f 10040/10736 9856/10698 9850/10697 10053/10712
f 6607/7232 6599/7228 6595/7187 6606/7231
f 6599/7228 6601/7226 6550/7185 6595/7187
f 10040/10736 10053/10712 9872/10715 9878/10737
f 6277/6835 6273/6834 6299/6869 6303/6870
f 6300/6875 6299/6869 6273/6834 6274/6840
f 6303/6870 6298/6865 6272/6827 6277/6835
f 6301/6855 6300/6875 6274/6840 6275/6844
f 6298/6865 6297/6856 6271/6828 6272/6827
f 6302/6854 6301/6855 6275/6844 6276/6848
f 6297/6856 6296/6857 6270/6845 6271/6828
f 6276/6848 6269/6837 6295/6872 6302/6854
f 6296/6857 6279/6852 6253/6846 6270/6845
f 9517/6871 6295/6872 6269/6837 9515/6836
f 6252/6825 6253/6846 6279/6852 6278/6853
f 6278/6853 6280/6864 6254/6826 6252/6825
f 6280/6864 6281/6868 6255/6833 6254/6826
f 6281/6868 6282/6874 6256/6839 6255/6833
f 6282/6874 6283/6878 6257/6843 6256/6839
f 6294/6866 9517/6871 9515/6836 6268/6830
f 6283/6878 6284/6862 6258/6847 6257/6843
f 6293/6859 6294/6866 6268/6830 6267/6829
f 6284/6862 6285/6863 6259/6831 6258/6847
f 6292/6858 6293/6859 6267/6829 6266/6849
f 6266/6849 6265/10541 6291/10540 6292/6858
f 6290/6861 6291/10540 6265/10541 6264/6851
f 6289/6860 6290/6861 6264/6851 6263/6850
f 6263/6850 6262/6842 6288/6877 6289/6860
f 6285/6863 6286/6867 6260/6832 6259/6831
f 6286/6867 6287/6873 6261/6838 6260/6832
f 9516/6876 6288/6877 6262/6842 9514/6841
f 6287/6873 9516/6876 9514/6841 6261/6838
f 5862/6259 6094/6484 6096/6487 5861/6260
f 6094/6484 5895/6485 5881/6486 6096/6487
f 5869/6263 5870/6264 5868/6265 5866/6266
f 5866/6266 5882/6279 5884/6278 5869/6263
f 5870/6264 5929/6330 5988/6425 5868/6265
f 5883/6277 5884/6278 5882/6279 5881/6280
f 5881/6280 5895/6478 6126/6477 5883/6277
f 5935/6338 5989/6426 5988/6427 5929/6335
f 6097/6511 9674/6592 9673/10514 6036/6591
f 9799/10590 9796/10593 6036/6591 9673/10514
f 9674/6592 6097/6511 5989/6426 9681/6526
f 10149/10611 10140/10612 9796/10593 9799/10590
f 5941/6346 5990/6428 5989/6426 5935/6338
f 9681/6526 5989/6426 5990/6428 9675/6525
f 10121/10617 10120/10635 10140/10612 10149/10611
f 9821/10620 9818/10636 10120/10635 10121/10617
f 9843/10659 9840/10675 9818/10636 9821/10620
f 9865/10688 9862/10689 9840/10675 9843/10659
f 9865/10688 9996/10730 10045/10709 9862/10689
f 9887/10733 9884/10710 10045/10709 9996/10730
f 10099/10743 10096/10740 9867/10742 9876/10719
f 9876/10719 9869/10718 10106/10760 10099/10743
f 10096/10740 10086/10741 9888/10729 9867/10742
f 9879/10706 9888/10729 10086/10741 10102/10845
f 9959/10707 9879/10706 10102/10845 10108/10844
f 10090/10759 10106/10760 9869/10718 9875/10739
f 9882/10758 9959/10707 10108/10844 10091/10756
f 9875/10739 9883/10711 10101/10841 10090/10759
f 10091/10756 10098/10757 9881/10735 9882/10758
f 9880/10722 9881/10735 10098/10757 10088/10834
f 9870/10723 9880/10722 10088/10834 10095/10852
f 9883/10711 9884/10710 10105/10755 10101/10841
f 10095/10852 10107/10752 9868/10753 9870/10723
f 10087/10754 10105/10755 9884/10710 9887/10733
f 10107/10752 10103/10744 9871/10746 9868/10753
f 10103/10744 10092/10745 9877/10714 9871/10746
f 9872/10715 9877/10714 10092/10745 10100/10838
f 9878/10737 9872/10715 10100/10838 10089/10837
f 9565/10476 9564/10477 9611/10428 9617/10427
f 6001/10384 9564/10477 9565/10476 6000/10385
f 9617/10427 9611/10428 9568/10429 9574/10430
f 6000/10385 5852/6253 5853/6252 6001/10384
f 9574/10430 9568/10429 9623/10480 9624/10487
f 5560/5926 5561/5925 5853/6252 5852/6253
f 9624/10487 9623/10480 9690/6633 9691/6632
f 5534/5903 5532/5901 5561/5925 5560/5926
f 9691/6632 9690/6633 6019/6453 6020/6457
f 5994/6456 6020/6457 6019/6453 6025/6452
f 5994/6456 6025/6452 6023/6454 5864/6458
f 5863/6326 6095/6492 6094/6484 5862/6259
f 8764/9629 6095/6492 5863/6326 8765/9631
f 6090/6473 8764/9629 8765/9631 5864/6458
f 6023/6454 6089/6469 6090/6473 5864/6458
f 5565/5902 5566/5898 5532/5901 5534/5903
f 5565/5902 5602/5959 5601/5958 5566/5898
f 5600/5957 5601/5958 5602/5959 5603/5960
f 5652/5975 5600/5957 5603/5960 5653/5976
f 5599/5977 5652/5975 5653/5976 5604/5978
f 5598/5962 5599/5977 5604/5978 5605/5963
f 6601/7226 6600/7227 6549/7186 6550/7185
f 6089/6469 6026/6471 5902/6472 6090/6473
f 5902/6459 6026/6460 6027/6461 5905/6462
f 6027/6461 6130/6319 5908/6318 5905/6462
f 5910/6306 5913/6317 5908/6318 6130/6319
f 5915/6305 5918/6466 5913/6317 5910/6306
f 5918/6466 5915/6305 5920/6314 5923/6464
f 5923/6464 5920/6314 5925/6320 5928/6465
f 6549/7186 6596/7188 5928/6465 5925/6320
f 6600/7227 6598/7229 6596/7188 6549/7186
f 5626/10557 9754/6015 9752/6048 5664/10558
f 5580/5941 5626/10557 5664/10558 5582/5943
f 5579/5942 5580/5941 5582/5943 5581/5944
f 5581/5944 5597/5970 5594/5968 5579/5942
f 8801/9672 5594/5968 5597/5970 8800/9671
f 5592/5951 8801/9672 8800/9671 5595/5955
f 5595/5955 5596/5956 5593/5952 5592/5951
f 5596/5956 8777/9645 8776/9644 5593/5952
f 8777/9645 5606/5964 5605/5963 8776/9644
f 5607/5961 5598/5962 5605/5963 5606/5964
f 518/547 488/543 494/702 524/695
f 535/571 518/547 524/695 541/696
f 552/583 535/582 541/686 558/681
f 559/615 542/592 546/595 563/616
f 542/592 559/615 560/617 543/596
f 3730/4226 3729/4225 563/616 546/595
f 568/5155 551/5154 543/596 560/617
f 544/600 561/605 3729/4225 3730/4226
f 551/5154 568/5155 4735/612 4736/585
f 4736/585 4735/612 567/613 550/586
f 550/586 567/613 566/609 549/579
f 549/579 566/609 574/610 557/580
f 557/580 574/610 573/607 556/575
f 556/575 573/607 572/608 555/576
f 561/605 544/600 545/603 562/606
f 5698/6074 555/6100 572/6101 5713/6102
f 562/606 545/603 3711/4206 3712/4207
f 5699/6071 5698/6074 5713/6102 5714/6103
f 3712/4207 3711/4206 547/588 564/614
f 5692/6072 5699/6071 5714/6103 5707/6104
f 564/614 547/588 548/591 565/604
f 5693/6079 5692/6072 5707/6104 5708/6106
f 565/604 548/591 554/568 571/598
f 571/598 554/568 553/567 570/599
f 570/599 553/567 552/583 569/611
f 9742/6080 5693/6079 5708/6106 9741/6107
f 5664/10558 9752/6048 9751/6067 5679/10560
f 5679/10561 9751/6077 9742/6080 5694/10562
f 5694/10562 9742/6080 9741/6107 5709/10563
f 569/611 552/583 558/681 575/677
f 5665/6044 524/695 494/702 5643/6040
f 5666/6043 5665/6044 5643/6040 5637/6031
f 5637/6031 5631/6023 5667/6042 5666/6043
f 5607/5961 5667/6042 5631/6023 5598/5962
f 9781/6550 6119/6534 956/6533 4775/6551
f 9782/6624 6140/6617 6119/6534 9781/6550
f 6140/6617 9782/6624 9779/6554 6054/6538
f 9776/6547 6053/6539 6054/6538 9779/6554
f 9777/6546 6052/6529 6053/6539 9776/6547
f 9778/6548 6051/6530 6052/6529 9777/6546
f 9774/6543 6050/6535 6051/6530 9778/6548
f 9780/6542 6100/6541 6050/6535 9774/6543
f 6100/6541 9780/6542 9775/6595 6049/6594
f 9773/6641 5982/6639 6049/6594 9775/6595
f 10153/10934 10134/10601 5982/6639 9773/6641
f 10134/10601 10153/10934 10127/10639 10110/10925
f 4899/5407 4920/5391 4919/5408 4900/5409
f 4918/5400 4901/5399 4900/5409 4919/5408
f 4911/5358 4960/5397 4901/5399 4918/5400
f 4960/5397 4911/5358 4921/5361 4898/5398
f 4898/5398 4921/5361 4912/5414 4907/5413
f 4889/5420 4962/5388 4920/5391 4899/5407
f 4887/5418 4964/5417 4962/5388 4889/5420
f 4965/5384 4886/5406 4907/5413 4912/5414
f 4924/5383 4895/5405 4886/5406 4965/5384
f 4964/5417 4887/5418 4890/5395 4929/5363
f 4895/5405 4924/5383 4963/5366 4888/5415
f 4925/5354 4894/5401 4888/5415 4963/5366
f 4894/5401 4925/5354 4917/5357 4902/5402
f 4929/5363 4890/5395 4896/5396 4923/5364
f 4902/5402 4917/5357 4916/5381 4903/5416
f 4913/5411 4906/5410 4903/5416 4916/5381
f 4906/5410 4913/5411 4914/5370 4905/5412
f 4891/5404 4928/5375 4923/5364 4896/5396
f 4910/5369 4961/5419 4905/5412 4914/5370
f 4897/5403 4922/5372 4928/5375 4891/5404
f 4961/5419 4910/5369 4915/5378 4904/5393
f 4893/5394 4926/5387 4922/5372 4897/5403
f 4927/5377 4892/5392 4904/5393 4915/5378
f 4926/5387 4893/5394 4892/5392 4927/5377
f 6111/6373 6112/6374 855/6375 854/6376
f 854/6376 935/6514 6116/6513 6111/6373
f 6112/6374 6124/6381 856/6382 855/6375
f 9680/6512 6116/6513 935/6514 4670/6515
f 6124/6383 6123/6384 857/6385 856/6386
f 9664/10498 9680/6512 4670/6515 4652/10499
f 9933/6517 9664/10498 4652/10499 4930/10500
f 6123/6384 6125/6377 858/6380 857/6385
f 6125/6377 6110/6378 859/6379 858/6380
f 6121/6518 9933/6517 4930/10500 942/6601
f 6581/7196 1497/7198 859/6379 6110/6378
f 6121/6518 942/6601 949/6532 6120/6531
f 6578/7213 1492/7214 1497/7198 6581/7196
f 6120/6531 949/6532 956/6533 6119/6534
f 10110/10925 10127/10639 9812/10640 9808/10673
f 9834/10663 9830/10670 9808/10673 9812/10640
f 1483/1772 1484/1759 1485/1755 1482/1773
f 1484/1759 1483/1772 1398/1717 1521/1782
f 1482/1773 1485/1755 1486/1756 1481/1775
f 1455/1596 1520/1740 1521/1782 1398/1717
f 1481/1775 1486/1756 1487/1762 1480/1776
f 1520/1740 1455/1596 1397/1599 1519/1741
f 1480/1776 1487/1762 1488/1761 1479/1768
f 1396/1619 1518/1777 1519/1741 1397/1599
f 1479/1768 1488/1761 1489/1760 1471/1769
f 1518/1777 1396/1619 3753/4242 3752/4241
f 1471/1769 1489/1760 1490/1757 1470/1770
f 3752/4241 3753/4242 1399/1735 1514/1781
f 1470/1770 1490/1757 1491/1758 1469/1771
f 1404/1731 1516/1779 1514/1781 1399/1735
f 1494/1763 1466/1774 1469/1771 1491/1758
f 1510/1732 1517/1778 1516/1779 1404/1731
f 1466/1774 1494/1763 1493/1764 1467/1766
f 1467/1766 1493/1764 1492/1765 1468/1767
f 1476/1734 1515/1780 1517/1778 1510/1732
f 1515/1780 1476/1734 1526/1787 1524/1785
f 1524/1785 1526/1787 1527/1788 1525/1786
f 6555/7223 1468/7240 1492/7214 6578/7213
f 9830/10670 9834/10663 9856/10698 9852/10702
f 6607/7232 1525/1786 1527/1788 6608/7233
f 9852/10702 9856/10698 10040/10736 10046/10863
f 6599/7228 6607/7232 6608/7233 6562/7183
f 10046/10863 10040/10736 9878/10737 9874/10750
f 6562/7183 6594/7181 6601/7226 6599/7228
f 6594/7181 6492/7180 6600/7227 6601/7226
f 10089/10837 10104/10747 9874/10750 9878/10737
f 6303/6870 6299/6869 6325/6899 6329/6900
f 6300/6875 6305/6898 6325/6899 6299/6869
f 6303/6870 6329/6900 6307/6903 6298/6865
f 6301/6855 6327/6886 6305/6898 6300/6875
f 6298/6865 6307/6903 6322/6896 6297/6856
f 6328/6885 6327/6886 6301/6855 6302/6854
f 6296/6857 6297/6856 6322/6896 6323/6897
f 6302/6854 6295/6872 6320/6902 6328/6885
f 6296/6857 6323/6897 6326/6904 6279/6852
f 9519/6901 6320/6902 6295/6872 9517/6871
f 6304/6893 6278/6853 6279/6852 6326/6904
f 6319/6895 9519/6901 9517/6871 6294/6866
f 6304/6893 6306/6894 6280/6864 6278/6853
f 6280/6864 6306/6894 6324/6905 6281/6868
f 6281/6868 6324/6905 6308/6879 6282/6874
f 6308/6879 6309/6880 6283/6878 6282/6874
f 6283/6878 6309/6880 6321/6881 6284/6862
f 6293/6859 6312/6892 6319/6895 6294/6866
f 6284/6862 6321/6881 6310/6882 6285/6863
f 6292/6858 6317/6891 6312/6892 6293/6859
f 6310/6882 6311/6883 6286/6867 6285/6863
f 6316/10539 6317/6891 6292/6858 6291/10540
f 6291/10540 6290/6861 6315/6890 6316/10539
f 6289/6860 6314/6889 6315/6890 6290/6861
f 6288/6877 6313/6888 6314/6889 6289/6860
f 9516/6876 9518/6887 6313/6888 6288/6877
f 6286/6867 6311/6883 6318/6884 6287/6873
f 6287/6873 6318/6884 9518/6887 9516/6876
f 6095/6492 6030/6493 5895/6485 6094/6484
f 6127/6476 6126/6477 5895/6478 6030/6479
f 5871/6267 5872/6268 5870/6264 5869/6263
f 5869/6263 5884/6278 5886/6282 5871/6267
f 5870/6264 5872/6268 5930/6329 5929/6330
f 5885/6281 5886/6282 5884/6278 5883/6277
f 5929/6335 5930/6336 5936/6337 5935/6338
f 5883/6277 6126/6477 6128/6638 5885/6281
f 6129/6637 6128/6638 6126/6477 6127/6476
f 5935/6338 5936/6337 5942/6345 5941/6346
f 9674/6592 9671/10512 9672/10513 9673/10514
f 9671/10512 9674/6592 9681/6526 9670/10511
f 9673/10514 9672/10513 9798/10589 9799/10590
f 9799/10590 9798/10589 10151/10929 10149/10611
f 9670/10511 9681/6526 9675/6525 9669/10509
f 10149/10611 10151/10929 10124/10618 10121/10617
f 5941/6346 5942/6345 5948/6352 5947/6353
f 5947/6353 5991/6429 5990/6428 5941/6346
f 9675/6525 5990/6428 5991/6429 9676/6524
f 9669/10509 9675/6525 9676/6524 9668/10507
f 10121/10617 10124/10618 9820/10619 9821/10620
f 9821/10620 9820/10619 9842/10658 9843/10659
f 9843/10659 9842/10658 9864/10695 9865/10688
f 9996/10730 9865/10688 9864/10695 10058/10731
f 9996/10730 10058/10731 9886/10732 9887/10733
f 9887/10733 9886/10732 10097/10831 10087/10754
f 10099/10743 10106/10760 9987/10850 9974/10851
f 9974/10851 9969/10918 10096/10740 10099/10743
f 9969/10918 9968/10857 10086/10741 10096/10740
f 9978/10843 9987/10850 10106/10760 10090/10759
f 10102/10845 10086/10741 9968/10857 9979/10846
f 10108/10844 10102/10845 9979/10846 9989/10847
f 10091/10756 10108/10844 9989/10847 9980/10858
f 10090/10759 10101/10841 9977/10842 9978/10843
f 9980/10858 9972/10835 10098/10757 10091/10756
f 10101/10841 10105/10755 9986/10848 9977/10842
f 10088/10834 10098/10757 9972/10835 9973/10836
f 10095/10852 10088/10834 9973/10836 9967/10853
f 10095/10852 9967/10853 9988/10896 10107/10752
f 9971/10833 9986/10848 10105/10755 10087/10754
f 9988/10896 9982/10919 10103/10744 10107/10752
f 10087/10754 10097/10831 9970/10832 9971/10833
f 9982/10919 9981/10849 10092/10745 10103/10744
f 10100/10838 10092/10745 9981/10849 9975/10839
f 10089/10837 10100/10838 9975/10839 9976/10840
f 10104/10747 10089/10837 9976/10840 9984/10920
f 6095/6492 8764/9629 8763/9630 6030/6493
f 8764/9629 6090/6473 5902/6472 8763/9630
f 6492/7180 6491/7184 6598/7229 6600/7227
f 5905/6462 8762/9627 8763/9628 5902/6459
f 5908/6318 8761/9626 8762/9627 5905/6462
f 5913/6317 8760/9625 8761/9626 5908/6318
f 5918/6466 8759/9624 8760/9625 5913/6317
f 5923/6464 8758/9623 8759/9624 5918/6466
f 5928/6465 8757/9622 8758/9623 5923/6464
f 6596/7188 8756/9621 8757/9622 5928/6465
f 6598/7229 8819/9683 8756/9621 6596/7188
f 8819/9683 6598/7229 6491/7184 8820/9684
f 5679/10560 5671/6068 5582/5943 5664/10558
f 5581/5944 5582/5943 5671/6068 5670/6054
f 5670/6054 5674/6055 5597/5970 5581/5944
f 5674/6055 8799/9670 8800/9671 5597/5970
f 8799/9670 5672/6052 5595/5955 8800/9671
f 5672/6052 5673/6053 5596/5956 5595/5955
f 5673/6053 8778/9646 8777/9645 5596/5956
f 8778/9646 5675/6058 5606/5964 8777/9645
f 5675/6058 5676/6059 5607/5961 5606/5964
f 5676/6059 5682/6049 5667/6042 5607/5961
f 5680/6066 541/696 524/695 5665/6044
f 5695/6075 558/681 541/686 5680/6076
f 5710/6105 575/677 558/681 5695/6075
f 576/633 559/615 563/616 580/634
f 559/615 576/633 577/635 560/617
f 580/634 563/616 3729/4225 3728/4224
f 585/5156 568/5155 560/617 577/635
f 3728/4224 3729/4225 561/605 578/623
f 568/5155 585/5156 4734/630 4735/612
f 578/623 561/605 562/606 579/624
f 4735/612 4734/630 584/631 567/613
f 567/613 584/631 583/627 566/609
f 566/609 583/627 591/628 574/610
f 574/610 591/628 590/625 573/607
f 573/607 590/625 589/626 572/608
f 5713/6102 572/6101 589/6119 5728/6120
f 579/624 562/606 3712/4207 3713/4208
f 5714/6103 5713/6102 5728/6120 5729/6121
f 3713/4208 3712/4207 564/614 581/632
f 5707/6104 5714/6103 5729/6121 5722/6122
f 581/632 564/614 565/604 582/622
f 5708/6106 5707/6104 5722/6122 5723/6124
f 582/622 565/604 571/598 588/619
f 9741/6107 5708/6106 5723/6124 9740/6125
f 570/599 587/618 588/619 571/598
f 587/618 570/599 569/611 586/629
f 586/629 569/611 575/677 592/674
f 5709/10563 9741/6107 9740/6125 5724/10564
f 5694/10562 5686/6090 5671/6089 5679/10561
f 5709/10563 5701/6111 5686/6090 5694/10562
f 5724/10564 5716/6129 5701/6111 5709/10563
f 5725/6123 592/674 575/677 5710/6105
f 5681/6050 5680/6066 5665/6044 5666/6043
f 5666/6043 5667/6042 5682/6049 5681/6050
f 6141/6583 6120/6531 6119/6534 6140/6617
f 6048/6537 6141/6583 6140/6617 6054/6538
f 6047/6536 6048/6537 6054/6538 6053/6539
f 6046/6422 6047/6536 6053/6539 6052/6529
f 6045/6417 6046/6422 6052/6529 6051/6530
f 6044/6418 6045/6417 6051/6530 6050/6535
f 6099/6540 6044/6418 6050/6535 6100/6541
f 6043/6593 6099/6540 6100/6541 6049/6594
f 6049/6594 5982/6639 5981/6640 6043/6593
f 10134/10601 10136/10602 5981/6640 5982/6639
f 10110/10925 10113/10924 10136/10602 10134/10601
f 9808/10673 9807/10672 10113/10924 10110/10925
f 4962/5388 5035/5389 4998/5390 4920/5391
f 4920/5391 4998/5390 5018/5453 4919/5408
f 5017/5460 4918/5400 4919/5408 5018/5453
f 4908/5359 4911/5358 4918/5400 5017/5460
f 4911/5358 4908/5359 4999/5360 4921/5361
f 4921/5361 4999/5360 5013/5454 4912/5414
f 5010/5385 4965/5384 4912/5414 5013/5454
f 4964/5417 5009/5455 5035/5389 4962/5388
f 5009/5455 4964/5417 4929/5363 4994/5362
f 5025/5382 4924/5383 4965/5384 5010/5385
f 4924/5383 5025/5382 5036/5367 4963/5366
f 4994/5362 4929/5363 4923/5364 5007/5365
f 5026/5355 4925/5354 4963/5366 5036/5367
f 4925/5354 5026/5355 5005/5356 4917/5357
f 4917/5357 5005/5356 5004/5380 4916/5381
f 4928/5375 5031/5374 5007/5365 4923/5364
f 5014/5459 4913/5411 4916/5381 5004/5380
f 4913/5411 5014/5459 5015/5371 4914/5370
f 4909/5368 4910/5369 4914/5370 5015/5371
f 4922/5372 5006/5373 5031/5374 4928/5375
f 4910/5369 4909/5368 5016/5379 4915/5378
f 4926/5387 5027/5386 5006/5373 4922/5372
f 5030/5376 4927/5377 4915/5378 5016/5379
f 5027/5386 4926/5387 4927/5377 5030/5376
f 6132/6527 6146/6618 6112/6374 6111/6373
f 6111/6373 6116/6513 6135/6528 6132/6527
f 6146/6618 6137/6619 6124/6381 6112/6374
f 6135/6528 6116/6513 9680/6512 9679/10501
f 6137/6605 6144/6606 6123/6384 6124/6383
f 9679/10501 9680/6512 9664/10498 9665/10502
f 6144/6606 6133/6622 6125/6377 6123/6384
f 9665/10502 9664/10498 9933/6517 9934/6516
f 9934/6516 9933/6517 6121/6518 6136/6519
f 6133/6622 6138/6623 6110/6378 6125/6377
f 6580/7195 6581/7196 6110/6378 6138/6623
f 6136/6519 6121/6518 6120/6531 6141/6583
f 6579/7212 6578/7213 6581/7196 6580/7195
f 6554/7221 6555/7223 6578/7213 6579/7212
f 9830/10670 9829/10671 9807/10672 9808/10673
f 9852/10702 9851/10703 9829/10671 9830/10670
f 1548/1803 1483/1772 1482/1773 1547/1795
f 1388/1718 1398/1717 1483/1772 1548/1803
f 1547/1795 1482/1773 1481/1775 1546/1796
f 1398/1717 1388/1718 1454/1597 1455/1596
f 1546/1796 1481/1775 1480/1776 1545/1799
f 1455/1596 1454/1597 1387/1598 1397/1599
f 1545/1799 1480/1776 1479/1768 1544/1800
f 1397/1599 1387/1598 1386/1618 1396/1619
f 1544/1800 1479/1768 1471/1769 1543/1801
f 3754/4243 3753/4242 1396/1619 1386/1618
f 1543/1801 1471/1769 1470/1770 1542/1802
f 1389/1629 1399/1735 3753/4242 3754/4243
f 1542/1802 1470/1770 1469/1771 1541/1798
f 1399/1735 1389/1629 1390/1632 1404/1731
f 1466/1774 1538/1797 1541/1798 1469/1771
f 1404/1731 1390/1632 1472/1649 1510/1732
f 1538/1797 1466/1774 1467/1766 1539/1793
f 1510/1732 1472/1649 1509/1652 1476/1734
f 1539/1793 1467/1766 1468/1767 1540/1794
f 6619/7238 1540/7239 1468/7240 6555/7223
f 1476/1734 1509/1652 1528/1667 1526/1787
f 1526/1787 1528/1667 1529/1666 1527/1788
f 6608/7233 1527/1788 1529/1666 6609/7121
f 6618/7244 6619/7238 6555/7223 6554/7221
f 9852/10702 10046/10863 10056/10859 9851/10703
f 6562/7183 6608/7233 6609/7121 6593/7105
f 9874/10750 9873/10749 10056/10859 10046/10863
f 6594/7181 6562/7183 6593/7105 6559/7104
f 10104/10747 10093/10748 9873/10749 9874/10750
f 6492/7180 6594/7181 6559/7104 6482/7085
f 6491/7184 6492/7180 6482/7085 6481/7084
f 9984/10920 9983/10921 10093/10748 10104/10747
f 6329/6900 6325/6899 6351/6908 6355/6909
f 6325/6899 6305/6898 6331/6925 6351/6908
f 6307/6903 6329/6900 6355/6909 6333/6910
f 6305/6898 6327/6886 6353/6924 6331/6925
f 6322/6896 6307/6903 6333/6910 6348/6915
f 6327/6886 6328/6885 6354/6929 6353/6924
f 6323/6897 6322/6896 6348/6915 6349/6916
f 6346/10371 6354/6929 6328/6885 6320/6902
f 6326/6904 6323/6897 6349/6916 6352/6923
f 6320/6902 9519/6901 9521/6912 6346/10371
f 6304/6893 6326/6904 6352/6923 6330/6919
f 9519/6901 6319/6895 6345/6911 9521/6912
f 6306/6894 6304/6893 6330/6919 6332/6920
f 6319/6895 6312/6892 6338/6914 6345/6911
f 6324/6905 6306/6894 6332/6920 6350/6906
f 6308/6879 6324/6905 6350/6906 6334/6907
f 6309/6880 6308/6879 6334/6907 6335/6922
f 6321/6881 6309/6880 6335/6922 6347/6928
f 6310/6882 6321/6881 6347/6928 6336/6930
f 6312/6892 6317/6891 6343/6913 6338/6914
f 6311/6883 6310/6882 6336/6930 6337/6917
f 6317/6891 6316/10539 6342/10538 6343/6913
f 6318/6884 6311/6883 6337/6917 6344/6918
f 6316/10539 6315/6890 6341/6927 6342/10538
f 6315/6890 6314/6889 6340/6926 6341/6927
f 6314/6889 6313/6888 6339/6931 6340/6926
f 6313/6888 9518/6887 9520/6921 6339/6931
f 9518/6887 6318/6884 6344/6918 9520/6921
f 8762/9627 6127/6476 6030/6479 8763/9628
f 8761/9626 6129/6637 6127/6476 8762/9627
f 5873/6269 5874/6270 5872/6268 5871/6267
f 5871/6267 5886/6282 5888/6284 5873/6269
f 5872/6268 5874/6270 5931/6334 5930/6329
f 5887/6283 5888/6284 5886/6282 5885/6281
f 5930/6336 5931/6341 5937/6342 5936/6337
f 5885/6281 6128/6638 5896/6325 5887/6283
f 5936/6337 5937/6342 5943/6349 5942/6345
f 6129/6637 6031/6480 5896/6325 6128/6638
f 8760/9625 6031/6480 6129/6637 8761/9626
f 5942/6345 5943/6349 5949/6356 5948/6352
f 9945/6609 9671/10512 9670/10511 9948/10510
f 9671/10512 9945/6609 9946/6612 9672/10513
f 9672/10513 9946/6612 9952/10592 9798/10589
f 9948/10510 9670/10511 9669/10509 9944/10508
f 9798/10589 9952/10592 10157/10935 10151/10929
f 10151/10929 10157/10935 10133/10646 10124/10618
f 9944/10508 9669/10509 9668/10507 9941/10506
f 10124/10618 10133/10646 9954/10649 9820/10619
f 5947/6353 5948/6352 5954/6359 5953/6360
f 5948/6352 5949/6356 5955/6363 5954/6359
f 5953/6360 5992/6430 5991/6429 5947/6353
f 9676/6524 5991/6429 5992/6430 9677/6522
f 9668/10507 9676/6524 9677/6522 9667/10505
f 9941/10506 9668/10507 9667/10505 9938/10504
f 9820/10619 9954/10649 9956/10677 9842/10658
f 9842/10658 9956/10677 9958/10683 9864/10695
f 9958/10683 10024/10724 10058/10731 9864/10695
f 10058/10731 10024/10724 9960/10727 9886/10732
f 9886/10732 9960/10727 10109/10854 10097/10831
f 10097/10831 10109/10854 9990/10856 9970/10832
f 9898/10813 9974/10851 9987/10850 9891/10822
f 9978/10843 9897/10808 9891/10822 9987/10850
f 9974/10851 9898/10813 9889/10812 9969/10918
f 9969/10918 9889/10812 9910/10821 9968/10857
f 9901/10805 9979/10846 9968/10857 9910/10821
f 9897/10808 9978/10843 9977/10842 9905/10809
f 9961/10804 9989/10847 9979/10846 9901/10805
f 9989/10847 9961/10804 9904/10807 9980/10858
f 9980/10858 9904/10807 9903/10815 9972/10835
f 9905/10809 9977/10842 9986/10848 9906/10823
f 9902/10814 9973/10836 9972/10835 9903/10815
f 9971/10833 9909/10817 9906/10823 9986/10848
f 9892/10827 9967/10853 9973/10836 9902/10814
f 9890/10825 9988/10896 9967/10853 9892/10827
f 9988/10896 9890/10825 9893/10803 9982/10919
f 9909/10817 9971/10833 9970/10832 9908/10818
f 9982/10919 9893/10803 9899/10802 9981/10849
f 9990/10856 9962/10826 9908/10818 9970/10832
f 9894/10811 9975/10839 9981/10849 9899/10802
f 9900/10810 9976/10840 9975/10839 9894/10811
f 9900/10810 9896/10801 9984/10920 9976/10840
f 9984/10920 9896/10801 9895/10800 9983/10921
f 6481/7084 8821/9685 8820/9684 6491/7184
f 8759/9624 6032/6481 6031/6480 8760/9625
f 8758/9623 6033/6482 6032/6481 8759/9624
f 8757/9622 6034/6483 6033/6482 8758/9623
f 8756/9621 6551/7164 6034/6483 8757/9622
f 8819/9683 6602/7225 6551/7164 8756/9621
f 6602/7225 8819/9683 8820/9684 6488/7073
f 8821/9685 6478/7074 6488/7073 8820/9684
f 5670/6088 5671/6089 5686/6090 5685/6085
f 5685/6085 5689/6086 5674/6087 5670/6088
f 8799/9669 5674/6087 5689/6086 8798/9668
f 5672/6096 8799/9669 8798/9668 5687/6093
f 5687/6093 5688/6094 5673/6095 5672/6096
f 8778/9647 5673/6095 5688/6094 8779/9648
f 5675/6084 8778/9647 8779/9648 5690/6081
f 5690/6081 5691/6082 5676/6083 5675/6084
f 5691/6082 5697/6062 5682/6061 5676/6083
f 5681/6060 5682/6061 5697/6062 5696/6063
f 5696/6063 5695/6075 5680/6076 5681/6060
f 5711/6092 5710/6105 5695/6075 5696/6063
f 5726/6113 5725/6123 5710/6105 5711/6092
f 593/640 576/633 580/634 597/641
f 576/633 593/640 594/642 577/635
f 597/641 580/634 3728/4224 3727/4223
f 577/635 594/642 602/5157 585/5156
f 3727/4223 3728/4224 578/623 595/652
f 585/5156 602/5157 4733/660 4734/630
f 595/652 578/623 579/624 596/653
f 4734/630 4733/660 601/645 584/631
f 3713/4208 3714/4209 596/653 579/624
f 584/631 601/645 600/646 583/627
f 583/627 600/646 608/658 591/628
f 591/628 608/658 607/654 590/625
f 590/625 607/654 606/655 589/626
f 5728/6120 589/6119 606/6144 5743/6145
f 5729/6121 5728/6120 5743/6145 5744/6147
f 581/632 598/661 3714/4209 3713/4208
f 5722/6122 5729/6121 5744/6147 5737/6136
f 598/661 581/632 582/622 599/649
f 5723/6124 5722/6122 5737/6136 5738/6137
f 599/649 582/622 588/619 605/620
f 9740/6125 5723/6124 5738/6137 9739/6149
f 605/620 588/619 587/618 604/621
f 5724/10564 9740/6125 9739/6149 5739/10565
f 604/621 587/618 586/629 603/659
f 592/674 609/664 603/659 586/629
f 592/674 5725/6123 5740/6148 609/664
f 5716/6129 5724/10564 5739/10565 5731/6134
f 5685/6085 5686/6090 5701/6111 5700/6109
f 5700/6109 5701/6111 5716/6129 5715/6127
f 5715/6127 5716/6129 5731/6134 5730/6132
f 5741/6115 5740/6148 5725/6123 5726/6113
f 6042/6521 6136/6519 6141/6583 6048/6537
f 6047/6536 6041/6575 6042/6521 6048/6537
f 6046/6422 6040/6421 6041/6575 6047/6536
f 6045/6417 6039/6416 6040/6421 6046/6422
f 6038/6415 6039/6416 6045/6417 6044/6418
f 6098/6610 6038/6415 6044/6418 6099/6540
f 6037/6611 6098/6610 6099/6540 6043/6593
f 5981/6640 9797/10591 6037/6611 6043/6593
f 10136/10602 10144/10634 9797/10591 5981/6640
f 10113/10924 10131/10647 10144/10634 10136/10602
f 9807/10672 9819/10648 10131/10647 10113/10924
f 9829/10671 9841/10674 9819/10648 9807/10672
f 5050/5483 5048/5484 4998/5390 5035/5389
f 5050/5483 5035/5389 5009/5455 5037/5482
f 5048/5484 4993/5461 5018/5453 4998/5390
f 5017/5460 5018/5453 4993/5461 4992/5462
f 4908/5359 5017/5460 4992/5462 5033/5463
f 5033/5463 5049/5464 4999/5360 4908/5359
f 5049/5464 4991/5465 5013/5454 4999/5360
f 5010/5385 5013/5454 4991/5465 5038/5466
f 5025/5382 5010/5385 5038/5466 5028/5467
f 5009/5455 4994/5362 5032/5481 5037/5482
f 4994/5362 5007/5365 5020/5480 5032/5481
f 5028/5467 5051/5468 5036/5367 5025/5382
f 5026/5355 5036/5367 5051/5468 5029/5469
f 5012/5479 5020/5480 5007/5365 5031/5374
f 5029/5469 5022/5470 5005/5356 5026/5355
f 5022/5470 5021/5471 5004/5380 5005/5356
f 5014/5459 5004/5380 5021/5471 4990/5472
f 5019/5478 5012/5479 5031/5374 5006/5373
f 4990/5472 5043/5473 5015/5371 5014/5459
f 4909/5368 5015/5371 5043/5473 5034/5474
f 5034/5474 5042/5475 5016/5379 4909/5368
f 5019/5478 5006/5373 5027/5386 5008/5477
f 5030/5376 5016/5379 5042/5475 5011/5476
f 5027/5386 5030/5376 5011/5476 5008/5477
f 6132/6527 6135/6528 5993/6431 5959/6367
f 5959/6367 5960/6366 6146/6618 6132/6527
f 5960/6366 5961/6370 6137/6619 6146/6618
f 5993/6431 6135/6528 9679/10501 9678/6523
f 5961/6372 5962/6371 6144/6606 6137/6605
f 9678/6523 9679/10501 9665/10502 9666/10503
f 5962/6371 5963/6369 6133/6622 6144/6606
f 9666/10503 9665/10502 9934/6516 9935/6520
f 5963/6369 5964/6368 6138/6623 6133/6622
f 9935/6520 9934/6516 6136/6519 6042/6521
f 6138/6623 5964/6368 6582/7199 6580/7195
f 6580/7195 6582/7199 6577/7207 6579/7212
f 6579/7212 6577/7207 6556/7218 6554/7221
f 6554/7221 6556/7218 6620/7243 6618/7244
f 9851/10703 9863/10682 9841/10674 9829/10671
f 9851/10703 10056/10859 10055/10725 9863/10682
f 1559/1808 1548/1803 1547/1795 1558/1809
f 1378/1719 1388/1718 1548/1803 1559/1808
f 1558/1809 1547/1795 1546/1796 1557/1812
f 1388/1718 1378/1719 1453/1600 1454/1597
f 1557/1812 1546/1796 1545/1799 1556/1814
f 1454/1597 1453/1600 1377/1601 1387/1598
f 1556/1814 1545/1799 1544/1800 1555/1804
f 1387/1598 1377/1601 1376/1620 1386/1618
f 1555/1804 1544/1800 1543/1801 1554/1805
f 3755/4244 3754/4243 1386/1618 1376/1620
f 1554/1805 1543/1801 1542/1802 1553/1806
f 1379/1630 1389/1629 3754/4243 3755/4244
f 1553/1806 1542/1802 1541/1798 1552/1807
f 1389/1629 1379/1630 1380/1631 1390/1632
f 1538/1797 1549/1813 1552/1807 1541/1798
f 1390/1632 1380/1631 1381/1653 1391/1654
f 1390/1632 1391/1654 1537/1650 1472/1649
f 1549/1813 1538/1797 1539/1793 1550/1810
f 1472/1649 1537/1650 1507/1651 1509/1652
f 1550/1810 1539/1793 1540/1794 1551/1811
f 1503/1668 1528/1667 1509/1652 1507/1651
f 6629/7256 1551/7257 1540/7239 6619/7238
f 6628/7259 6629/7256 6619/7238 6618/7244
f 1400/1665 1529/1666 1528/1667 1503/1668
f 1400/1665 6587/7120 6609/7121 1529/1666
f 6587/7120 6591/7106 6593/7105 6609/7121
f 6618/7244 6620/7243 6630/7253 6628/7259
f 9873/10749 9885/10726 10055/10725 10056/10859
f 6559/7104 6593/7105 6591/7106 6617/7107
f 10093/10748 10094/10751 9885/10726 9873/10749
f 6482/7085 6559/7104 6617/7107 6483/7108
f 9983/10921 9985/10855 10094/10751 10093/10748
f 6481/7084 6482/7085 6472/7086 6471/7087
f 6482/7085 6483/7108 6473/7109 6472/7086
f 6471/7087 8822/9686 8821/9685 6481/7084
f 9983/10921 9895/10800 9907/10799 9985/10855
f 6351/6908 6331/6925 6357/6940 6377/6946
f 6355/6909 6351/6908 6377/6946 6381/6950
f 6333/6910 6355/6909 6381/6950 6359/6951
f 6331/6925 6353/6924 6379/6939 6357/6940
f 6348/6915 6333/6910 6359/6951 6374/6936
f 6353/6924 6354/6929 6380/6938 6379/6939
f 6349/6916 6348/6915 6374/6936 6375/6937
f 6354/6929 6346/10371 6372/10372 6380/6938
f 6352/6923 6349/6916 6375/6937 6378/6944
f 6346/10371 9521/6912 9523/6956 6372/10372
f 6330/6919 6352/6923 6378/6944 6356/6945
f 9521/6912 6345/6911 6371/6948 9523/6956
f 6332/6920 6330/6919 6356/6945 6358/6954
f 6345/6911 6338/6914 6364/6947 6371/6948
f 6350/6906 6332/6920 6358/6954 6376/6955
f 6338/6914 6343/6913 6369/6957 6364/6947
f 6334/6907 6350/6906 6376/6955 6360/6934
f 6335/6922 6334/6907 6360/6934 6361/6935
f 6347/6928 6335/6922 6361/6935 6373/6943
f 6336/6930 6347/6928 6373/6943 6362/6949
f 6337/6917 6336/6930 6362/6949 6363/6953
f 6368/10537 6369/6957 6343/6913 6342/10538
f 6344/6918 6337/6917 6363/6953 6370/6932
f 6367/6942 6368/10537 6342/10538 6341/6927
f 9520/6921 6344/6918 6370/6932 9522/6933
f 6341/6927 6340/6926 6366/6941 6367/6942
f 6340/6926 6339/6931 6365/6952 6366/6941
f 6339/6931 9520/6921 9522/6933 6365/6952
f 5875/6271 5876/6272 5874/6270 5873/6269
f 5873/6269 5888/6284 5890/6286 5875/6271
f 5874/6270 5876/6272 5932/6333 5931/6334
f 5889/6285 5890/6286 5888/6284 5887/6283
f 5931/6334 5932/6333 5938/6343 5937/6344
f 5887/6283 5896/6325 5897/6324 5889/6285
f 5937/6344 5938/6343 5944/6350 5943/6351
f 5896/6325 6031/6480 6032/6481 5897/6324
f 5943/6351 5944/6350 5950/6357 5949/6358
f 5949/6358 5950/6357 5956/6364 5955/6365
f 9945/6609 6098/6610 6037/6611 9946/6612
f 6098/6610 9945/6609 9948/10510 6038/6415
f 6038/6415 9948/10510 9944/10508 6039/6416
f 9946/6612 6037/6611 9797/10591 9952/10592
f 9952/10592 9797/10591 10144/10634 10157/10935
f 6039/6416 9944/10508 9941/10506 6040/6421
f 10157/10935 10144/10634 10131/10647 10133/10646
f 10133/10646 10131/10647 9819/10648 9954/10649
f 6040/6421 9941/10506 9938/10504 6041/6575
f 9954/10649 9819/10648 9841/10674 9956/10677
f 5953/6360 5954/6359 5960/6366 5959/6367
f 5954/6359 5955/6363 5961/6370 5960/6366
f 5959/6367 5993/6431 5992/6430 5953/6360
f 5955/6365 5956/6364 5962/6371 5961/6372
f 9677/6522 5992/6430 5993/6431 9678/6523
f 9667/10505 9677/6522 9678/6523 9666/10503
f 9938/10504 9667/10505 9666/10503 9935/6520
f 6041/6575 9938/10504 9935/6520 6042/6521
f 9956/10677 9841/10674 9863/10682 9958/10683
f 10024/10724 9958/10683 9863/10682 10055/10725
f 10024/10724 10055/10725 9885/10726 9960/10727
f 9960/10727 9885/10726 10094/10751 10109/10854
f 10109/10854 10094/10751 9985/10855 9990/10856
f 9962/10826 9990/10856 9985/10855 9907/10799
f 9927/10792 9966/10791 9889/10812 9898/10813
f 9898/10813 9891/10822 9964/10774 9927/10792
f 9928/10761 9964/10774 9891/10822 9897/10808
f 9897/10808 9905/10809 9920/10762 9928/10761
f 9966/10791 9915/10820 9910/10821 9889/10812
f 9901/10805 9910/10821 9915/10820 9924/10766
f 9961/10804 9901/10805 9924/10766 9914/10765
f 9905/10809 9906/10823 9919/10787 9920/10762
f 9914/10765 9921/10806 9904/10807 9961/10804
f 9921/10806 9922/10816 9903/10815 9904/10807
f 9902/10814 9903/10815 9922/10816 9923/10796
f 9916/10819 9919/10787 9906/10823 9909/10817
f 9892/10827 9902/10814 9923/10796 9963/10795
f 9909/10817 9908/10818 9917/10777 9916/10819
f 9890/10825 9892/10827 9963/10795 9965/10824
f 9965/10824 9932/10772 9893/10803 9890/10825
f 9932/10772 9926/10771 9899/10802 9893/10803
f 9913/10778 9917/10777 9908/10818 9962/10826
f 9894/10811 9899/10802 9926/10771 9931/10780
f 9962/10826 9907/10799 9918/10785 9913/10778
f 9900/10810 9894/10811 9931/10780 9925/10779
f 9896/10801 9900/10810 9925/10779 9929/10794
f 9929/10794 9930/10786 9895/10800 9896/10801
f 9930/10786 9918/10785 9907/10799 9895/10800
f 8822/9686 6468/7075 6478/7074 8821/9685
f 5897/6324 6032/6481 6033/6482 5898/6322
f 5898/6322 6033/6482 6034/6483 5899/6323
f 6551/7164 6552/7165 5899/6323 6034/6483
f 6602/7225 6603/7190 6552/7165 6551/7164
f 6488/7073 6489/7052 6603/7190 6602/7225
f 6489/7052 6488/7073 6478/7074 6479/7053
f 6479/7053 6478/7074 6468/7075 6469/7055
f 5700/6109 5704/6110 5689/6086 5685/6085
f 8798/9668 5689/6086 5704/6110 8797/9667
f 5687/6093 8798/9668 8797/9667 5702/6098
f 5702/6098 5703/6099 5688/6094 5687/6093
f 5703/6099 8780/9649 8779/9648 5688/6094
f 8780/9649 5705/6108 5690/6081 8779/9648
f 5705/6108 5706/6097 5691/6082 5690/6081
f 5706/6097 5712/6091 5697/6062 5691/6082
f 5712/6091 5711/6092 5696/6063 5697/6062
f 5711/6092 5712/6091 5727/6112 5726/6113
f 5742/6114 5741/6115 5726/6113 5727/6112
f 610/671 593/640 597/641 614/672
f 593/640 610/671 611/673 594/642
f 3727/4223 3726/4222 614/672 597/641
f 619/5158 602/5157 594/642 611/673
f 595/652 612/678 3726/4222 3727/4223
f 602/5157 619/5158 4744/667 4733/660
f 612/678 595/652 596/653 613/679
f 4733/660 4744/667 618/668 601/645
f 3714/4209 3715/4210 613/679 596/653
f 601/645 618/668 617/665 600/646
f 598/661 615/669 3715/4210 3714/4209
f 600/646 617/665 625/666 608/658
f 608/658 625/666 624/662 607/654
f 607/654 624/662 623/663 606/655
f 5743/6145 606/6144 623/6151 5758/6152
f 5744/6147 5743/6145 5758/6152 5759/6153
f 5737/6136 5744/6147 5759/6153 5752/6154
f 615/669 598/661 599/649 616/670
f 5738/6137 5737/6136 5752/6154 5753/6155
f 616/670 599/649 605/620 622/648
f 9739/6149 5738/6137 5753/6155 9750/6156
f 604/621 621/647 622/648 605/620
f 5739/10565 9739/6149 9750/6156 5754/10566
f 621/647 604/621 603/659 620/656
f 5754/10566 5746/6161 5731/6134 5739/10565
f 620/656 603/659 609/664 626/657
f 5755/6146 626/657 609/664 5740/6148
f 5756/6139 5755/6146 5740/6148 5741/6115
f 5730/6132 5731/6134 5746/6161 5745/6159
f 5715/6127 5719/6128 5704/6110 5700/6109
f 5730/6132 5734/6133 5719/6128 5715/6127
f 5745/6159 5749/6160 5734/6133 5730/6132
f 5741/6115 5742/6114 5757/6138 5756/6139
f 5037/5482 5075/5487 5048/5484 5050/5483
f 5075/5487 5073/5488 4993/5461 5048/5484
f 5037/5482 5032/5481 5060/5497 5075/5487
f 4992/5462 4993/5461 5073/5488 5074/5492
f 5033/5463 4992/5462 5074/5492 5065/5498
f 5049/5464 5033/5463 5065/5498 5076/5500
f 5076/5500 5038/5466 4991/5465 5049/5464
f 5064/5501 5028/5467 5038/5466 5076/5500
f 5072/5502 5051/5468 5028/5467 5064/5501
f 5032/5481 5020/5480 5077/5495 5060/5497
f 5068/5508 5077/5495 5020/5480 5012/5479
f 5084/5510 5029/5469 5051/5468 5072/5502
f 5070/5491 5022/5470 5029/5469 5084/5510
f 5080/5509 5068/5508 5012/5479 5019/5478
f 4990/5472 5021/5471 5022/5470 5070/5491
f 5070/5491 5069/5490 5043/5473 4990/5472
f 5008/5477 5011/5476 5080/5509 5019/5478
f 5069/5490 5081/5485 5034/5474 5043/5473
f 5081/5485 5082/5486 5042/5475 5034/5474
f 5011/5476 5042/5475 5082/5486 5080/5509
f 5956/6364 5957/6362 5963/6369 5962/6371
f 5957/6362 5958/6361 5964/6368 5963/6369
f 6583/7203 6582/7199 5964/6368 5958/6361
f 6576/7206 6577/7207 6582/7199 6583/7203
f 6557/7217 6556/7218 6577/7207 6576/7206
f 6621/7248 6620/7243 6556/7218 6557/7217
f 6631/7252 6630/7253 6620/7243 6621/7248
f 1605/1864 1559/1808 1558/1809 1604/1865
f 1368/1720 1378/1719 1559/1808 1605/1864
f 1604/1865 1558/1809 1557/1812 1603/1866
f 1378/1719 1368/1720 1452/1602 1453/1600
f 1603/1866 1557/1812 1556/1814 1602/1867
f 1453/1600 1452/1602 1367/1603 1377/1601
f 1556/1814 1555/1804 1560/1818 1602/1867
f 1377/1601 1367/1603 1366/1621 1376/1620
f 1560/1818 1555/1804 1554/1805 1566/1815
f 3756/4245 3755/4244 1376/1620 1366/1621
f 1566/1815 1554/1805 1553/1806 1572/1829
f 1369/1633 1379/1630 3755/4244 3756/4245
f 1572/1829 1553/1806 1552/1807 1578/1836
f 1379/1630 1369/1633 1370/1634 1380/1631
f 1549/1813 1584/1843 1578/1836 1552/1807
f 1380/1631 1370/1634 1371/1655 1381/1653
f 1584/1843 1549/1813 1550/1810 1590/1850
f 1391/1654 1381/1653 1382/1669 1392/1670
f 1381/1653 1371/1655 1372/1671 1382/1669
f 1537/1650 1391/1654 1392/1670 1536/1789
f 1507/1651 1537/1650 1536/1789 1508/1728
f 1590/1850 1550/1810 1551/1811 1596/1857
f 1503/1668 1507/1651 1508/1728 1478/1714
f 6668/7296 1596/7303 1551/7257 6629/7256
f 1400/1665 1503/1668 1478/1714 1401/1713
f 6662/7289 6668/7296 6629/7256 6628/7259
f 6628/7259 6630/7253 6656/7282 6662/7289
f 1400/1665 1401/1713 6564/7163 6587/7120
f 6587/7120 6564/7163 6592/7177 6591/7106
f 6591/7106 6592/7177 6616/7235 6617/7107
f 6650/7275 6656/7282 6630/7253 6631/7252
f 6617/7107 6616/7235 6484/7122 6483/7108
f 6483/7108 6484/7122 6474/7123 6473/7109
f 6471/7087 6472/7086 6462/7088 6461/7089
f 6472/7086 6473/7109 6463/7110 6462/7088
f 6461/7089 8823/9687 8822/9686 6471/7087
f 6473/7109 6474/7123 6464/7124 6463/7110
f 8823/9687 6458/7076 6468/7075 8822/9686
f 6357/6940 6379/6939 6405/6958 6383/6959
f 6377/6946 6357/6940 6383/6959 6403/6966
f 6381/6950 6377/6946 6403/6966 6407/6970
f 6359/6951 6381/6950 6407/6970 6385/6971
f 6374/6936 6359/6951 6385/6971 6400/6976
f 6379/6939 6380/6938 6406/6983 6405/6958
f 6375/6937 6374/6936 6400/6976 6401/6981
f 6380/6938 6372/10372 6398/10373 6406/6983
f 6378/6944 6375/6937 6401/6981 6404/6964
f 6372/10372 9523/6956 9525/6977 6398/10373
f 6356/6945 6378/6944 6404/6964 6382/6965
f 9523/6956 6371/6948 6397/6968 9525/6977
f 6358/6954 6356/6945 6382/6965 6384/6974
f 6371/6948 6364/6947 6390/6967 6397/6968
f 6376/6955 6358/6954 6384/6974 6402/6975
f 6364/6947 6369/6957 6395/6978 6390/6967
f 6360/6934 6376/6955 6402/6975 6386/6980
f 6394/7040 6395/6978 6369/6957 6368/10537
f 6361/6935 6360/6934 6386/6980 6387/6962
f 6373/6943 6361/6935 6387/6962 6399/6963
f 6362/6949 6373/6943 6399/6963 6388/6969
f 6363/6953 6362/6949 6388/6969 6389/6973
f 6370/6932 6363/6953 6389/6973 6396/6979
f 6393/6961 6394/7040 6368/10537 6367/6942
f 9522/6933 6370/6932 6396/6979 9524/6982
f 6367/6942 6366/6941 6392/6960 6393/6961
f 6365/6952 9522/6933 9524/6982 6391/6972
f 6366/6941 6365/6952 6391/6972 6392/6960
f 5877/6273 5878/6274 5876/6272 5875/6271
f 5875/6271 5890/6286 5892/6288 5877/6273
f 5876/6272 5878/6274 5933/6332 5932/6333
f 5891/6287 5892/6288 5890/6286 5889/6285
f 5932/6333 5933/6332 5939/6340 5938/6343
f 5889/6285 5897/6324 5898/6322 5891/6287
f 5938/6343 5939/6340 5945/6348 5944/6350
f 5944/6350 5945/6348 5951/6355 5950/6357
f 5950/6357 5951/6355 5957/6362 5956/6364
f 10026/10789 10011/10790 9966/10791 9927/10792
f 9927/10792 9964/10774 10037/10773 10026/10789
f 10011/10790 10014/10861 9915/10820 9966/10791
f 10027/10764 10037/10773 9964/10774 9928/10761
f 9928/10761 9920/10762 10006/10763 10027/10764
f 9920/10762 9919/10787 10005/10788 10006/10763
f 9924/10766 9915/10820 10014/10861 10000/10767
f 9914/10765 9924/10766 10000/10767 9911/10768
f 9911/10768 10018/10867 9921/10806 9914/10765
f 10015/10866 10005/10788 9919/10787 9916/10819
f 10018/10867 10019/10860 9922/10816 9921/10806
f 9923/10796 9922/10816 10019/10860 9999/10797
f 9963/10795 9923/10796 9999/10797 10036/10798
f 9916/10819 9917/10777 10016/10776 10015/10866
f 9965/10824 9963/10795 10036/10798 10010/10862
f 9912/10775 10016/10776 9917/10777 9913/10778
f 10010/10862 9995/10769 9932/10772 9965/10824
f 9995/10769 10008/10770 9926/10771 9932/10772
f 9931/10780 9926/10771 10008/10770 10032/10781
f 9913/10778 9918/10785 10017/10784 9912/10775
f 9925/10779 9931/10780 10032/10781 10007/10782
f 10031/10783 10017/10784 9918/10785 9930/10786
f 9929/10794 9925/10779 10007/10782 10028/10793
f 10028/10793 10031/10783 9930/10786 9929/10794
f 6469/7055 6468/7075 6458/7076 6459/7057
f 5891/6287 5898/6322 5899/6323 5893/6289
f 5893/6289 5899/6323 6552/7165 6553/7191
f 6553/7191 6552/7165 6603/7190 6604/7189
f 6604/7189 6603/7190 6489/7052 6543/7051
f 6543/7051 6489/7052 6479/7053 6542/7054
f 6542/7054 6479/7053 6469/7055 6541/7056
f 6541/7056 6469/7055 6459/7057 6540/7058
f 5719/6128 8796/9666 8797/9667 5704/6110
f 8796/9666 5717/6117 5702/6098 8797/9667
f 5717/6117 5718/6118 5703/6099 5702/6098
f 5718/6118 8781/9650 8780/9649 5703/6099
f 8781/9650 5720/6126 5705/6108 8780/9649
f 5720/6126 5721/6116 5706/6097 5705/6108
f 5721/6116 5727/6112 5712/6091 5706/6097
f 5736/6140 5742/6114 5727/6112 5721/6116
f 5751/6158 5757/6138 5742/6114 5736/6140
f 627/692 610/671 614/672 631/693
f 610/671 627/692 628/694 611/673
f 3726/4222 3725/4221 631/693 614/672
f 636/5159 619/5158 611/673 628/694
f 612/678 629/682 3725/4221 3726/4222
f 619/5158 636/5159 4743/689 4744/667
f 629/682 612/678 613/679 630/683
f 4744/667 4743/689 635/690 618/668
f 630/683 613/679 3715/4210 3716/4211
f 618/668 635/690 634/687 617/665
f 3716/4211 3715/4210 615/669 632/691
f 617/665 634/687 642/688 625/666
f 632/691 615/669 616/670 633/680
f 625/666 642/688 641/684 624/662
f 624/662 641/684 640/685 623/663
f 5758/6152 623/6151 640/6169 5773/6170
f 5759/6153 5758/6152 5773/6170 5774/6171
f 5752/6154 5759/6153 5774/6171 5767/6172
f 5753/6155 5752/6154 5767/6172 5768/6173
f 633/680 616/670 622/648 639/675
f 9750/6156 5753/6155 5768/6173 9749/6174
f 639/675 622/648 621/647 638/676
f 5754/10566 9750/6156 9749/6174 5769/10567
f 638/676 621/647 620/656 637/650
f 5769/10567 5761/6178 5746/6161 5754/10566
f 643/651 637/650 620/656 626/657
f 5745/6159 5746/6161 5761/6178 5760/6176
f 643/651 626/657 5755/6146 5770/6141
f 5771/6163 5770/6141 5755/6146 5756/6139
f 5772/6162 5771/6163 5756/6139 5757/6138
f 5760/6176 5764/6177 5749/6160 5745/6159
f 5734/6133 8795/9665 8796/9666 5719/6128
f 8795/9665 5734/6133 5749/6160 8794/9664
f 8794/9664 5749/6160 5764/6177 8793/9663
f 5766/6166 5772/6162 5757/6138 5751/6158
f 5060/5497 5062/5493 5073/5488 5075/5487
f 5074/5492 5073/5488 5062/5493 5061/5494
f 5077/5495 5079/5496 5062/5493 5060/5497
f 5065/5498 5074/5492 5061/5494 5063/5499
f 5076/5500 5065/5498 5063/5499 5064/5501
f 5064/5501 5063/5499 5071/5504 5072/5502
f 5072/5502 5071/5504 5083/5506 5084/5510
f 5068/5508 5066/5507 5079/5496 5077/5495
f 5080/5509 5082/5486 5066/5507 5068/5508
f 5084/5510 5083/5506 5069/5490 5070/5491
f 5083/5506 5067/5505 5081/5485 5069/5490
f 5067/5505 5066/5507 5082/5486 5081/5485
f 5951/6355 5952/6354 5958/6361 5957/6362
f 6584/7194 6583/7203 5958/6361 5952/6354
f 6575/7209 6576/7206 6583/7203 6584/7194
f 6558/7216 6557/7217 6576/7206 6575/7209
f 6622/7247 6621/7248 6557/7217 6558/7216
f 6632/7251 6631/7252 6621/7248 6622/7247
f 6644/7261 6650/7275 6631/7252 6632/7251
f 1609/1872 1605/1864 1604/1865 1608/1873
f 1356/1721 1368/1720 1605/1864 1609/1872
f 1608/1873 1604/1865 1603/1866 1607/1878
f 1368/1720 1356/1721 1451/1604 1452/1602
f 1607/1878 1603/1866 1602/1867 1606/1881
f 1452/1602 1451/1604 1357/1605 1367/1603
f 1602/1867 1560/1818 1610/1895 1606/1881
f 1367/1603 1357/1605 1358/1622 1366/1621
f 1566/1815 1567/1816 1561/1817 1560/1818
f 1560/1818 1561/1817 1611/1897 1610/1895
f 3757/4246 3756/4245 1366/1621 1358/1622
f 1572/1829 1573/1830 1567/1816 1566/1815
f 1359/1635 1369/1633 3756/4245 3757/4246
f 1578/1836 1579/1837 1573/1830 1572/1829
f 1369/1633 1359/1635 1360/1636 1370/1634
f 1584/1843 1585/1844 1579/1837 1578/1836
f 1370/1634 1360/1636 1361/1656 1371/1655
f 1590/1850 1591/1851 1585/1844 1584/1843
f 1371/1655 1361/1656 1362/1672 1372/1671
f 1596/1857 1597/1858 1591/1851 1590/1850
f 1392/1670 1382/1669 1383/1679 1393/1680
f 1382/1669 1372/1671 1373/1681 1383/1679
f 1536/1789 1392/1670 1393/1680 1535/1790
f 1372/1671 1362/1672 1363/1682 1373/1681
f 1508/1728 1536/1789 1535/1790 1530/1733
f 1478/1714 1508/1728 1530/1733 1477/1699
f 1596/7303 6668/7296 6669/7297 1597/7304
f 1401/1713 1478/1714 1477/1699 1402/1698
f 6668/7296 6662/7289 6663/7290 6669/7297
f 1401/1713 1402/1698 6563/7152 6564/7163
f 6662/7289 6656/7282 6657/7283 6663/7290
f 6656/7282 6650/7275 6651/7276 6657/7283
f 6564/7163 6563/7152 6610/7182 6592/7177
f 6592/7177 6610/7182 6615/7234 6616/7235
f 6616/7235 6615/7234 6485/7132 6484/7122
f 6650/7275 6644/7261 6645/7264 6651/7276
f 6484/7122 6485/7132 6475/7133 6474/7123
f 6474/7123 6475/7133 6465/7134 6464/7124
f 6461/7089 6462/7088 6452/7090 6451/7091
f 6462/7088 6463/7110 6453/7111 6452/7090
f 6451/7091 8824/9688 8823/9687 6461/7089
f 6463/7110 6464/7124 6454/7125 6453/7111
f 8824/9688 6450/7077 6458/7076 8823/9687
f 6464/7124 6465/7134 6455/7135 6454/7125
f 6459/7057 6458/7076 6450/7077 6449/7059
f 6430/7027 9530/7035 6383/6959 6405/6958
f 6429/7022 6430/7027 6405/6958 6406/6983
f 9530/7035 6432/7037 6403/6966 6383/6959
f 6407/6970 6403/6966 6432/7037 6428/7036
f 6385/6971 6407/6970 6428/7036 9528/6993
f 6400/6976 6385/6971 9528/6993 6435/6992
f 6435/6992 6434/7013 6401/6981 6400/6976
f 6437/7023 6429/7022 6406/6983 6398/10373
f 6434/7013 6431/7012 6404/6964 6401/6981
f 6426/7031 6437/7023 6398/10373 9525/6977
f 6382/6965 6404/6964 6431/7012 9531/7019
f 9525/6977 6397/6968 6438/7025 6426/7031
f 9531/7019 9529/7018 6384/6974 6382/6965
f 6445/7007 6438/7025 6397/6968 6390/6967
f 9529/7018 6433/7004 6402/6975 6384/6974
f 6440/7000 6445/7007 6390/6967 6395/6978
f 6386/6980 6402/6975 6433/7004 9527/6999
f 6395/6978 6394/7040 6441/7001 6440/7000
f 9527/6999 9526/6998 6387/6962 6386/6980
f 6442/7009 6441/7001 6394/7040 6393/6961
f 9526/6998 6436/7015 6399/6963 6387/6962
f 6388/6969 6399/6963 6436/7015 6447/7028
f 6447/7028 6446/7033 6389/6973 6388/6969
f 6396/6979 6389/6973 6446/7033 6439/6989
f 9524/6982 6396/6979 6439/6989 6427/6988
f 6443/6986 6442/7009 6393/6961 6392/6960
f 6427/6988 6444/6987 6391/6972 9524/6982
f 6444/6987 6443/6986 6392/6960 6391/6972
f 5879/6275 5880/6276 5878/6274 5877/6273
f 5877/6273 5892/6288 5894/6290 5879/6275
f 5878/6274 5880/6276 5934/6331 5933/6332
f 5893/6289 5894/6290 5892/6288 5891/6287
f 5933/6332 5934/6331 5940/6339 5939/6340
f 5939/6340 5940/6339 5946/6347 5945/6348
f 5945/6348 5946/6347 5952/6354 5951/6355
f 10026/10789 10029/10874 10039/10873 10011/10790
f 10029/10874 10026/10789 10037/10773 10052/10875
f 10011/10790 10039/10873 9992/10872 10014/10861
f 10027/10764 10030/10876 10052/10875 10037/10773
f 10050/10871 10000/10767 10014/10861 9992/10872
f 10030/10876 10027/10764 10006/10763 10023/10877
f 10023/10877 10006/10763 10005/10788 10022/10878
f 10015/10866 9991/10879 10022/10878 10005/10788
f 10034/10870 9911/10768 10000/10767 10050/10871
f 9911/10768 10034/10870 9993/10868 10018/10867
f 10018/10867 9993/10868 9994/10869 10019/10860
f 9991/10879 10015/10866 10016/10776 10044/10880
f 10049/10891 9999/10797 10019/10860 9994/10869
f 10051/10890 10036/10798 9999/10797 10049/10891
f 10051/10890 10038/10889 10010/10862 10036/10798
f 9912/10775 10035/10881 10044/10880 10016/10776
f 10010/10862 10038/10889 10033/10888 9995/10769
f 10035/10881 9912/10775 10017/10784 10043/10882
f 9995/10769 10033/10888 10021/10887 10008/10770
f 10013/10886 10032/10781 10008/10770 10021/10887
f 10020/10885 10007/10782 10032/10781 10013/10886
f 10031/10783 10012/10883 10043/10882 10017/10784
f 10020/10885 10009/10884 10028/10793 10007/10782
f 10028/10793 10009/10884 10012/10883 10031/10783
f 6540/7058 6459/7057 6449/7059 6539/7060
f 6553/7191 6597/7192 5894/6290 5893/6289
f 6604/7189 6605/7230 6597/7192 6553/7191
f 6543/7051 6490/7166 6605/7230 6604/7189
f 6490/7166 6543/7051 6542/7054 6480/7167
f 6480/7167 6542/7054 6541/7056 6470/7168
f 6470/7168 6541/7056 6540/7058 6460/7169
f 6460/7169 6540/7058 6539/7060 6448/7170
f 8795/9665 5732/6142 5717/6117 8796/9666
f 5732/6142 5733/6143 5718/6118 5717/6117
f 8781/9650 5718/6118 5733/6143 8782/9651
f 5720/6126 8781/9650 8782/9651 5735/6150
f 5735/6150 5736/6140 5721/6116 5720/6126
f 5750/6157 5751/6158 5736/6140 5735/6150
f 5765/6175 5766/6166 5751/6158 5750/6157
f 644/713 627/692 631/693 648/714
f 627/692 644/713 645/715 628/694
f 648/714 631/693 3725/4221 3724/4220
f 653/5160 636/5159 628/694 645/715
f 3724/4220 3725/4221 629/682 646/703
f 636/5159 653/5160 4742/710 4743/689
f 646/703 629/682 630/683 647/704
f 4743/689 4742/710 652/711 635/690
f 647/704 630/683 3716/4211 3717/4212
f 635/690 652/711 651/708 634/687
f 3717/4212 3716/4211 632/691 649/712
f 634/687 651/708 659/709 642/688
f 649/712 632/691 633/680 650/701
f 642/688 659/709 658/705 641/684
f 650/701 633/680 639/675 656/698
f 641/684 658/705 657/706 640/685
f 5773/6170 640/6169 657/6186 5788/6187
f 5774/6171 5773/6170 5788/6187 5789/6188
f 5767/6172 5774/6171 5789/6188 5782/6189
f 5768/6173 5767/6172 5782/6189 5783/6190
f 9749/6174 5768/6173 5783/6190 9748/6191
f 639/675 638/676 655/697 656/698
f 5769/10567 9749/6174 9748/6191 5784/10568
f 655/697 638/676 637/650 654/643
f 5784/10568 5776/6195 5761/6178 5769/10567
f 660/644 654/643 637/650 643/651
f 5760/6176 5761/6178 5776/6195 5775/6193
f 660/644 643/651 5770/6141 5785/6135
f 5775/6193 5779/6194 5764/6177 5760/6176
f 5786/6180 5785/6135 5770/6141 5771/6163
f 5772/6162 5787/6179 5786/6180 5771/6163
f 5781/6183 5787/6179 5772/6162 5766/6166
f 5779/6194 8792/9662 8793/9663 5764/6177
f 5732/6142 8795/9665 8794/9664 5747/6164
f 5747/6164 8794/9664 8793/9663 5762/6167
f 8792/9662 5777/6184 5762/6167 8793/9663
f 5780/6192 5781/6183 5766/6166 5765/6175
f 5061/5494 5062/5493 5079/5496 5078/5503
f 5063/5499 5061/5494 5078/5503 5071/5504
f 5078/5503 5079/5496 5066/5507 5067/5505
f 5071/5504 5078/5503 5067/5505 5083/5506
f 6585/7193 6584/7194 5952/6354 5946/6347
f 6574/7210 6575/7209 6584/7194 6585/7193
f 6565/7215 6558/7216 6575/7209 6574/7210
f 6623/7246 6622/7247 6558/7216 6565/7215
f 6633/7250 6632/7251 6622/7247 6623/7246
f 6638/7262 6644/7261 6632/7251 6633/7250
f 6644/7261 6638/7262 6639/7263 6645/7264
f 1619/1889 1609/1872 1608/1873 1618/1890
f 1609/1872 1619/1889 1431/1722 1356/1721
f 1618/1890 1608/1873 1607/1878 1617/1892
f 1356/1721 1431/1722 1459/1606 1451/1604
f 1617/1892 1607/1878 1606/1881 1616/1894
f 1451/1604 1459/1606 1432/1607 1357/1605
f 1616/1894 1606/1881 1610/1895 1620/1896
f 1357/1605 1432/1607 1433/1623 1358/1622
f 1620/1896 1610/1895 1611/1897 1621/1898
f 1358/1622 1433/1623 3758/4247 3757/4246
f 1567/1816 1568/1823 1562/1824 1561/1817
f 1573/1830 1574/1833 1568/1823 1567/1816
f 1561/1817 1562/1824 1622/1948 1611/1897
f 1622/1948 1612/1943 1621/1898 1611/1897
f 3757/4246 3758/4247 1434/1637 1359/1635
f 1579/1837 1580/1840 1574/1833 1573/1830
f 1359/1635 1434/1637 1435/1638 1360/1636
f 1585/1844 1586/1847 1580/1840 1579/1837
f 1360/1636 1435/1638 1436/1657 1361/1656
f 1591/1851 1592/1854 1586/1847 1585/1844
f 1361/1656 1436/1657 1437/1673 1362/1672
f 1597/1858 1598/1861 1592/1854 1591/1851
f 1362/1672 1437/1673 1438/1683 1363/1682
f 1597/7304 6669/7297 6670/7300 1598/7307
f 1393/1680 1383/1679 1384/1689 1394/1690
f 1383/1679 1373/1681 1374/1691 1384/1689
f 1535/1790 1393/1680 1394/1690 1534/1791
f 1373/1681 1363/1682 1364/1692 1374/1691
f 1530/1733 1535/1790 1534/1791 1531/1729
f 1363/1682 1438/1683 1439/1693 1364/1692
f 1477/1699 1530/1733 1531/1729 1475/1700
f 1402/1698 1477/1699 1475/1700 1403/1701
f 6669/7297 6663/7290 6664/7293 6670/7300
f 1402/1698 1403/1701 6561/7151 6563/7152
f 6663/7290 6657/7283 6658/7286 6664/7293
f 6563/7152 6561/7151 6611/7179 6610/7182
f 6657/7283 6651/7276 6652/7279 6658/7286
f 6651/7276 6645/7264 6646/7270 6652/7279
f 6610/7182 6611/7179 6614/7236 6615/7234
f 6615/7234 6614/7236 6486/7142 6485/7132
f 6485/7132 6486/7142 6476/7143 6475/7133
f 6645/7264 6639/7263 6640/7269 6646/7270
f 6475/7133 6476/7143 6466/7144 6465/7134
f 6465/7134 6466/7144 6456/7145 6455/7135
f 6451/7091 6452/7090 6523/7092 6522/7093
f 6452/7090 6453/7111 6524/7112 6523/7092
f 8824/9688 6451/7091 6522/7093 8825/9689
f 6453/7111 6454/7125 6525/7126 6524/7112
f 6450/7077 8824/9688 8825/9689 6521/7078
f 6454/7125 6455/7135 6526/7136 6525/7126
f 6449/7059 6450/7077 6521/7078 6520/7061
f 6455/7135 6456/7145 6527/7146 6526/7136
f 6539/7060 6449/7059 6520/7061 6547/7062
f 6422/7021 6421/7026 6430/7027 6429/7022
f 6421/7026 9711/7034 9530/7035 6430/7027
f 9711/7034 6419/7038 6432/7037 9530/7035
f 6414/7020 6422/7021 6429/7022 6437/7023
f 6428/7036 6432/7037 6419/7038 6423/7039
f 9528/6993 6428/7036 6423/7039 9709/6994
f 6435/6992 9528/6993 9709/6994 6416/6995
f 6416/6995 6417/7010 6434/7013 6435/6992
f 6417/7010 6420/7011 6431/7012 6434/7013
f 6425/7030 6414/7020 6437/7023 6426/7031
f 9531/7019 6431/7012 6420/7011 9712/7016
f 6426/7031 6438/7025 6413/7024 6425/7030
f 9712/7016 9710/7017 9529/7018 9531/7019
f 9704/7006 6413/7024 6438/7025 6445/7007
f 9710/7017 6418/7005 6433/7004 9529/7018
f 6411/7003 9704/7006 6445/7007 6440/7000
f 9527/6999 6433/7004 6418/7005 9708/6996
f 6440/7000 6441/7001 6410/7002 6411/7003
f 9708/6996 9707/6997 9526/6998 9527/6999
f 6409/7008 6410/7002 6441/7001 6442/7009
f 9707/6997 6415/7014 6436/7015 9526/6998
f 6408/6985 6409/7008 6442/7009 6443/6986
f 6447/7028 6436/7015 6415/7014 9706/7029
f 9706/7029 9705/7032 6446/7033 6447/7028
f 6439/6989 6446/7033 9705/7032 6412/6990
f 6427/6988 6439/6989 6412/6990 6424/6991
f 6424/6991 9703/6984 6444/6987 6427/6988
f 9703/6984 6408/6985 6443/6986 6444/6987
f 6590/7201 6589/7202 5880/6276 5879/6275
f 6590/7201 5879/6275 5894/6290 6597/7192
f 6589/7202 6588/7200 5934/6331 5880/6276
f 6588/7200 6586/7197 5940/6339 5934/6331
f 6586/7197 6585/7193 5946/6347 5940/6339
f 10073/10909 10065/10908 10029/10874 10052/10875
f 10065/10908 10077/10907 10039/10873 10029/10874
f 10077/10907 10050/10871 9992/10872 10039/10873
f 10085/10917 10073/10909 10052/10875 10030/10876
f 10071/10898 10085/10917 10030/10876 10023/10877
f 10050/10871 10077/10907 10066/10905 10034/10870
f 9991/10879 10071/10898 10023/10877 10022/10878
f 10071/10898 9991/10879 10044/10880 10070/10897
f 10034/10870 10066/10905 10075/10899 9993/10868
f 9993/10868 10075/10899 10074/10895 9994/10869
f 10076/10894 10049/10891 9994/10869 10074/10895
f 10070/10897 10044/10880 10035/10881 10082/10892
f 10038/10889 10051/10890 10049/10891 10076/10894
f 10038/10889 10076/10894 10061/10903 10033/10888
f 10082/10892 10035/10881 10043/10882 10083/10893
f 10033/10888 10061/10903 10078/10902 10021/10887
f 10012/10883 10081/10916 10083/10893 10043/10882
f 10069/10915 10013/10886 10021/10887 10078/10902
f 10081/10916 10020/10885 10013/10886 10069/10915
f 10009/10884 10020/10885 10081/10916 10012/10883
f 6448/7170 6539/7060 6547/7062 6519/7171
f 6590/7201 6597/7192 6605/7230 6570/7208
f 6570/7208 6605/7230 6490/7166 6569/7219
f 6480/7167 6627/7249 6569/7219 6490/7166
f 6470/7168 6637/7254 6627/7249 6480/7167
f 6460/7169 6677/7310 6637/7254 6470/7168
f 6448/7170 6681/7318 6677/7310 6460/7169
f 6681/7318 6448/7170 6519/7171 6691/7335
f 5747/6164 5748/6165 5733/6143 5732/6142
f 8782/9651 5733/6143 5748/6165 8783/9652
f 5735/6150 8782/9651 8783/9652 5750/6157
f 8784/9653 5765/6175 5750/6157 8783/9652
f 8785/9654 5780/6192 5765/6175 8784/9653
f 661/726 644/713 648/714 665/727
f 644/713 661/726 662/728 645/715
f 3724/4220 3723/4219 665/727 648/714
f 670/5161 653/5160 645/715 662/728
f 646/703 663/733 3723/4219 3724/4220
f 653/5160 670/5161 4741/722 4742/710
f 663/733 646/703 647/704 664/734
f 4742/710 4741/722 669/723 652/711
f 3717/4212 3718/4213 664/734 647/704
f 652/711 669/723 668/720 651/708
f 649/712 666/724 3718/4213 3717/4212
f 651/708 668/720 676/721 659/709
f 666/724 649/712 650/701 667/725
f 659/709 676/721 675/717 658/705
f 667/725 650/701 656/698 673/700
f 658/705 675/717 674/718 657/706
f 672/699 673/700 656/698 655/697
f 5788/6187 657/6186 674/6196 5803/6197
f 5789/6188 5788/6187 5803/6197 5804/6198
f 5782/6189 5789/6188 5804/6198 5797/6199
f 5783/6190 5782/6189 5797/6199 5798/6200
f 9748/6191 5783/6190 5798/6200 9747/6201
f 5784/10568 9748/6191 9747/6201 5799/10569
f 672/699 655/697 654/643 671/636
f 5799/10569 5791/6206 5776/6195 5784/10568
f 654/643 660/644 677/637 671/636
f 5775/6193 5776/6195 5791/6206 5790/6204
f 5785/6135 5800/6130 677/637 660/644
f 5790/6204 5794/6205 5779/6194 5775/6193
f 5801/6181 5800/6130 5785/6135 5786/6180
f 8792/9662 5779/6194 5794/6205 8791/9661
f 5801/6181 5786/6180 5787/6179 5802/6182
f 5796/6203 5802/6182 5787/6179 5781/6183
f 5795/6202 5796/6203 5781/6183 5780/6192
f 5777/6184 8792/9662 8791/9661 5792/6209
f 5762/6167 5763/6168 5748/6165 5747/6164
f 5777/6184 5778/6185 5763/6168 5762/6167
f 5792/6209 5793/6210 5778/6185 5777/6184
f 5780/6192 8785/9654 8786/9655 5795/6202
f 6573/7211 6574/7210 6585/7193 6586/7197
f 6566/7224 6565/7215 6574/7210 6573/7211
f 6624/7245 6623/7246 6565/7215 6566/7224
f 6634/7260 6633/7250 6623/7246 6624/7245
f 6634/7260 6674/7313 6638/7262 6633/7250
f 6674/7313 6678/7327 6682/7342 6638/7262
f 6638/7262 6682/7342 6683/7344 6639/7263
f 6639/7263 6683/7344 6694/7394 6640/7269
f 1671/1902 1619/1889 1618/1890 1670/1903
f 1677/1723 1431/1722 1619/1889 1671/1902
f 1670/1903 1618/1890 1617/1892 1672/1904
f 1431/1722 1677/1723 1682/1608 1459/1606
f 1672/1904 1617/1892 1616/1894 1673/1905
f 1459/1606 1682/1608 1676/1611 1432/1607
f 1673/1905 1616/1894 1620/1896 1674/1906
f 1432/1607 1676/1611 1675/1625 1433/1623
f 1674/1906 1620/1896 1621/1898 1668/1882
f 3759/4248 3758/4247 1433/1623 1675/1625
f 1621/1898 1612/1943 1690/1883 1668/1882
f 1681/1639 1434/1637 3758/4247 3759/4248
f 1568/1823 3776/4297 3775/4298 1562/1824
f 1574/1833 3777/4299 3776/4297 1568/1823
f 3788/4310 1622/1948 1562/1824 3775/4298
f 1580/1840 3778/4300 3777/4299 1574/1833
f 1622/1948 3788/4310 3782/4304 1612/1943
f 1612/1943 3782/4304 3787/4305 1690/1883
f 1434/1637 1681/1639 1680/1642 1435/1638
f 1586/1847 3779/4301 3778/4300 1580/1840
f 1435/1638 1680/1642 1679/1659 1436/1657
f 1592/1854 3780/4302 3779/4301 1586/1847
f 1436/1657 1679/1659 1678/1675 1437/1673
f 1598/1861 3781/4303 3780/4302 1592/1854
f 1437/1673 1678/1675 1685/1685 1438/1683
f 1598/7307 6670/7300 8847/9742 3781/9743
f 1438/1683 1685/1685 1684/1695 1439/1693
f 6670/7300 6664/7293 8846/9741 8847/9742
f 1394/1690 1384/1689 1385/1702 1395/1703
f 1384/1689 1374/1691 1375/1704 1385/1702
f 1534/1791 1394/1690 1395/1703 1533/1792
f 1374/1691 1364/1692 1365/1705 1375/1704
f 1531/1729 1534/1791 1533/1792 1532/1730
f 1364/1692 1439/1693 1440/1706 1365/1705
f 1475/1700 1531/1729 1532/1730 1474/1711
f 1439/1693 1684/1695 1683/1708 1440/1706
f 1403/1701 1475/1700 1474/1711 1473/1712
f 1403/1701 1473/1712 6560/7162 6561/7151
f 6664/7293 6658/7286 8845/9740 8846/9741
f 6561/7151 6560/7162 6612/7178 6611/7179
f 6658/7286 6652/7279 8844/9739 8845/9740
f 6611/7179 6612/7178 6613/7237 6614/7236
f 6652/7279 6646/7270 8843/9738 8844/9739
f 6646/7270 6640/7269 8842/9737 8843/9738
f 6614/7236 6613/7237 6487/7153 6486/7142
f 6486/7142 6487/7153 6477/7154 6476/7143
f 6476/7143 6477/7154 6467/7155 6466/7144
f 8854/9750 8842/9737 6640/7269 6694/7394
f 6466/7144 6467/7155 6457/7156 6456/7145
f 6456/7145 6457/7156 6528/7157 6527/7146
f 6523/7092 6524/7112 6751/7113 6752/7095
f 6522/7093 6523/7092 6752/7095 6753/7094
f 6753/7094 8826/9690 8825/9689 6522/7093
f 6524/7112 6525/7126 6750/7127 6751/7113
f 8826/9690 6747/7079 6521/7078 8825/9689
f 6525/7126 6526/7136 6757/7137 6750/7127
f 6520/7061 6521/7078 6747/7079 6748/7064
f 6526/7136 6527/7146 6756/7147 6757/7137
f 6547/7062 6520/7061 6748/7064 6754/7063
f 6527/7146 6528/7157 6755/7158 6756/7147
f 6519/7171 6547/7062 6754/7063 6749/7172
f 6422/7021 6412/6990 9705/7032 6421/7026
f 6414/7020 6424/6991 6412/6990 6422/7021
f 9706/7029 9711/7034 6421/7026 9705/7032
f 9711/7034 9706/7029 6415/7014 6419/7038
f 9707/6997 6423/7039 6419/7038 6415/7014
f 6425/7030 9703/6984 6424/6991 6414/7020
f 9708/6996 9709/6994 6423/7039 9707/6997
f 6418/7005 6416/6995 9709/6994 9708/6996
f 9710/7017 6417/7010 6416/6995 6418/7005
f 9712/7016 6420/7011 6417/7010 9710/7017
f 9703/6984 6425/7030 6413/7024 6408/6985
f 6408/6985 6413/7024 9704/7006 6409/7008
f 6411/7003 6410/7002 6409/7008 9704/7006
f 6570/7208 6571/7204 6589/7202 6590/7201
f 6571/7204 6572/7205 6588/7200 6589/7202
f 6572/7205 6573/7211 6586/7197 6588/7200
f 10065/10908 10073/10909 10072/10910 10064/10906
f 10073/10909 10085/10917 10084/10912 10072/10910
f 10077/10907 10065/10908 10064/10906 10066/10905
f 10085/10917 10071/10898 10070/10897 10084/10912
f 10066/10905 10064/10906 10062/10900 10075/10899
f 10084/10912 10070/10897 10082/10892 10068/10913
f 10075/10899 10062/10900 10063/10901 10074/10895
f 10061/10903 10076/10894 10074/10895 10063/10901
f 10068/10913 10082/10892 10083/10893 10067/10914
f 10078/10902 10061/10903 10063/10901 10080/10904
f 10081/10916 10069/10915 10067/10914 10083/10893
f 10069/10915 10078/10902 10080/10904 10067/10914
f 6749/7172 6743/7348 6691/7335 6519/7171
f 6569/7219 6568/7220 6571/7204 6570/7208
f 6627/7249 6626/7241 6568/7220 6569/7219
f 6637/7254 6636/7255 6626/7241 6627/7249
f 6677/7310 6676/7311 6636/7255 6637/7254
f 6681/7318 6680/7319 6676/7311 6677/7310
f 6691/7335 6690/7336 6680/7319 6681/7318
f 6743/7348 6742/7349 6690/7336 6691/7335
f 5763/6168 8784/9653 8783/9652 5748/6165
f 5778/6185 8785/9654 8784/9653 5763/6168
f 8785/9654 5778/6185 5793/6210 8786/9655
f 678/735 661/726 665/727 682/736
f 661/726 678/735 679/737 662/728
f 682/736 665/727 3723/4219 3722/4218
f 662/728 679/737 687/757 670/5161
f 3722/4218 3723/4219 663/733 680/741
f 670/5161 687/757 4752/746 4741/722
f 680/741 663/733 664/734 681/742
f 4741/722 4752/746 686/738 669/723
f 3718/4213 3719/4214 681/742 664/734
f 669/723 686/738 685/739 668/720
f 666/724 683/747 3719/4214 3718/4213
f 668/720 685/739 693/745 676/721
f 683/747 666/724 667/725 684/740
f 676/721 693/745 692/743 675/717
f 684/740 667/725 673/700 690/731
f 675/717 692/743 691/744 674/718
f 689/730 690/731 673/700 672/699
f 5803/6197 674/6196 691/6219 5818/6220
f 689/730 672/699 671/636 688/639
f 5804/6198 5803/6197 5818/6220 5819/6221
f 5797/6199 5804/6198 5819/6221 5812/6214
f 5798/6200 5797/6199 5812/6214 5813/6215
f 9747/6201 5798/6200 5813/6215 9758/6222
f 5799/10569 9747/6201 9758/6222 5814/6232
f 5791/6206 5799/10569 5814/6232 5806/6213
f 671/636 677/637 694/638 688/639
f 5790/6204 5791/6206 5806/6213 5805/6211
f 5800/6130 5815/6131 694/638 677/637
f 5805/6211 5809/6212 5794/6205 5790/6204
f 5816/6207 5815/6131 5800/6130 5801/6181
f 5809/6212 8790/9660 8791/9661 5794/6205
f 5816/6207 5801/6181 5802/6182 5817/6208
f 8790/9660 5807/6217 5792/6209 8791/9661
f 5811/6216 5817/6208 5802/6182 5796/6203
f 5810/6223 5811/6216 5796/6203 5795/6202
f 5795/6202 8786/9655 8787/9656 5810/6223
f 5807/6217 5808/6218 5793/6210 5792/6209
f 8786/9655 5793/6210 5808/6218 8787/9656
f 6567/7222 6566/7224 6573/7211 6572/7205
f 6625/7242 6624/7245 6566/7224 6567/7222
f 6635/7258 6634/7260 6624/7245 6625/7242
f 6675/7312 6674/7313 6634/7260 6635/7258
f 6679/7324 6678/7327 6674/7313 6675/7312
f 6689/7338 6688/7340 6678/7327 6679/7324
f 6688/7340 6692/7341 6682/7342 6678/7327
f 6692/7341 6693/7343 6683/7344 6682/7342
f 6694/7394 6683/7344 6693/7343 6684/7389
f 6694/7394 6684/7389 8848/9745 8854/9750
f 1629/1913 1671/1902 1670/1903 1628/1914
f 1671/1902 1629/1913 1405/1724 1677/1723
f 1628/1914 1670/1903 1672/1904 1627/1918
f 1677/1723 1405/1724 1456/1609 1682/1608
f 1627/1918 1672/1904 1673/1905 1626/1920
f 1682/1608 1456/1609 1406/1610 1676/1611
f 1626/1920 1673/1905 1674/1906 1630/1908
f 1676/1611 1406/1610 1407/1624 1675/1625
f 1630/1908 1674/1906 1668/1882 1631/1868
f 1675/1625 1407/1624 3760/4249 3759/4248
f 1668/1882 1690/1883 1686/1869 1631/1868
f 3759/4248 3760/4249 1408/1640 1681/1639
f 1690/1883 3787/4305 3783/4306 1686/1869
f 1681/1639 1408/1640 1409/1641 1680/1642
f 3776/4297 3839/4375 3838/4376 3775/4298
f 3777/4299 3840/4377 3839/4375 3776/4297
f 3872/4388 3788/4310 3775/4298 3838/4376
f 3778/4300 3841/4378 3840/4377 3777/4299
f 3788/4310 3872/4388 3845/4382 3782/4304
f 3779/4301 3842/4379 3841/4378 3778/4300
f 3782/4304 3845/4382 3850/4383 3787/4305
f 3787/4305 3850/4383 3846/4384 3783/4306
f 1680/1642 1409/1641 1410/1658 1679/1659
f 3780/4302 3843/4380 3842/4379 3779/4301
f 1679/1659 1410/1658 1411/1674 1678/1675
f 3781/4303 3844/4381 3843/4380 3780/4302
f 1678/1675 1411/1674 1412/1684 1685/1685
f 3781/9743 8847/9742 8909/9820 3844/9821
f 1685/1685 1412/1684 1413/1694 1684/1695
f 8847/9742 8846/9741 8908/9819 8909/9820
f 1684/1695 1413/1694 1414/1707 1683/1708
f 8846/9741 8845/9740 8907/9818 8908/9819
f 1874/2133 1859/2137 1385/1702 1375/1704
f 1859/2137 1860/2139 1395/1703 1385/1702
f 1533/1792 1395/1703 1860/2139 1861/2143
f 1873/2134 1874/2133 1375/1704 1365/1705
f 1532/1730 1533/1792 1861/2143 1862/2146
f 1365/1705 1440/1706 1872/2147 1873/2134
f 1474/1711 1532/1730 1862/2146 1895/2149
f 4065/2158 1872/2147 1440/1706 1683/1708
f 1473/1712 1474/1711 1895/2149 1891/2153
f 1683/1708 1414/1707 3924/2157 4065/2158
f 1473/1712 1891/2153 6963/7595 6560/7162
f 6560/7162 6963/7595 6934/7592 6612/7178
f 8845/9740 8844/9739 8906/9817 8907/9818
f 6612/7178 6934/7592 6933/7589 6613/7237
f 8844/9739 8843/9738 8905/9816 8906/9817
f 6613/7237 6933/7589 6932/7585 6487/7153
f 8843/9738 8842/9737 8904/9815 8905/9816
f 8937/9828 8904/9815 8842/9737 8854/9750
f 6931/7583 6477/7154 6487/7153 6932/7585
f 6946/7580 6467/7155 6477/7154 6931/7583
f 6945/7579 6457/7156 6467/7155 6946/7580
f 8854/9750 8848/9745 8910/9823 8937/9828
f 6457/7156 6945/7579 6944/7593 6528/7157
f 9120/7599 6755/7158 6528/7157 6944/7593
f 6752/7095 6751/7113 6498/7114 6497/7096
f 6751/7113 6750/7127 6499/7128 6498/7114
f 6753/7094 6752/7095 6497/7096 6496/7097
f 8826/9690 6753/7094 6496/7097 8827/9691
f 6747/7079 8826/9690 8827/9691 6495/7080
f 6750/7127 6757/7137 6500/7138 6499/7128
f 6748/7064 6747/7079 6495/7080 6494/7065
f 6757/7137 6756/7147 6501/7148 6500/7138
f 6754/7063 6748/7064 6494/7065 6544/7066
f 6756/7147 6755/7158 6502/7159 6501/7148
f 6749/7172 6754/7063 6544/7066 6493/7173
f 6755/7158 9120/7599 8989/7600 6502/7159
f 6743/7348 6749/7172 6493/7173 6701/7361
f 6568/7220 6567/7222 6572/7205 6571/7204
f 10064/10906 10072/10910 10079/10911 10062/10900
f 10072/10910 10084/10912 10068/10913 10079/10911
f 10062/10900 10079/10911 10080/10904 10063/10901
f 10079/10911 10068/10913 10067/10914 10080/10904
f 6701/7361 6700/7360 6742/7349 6743/7348
f 6626/7241 6625/7242 6567/7222 6568/7220
f 6636/7255 6635/7258 6625/7242 6626/7241
f 6676/7311 6675/7312 6635/7258 6636/7255
f 6680/7319 6679/7324 6675/7312 6676/7311
f 6690/7336 6689/7338 6679/7324 6680/7319
f 6742/7349 6744/7350 6689/7338 6690/7336
f 6700/7360 6699/7365 6744/7350 6742/7349
f 695/754 678/735 682/736 699/755
f 678/735 695/754 696/756 679/737
f 699/755 682/736 3722/4218 3721/4217
f 687/757 679/737 696/756 704/758
f 3721/4217 3722/4218 680/741 697/759
f 687/757 704/758 4751/765 4752/746
f 697/759 680/741 681/742 698/760
f 4752/746 4751/765 703/766 686/738
f 3719/4214 3720/4215 698/760 681/742
f 703/766 702/763 685/739 686/738
f 683/747 700/748 3720/4215 3719/4214
f 685/739 702/763 710/764 693/745
f 700/748 683/747 684/740 701/749
f 693/745 710/764 709/761 692/743
f 701/749 684/740 690/731 707/751
f 692/743 709/761 708/762 691/744
f 706/750 707/751 690/731 689/730
f 5818/6220 691/6219 708/6236 5833/6237
f 689/730 688/639 705/753 706/750
f 5819/6221 5818/6220 5833/6237 5834/6238
f 688/639 694/638 711/752 705/753
f 5812/6214 5819/6221 5834/6238 5827/6239
f 5828/6240 5813/6215 5812/6214 5827/6239
f 9758/6222 5813/6215 5828/6240 9757/6241
f 5814/6232 9758/6222 9757/6241 5829/6233
f 5814/6232 5829/6233 5821/6231 5806/6213
f 5805/6211 5806/6213 5821/6231 5820/6229
f 5815/6131 5830/6228 711/752 694/638
f 5820/6229 5824/6230 5809/6212 5805/6211
f 5816/6207 5831/6226 5830/6228 5815/6131
f 5824/6230 8789/9659 8790/9660 5809/6212
f 5831/6226 5816/6207 5817/6208 5832/6227
f 8789/9659 5822/6234 5807/6217 8790/9660
f 5826/6225 5832/6227 5817/6208 5811/6216
f 5822/6234 5823/6235 5808/6218 5807/6217
f 5825/6224 5826/6225 5811/6216 5810/6223
f 5810/6223 8787/9656 8788/9657 5825/6224
f 8787/9656 5808/6218 5823/6235 8788/9657
f 6744/7350 6745/7351 6688/7340 6689/7338
f 6745/7351 6746/7352 6692/7341 6688/7340
f 6746/7352 6740/7328 6693/7343 6692/7341
f 6693/7343 6740/7328 6762/7329 6684/7389
f 6684/7389 6762/7329 8853/9744 8848/9745
f 8848/9745 8853/9744 8915/9822 8910/9823
f 1639/1912 1629/1913 1628/1914 1638/1915
f 1629/1913 1639/1912 1441/1725 1405/1724
f 1638/1915 1628/1914 1627/1918 1637/1919
f 1405/1724 1441/1725 1460/1612 1456/1609
f 1637/1919 1627/1918 1626/1920 1636/1921
f 1456/1609 1460/1612 1442/1613 1406/1610
f 1636/1921 1626/1920 1630/1908 1640/1907
f 1406/1610 1442/1613 1443/1626 1407/1624
f 1640/1907 1630/1908 1631/1868 1641/1871
f 1407/1624 1443/1626 3761/4250 3760/4249
f 1631/1868 1686/1869 1687/1870 1641/1871
f 3760/4249 3761/4250 1444/1643 1408/1640
f 1686/1869 3783/4306 3784/4307 1687/1870
f 1408/1640 1444/1643 1445/1644 1409/1641
f 3783/4306 3846/4384 3847/4385 3784/4307
f 1409/1641 1445/1644 1446/1660 1410/1658
f 3839/1825 1569/1826 1563/1827 3838/1828
f 3840/1834 1575/1835 1569/1826 3839/1825
f 3838/1828 1563/1827 1694/1874 3872/1946
f 3841/1841 1581/1842 1575/1835 3840/1834
f 3872/1946 1694/1874 1613/1877 3845/1887
f 3842/1848 1587/1849 1581/1842 3841/1841
f 3845/1887 1613/1877 1667/1886 3850/1888
f 3843/1855 1593/1856 1587/1849 3842/1848
f 3850/1888 1667/1886 1632/1899 3846/1900
f 3846/1900 1632/1899 1642/1909 3847/1910
f 1410/1658 1446/1660 1447/1676 1411/1674
f 3844/1862 1599/1863 1593/1856 3843/1855
f 1411/1674 1447/1676 1448/1686 1412/1684
f 3844/7308 8909/7301 6671/7302 1599/7309
f 1412/1684 1448/1686 1449/1696 1413/1694
f 8909/7301 8908/7294 6665/7295 6671/7302
f 1413/1694 1449/1696 1450/1709 1414/1707
f 8908/7294 8907/7287 6659/7288 6665/7295
f 1450/1709 3926/4461 3924/2157 1414/1707
f 8907/7287 8906/7280 6653/7281 6659/7288
f 1857/2131 1858/2118 1874/2133 1873/2134
f 1843/2117 1859/2137 1874/2133 1858/2118
f 1843/2117 1844/2121 1860/2139 1859/2137
f 1844/2121 1845/2125 1861/2143 1860/2139
f 1845/2125 1846/2128 1862/2146 1861/2143
f 1856/2129 1857/2131 1873/2134 1872/2147
f 1846/2128 1847/2124 1863/2142 1862/2146
f 1895/2149 1862/2146 1863/2142 1896/2150
f 1855/2126 1856/2129 1872/2147 1871/2144
f 1871/2144 1872/2147 4065/2158 4066/4603
f 1891/2153 1895/2149 1896/2150 1892/2154
f 3924/2157 3938/4482 4066/4603 4065/2158
f 1891/2153 1892/2154 6964/7596 6963/7595
f 3926/4461 3940/4472 3938/4482 3924/2157
f 6963/7595 6964/7596 6935/7587 6934/7592
f 6918/7574 6934/7592 6935/7587 6919/7569
f 6917/7571 6933/7589 6934/7592 6918/7574
f 8906/7280 8905/7271 6647/7274 6653/7281
f 6916/7567 6932/7585 6933/7589 6917/7571
f 8905/7271 8904/7272 6641/7273 6647/7274
f 6915/7564 6931/7583 6932/7585 6916/7567
f 8904/7272 8937/7392 6766/7320 6641/7273
f 8937/7392 8910/7333 6685/7321 6766/7320
f 6915/7564 6930/7563 6946/7580 6931/7583
f 6929/7577 6945/7579 6946/7580 6930/7563
f 6928/7575 6944/7593 6945/7579 6929/7577
f 8910/7333 8915/7334 6739/7330 6685/7321
f 6927/7572 6943/7590 6944/7593 6928/7575
f 6943/7590 9121/10043 9120/7599 6944/7593
f 8989/7600 9120/7599 9121/10043 9002/9922
f 6497/7096 6498/7114 6534/7115 6533/7098
f 6498/7114 6499/7128 6535/7129 6534/7115
f 6496/7097 6497/7096 6533/7098 6532/7099
f 6499/7128 6500/7138 6536/7139 6535/7129
f 8827/9691 6496/7097 6532/7099 8828/9692
f 6495/7080 8827/9691 8828/9692 6531/7081
f 6494/7065 6495/7080 6531/7081 6530/7067
f 6500/7138 6501/7148 6537/7149 6536/7139
f 6544/7066 6494/7065 6530/7067 6548/7068
f 6501/7148 6502/7159 6538/7160 6537/7149
f 6493/7173 6544/7066 6548/7068 6529/7174
f 6538/7160 6502/7159 8989/7600 8991/9901
f 6701/7361 6493/7173 6529/7174 6711/7358
f 8991/9901 8989/7600 9002/9922 9004/9911
f 6711/7358 6710/7359 6700/7360 6701/7361
f 6710/7359 6709/7364 6699/7365 6700/7360
f 6699/7365 6698/7367 6745/7351 6744/7350
f 6709/7364 6708/7366 6698/7367 6699/7365
f 4751/765 704/758 696/756 695/754
f 700/748 701/749 695/767 699/768
f 701/749 707/751 4751/5162 695/767
f 3721/4216 3720/4215 700/748 699/768
f 697/4266 698/4267 3720/4215 3721/4216
f 707/751 706/750 703/5163 4751/5162
f 703/766 709/761 710/764 702/763
f 706/750 705/753 709/5164 703/5163
f 705/753 711/752 708/5165 709/5164
f 5830/6228 5833/10572 708/5165 711/752
f 5828/6240 5827/6239 5834/6238 5833/6237
f 5831/6226 5828/10571 5833/10572 5830/6228
f 5832/6227 9757/10570 5828/10571 5831/6226
f 9757/6241 5820/6229 5821/6231 5829/6233
f 5826/6225 5820/6243 9757/10570 5832/6227
f 5825/6224 5824/6242 5820/6243 5826/6225
f 8789/9658 5824/6242 5825/6224 8788/9657
f 5822/9708 8789/9658 8788/9657 5823/9709
f 6698/7367 6702/7354 6746/7352 6745/7351
f 6702/7354 6703/7314 6740/7328 6746/7352
f 6740/7328 6703/7314 6758/7317 6762/7329
f 6762/7329 6758/7317 8849/9746 8853/9744
f 8853/9744 8849/9746 8911/9824 8915/9822
f 8915/7334 8911/7345 6704/7346 6739/7330
f 1648/1927 1639/1912 1638/1915 1647/1928
f 1415/1726 1441/1725 1639/1912 1648/1927
f 1647/1928 1638/1915 1637/1919 1646/1929
f 1441/1725 1415/1726 1457/1614 1460/1612
f 1646/1929 1637/1919 1636/1921 1645/1930
f 1460/1612 1457/1614 1416/1615 1442/1613
f 1645/1930 1636/1921 1640/1907 1649/1922
f 1442/1613 1416/1615 1417/1627 1443/1626
f 1649/1922 1640/1907 1641/1871 1650/1923
f 3762/4251 3761/4250 1443/1626 1417/1627
f 1641/1871 1687/1870 1688/1944 1650/1923
f 1418/1645 1444/1643 3761/4250 3762/4251
f 1687/1870 3784/4307 3785/4308 1688/1944
f 1444/1643 1418/1645 1419/1646 1445/1644
f 3784/4307 3847/4385 3848/4386 3785/4308
f 1445/1644 1664/1661 1654/1662 1446/1660
f 1419/1646 1420/1664 1664/1661 1445/1644
f 3847/1910 1642/1909 1651/1924 3848/1925
f 1654/1662 1421/1687 1447/1676 1446/1660
f 1569/1826 1570/1819 1564/1822 1563/1827
f 1575/1835 1576/1831 1570/1819 1569/1826
f 1563/1827 1564/1822 1693/1875 1694/1874
f 1581/1842 1582/1838 1576/1831 1575/1835
f 1694/1874 1693/1875 1614/1876 1613/1877
f 1587/1849 1588/1845 1582/1838 1581/1842
f 1613/1877 1623/1884 1669/1885 1667/1886
f 1613/1877 1614/1876 1624/1891 1623/1884
f 1593/1856 1594/1852 1588/1845 1587/1849
f 1667/1886 1669/1885 1633/1901 1632/1899
f 1599/1863 1600/1859 1594/1852 1593/1856
f 1632/1899 1633/1901 1643/1911 1642/1909
f 1642/1909 1643/1911 1652/1926 1651/1924
f 1447/1676 1421/1687 1422/1688 1448/1686
f 1599/7309 6671/7302 6672/7298 1600/7305
f 1448/1686 1422/1688 1423/1697 1449/1696
f 6671/7302 6665/7295 6666/7291 6672/7298
f 1449/1696 1423/1697 1424/1710 1450/1709
f 6665/7295 6659/7288 6660/7284 6666/7291
f 1424/1710 3925/4464 3926/4461 1450/1709
f 6659/7288 6653/7281 6654/7277 6660/7284
f 3925/4464 3939/4471 3940/4472 3926/4461
f 6653/7281 6647/7274 6648/7265 6654/7277
f 1840/2114 1841/2088 1857/2131 1856/2129
f 1841/2088 1842/2087 1858/2118 1857/2131
f 1827/2094 1843/2117 1858/2118 1842/2087
f 1827/2094 1828/2098 1844/2121 1843/2117
f 1828/2098 1829/2106 1845/2125 1844/2121
f 1829/2106 1830/2112 1846/2128 1845/2125
f 1830/2112 1831/2104 1847/2124 1846/2128
f 1839/2108 1840/2114 1856/2129 1855/2126
f 1831/2104 1832/2103 1848/2123 1847/2124
f 1847/2124 1848/2123 1864/2141 1863/2142
f 1896/2150 1863/2142 1864/2141 1897/2151
f 1892/2154 1896/2150 1897/2151 1893/2155
f 1838/2100 1839/2108 1855/2126 1854/2122
f 1854/2122 1855/2126 1871/2144 1870/2140
f 1870/2140 1871/2144 4066/4603 4067/4604
f 3938/4482 3952/4496 4067/4604 4066/4603
f 1892/2154 1893/2155 6965/7597 6964/7596
f 3940/4472 3954/4487 3952/4496 3938/4482
f 6964/7596 6965/7597 6936/7588 6935/7587
f 3939/4471 3953/4484 3954/4487 3940/4472
f 6919/7569 6935/7587 6936/7588 6920/7570
f 6902/7558 6918/7574 6919/7569 6903/7548
f 6901/7551 6917/7571 6918/7574 6902/7558
f 6903/7548 6919/7569 6920/7570 6904/7549
f 6900/7543 6916/7567 6917/7571 6901/7551
f 6647/7274 6641/7273 6642/7266 6648/7265
f 6899/7540 6915/7564 6916/7567 6900/7543
f 6641/7273 6766/7320 6765/7323 6642/7266
f 6899/7540 6914/7533 6930/7563 6915/7564
f 6766/7320 6685/7321 6686/7322 6765/7323
f 6685/7321 6739/7330 6741/7331 6695/7332
f 6685/7321 6695/7332 6696/7337 6686/7322
f 6913/7532 6929/7577 6930/7563 6914/7533
f 6912/7559 6928/7575 6929/7577 6913/7532
f 6911/7553 6927/7572 6928/7575 6912/7559
f 6739/7330 6704/7346 6705/7347 6741/7331
f 6910/7545 6926/7568 6927/7572 6911/7553
f 6926/7568 6942/7586 6943/7590 6927/7572
f 6942/7586 9122/10044 9121/10043 6943/7590
f 9002/9922 9121/10043 9122/10044 9015/9936
f 9004/9911 9002/9922 9015/9936 9017/9927
f 6533/7098 6534/7115 6726/7116 6736/7117
f 6726/7116 6534/7115 6535/7129 6509/7141
f 6532/7099 6533/7098 6507/7100 6506/7101
f 6507/7100 6533/7098 6736/7117 6508/7118
f 6535/7129 6536/7139 6510/7140 6509/7141
f 6506/7101 8829/9693 8828/9692 6532/7099
f 6536/7139 6537/7149 6511/7150 6510/7140
f 8829/9693 6505/7082 6531/7081 8828/9692
f 6530/7067 6531/7081 6505/7082 6504/7069
f 6548/7068 6530/7067 6504/7069 6545/7070
f 6537/7149 6538/7160 6512/7161 6511/7150
f 6529/7174 6548/7068 6545/7070 6503/7175
f 6512/7161 6538/7160 8991/9901 8990/9904
f 6503/7175 6720/7373 6711/7358 6529/7174
f 8990/9904 8991/9901 9004/9911 9003/9912
f 6720/7373 6719/7374 6710/7359 6711/7358
f 9003/9912 9004/9911 9017/9927 9016/9923
f 6719/7374 6718/7375 6709/7364 6710/7359
f 6718/7375 6717/7376 6708/7366 6709/7364
f 6708/7366 6712/7353 6702/7354 6698/7367
f 6717/7376 6721/7368 6712/7353 6708/7366
f 6712/7353 6713/7315 6703/7314 6702/7354
f 6703/7314 6713/7315 6759/7316 6758/7317
f 6758/7317 6759/7316 8850/9747 8849/9746
f 8849/9746 8850/9747 8912/9825 8911/9824
f 8911/7345 8912/7355 6714/7356 6704/7346
f 6704/7346 6714/7356 6715/7357 6705/7347
f 1658/1937 1648/1927 1647/1928 1657/1938
f 1648/1927 1658/1937 1425/1727 1415/1726
f 1657/1938 1647/1928 1646/1929 1656/1940
f 1415/1726 1425/1727 1458/1616 1457/1614
f 1656/1940 1646/1929 1645/1930 1655/1931
f 1457/1614 1458/1616 1426/1617 1416/1615
f 1655/1931 1645/1930 1649/1922 1659/1932
f 1416/1615 1426/1617 1427/1628 1417/1627
f 1659/1932 1649/1922 1650/1923 1660/1933
f 1417/1627 1427/1628 3763/4252 3762/4251
f 1650/1923 1688/1944 1689/1945 1660/1933
f 3762/4251 3763/4252 1428/1647 1418/1645
f 1688/1944 3785/4308 3786/4309 1689/1945
f 1418/1645 1428/1647 1429/1648 1419/1646
f 3785/4308 3848/4386 3849/4387 3786/4309
f 1419/1646 1429/1648 1430/1663 1420/1664
f 3848/1925 1651/1924 1661/1934 3849/1935
f 1420/1664 1653/1677 1644/1678 1664/1661
f 1654/1662 1664/1661 1644/1678 1665/1917
f 1666/1916 1421/1687 1654/1662 1665/1917
f 1653/1677 1420/1664 1430/1663 1663/1939
f 1651/1924 1652/1926 1662/1936 1661/1934
f 1666/1916 1634/1941 1422/1688 1421/1687
f 1570/1819 1571/1820 1565/1821 1564/1822
f 1576/1831 1577/1832 1571/1820 1570/1819
f 1564/1822 1565/1821 1692/1879 1693/1875
f 1582/1838 1583/1839 1577/1832 1576/1831
f 1693/1875 1692/1879 1615/1880 1614/1876
f 1588/1845 1589/1846 1583/1839 1582/1838
f 1614/1876 1615/1880 1625/1893 1624/1891
f 1594/1852 1595/1853 1589/1846 1588/1845
f 1623/1884 1634/1941 1666/1916 1669/1885
f 1634/1941 1623/1884 1624/1891 1635/1942
f 1669/1885 1666/1916 1665/1917 1633/1901
f 1635/1942 1624/1891 1625/1893 1691/1947
f 1600/1859 1601/1860 1595/1853 1594/1852
f 1643/1911 1633/1901 1665/1917 1644/1678
f 1600/7305 6672/7298 6673/7299 1601/7306
f 1643/1911 1644/1678 1653/1677 1652/1926
f 1652/1926 1653/1677 1663/1939 1662/1936
f 1422/1688 1634/1941 1635/1942 1423/1697
f 6672/7298 6666/7291 6667/7292 6673/7299
f 1635/1942 1691/1947 1424/1710 1423/1697
f 6666/7291 6660/7284 6661/7285 6667/7292
f 1691/1947 3936/4463 3925/4464 1424/1710
f 6660/7284 6654/7277 6655/7278 6661/7285
f 3936/4463 3950/4481 3939/4471 3925/4464
f 6654/7277 6648/7265 6649/7268 6655/7278
f 3950/4481 3964/4483 3953/4484 3939/4471
f 6648/7265 6642/7266 6643/7267 6649/7268
f 1886/2107 1889/2113 1840/2114 1839/2108
f 1889/2113 1876/2085 1841/2088 1840/2114
f 1876/2085 1875/2086 1842/2087 1841/2088
f 1879/2093 1827/2094 1842/2087 1875/2086
f 1879/2093 1881/2097 1828/2098 1827/2094
f 1881/2097 1885/2105 1829/2106 1828/2098
f 1885/2105 1888/2111 1830/2112 1829/2106
f 1888/2111 1884/2101 1831/2104 1830/2112
f 1884/2101 1883/2102 1832/2103 1831/2104
f 1882/2099 1886/2107 1839/2108 1838/2100
f 1883/2102 1887/2109 1833/2110 1832/2103
f 1832/2103 1833/2110 1849/2127 1848/2123
f 1848/2123 1849/2127 1865/2145 1864/2141
f 1897/2151 1864/2141 1865/2145 1898/2152
f 1893/2155 1897/2151 1898/2152 1894/2156
f 1893/2155 1894/2156 6966/7598 6965/7597
f 1880/2095 1882/2099 1838/2100 1837/2096
f 1837/2096 1838/2100 1854/2122 1853/2119
f 1853/2119 1854/2122 1870/2140 1869/2138
f 1869/2138 1870/2140 4067/4604 4069/4623
f 3952/4496 3966/4510 4069/4623 4067/4604
f 3954/4487 3968/4501 3966/4510 3952/4496
f 6965/7597 6966/7598 6937/7591 6936/7588
f 3953/4484 3967/4498 3968/4501 3954/4487
f 6920/7570 6936/7588 6937/7591 6921/7573
f 3964/4483 3978/4497 3967/4498 3953/4484
f 6904/7549 6920/7570 6921/7573 6905/7555
f 6960/7557 6902/7558 6903/7548 6956/7547
f 6957/7552 6901/7551 6902/7558 6960/7557
f 6956/7547 6903/7548 6904/7549 6955/7550
f 6953/7544 6900/7543 6901/7551 6957/7552
f 6955/7550 6904/7549 6905/7555 6959/7556
f 6951/7539 6899/7540 6900/7543 6953/7544
f 6642/7266 6765/7323 6764/7326 6643/7267
f 6951/7539 6947/7534 6914/7533 6899/7540
f 6765/7323 6686/7322 6687/7325 6764/7326
f 6948/7531 6913/7532 6914/7533 6947/7534
f 6686/7322 6696/7337 6697/7339 6687/7325
f 6741/7331 6705/7347 6737/7363 6738/7362
f 6695/7332 6741/7331 6738/7362 6706/7388
f 6706/7388 6707/7387 6696/7337 6695/7332
f 6707/7387 6763/7393 6697/7339 6696/7337
f 6961/7560 6912/7559 6913/7532 6948/7531
f 6958/7554 6911/7553 6912/7559 6961/7560
f 6954/7546 6910/7545 6911/7553 6958/7554
f 6715/7357 6716/7130 6737/7363 6705/7347
f 6952/7542 6909/7541 6910/7545 6954/7546
f 6909/7541 6925/7566 6926/7568 6910/7545
f 6925/7566 6941/7584 6942/7586 6926/7568
f 6941/7584 9124/10061 9122/10044 6942/7586
f 9015/9936 9122/10044 9124/10061 9028/9950
f 9017/9927 9015/9936 9028/9950 9030/9941
f 9016/9923 9017/9927 9030/9941 9029/9937
f 6738/7362 6737/7363 6726/7116 6509/7141
f 6726/7116 6737/7363 6716/7130 6736/7117
f 6508/7118 6736/7117 6716/7130 6725/7131
f 6738/7362 6509/7141 6510/7140 6706/7388
f 6506/7101 6507/7100 6517/7102 6516/7103
f 6507/7100 6508/7118 6518/7119 6517/7102
f 8829/9693 6506/7101 6516/7103 8830/9694
f 6725/7131 6735/7385 6518/7119 6508/7118
f 6510/7140 6511/7150 6707/7387 6706/7388
f 6505/7082 8829/9693 8830/9694 6515/7083
f 6707/7387 6511/7150 6512/7161 6763/7393
f 6504/7069 6505/7082 6515/7083 6514/7071
f 6545/7070 6504/7069 6514/7071 6546/7072
f 6503/7175 6545/7070 6546/7072 6513/7176
f 6763/7393 6512/7161 8990/9904 9000/9902
f 6720/7373 6503/7175 6513/7176 6730/7383
f 9000/9902 8990/9904 9003/9912 9013/9921
f 6730/7383 6729/7384 6719/7374 6720/7373
f 9013/9921 9003/9912 9016/9923 9026/9924
f 6729/7384 6728/7386 6718/7375 6719/7374
f 9026/9924 9016/9923 9029/9937 9039/9938
f 6728/7386 6727/7377 6717/7376 6718/7375
f 6727/7377 6731/7378 6721/7368 6717/7376
f 6721/7368 6722/7369 6713/7315 6712/7353
f 6731/7378 6732/7379 6722/7369 6721/7368
f 6713/7315 6722/7369 6760/7390 6759/7316
f 6759/7316 6760/7390 8851/9748 8850/9747
f 8850/9747 8851/9748 8913/9826 8912/9825
f 8912/7355 8913/7370 6723/7371 6714/7356
f 6714/7356 6723/7371 6724/7372 6715/7357
f 6715/7357 6724/7372 6725/7131 6716/7130
f 1705/1951 1658/1937 1657/1938 1704/1952
f 1695/1961 1425/1727 1658/1937 1705/1951
f 1704/1952 1657/1938 1656/1940 1703/1958
f 1701/1953 1458/1616 1425/1727 1695/1961
f 1703/1958 1656/1940 1655/1931 1702/1960
f 1458/1616 1701/1953 1696/1954 1426/1617
f 1702/1960 1655/1931 1659/1932 1706/1962
f 1426/1617 1696/1954 1697/1959 1427/1628
f 1706/1962 1659/1932 1660/1933 1707/1957
f 1427/1628 1697/1959 3764/4253 3763/4252
f 1711/1956 1707/1957 1660/1933 1689/1945
f 3763/4252 3764/4253 1698/1963 1428/1647
f 1689/1945 3786/4309 3789/4311 1711/1956
f 1428/1647 1698/1963 1699/1964 1429/1648
f 3786/4309 3849/4387 3851/4389 3789/4311
f 1429/1648 1699/1964 1700/1966 1430/1663
f 3849/1935 1661/1934 1708/1950 3851/1965
f 1663/1939 1430/1663 1700/1966 1710/1955
f 1661/1934 1662/1936 1709/1949 1708/1950
f 1662/1936 1663/1939 1710/1955 1709/1949
f 1577/1832 3929/4460 3928/4465 1571/1820
f 1571/1820 3928/4465 3927/4468 1565/1821
f 3937/4458 1692/1879 1565/1821 3927/4468
f 1583/1839 3930/4457 3929/4460 1577/1832
f 1692/1879 3937/4458 3934/4459 1615/1880
f 1589/1846 3931/4456 3930/4457 1583/1839
f 1615/1880 3934/4459 3935/4462 1625/1893
f 1595/1853 3932/4467 3931/4456 1589/1846
f 1625/1893 3935/4462 3936/4463 1691/1947
f 1601/1860 3933/4466 3932/4467 1595/1853
f 1601/7306 6673/7299 8997/9906 3933/9907
f 6673/7299 6667/7292 8996/9897 8997/9906
f 6667/7292 6661/7285 8995/9896 8996/9897
f 6661/7285 6655/7278 8994/9900 8995/9896
f 3935/4462 3949/4479 3950/4481 3936/4463
f 6655/7278 6649/7268 8993/9905 8994/9900
f 3949/4479 3963/4494 3964/4483 3950/4481
f 6649/7268 6643/7267 8992/9908 8993/9905
f 3963/4494 3977/4508 3978/4497 3964/4483
f 9001/9899 8992/9908 6643/7267 6764/7326
f 1822/2074 1823/2078 1886/2107 1882/2099
f 1823/2078 1824/2081 1889/2113 1886/2107
f 1824/2081 1825/2083 1876/2085 1889/2113
f 1825/2083 1826/2070 1875/2086 1876/2085
f 1811/2069 1879/2093 1875/2086 1826/2070
f 1811/2069 1812/2073 1881/2097 1879/2093
f 1812/2073 1813/2077 1885/2105 1881/2097
f 1813/2077 1814/2080 1888/2111 1885/2105
f 1814/2080 1815/2076 1884/2101 1888/2111
f 1815/2076 1816/2075 1883/2102 1884/2101
f 1816/2075 1817/2079 1887/2109 1883/2102
f 1821/2071 1822/2074 1882/2099 1880/2095
f 1887/2109 1890/2115 1834/2116 1833/2110
f 1817/2079 1818/2082 1890/2115 1887/2109
f 1833/2110 1834/2116 1850/2130 1849/2127
f 1849/2127 1850/2130 1866/2148 1865/2145
f 1866/2148 4095/4640 4101/4641 1865/2145
f 1865/2145 4101/4641 4083/4642 1898/2152
f 1898/2152 4083/4642 4089/4643 1894/2156
f 6966/7598 1894/2156 4089/4643 9135/10077
f 6937/7591 6966/7598 9135/10077 9151/10076
f 1877/2090 1880/2095 1837/2096 1836/2091
f 1820/2072 1821/2071 1880/2095 1877/2090
f 1836/2091 1837/2096 1853/2119 1852/2120
f 1852/2120 1853/2119 1869/2138 1868/2135
f 4068/4611 4099/4616 1869/2138 4069/4623
f 1868/2135 1869/2138 4099/4616 4074/4619
f 3966/4510 3980/4524 4068/4611 4069/4623
f 3968/4501 3982/4515 3980/4524 3966/4510
f 3967/4498 3981/4512 3982/4515 3968/4501
f 6921/7573 6937/7591 6938/7594 6922/7576
f 6938/7594 6937/7591 9151/10076 9145/10075
f 3978/4497 3992/4511 3981/4512 3967/4498
f 6905/7555 6921/7573 6922/7576 6906/7561
f 3977/4508 3991/4522 3992/4511 3978/4497
f 6959/7556 6905/7555 6906/7561 6962/7562
f 6886/7526 6960/7557 6956/7547 6887/7521
f 6885/7523 6957/7552 6960/7557 6886/7526
f 6887/7521 6956/7547 6955/7550 6888/7522
f 6884/7519 6953/7544 6957/7552 6885/7523
f 6888/7522 6955/7550 6959/7556 6889/7525
f 6883/7516 6951/7539 6953/7544 6884/7519
f 6889/7525 6959/7556 6962/7562 6890/7528
f 6883/7516 6898/7515 6947/7534 6951/7539
f 6764/7326 6687/7325 8998/9898 9001/9899
f 6897/7529 6948/7531 6947/7534 6898/7515
f 6687/7325 6697/7339 8999/9903 8998/9898
f 6896/7527 6961/7560 6948/7531 6897/7529
f 6697/7339 6763/7393 9000/9902 8999/9903
f 6895/7524 6958/7554 6961/7560 6896/7527
f 6894/7520 6954/7546 6958/7554 6895/7524
f 6893/7518 6952/7542 6954/7546 6894/7520
f 6949/7538 6908/7537 6909/7541 6952/7542
f 6892/7517 6949/7538 6952/7542 6893/7518
f 6908/7537 6924/7565 6925/7566 6909/7541
f 6924/7565 6940/7582 6941/7584 6925/7566
f 9123/10051 9124/10061 6941/7584 9149/10056
f 6940/7582 9126/10058 9149/10056 6941/7584
f 9028/9950 9124/10061 9123/10051 9041/9964
f 9030/9941 9028/9950 9041/9964 9043/9955
f 9029/9937 9030/9941 9043/9955 9042/9951
f 9039/9938 9029/9937 9042/9951 9052/9952
f 6724/7372 6734/7382 6735/7385 6725/7131
f 6516/7103 6517/7102 6771/7409 6770/7410
f 6517/7102 6518/7119 6772/7412 6771/7409
f 8830/9694 6516/7103 6770/7410 8831/9695
f 6735/7385 6782/7401 6772/7412 6518/7119
f 6515/7083 8830/9694 8831/9695 6769/7405
f 6734/7382 6781/7396 6782/7401 6735/7385
f 6514/7071 6515/7083 6769/7405 6768/7399
f 6546/7072 6514/7071 6768/7399 6773/7400
f 6773/7400 6767/7407 6513/7176 6546/7072
f 6767/7407 6777/7397 6730/7383 6513/7176
f 8999/9903 9000/9902 9013/9921 9012/9919
f 6777/7397 6776/7398 6729/7384 6730/7383
f 9012/9919 9013/9921 9026/9924 9025/9934
f 6776/7398 6775/7404 6728/7386 6729/7384
f 9025/9934 9026/9924 9039/9938 9038/9948
f 6775/7404 6774/7406 6727/7377 6728/7386
f 9038/9948 9039/9938 9052/9952 9051/9962
f 6774/7406 6778/7408 6731/7378 6727/7377
f 6778/7408 6779/7403 6732/7379 6731/7378
f 6722/7369 6732/7379 6761/7391 6760/7390
f 6783/7402 6761/7391 6732/7379 6779/7403
f 6760/7390 6761/7391 8852/9749 8851/9748
f 8851/9748 8852/9749 8914/9827 8913/9826
f 8913/7370 8914/7380 6733/7381 6723/7371
f 6723/7371 6733/7381 6734/7382 6724/7372
f 1722/1969 1705/1951 1704/1952 1721/1970
f 1712/1977 1695/1961 1705/1951 1722/1969
f 1721/1970 1704/1952 1703/1958 1720/1974
f 1718/1984 1701/1953 1695/1961 1712/1977
f 1720/1974 1703/1958 1702/1960 1719/1976
f 1701/1953 1718/1984 1713/1971 1696/1954
f 1719/1976 1702/1960 1706/1962 1723/1978
f 1696/1954 1713/1971 1714/1972 1697/1959
f 1723/1978 1706/1962 1707/1957 1724/1982
f 1697/1959 1714/1972 3765/4254 3764/4253
f 1728/1981 1724/1982 1707/1957 1711/1956
f 3764/4253 3765/4254 1715/1979 1698/1963
f 1711/1956 3789/4311 3790/4312 1728/1981
f 1698/1963 1715/1979 1716/1980 1699/1964
f 3789/4311 3851/4389 3852/4390 3790/4312
f 1699/1964 1716/1980 1717/1975 1700/1966
f 3851/1965 1708/1950 1725/1968 3852/1983
f 1710/1955 1700/1966 1717/1975 1727/1973
f 1708/1950 1709/1949 1726/1967 1725/1968
f 1709/1949 1710/1955 1727/1973 1726/1967
f 3929/4460 3943/4478 3942/4474 3928/4465
f 3930/4457 3944/4480 3943/4478 3929/4460
f 3928/4465 3942/4474 3941/4475 3927/4468
f 3927/4468 3941/4475 3951/4476 3937/4458
f 3937/4458 3951/4476 3948/4477 3934/4459
f 3931/4456 3945/4470 3944/4480 3930/4457
f 3934/4459 3948/4477 3949/4479 3935/4462
f 3932/4467 3946/4469 3945/4470 3931/4456
f 3933/4466 3947/4473 3946/4469 3932/4467
f 3933/9907 8997/9906 9010/9910 3947/9913
f 8997/9906 8996/9897 9009/9909 9010/9910
f 8996/9897 8995/9896 9008/9920 9009/9909
f 8995/9896 8994/9900 9007/9918 9008/9920
f 8994/9900 8993/9905 9006/9915 9007/9918
f 3948/4477 3962/4492 3963/4494 3949/4479
f 8993/9905 8992/9908 9005/9914 9006/9915
f 3962/4492 3976/4506 3977/4508 3963/4494
f 8992/9908 9001/9899 9014/9917 9005/9914
f 3976/4506 3990/4520 3991/4522 3977/4508
f 9001/9899 8998/9898 9011/9916 9014/9917
f 1805/2059 1806/2061 1822/2074 1821/2071
f 1806/2061 1807/2065 1823/2078 1822/2074
f 1807/2065 1808/2068 1824/2081 1823/2078
f 1808/2068 1809/2056 1825/2083 1824/2081
f 1809/2056 1810/2055 1826/2070 1825/2083
f 1795/2058 1811/2069 1826/2070 1810/2055
f 1795/2058 1796/2060 1812/2073 1811/2069
f 1796/2060 1797/2064 1813/2077 1812/2073
f 1797/2064 1798/2067 1814/2080 1813/2077
f 1798/2067 1799/2063 1815/2076 1814/2080
f 1799/2063 1800/2062 1816/2075 1815/2076
f 1800/2062 1801/2066 1817/2079 1816/2075
f 1801/2066 1802/2054 1818/2082 1817/2079
f 1804/2057 1805/2059 1821/2071 1820/2072
f 1890/2115 1878/2089 1835/2092 1834/2116
f 1818/2082 1819/2084 1878/2089 1890/2115
f 1834/2116 1835/2092 1851/2132 1850/2130
f 1802/2054 1803/2053 1819/2084 1818/2082
f 1850/2130 1851/2132 1867/2136 1866/2148
f 1866/2148 1867/2136 4073/4620 4095/4640
f 4095/4640 4100/4637 4096/4634 4101/4641
f 4073/4620 4079/4629 4100/4637 4095/4640
f 4101/4641 4096/4634 4077/4635 4083/4642
f 4083/4642 4077/4635 4071/4636 4089/4643
f 9135/10077 4089/4643 4071/4636 9129/10071
f 9151/10076 9135/10077 9129/10071 9146/10070
f 9145/10075 9151/10076 9146/10070 9150/10072
f 1878/2089 1877/2090 1836/2091 1835/2092
f 1819/2084 1820/2072 1877/2090 1878/2089
f 1835/2092 1836/2091 1852/2120 1851/2132
f 1803/2053 1804/2057 1820/2072 1819/2084
f 1851/2132 1852/2120 1868/2135 1867/2136
f 1868/2135 4074/4619 4073/4620 1867/2136
f 3980/4524 3994/4538 4102/4609 4068/4611
f 4102/4609 4093/4610 4099/4616 4068/4611
f 4080/4628 4074/4619 4099/4616 4093/4610
f 4074/4619 4080/4628 4079/4629 4073/4620
f 3982/4515 3996/4529 3994/4538 3980/4524
f 3981/4512 3995/4526 3996/4529 3982/4515
f 3992/4511 4006/4525 3995/4526 3981/4512
f 6922/7576 6938/7594 6939/7581 6923/7578
f 6938/7594 9145/10075 9125/10057 6939/7581
f 6906/7561 6922/7576 6923/7578 6907/7536
f 9125/10057 9145/10075 9150/10072 9131/10066
f 3991/4522 4005/4536 4006/4525 3992/4511
f 6962/7562 6906/7561 6907/7536 6950/7535
f 3990/4520 4004/4534 4005/4536 3991/4522
f 6890/7528 6962/7562 6950/7535 6891/7530
f 6870/7513 6886/7526 6887/7521 6871/7508
f 6869/7510 6885/7523 6886/7526 6870/7513
f 6871/7508 6887/7521 6888/7522 6872/7509
f 6868/7506 6884/7519 6885/7523 6869/7510
f 6872/7509 6888/7522 6889/7525 6873/7512
f 6867/7504 6883/7516 6884/7519 6868/7506
f 6873/7512 6889/7525 6890/7528 6874/7499
f 6867/7504 6882/7502 6898/7515 6883/7516
f 6874/7499 6890/7528 6891/7530 6875/7500
f 6881/7501 6897/7529 6898/7515 6882/7502
f 8998/9898 8999/9903 9012/9919 9011/9916
f 6880/7514 6896/7527 6897/7529 6881/7501
f 6879/7511 6895/7524 6896/7527 6880/7514
f 6878/7507 6894/7520 6895/7524 6879/7511
f 6877/7505 6893/7518 6894/7520 6878/7507
f 6876/7503 6892/7517 6893/7518 6877/7505
f 6950/7535 6907/7536 6908/7537 6949/7538
f 6891/7530 6950/7535 6949/7538 6892/7517
f 6907/7536 6923/7578 6924/7565 6908/7537
f 6875/7500 6891/7530 6892/7517 6876/7503
f 6923/7578 6939/7581 6940/7582 6924/7565
f 6940/7582 6939/7581 9125/10057 9126/10058
f 9041/9964 9123/10051 9152/10049 9054/9978
f 9152/10049 9123/10051 9149/10056 9144/10050
f 9132/10067 9144/10050 9149/10056 9126/10058
f 9126/10058 9125/10057 9131/10066 9132/10067
f 9043/9955 9041/9964 9054/9978 9056/9969
f 9042/9951 9043/9955 9056/9969 9055/9965
f 9052/9952 9042/9951 9055/9965 9065/9966
f 9051/9962 9052/9952 9065/9966 9064/9976
f 6733/7381 6780/7395 6781/7396 6734/7382
f 6770/7410 6771/7409 6788/7425 6787/7426
f 6771/7409 6772/7412 6789/7421 6788/7425
f 8831/9695 6770/7410 6787/7426 8832/9696
f 6782/7401 6799/7419 6789/7421 6772/7412
f 6769/7405 8831/9695 8832/9696 6786/7417
f 6781/7396 6798/7414 6799/7419 6782/7401
f 6768/7399 6769/7405 6786/7417 6785/7418
f 6780/7395 6797/7413 6798/7414 6781/7396
f 6773/7400 6768/7399 6785/7418 6790/7430
f 6790/7430 6784/7423 6767/7407 6773/7400
f 6784/7423 6794/7415 6777/7397 6767/7407
f 6794/7415 6793/7416 6776/7398 6777/7397
f 9011/9916 9012/9919 9025/9934 9024/9931
f 6793/7416 6792/7420 6775/7404 6776/7398
f 9024/9931 9025/9934 9038/9948 9037/9945
f 6792/7420 6791/7422 6774/7406 6775/7404
f 9037/9945 9038/9948 9051/9962 9050/9959
f 6791/7422 6795/7424 6778/7408 6774/7406
f 9050/9959 9051/9962 9064/9976 9063/9973
f 6795/7424 6796/7428 6779/7403 6778/7408
f 6800/7427 6783/7402 6779/7403 6796/7428
f 6761/7391 6783/7402 8855/9751 8852/9749
f 6783/7402 6800/7427 8856/9752 8855/9751
f 8852/9749 8855/9751 8916/9829 8914/9827
f 8914/7380 8916/7411 6780/7395 6733/7381
f 1729/1991 1712/1977 1722/1969 1739/1992
f 1739/1992 1722/1969 1721/1970 1738/1987
f 1738/1987 1721/1970 1720/1974 1737/1988
f 1735/2000 1718/1984 1712/1977 1729/1991
f 1737/1988 1720/1974 1719/1976 1736/1990
f 1718/1984 1735/2000 1730/2001 1713/1971
f 1736/1990 1719/1976 1723/1978 1740/1993
f 1713/1971 1730/2001 1731/2002 1714/1972
f 1740/1993 1723/1978 1724/1982 1741/1997
f 3766/4255 3765/4254 1714/1972 1731/2002
f 1745/1996 1741/1997 1724/1982 1728/1981
f 1732/1994 1715/1979 3765/4254 3766/4255
f 1728/1981 3790/4312 3791/4313 1745/1996
f 1715/1979 1732/1994 1733/1995 1716/1980
f 3790/4312 3852/4390 3853/4391 3791/4313
f 1716/1980 1733/1995 1734/1989 1717/1975
f 3852/1983 1725/1968 1742/1998 3853/1999
f 1727/1973 1717/1975 1734/1989 1744/1985
f 1725/1968 1726/1967 1743/1986 1742/1998
f 1726/1967 1727/1973 1744/1985 1743/1986
f 3943/4478 3957/4493 3956/4489 3942/4474
f 3944/4480 3958/4495 3957/4493 3943/4478
f 3942/4474 3956/4489 3955/4490 3941/4475
f 3945/4470 3959/4486 3958/4495 3944/4480
f 3941/4475 3955/4490 3965/4491 3951/4476
f 3951/4476 3965/4491 3962/4492 3948/4477
f 3946/4469 3960/4485 3959/4486 3945/4470
f 3947/4473 3961/4488 3960/4485 3946/4469
f 3947/9913 9010/9910 9023/9926 3961/9928
f 9010/9910 9009/9909 9022/9925 9023/9926
f 9009/9909 9008/9920 9021/9935 9022/9925
f 9008/9920 9007/9918 9020/9933 9021/9935
f 9007/9918 9006/9915 9019/9930 9020/9933
f 9006/9915 9005/9914 9018/9929 9019/9930
f 3965/4491 3979/4505 3976/4506 3962/4492
f 9005/9914 9014/9917 9027/9932 9018/9929
f 3979/4505 3993/4519 3990/4520 3976/4506
f 9014/9917 9011/9916 9024/9931 9027/9932
f 3993/4519 4007/4533 4004/4534 3990/4520
f 1772/2030 1773/2034 1805/2059 1804/2057
f 1773/2034 1774/2038 1806/2061 1805/2059
f 1774/2038 1775/2046 1807/2065 1806/2061
f 1775/2046 1776/2052 1808/2068 1807/2065
f 1776/2052 1777/2028 1809/2056 1808/2068
f 1777/2028 1778/2027 1810/2055 1809/2056
f 1763/2032 1795/2058 1810/2055 1778/2027
f 1763/2032 1764/2036 1796/2060 1795/2058
f 1764/2036 1765/2044 1797/2064 1796/2060
f 1765/2044 1766/2050 1798/2067 1797/2064
f 1766/2050 1767/2042 1799/2063 1798/2067
f 1767/2042 1768/2041 1800/2062 1799/2063
f 1768/2041 1769/2048 1801/2066 1800/2062
f 1769/2048 1770/2024 1802/2054 1801/2066
f 1770/2024 1771/2023 1803/2053 1802/2054
f 1771/2023 1772/2030 1804/2057 1803/2053
f 4100/4637 4084/4632 4088/4624 4096/4634
f 4084/4632 4100/4637 4079/4629 4085/4639
f 4096/4634 4088/4624 4090/4627 4077/4635
f 4080/4628 4086/4638 4085/4639 4079/4629
f 4077/4635 4090/4627 4094/4631 4071/4636
f 9129/10071 4071/4636 4094/4631 9141/10063
f 9146/10070 9129/10071 9141/10063 9140/10062
f 9150/10072 9146/10070 9140/10062 9136/10068
f 9136/10068 9137/10073 9131/10066 9150/10072
f 3996/4529 4010/4539 4008/4540 3994/4538
f 3994/4538 4008/4540 4103/4605 4102/4609
f 4103/4605 4087/4608 4093/4610 4102/4609
f 4086/4638 4080/4628 4093/4610 4087/4608
f 3995/4526 4009/4542 4010/4539 3996/4529
f 4006/4525 4020/4541 4009/4542 3995/4526
f 4005/4536 4019/4551 4020/4541 4006/4525
f 9132/10067 9131/10066 9137/10073 9138/10074
f 4004/4534 4018/4549 4019/4551 4005/4536
f 4007/4533 4021/4548 4018/4549 4004/4534
f 6838/7496 6870/7513 6871/7508 6839/7486
f 6837/7489 6869/7510 6870/7513 6838/7496
f 6839/7486 6871/7508 6872/7509 6840/7487
f 6836/7481 6868/7506 6869/7510 6837/7489
f 6840/7487 6872/7509 6873/7512 6841/7493
f 6835/7478 6867/7504 6868/7506 6836/7481
f 6841/7493 6873/7512 6874/7499 6842/7468
f 6835/7478 6850/7473 6882/7502 6867/7504
f 6842/7468 6874/7499 6875/7500 6843/7469
f 6849/7472 6881/7501 6882/7502 6850/7473
f 6843/7469 6875/7500 6876/7503 6844/7475
f 6848/7497 6880/7514 6881/7501 6849/7472
f 6847/7491 6879/7511 6880/7514 6848/7497
f 6846/7483 6878/7507 6879/7511 6847/7491
f 6845/7479 6877/7505 6878/7507 6846/7483
f 6844/7475 6876/7503 6877/7505 6845/7479
f 9054/9978 9152/10049 9153/10045 9067/9979
f 9153/10045 9152/10049 9144/10050 9139/10046
f 9056/9969 9054/9978 9067/9979 9069/9980
f 9138/10074 9139/10046 9144/10050 9132/10067
f 9055/9965 9056/9969 9069/9980 9068/9981
f 9065/9966 9055/9965 9068/9981 9078/9982
f 9064/9976 9065/9966 9078/9982 9077/9990
f 9063/9973 9064/9976 9077/9990 9076/9987
f 8916/7411 8917/7429 6797/7413 6780/7395
f 6787/7426 6788/7425 6805/7440 6804/7441
f 6788/7425 6789/7421 6806/7435 6805/7440
f 6804/7441 8833/9697 8832/9696 6787/7426
f 6799/7419 6816/7432 6806/7435 6789/7421
f 8833/9697 6803/7448 6786/7417 8832/9696
f 6798/7414 6815/7431 6816/7432 6799/7419
f 6785/7418 6786/7417 6803/7448 6802/7447
f 6797/7413 6814/7445 6815/7431 6798/7414
f 6790/7430 6785/7418 6802/7447 6807/7446
f 8917/7429 8918/7444 6814/7445 6797/7413
f 6807/7446 6801/7437 6784/7423 6790/7430
f 6801/7437 6811/7438 6794/7415 6784/7423
f 6811/7438 6810/7433 6793/7416 6794/7415
f 6810/7433 6809/7434 6792/7420 6793/7416
f 9027/9932 9024/9931 9037/9945 9040/9946
f 6809/7434 6808/7436 6791/7422 6792/7420
f 9040/9946 9037/9945 9050/9959 9053/9960
f 6808/7436 6812/7439 6795/7424 6791/7422
f 9053/9960 9050/9959 9063/9973 9066/9974
f 6812/7439 6813/7443 6796/7428 6795/7424
f 9066/9974 9063/9973 9076/9987 9079/9988
f 6817/7442 6800/7427 6796/7428 6813/7443
f 6800/7427 6817/7442 8857/9753 8856/9752
f 8855/9751 8856/9752 8917/9830 8916/9829
f 8856/9752 8857/9753 8918/9831 8917/9830
f 1746/2007 1729/1991 1739/1992 1756/2008
f 1752/2016 1735/2000 1729/1991 1746/2007
f 1756/2008 1739/1992 1738/1987 1755/2019
f 1755/2019 1738/1987 1737/1988 1754/2005
f 1754/2005 1737/1988 1736/1990 1753/2006
f 1735/2000 1752/2016 1747/2017 1730/2001
f 1753/2006 1736/1990 1740/1993 1757/2009
f 1730/2001 1747/2017 1748/2020 1731/2002
f 1757/2009 1740/1993 1741/1997 1758/2013
f 1731/2002 1748/2020 3767/4256 3766/4255
f 1762/2012 1758/2013 1741/1997 1745/1996
f 3766/4255 3767/4256 1749/2010 1732/1994
f 1745/1996 3791/4313 3792/4314 1762/2012
f 1732/1994 1749/2010 1750/2011 1733/1995
f 3791/4313 3853/4391 3854/4392 3792/4314
f 1733/1995 1750/2011 1751/2003 1734/1989
f 3853/1999 1742/1998 1759/2014 3854/2015
f 1744/1985 1734/1989 1751/2003 1761/2004
f 1742/1998 1743/1986 1760/2018 1759/2014
f 1743/1986 1744/1985 1761/2004 1760/2018
f 3957/4493 3971/4507 3970/4503 3956/4489
f 3958/4495 3972/4509 3971/4507 3957/4493
f 3956/4489 3970/4503 3969/4504 3955/4490
f 3959/4486 3973/4500 3972/4509 3958/4495
f 3955/4490 3969/4504 3979/4505 3965/4491
f 3960/4485 3974/4499 3973/4500 3959/4486
f 3961/4488 3975/4502 3974/4499 3960/4485
f 3961/9928 9023/9926 9036/9940 3975/9942
f 9023/9926 9022/9925 9035/9939 9036/9940
f 9022/9925 9021/9935 9034/9949 9035/9939
f 9021/9935 9020/9933 9033/9947 9034/9949
f 9020/9933 9019/9930 9032/9944 9033/9947
f 9019/9930 9018/9929 9031/9943 9032/9944
f 9018/9929 9027/9932 9040/9946 9031/9943
f 3969/4504 3983/4518 3993/4519 3979/4505
f 3983/4518 3997/4532 4007/4533 3993/4519
f 3997/4532 4011/4547 4021/4548 4007/4533
f 1787/2022 1788/2029 1772/2030 1771/2023
f 1788/2029 1789/2033 1773/2034 1772/2030
f 1789/2033 1790/2037 1774/2038 1773/2034
f 1790/2037 1791/2045 1775/2046 1774/2038
f 1791/2045 1792/2051 1776/2052 1775/2046
f 1792/2051 1793/2025 1777/2028 1776/2052
f 1793/2025 1794/2026 1778/2027 1777/2028
f 1779/2031 1763/2032 1778/2027 1794/2026
f 1779/2031 1780/2035 1764/2036 1763/2032
f 1780/2035 1781/2043 1765/2044 1764/2036
f 1781/2043 1782/2049 1766/2050 1765/2044
f 1782/2049 1783/2039 1767/2042 1766/2050
f 1783/2039 1784/2040 1768/2041 1767/2042
f 1784/2040 1785/2047 1769/2048 1768/2041
f 1785/2047 1786/2021 1770/2024 1769/2048
f 1786/2021 1787/2022 1771/2023 1770/2024
f 4084/4632 4082/4633 4078/4625 4088/4624
f 4082/4633 4084/4632 4085/4639 4091/4645
f 4088/4624 4078/4625 4076/4626 4090/4627
f 4086/4638 4092/4644 4091/4645 4085/4639
f 4090/4627 4076/4626 4072/4630 4094/4631
f 4086/4638 4087/4608 4081/4607 4092/4644
f 9141/10063 4094/4631 4072/4630 9128/10064
f 9140/10062 9141/10063 9128/10064 9130/10065
f 9136/10068 9140/10062 9130/10065 9134/10069
f 9134/10069 9142/10078 9137/10073 9136/10068
f 9138/10074 9137/10073 9142/10078 9143/10079
f 4010/4539 4024/4555 4022/4556 4008/4540
f 4009/4542 4023/4558 4024/4555 4010/4539
f 4008/4540 4022/4556 4104/4606 4103/4605
f 4103/4605 4104/4606 4081/4607 4087/4608
f 4020/4541 4034/4557 4023/4558 4009/4542
f 4019/4551 4033/4566 4034/4557 4020/4541
f 4018/4549 4032/4564 4033/4566 4019/4551
f 9138/10074 9143/10079 9133/10047 9139/10046
f 4021/4548 4035/4563 4032/4564 4018/4549
f 4011/4547 4025/4562 4035/4563 4021/4548
f 6854/7495 6838/7496 6839/7486 6855/7485
f 6853/7490 6837/7489 6838/7496 6854/7495
f 6855/7485 6839/7486 6840/7487 6856/7488
f 6852/7482 6836/7481 6837/7489 6853/7490
f 6856/7488 6840/7487 6841/7493 6857/7494
f 6851/7477 6835/7478 6836/7481 6852/7482
f 6857/7494 6841/7493 6842/7468 6858/7467
f 6851/7477 6866/7474 6850/7473 6835/7478
f 6858/7467 6842/7468 6843/7469 6859/7470
f 6865/7471 6849/7472 6850/7473 6866/7474
f 6859/7470 6843/7469 6844/7475 6860/7476
f 6864/7498 6848/7497 6849/7472 6865/7471
f 6860/7476 6844/7475 6845/7479 6861/7480
f 6863/7492 6847/7491 6848/7497 6864/7498
f 6862/7484 6846/7483 6847/7491 6863/7492
f 6861/7480 6845/7479 6846/7483 6862/7484
f 9153/10045 9139/10046 9133/10047 9154/10048
f 9067/9979 9153/10045 9154/10048 9080/9994
f 9069/9980 9067/9979 9080/9994 9082/9995
f 9068/9981 9069/9980 9082/9995 9081/9996
f 9078/9982 9068/9981 9081/9996 9091/9997
f 9077/9990 9078/9982 9091/9997 9090/10006
f 9076/9987 9077/9990 9090/10006 9089/10003
f 9079/9988 9076/9987 9089/10003 9092/10004
f 6804/7441 6805/7440 6822/7456 6821/7457
f 6805/7440 6806/7435 6823/7450 6822/7456
f 8833/9697 6804/7441 6821/7457 8834/9698
f 6816/7432 6833/7449 6823/7450 6806/7435
f 6803/7448 8833/9697 8834/9698 6820/7466
f 6815/7431 6832/7464 6833/7449 6816/7432
f 6802/7447 6803/7448 6820/7466 6819/7463
f 6814/7445 6831/7461 6832/7464 6815/7431
f 6807/7446 6802/7447 6819/7463 6824/7462
f 8918/7444 8919/7460 6831/7461 6814/7445
f 6824/7462 6818/7453 6801/7437 6807/7446
f 8857/9753 8858/9754 8919/9832 8918/9831
f 6818/7453 6828/7454 6811/7438 6801/7437
f 6828/7454 6827/7465 6810/7433 6811/7438
f 6827/7465 6826/7451 6809/7434 6810/7433
f 6826/7451 6825/7452 6808/7436 6809/7434
f 9031/9943 9040/9946 9053/9960 9044/9957
f 6825/7452 6829/7455 6812/7439 6808/7436
f 9044/9957 9053/9960 9066/9974 9057/9971
f 6829/7455 6830/7459 6813/7443 6812/7439
f 9057/9971 9066/9974 9079/9988 9070/9985
f 6834/7458 6817/7442 6813/7443 6830/7459
f 9070/9985 9079/9988 9092/10004 9083/10001
f 6817/7442 6834/7458 8858/9754 8857/9753
f 3312/3728 1746/2007 1756/2008 3322/3729
f 3318/3737 1752/2016 1746/2007 3312/3728
f 3322/3729 1756/2008 1755/2019 3321/3740
f 1752/2016 3318/3737 3313/3738 1747/2017
f 3321/3740 1755/2019 1754/2005 3320/3726
f 3320/3726 1754/2005 1753/2006 3319/3727
f 3319/3727 1753/2006 1757/2009 3323/3730
f 1747/2017 3313/3738 3314/3741 1748/2020
f 3323/3730 1757/2009 1758/2013 3324/3734
f 1748/2020 3314/3741 3768/4257 3767/4256
f 1762/2012 3328/3733 3324/3734 1758/2013
f 3767/4256 3768/4257 3315/3731 1749/2010
f 3328/3733 1762/2012 3792/4314 3793/4315
f 1749/2010 3315/3731 3316/3732 1750/2011
f 3793/4315 3792/4314 3854/4392 3856/4393
f 1750/2011 3316/3732 3317/3725 1751/2003
f 3856/3735 3854/2015 1759/2014 3325/3736
f 3327/3724 1761/2004 1751/2003 3317/3725
f 3325/3736 1759/2014 1760/2018 3326/3739
f 3326/3739 1760/2018 1761/2004 3327/3724
f 3971/4507 3985/4521 3984/4517 3970/4503
f 3972/4509 3986/4523 3985/4521 3971/4507
f 3970/4503 3984/4517 3983/4518 3969/4504
f 3973/4500 3987/4514 3986/4523 3972/4509
f 3974/4499 3988/4513 3987/4514 3973/4500
f 3975/4502 3989/4516 3988/4513 3974/4499
f 3975/9942 9036/9940 9049/9954 3989/9956
f 9036/9940 9035/9939 9048/9953 9049/9954
f 9035/9939 9034/9949 9047/9963 9048/9953
f 9034/9949 9033/9947 9046/9961 9047/9963
f 9033/9947 9032/9944 9045/9958 9046/9961
f 9032/9944 9031/9943 9044/9957 9045/9958
f 3984/4517 3998/4531 3997/4532 3983/4518
f 3998/4531 4012/4546 4011/4547 3997/4532
f 4012/4546 4026/4561 4025/4562 4011/4547
f 1785/2047 1788/2029 1787/2022 1786/2021
f 1784/2040 1789/2033 1788/2029 1785/2047
f 1783/2039 1790/2037 1789/2033 1784/2040
f 1790/2037 1783/2039 1782/2049 1791/2045
f 1791/2045 1782/2049 1781/2043 1792/2051
f 1792/2051 1781/2043 1780/2035 1793/2025
f 1793/2025 1780/2035 1779/2031 1794/2026
f 4156/4621 4082/4633 4091/4645 4158/4649
f 4082/4633 4156/4621 4157/4612 4078/4625
f 4078/4625 4157/4612 4152/4615 4076/4626
f 4092/4644 4159/4646 4158/4649 4091/4645
f 4076/4626 4152/4615 4155/4618 4072/4630
f 4092/4644 4081/4607 4160/4650 4159/4646
f 9128/10064 4072/4630 4155/4618 9194/10053
f 4104/4606 4154/4652 4160/4650 4081/4607
f 9130/10065 9128/10064 9194/10053 9198/10052
f 9134/10069 9130/10065 9198/10052 9197/10059
f 9197/10059 9199/10081 9142/10078 9134/10069
f 9143/10079 9142/10078 9199/10081 9200/10080
f 9143/10079 9200/10080 9201/10085 9133/10047
f 4024/4555 4143/4573 4142/4576 4022/4556
f 4023/4558 4144/4578 4143/4573 4024/4555
f 4022/4556 4142/4576 4154/4652 4104/4606
f 4034/4557 4140/4570 4144/4578 4023/4558
f 4033/4566 4141/4567 4140/4570 4034/4557
f 4161/4654 4141/4567 4033/4566 4032/4564
f 4145/4655 4161/4654 4032/4564 4035/4563
f 9154/10048 9133/10047 9201/10085 9196/10086
f 4145/4655 4035/4563 4025/4562 4040/4582
f 4026/4561 4041/4581 4040/4582 4025/4562
f 6863/7492 6864/7498 6853/7490 6854/7495
f 6862/7484 6863/7492 6854/7495 6855/7485
f 6855/7485 6856/7488 6861/7480 6862/7484
f 6864/7498 6865/7471 6852/7482 6853/7490
f 6856/7488 6857/7494 6860/7476 6861/7480
f 6865/7471 6866/7474 6851/7477 6852/7482
f 6857/7494 6858/7467 6859/7470 6860/7476
f 9080/9994 9154/10048 9196/10086 9185/10014
f 9082/9995 9080/9994 9185/10014 9186/10013
f 9081/9996 9082/9995 9186/10013 9187/10017
f 9091/9997 9081/9996 9187/10017 9183/10008
f 9090/10006 9091/9997 9183/10008 9184/10007
f 9202/10088 9089/10003 9090/10006 9184/10007
f 9188/10089 9092/10004 9089/10003 9202/10088
f 9188/10089 9097/10021 9083/10001 9092/10004
f 6821/7457 6822/7456 8384/9173 8383/9174
f 6822/7456 6823/7450 8385/9167 8384/9173
f 8834/9698 6821/7457 8383/9174 8835/9699
f 8395/9166 8385/9167 6823/7450 6833/7449
f 6820/7466 8834/9698 8835/9699 8382/9183
f 8394/9181 8395/9166 6833/7449 6832/7464
f 6819/7463 6820/7466 8382/9183 8381/9180
f 8393/9178 8394/9181 6832/7464 6831/7461
f 6824/7462 6819/7463 8381/9180 8386/9179
f 8921/9177 8393/9178 6831/7461 8919/7460
f 8386/9179 8380/9170 6818/7453 6824/7462
f 8859/9755 8921/9833 8919/9832 8858/9754
f 8380/9170 8390/9171 6828/7454 6818/7453
f 8396/9176 8859/9755 8858/9754 6834/7458
f 8390/9171 8389/9182 6827/7465 6828/7454
f 8389/9182 8388/9168 6826/7451 6827/7465
f 8388/9168 8387/9169 6825/7452 6826/7451
f 8387/9169 8391/9172 6829/7455 6825/7452
f 9045/9958 9044/9957 9057/9971 9058/9972
f 8391/9172 8392/9175 6830/7459 6829/7455
f 9058/9972 9057/9971 9070/9985 9071/9986
f 6834/7458 6830/7459 8392/9175 8396/9176
f 9071/9986 9070/9985 9083/10001 9084/10002
f 9084/10002 9083/10001 9097/10021 9098/10022
f 3335/3748 3318/3737 3312/3728 3329/3749
f 3329/3749 3312/3728 3322/3729 3339/3752
f 3339/3752 3322/3729 3321/3740 3338/3753
f 3318/3737 3335/3748 3330/3750 3313/3738
f 3338/3753 3321/3740 3320/3726 3337/3756
f 3313/3738 3330/3750 3331/3754 3314/3741
f 3337/3756 3320/3726 3319/3727 3336/3757
f 3336/3757 3319/3727 3323/3730 3340/3742
f 3340/3742 3323/3730 3324/3734 3341/3743
f 3314/3741 3331/3754 3883/4418 3768/4257
f 3328/3733 3345/3759 3341/3743 3324/3734
f 3768/4257 3883/4418 3332/3758 3315/3731
f 3345/3759 3328/3733 3793/4315 3794/4316
f 3315/3731 3332/3758 3333/3744 3316/3732
f 3794/4316 3793/4315 3856/4393 3857/4394
f 3316/3732 3333/3744 3334/3745 3317/3725
f 3857/3746 3856/3735 3325/3736 3342/3747
f 3344/3755 3327/3724 3317/3725 3334/3745
f 3342/3747 3325/3736 3326/3739 3343/3751
f 3343/3751 3326/3739 3327/3724 3344/3755
f 3985/4521 3999/4535 3998/4531 3984/4517
f 3986/4523 4000/4537 3999/4535 3985/4521
f 3987/4514 4001/4528 4000/4537 3986/4523
f 3988/4513 4002/4527 4001/4528 3987/4514
f 3989/4516 4003/4530 4002/4527 3988/4513
f 3989/9956 9049/9954 9062/9968 4003/9970
f 9049/9954 9048/9953 9061/9967 9062/9968
f 9048/9953 9047/9963 9060/9977 9061/9967
f 9047/9963 9046/9961 9059/9975 9060/9977
f 9046/9961 9045/9958 9058/9972 9059/9975
f 3999/4535 4013/4550 4012/4546 3998/4531
f 4013/4550 4027/4565 4026/4561 4012/4546
f 4027/4565 4042/4583 4041/4581 4026/4561
f 4156/4621 4039/4622 4054/4613 4157/4612
f 4039/4622 4156/4621 4158/4649 4097/4648
f 4159/4646 4098/4647 4097/4648 4158/4649
f 4157/4612 4054/4613 4047/4614 4152/4615
f 4152/4615 4047/4614 4070/4617 4155/4618
f 4159/4646 4160/4650 4075/4651 4098/4647
f 9194/10053 4155/4618 4070/4617 9103/10054
f 4154/4652 4105/4653 4075/4651 4160/4650
f 9198/10052 9194/10053 9103/10054 9110/10055
f 4142/4576 4036/4575 4105/4653 4154/4652
f 9197/10059 9198/10052 9110/10055 9096/10060
f 9096/10060 9147/10082 9199/10081 9197/10059
f 9200/10080 9199/10081 9147/10082 9148/10083
f 9200/10080 9148/10083 9127/10084 9201/10085
f 9196/10086 9201/10085 9127/10084 9155/10087
f 4143/4573 4038/4574 4036/4575 4142/4576
f 4144/4578 4037/4577 4038/4574 4143/4573
f 4140/4570 4049/4569 4037/4577 4144/4578
f 4141/4567 4048/4568 4049/4569 4140/4570
f 4106/4689 4048/4568 4141/4567 4161/4654
f 4050/4690 4106/4689 4161/4654 4145/4655
f 4040/4582 4150/4600 4050/4690 4145/4655
f 9185/10014 9196/10086 9155/10087 9093/10015
f 4041/4581 4151/4597 4150/4600 4040/4582
f 4042/4583 4153/4601 4151/4597 4041/4581
f 9186/10013 9185/10014 9093/10015 9095/10016
f 9187/10017 9186/10013 9095/10016 9094/10018
f 9183/10008 9187/10017 9094/10018 9105/10009
f 9184/10007 9183/10008 9105/10009 9104/10010
f 9156/10116 9202/10088 9184/10007 9104/10010
f 9106/10117 9188/10089 9202/10088 9156/10116
f 9097/10021 9188/10089 9106/10117 9192/10038
f 9098/10022 9097/10021 9192/10038 9193/10037
f 8384/9173 8385/9167 8402/9186 8401/9187
f 8383/9174 8384/9173 8401/9187 8400/9200
f 8835/9699 8383/9174 8400/9200 8948/9858
f 8412/9197 8402/9186 8385/9167 8395/9166
f 8382/9183 8835/9699 8948/9858 8399/9196
f 8411/9193 8412/9197 8395/9166 8394/9181
f 8381/9180 8382/9183 8399/9196 8398/9192
f 8410/9189 8411/9193 8394/9181 8393/9178
f 8386/9179 8381/9180 8398/9192 8403/9190
f 8922/9188 8410/9189 8393/9178 8921/9177
f 8403/9190 8397/9191 8380/9170 8386/9179
f 8860/9756 8922/9834 8921/9833 8859/9755
f 8397/9191 8407/9194 8390/9171 8380/9170
f 8413/9201 8860/9756 8859/9755 8396/9176
f 8407/9194 8406/9195 8389/9182 8390/9171
f 8396/9176 8392/9175 8409/9185 8413/9201
f 8406/9195 8405/9198 8388/9168 8389/9182
f 8405/9198 8404/9199 8387/9169 8388/9168
f 8404/9199 8408/9184 8391/9172 8387/9169
f 8408/9184 8409/9185 8392/9175 8391/9172
f 9059/9975 9058/9972 9071/9986 9072/9989
f 9072/9989 9071/9986 9084/10002 9085/10005
f 9085/10005 9084/10002 9098/10022 9099/10023
f 9099/10023 9098/10022 9193/10037 9195/10041
f 3352/3762 3335/3748 3329/3749 3346/3763
f 3335/3748 3352/3762 3347/3764 3330/3750
f 3346/3763 3329/3749 3339/3752 3356/3766
f 3356/3766 3339/3752 3338/3753 3355/3767
f 3355/3767 3338/3753 3337/3756 3354/3770
f 3330/3750 3347/3764 3348/3768 3331/3754
f 3354/3770 3337/3756 3336/3757 3353/3772
f 3331/3754 3348/3768 3882/4417 3883/4418
f 3353/3772 3336/3757 3340/3742 3357/3773
f 3357/3773 3340/3742 3341/3743 3358/3777
f 3345/3759 3362/3776 3358/3777 3341/3743
f 3883/4418 3882/4417 3349/3774 3332/3758
f 3362/3776 3345/3759 3794/4316 3795/4317
f 3332/3758 3349/3774 3350/3775 3333/3744
f 3795/4317 3794/4316 3857/4394 3858/4395
f 3333/3744 3350/3775 3351/3771 3334/3745
f 3858/3760 3857/3746 3342/3747 3359/3761
f 3361/3769 3344/3755 3334/3745 3351/3771
f 3359/3761 3342/3747 3343/3751 3360/3765
f 3360/3765 3343/3751 3344/3755 3361/3769
f 4000/4537 4014/4552 4013/4550 3999/4535
f 4001/4528 4015/4544 4014/4552 4000/4537
f 4002/4527 4016/4543 4015/4544 4001/4528
f 4003/4530 4017/4545 4016/4543 4002/4527
f 4003/9970 9062/9968 9075/9984 4017/9999
f 9062/9968 9061/9967 9074/9983 9075/9984
f 9061/9967 9060/9977 9073/9991 9074/9983
f 9060/9977 9059/9975 9072/9989 9073/9991
f 4014/4552 4028/4554 4027/4565 4013/4550
f 4028/4554 4043/4572 4042/4583 4027/4565
f 4043/4572 4146/4589 4153/4601 4042/4583
f 4097/4648 4126/4672 4123/4673 4039/4622
f 4039/4622 4123/4673 4124/4677 4054/4613
f 4047/4614 4054/4613 4124/4677 4108/4656
f 4098/4647 4127/4674 4126/4672 4097/4648
f 4075/4651 4125/4676 4127/4674 4098/4647
f 4108/4656 4107/4659 4070/4617 4047/4614
f 9157/10090 9103/10054 4070/4617 4107/4659
f 4105/4653 4128/4675 4125/4676 4075/4651
f 9103/10054 9157/10090 9167/10104 9110/10055
f 4036/4575 4051/4591 4128/4675 4105/4653
f 9096/10060 9110/10055 9167/10104 9166/10099
f 4038/4574 4053/4590 4051/4591 4036/4575
f 9147/10082 9096/10060 9166/10099 9169/10100
f 9148/10083 9147/10082 9169/10100 9170/10101
f 9127/10084 9148/10083 9170/10101 9168/10102
f 9155/10087 9127/10084 9168/10102 9171/10103
f 9093/10015 9155/10087 9171/10103 9107/10030
f 4037/4577 4052/4592 4053/4590 4038/4574
f 4049/4569 4063/4585 4052/4592 4037/4577
f 4048/4568 4062/4584 4063/4585 4049/4569
f 4062/4584 4048/4568 4106/4689 4173/4704
f 4050/4690 4064/4705 4173/4704 4106/4689
f 4150/4600 4055/4599 4064/4705 4050/4690
f 4151/4597 4056/4598 4055/4599 4150/4600
f 9095/10016 9093/10015 9107/10030 9109/10031
f 4153/4601 4057/4602 4056/4598 4151/4597
f 4146/4589 4058/4588 4057/4602 4153/4601
f 9094/10018 9095/10016 9109/10031 9108/10032
f 9105/10009 9094/10018 9108/10032 9118/10024
f 9104/10010 9105/10009 9118/10024 9117/10025
f 9117/10025 9214/10131 9156/10116 9104/10010
f 9106/10117 9156/10116 9214/10131 9119/10132
f 9192/10038 9106/10117 9119/10132 9111/10039
f 9193/10037 9192/10038 9111/10039 9112/10040
f 9195/10041 9193/10037 9112/10040 9113/10042
f 8429/9211 8419/9213 8402/9186 8412/9197
f 8401/9187 8402/9186 8419/9213 8418/9216
f 8400/9200 8401/9187 8418/9216 8417/9217
f 8948/9858 8400/9200 8417/9217 8947/9857
f 8399/9196 8948/9858 8947/9857 8416/9210
f 8428/9207 8429/9211 8412/9197 8411/9193
f 8398/9192 8399/9196 8416/9210 8415/9206
f 8427/9203 8428/9207 8411/9193 8410/9189
f 8403/9190 8398/9192 8415/9206 8420/9204
f 8923/9202 8427/9203 8410/9189 8922/9188
f 8420/9204 8414/9205 8397/9191 8403/9190
f 8861/9757 8923/9835 8922/9834 8860/9756
f 8414/9205 8424/9208 8407/9194 8397/9191
f 8430/9219 8861/9757 8860/9756 8413/9201
f 8424/9208 8423/9209 8406/9195 8407/9194
f 8413/9201 8409/9185 8426/9218 8430/9219
f 8423/9209 8422/9212 8405/9198 8406/9195
f 8425/9215 8426/9218 8409/9185 8408/9184
f 8422/9212 8421/9214 8404/9199 8405/9198
f 8421/9214 8425/9215 8408/9184 8404/9199
f 9073/9991 9072/9989 9085/10005 9086/9992
f 9086/9992 9085/10005 9099/10023 9100/10011
f 9100/10011 9099/10023 9195/10041 9189/10027
f 9189/10027 9195/10041 9113/10042 9114/10028
f 3369/3795 3352/3762 3346/3763 3363/3788
f 3352/3762 3369/3795 3364/3782 3347/3764
f 3363/3788 3346/3763 3356/3766 3373/3780
f 3347/3764 3364/3782 3365/3783 3348/3768
f 3373/3780 3356/3766 3355/3767 3372/3781
f 3372/3781 3355/3767 3354/3770 3371/3785
f 3371/3785 3354/3770 3353/3772 3370/3787
f 3348/3768 3365/3783 3881/4416 3882/4417
f 3370/3787 3353/3772 3357/3773 3374/3789
f 3882/4417 3881/4416 3366/3790 3349/3774
f 3374/3789 3357/3773 3358/3777 3375/3793
f 3362/3776 3379/3792 3375/3793 3358/3777
f 3379/3792 3362/3776 3795/4317 3796/4318
f 3349/3774 3366/3790 3367/3791 3350/3775
f 3796/4318 3795/4317 3858/4395 3859/4396
f 3350/3775 3367/3791 3368/3786 3351/3771
f 3859/3794 3858/3760 3359/3761 3376/3778
f 3378/3784 3361/3769 3351/3771 3368/3786
f 3376/3778 3359/3761 3360/3765 3377/3779
f 3377/3779 3360/3765 3361/3769 3378/3784
f 4015/4544 4029/4553 4028/4554 4014/4552
f 4016/4543 4030/4559 4029/4553 4015/4544
f 4017/4545 4031/4560 4030/4559 4016/4543
f 4017/9999 9075/9984 9088/9998 4031/10000
f 9075/9984 9074/9983 9087/9993 9088/9998
f 9074/9983 9073/9991 9086/9992 9087/9993
f 4029/4553 4044/4571 4043/4572 4028/4554
f 4044/4571 4147/4586 4146/4589 4043/4572
f 4147/4586 4059/4587 4058/4588 4146/4589
f 4127/4674 4138/4678 4137/4679 4126/4672
f 4126/4672 4137/4679 4134/4685 4123/4673
f 4123/4673 4134/4685 4135/4688 4124/4677
f 4124/4677 4135/4688 4109/4660 4108/4656
f 4108/4656 4113/4657 4112/4658 4107/4659
f 4109/4660 4114/4661 4113/4657 4108/4656
f 4125/4676 4136/4680 4138/4678 4127/4674
f 4128/4675 4139/4683 4136/4680 4125/4676
f 9157/10090 4107/4659 4112/4658 9160/10091
f 9158/10092 9157/10090 9160/10091 9161/10093
f 9167/10104 9157/10090 9158/10092 9178/10115
f 4051/4591 4129/4686 4139/4683 4128/4675
f 9166/10099 9167/10104 9178/10115 9177/10112
f 4053/4590 4131/4687 4129/4686 4051/4591
f 9169/10100 9166/10099 9177/10112 9180/10105
f 4052/4592 4130/4684 4131/4687 4053/4590
f 9170/10101 9169/10100 9180/10105 9181/10106
f 9168/10102 9170/10101 9181/10106 9179/10107
f 9171/10103 9168/10102 9179/10107 9182/10110
f 9107/10030 9171/10103 9182/10110 9172/10113
f 9109/10031 9107/10030 9172/10113 9174/10114
f 4063/4585 4133/4682 4130/4684 4052/4592
f 4062/4584 4132/4681 4133/4682 4063/4585
f 4132/4681 4062/4584 4173/4704 4174/4702
f 4064/4705 4197/4720 4174/4702 4173/4704
f 4055/4599 4176/4709 4197/4720 4064/4705
f 4056/4598 4177/4708 4176/4709 4055/4599
f 4057/4602 4178/4711 4177/4708 4056/4598
f 9108/10032 9109/10031 9174/10114 9173/10111
f 4058/4588 4179/4710 4178/4711 4057/4602
f 4059/4587 4180/4707 4179/4710 4058/4588
f 9118/10024 9108/10032 9173/10111 9176/10108
f 9117/10025 9118/10024 9176/10108 9175/10109
f 9175/10109 9215/10130 9214/10131 9117/10025
f 9119/10132 9214/10131 9215/10130 9235/10150
f 9111/10039 9119/10132 9235/10150 9217/10135
f 9112/10040 9111/10039 9217/10135 9218/10136
f 9113/10042 9112/10040 9218/10136 9219/10138
f 9114/10028 9113/10042 9219/10138 9220/10137
f 8445/9221 8446/9226 8429/9211 8428/9207
f 8446/9226 8436/9228 8419/9213 8429/9211
f 8418/9216 8419/9213 8436/9228 8435/9232
f 8417/9217 8418/9216 8435/9232 8434/9233
f 8947/9857 8417/9217 8434/9233 8946/9856
f 8416/9210 8947/9857 8946/9856 8433/9224
f 8415/9206 8416/9210 8433/9224 8432/9225
f 8444/9220 8445/9221 8428/9207 8427/9203
f 8420/9204 8415/9206 8432/9225 8437/9237
f 8924/9236 8444/9220 8427/9203 8923/9202
f 8437/9237 8431/9230 8414/9205 8420/9204
f 8862/9758 8924/9836 8923/9835 8861/9757
f 8431/9230 8441/9222 8424/9208 8414/9205
f 8447/9235 8862/9758 8861/9757 8430/9219
f 8441/9222 8440/9223 8423/9209 8424/9208
f 8430/9219 8426/9218 8443/9234 8447/9235
f 8440/9223 8439/9227 8422/9212 8423/9209
f 8442/9231 8443/9234 8426/9218 8425/9215
f 8439/9227 8438/9229 8421/9214 8422/9212
f 8438/9229 8442/9231 8425/9215 8421/9214
f 9087/9993 9086/9992 9100/10011 9101/10012
f 9101/10012 9100/10011 9189/10027 9190/10026
f 9190/10026 9189/10027 9114/10028 9115/10029
f 9115/10029 9114/10028 9220/10137 9221/10133
f 3386/3798 3369/3795 3363/3788 3380/3799
f 3369/3795 3386/3798 3381/3800 3364/3782
f 3380/3799 3363/3788 3373/3780 3390/3802
f 3364/3782 3381/3800 3382/3804 3365/3783
f 3390/3802 3373/3780 3372/3781 3389/3803
f 3365/3783 3382/3804 3880/4415 3881/4416
f 3389/3803 3372/3781 3371/3785 3388/3806
f 3388/3806 3371/3785 3370/3787 3387/3808
f 3387/3808 3370/3787 3374/3789 3391/3809
f 3881/4416 3880/4415 3383/3810 3366/3790
f 3391/3809 3374/3789 3375/3793 3392/3813
f 3366/3790 3383/3810 3384/3811 3367/3791
f 3379/3792 3396/3812 3392/3813 3375/3793
f 3396/3812 3379/3792 3796/4318 3797/4319
f 3797/4319 3796/4318 3859/4396 3860/4397
f 3367/3791 3384/3811 3385/3807 3368/3786
f 3860/3796 3859/3794 3376/3778 3393/3797
f 3395/3805 3378/3784 3368/3786 3385/3807
f 3393/3797 3376/3778 3377/3779 3394/3801
f 3394/3801 3377/3779 3378/3784 3395/3805
f 4030/4559 4045/4579 4044/4571 4029/4553
f 4031/4560 4046/4580 4045/4579 4030/4559
f 4031/10000 9088/9998 9102/10019 4046/10020
f 9088/9998 9087/9993 9101/10012 9102/10019
f 4045/4579 4148/4593 4147/4586 4044/4571
f 4148/4593 4060/4594 4059/4587 4147/4586
f 4060/4594 4181/4706 4180/4707 4059/4587
f 4136/4680 4162/4693 4171/4694 4138/4678
f 4138/4678 4171/4694 4172/4699 4137/4679
f 4137/4679 4172/4699 4164/4697 4134/4685
f 4134/4685 4164/4697 4163/4698 4135/4688
f 4135/4688 4163/4698 4110/4662 4109/4660
f 4110/4662 4115/4663 4114/4661 4109/4660
f 4113/4657 4118/4666 4117/4667 4112/4658
f 4114/4661 4119/4668 4118/4666 4113/4657
f 9160/10091 4112/4658 4117/4667 9163/10096
f 4115/4663 4120/4669 4119/4668 4114/4661
f 4139/4683 4170/4692 4162/4693 4136/4680
f 4129/4686 4169/4691 4170/4692 4139/4683
f 9161/10093 9160/10091 9163/10096 9164/10097
f 9159/10094 9158/10092 9161/10093 9162/10095
f 9178/10115 9158/10092 9159/10094 9204/10124
f 9162/10095 9161/10093 9164/10097 9165/10098
f 9177/10112 9178/10115 9204/10124 9205/10125
f 4131/4687 4167/4696 4169/4691 4129/4686
f 9180/10105 9177/10112 9205/10125 9213/10126
f 4130/4684 4168/4695 4167/4696 4131/4687
f 9181/10106 9180/10105 9213/10126 9212/10120
f 4133/4682 4165/4701 4168/4695 4130/4684
f 9179/10107 9181/10106 9212/10120 9203/10121
f 9182/10110 9179/10107 9203/10121 9211/10118
f 9172/10113 9182/10110 9211/10118 9210/10119
f 9174/10114 9172/10113 9210/10119 9208/10122
f 9173/10111 9174/10114 9208/10122 9209/10123
f 4132/4681 4166/4700 4165/4701 4133/4682
f 4166/4700 4132/4681 4174/4702 4175/4703
f 4197/4720 4198/4721 4175/4703 4174/4702
f 4176/4709 4183/4717 4198/4721 4197/4720
f 4177/4708 4184/4714 4183/4717 4176/4709
f 4178/4711 4185/4713 4184/4714 4177/4708
f 4179/4710 4186/4718 4185/4713 4178/4711
f 9176/10108 9173/10111 9209/10123 9206/10127
f 4180/4707 4187/4716 4186/4718 4179/4710
f 4181/4706 4188/4715 4187/4716 4180/4707
f 9175/10109 9176/10108 9206/10127 9207/10128
f 9207/10128 9216/10129 9215/10130 9175/10109
f 9235/10150 9215/10130 9216/10129 9236/10151
f 9217/10135 9235/10150 9236/10151 9223/10144
f 9218/10136 9217/10135 9223/10144 9224/10140
f 9219/10138 9218/10136 9224/10140 9225/10141
f 9220/10137 9219/10138 9225/10141 9226/10145
f 9221/10133 9220/10137 9226/10145 9227/10142
f 8461/9239 8462/9243 8445/9221 8444/9220
f 8462/9243 8463/9247 8446/9226 8445/9221
f 8463/9247 8453/9249 8436/9228 8446/9226
f 8435/9232 8436/9228 8453/9249 8452/9252
f 8434/9233 8435/9232 8452/9252 8451/9253
f 8946/9856 8434/9233 8451/9253 8945/9855
f 8433/9224 8946/9856 8945/9855 8450/9246
f 8432/9225 8433/9224 8450/9246 8449/9242
f 8437/9237 8432/9225 8449/9242 8454/9240
f 8925/9238 8461/9239 8444/9220 8924/9236
f 8454/9240 8448/9241 8431/9230 8437/9237
f 8863/9759 8925/9837 8924/9836 8862/9758
f 8448/9241 8458/9244 8441/9222 8431/9230
f 8464/9255 8863/9759 8862/9758 8447/9235
f 8458/9244 8457/9245 8440/9223 8441/9222
f 8447/9235 8443/9234 8460/9254 8464/9255
f 8457/9245 8456/9248 8439/9227 8440/9223
f 8459/9251 8460/9254 8443/9234 8442/9231
f 8456/9248 8455/9250 8438/9229 8439/9227
f 8455/9250 8459/9251 8442/9231 8438/9229
f 9102/10019 9101/10012 9190/10026 9191/10033
f 9191/10033 9190/10026 9115/10029 9116/10034
f 9116/10034 9115/10029 9221/10133 9222/10134
f 9222/10134 9221/10133 9227/10142 9228/10143
f 3403/3831 3386/3798 3380/3799 3397/3824
f 3386/3798 3403/3831 3398/3818 3381/3800
f 3397/3824 3380/3799 3390/3802 3407/3816
f 3381/3800 3398/3818 3399/3819 3382/3804
f 3407/3816 3390/3802 3389/3803 3406/3817
f 3382/3804 3399/3819 3879/4414 3880/4415
f 3406/3817 3389/3803 3388/3806 3405/3821
f 3880/4415 3879/4414 3400/3826 3383/3810
f 3405/3821 3388/3806 3387/3808 3404/3823
f 3404/3823 3387/3808 3391/3809 3408/3825
f 3408/3825 3391/3809 3392/3813 3409/3829
f 3383/3810 3400/3826 3401/3827 3384/3811
f 3396/3812 3413/3828 3409/3829 3392/3813
f 3384/3811 3401/3827 3402/3822 3385/3807
f 3413/3828 3396/3812 3797/4319 3798/4320
f 3798/4320 3797/4319 3860/4397 3861/4398
f 3861/3830 3860/3796 3393/3797 3410/3814
f 3412/3820 3395/3805 3385/3807 3402/3822
f 3410/3814 3393/3797 3394/3801 3411/3815
f 3411/3815 3394/3801 3395/3805 3412/3820
f 4046/4580 4149/4595 4148/4593 4045/4579
f 4046/10020 9102/10019 9191/10033 4149/10035
f 4149/4595 4061/4596 4060/4594 4148/4593
f 4061/4596 4182/4712 4181/4706 4060/4594
f 4182/4712 4189/4719 4188/4715 4181/4706
f 4353/4851 4171/4694 4162/4693 4358/4858
f 4170/4692 4375/4800 4358/4858 4162/4693
f 4354/4854 4172/4699 4171/4694 4353/4851
f 4359/4856 4164/4697 4172/4699 4354/4854
f 4355/4857 4163/4698 4164/4697 4359/4856
f 4356/4901 4110/4662 4163/4698 4355/4857
f 4111/4664 4116/4665 4115/4663 4110/4662
f 4110/4662 4356/4901 4357/4902 4111/4664
f 4116/4665 4121/4670 4120/4669 4115/4663
f 4117/4667 4118/4666 4119/4668 4122/4671
f 4117/4667 4122/4671 9164/10097 9163/10096
f 4119/4668 4120/4669 4121/4670 4122/4671
f 4169/4691 4376/4797 4375/4800 4170/4692
f 4376/4797 4169/4691 4167/4696 4377/4802
f 9164/10097 4122/4671 4121/4670 9165/10098
f 4111/4664 9159/10094 9162/10095 4116/4665
f 9159/10094 9381/10328 9380/10294 9204/10124
f 9381/10328 9159/10094 4111/4664 4357/4902
f 4116/4665 9162/10095 9165/10098 4121/4670
f 9204/10124 9380/10294 9383/10292 9205/10125
f 9205/10125 9383/10292 9379/10289 9213/10126
f 4168/4695 4373/4796 4377/4802 4167/4696
f 9213/10126 9379/10289 9378/10288 9212/10120
f 4373/4796 4168/4695 4165/4701 4374/4793
f 9212/10120 9378/10288 9382/10295 9203/10121
f 4166/4700 4378/4803 4374/4793 4165/4701
f 9397/10229 9211/10118 9203/10121 9382/10295
f 9398/10228 9210/10119 9211/10118 9397/10229
f 9210/10119 9398/10228 9399/10232 9208/10122
f 9395/10225 9209/10123 9208/10122 9399/10232
f 9209/10123 9395/10225 9396/10224 9206/10127
f 4378/4803 4166/4700 4175/4703 4372/4739
f 4372/4739 4175/4703 4198/4721 4369/4736
f 4183/4717 4190/4906 4369/4736 4198/4721
f 4184/4714 4191/4905 4190/4906 4183/4717
f 4185/4713 4192/4907 4191/4905 4184/4714
f 4186/4718 4193/4908 4192/4907 4185/4713
f 4187/4716 4194/4909 4193/4908 4186/4718
f 9400/10234 9207/10128 9206/10127 9396/10224
f 4188/4715 4195/4904 4194/4909 4187/4716
f 4189/4719 4196/4903 4195/4904 4188/4715
f 9207/10128 9400/10234 9394/10168 9216/10129
f 9216/10129 9394/10168 9391/10167 9236/10151
f 9223/10144 9236/10151 9391/10167 9229/10324
f 9230/10323 9224/10140 9223/10144 9229/10324
f 9231/10322 9225/10141 9224/10140 9230/10323
f 9232/10152 9226/10145 9225/10141 9231/10322
f 9233/10149 9227/10142 9226/10145 9232/10152
f 9234/10147 9228/10143 9227/10142 9233/10149
f 8478/9256 8479/9257 8462/9243 8461/9239
f 8926/9272 8478/9256 8461/9239 8925/9238
f 8479/9257 8480/9262 8463/9247 8462/9243
f 8480/9262 8470/9264 8453/9249 8463/9247
f 8452/9252 8453/9249 8470/9264 8469/9268
f 8451/9253 8452/9252 8469/9268 8468/9269
f 8945/9855 8451/9253 8468/9269 8944/9854
f 8450/9246 8945/9855 8944/9854 8467/9260
f 8449/9242 8450/9246 8467/9260 8466/9261
f 8454/9240 8449/9242 8466/9261 8471/9273
f 8471/9273 8465/9266 8448/9241 8454/9240
f 8864/9760 8926/9838 8925/9837 8863/9759
f 8465/9266 8475/9258 8458/9244 8448/9241
f 8481/9271 8864/9760 8863/9759 8464/9255
f 8475/9258 8474/9259 8457/9245 8458/9244
f 8464/9255 8460/9254 8477/9270 8481/9271
f 8474/9259 8473/9263 8456/9248 8457/9245
f 8476/9267 8477/9270 8460/9254 8459/9251
f 8473/9263 8472/9265 8455/9250 8456/9248
f 8472/9265 8476/9267 8459/9251 8455/9250
f 4149/10035 9191/10033 9116/10034 4061/10036
f 4061/10036 9116/10034 9222/10134 4182/10139
f 4182/10139 9222/10134 9228/10143 4189/10146
f 4189/10146 9228/10143 9234/10147 4196/10148
f 3420/3847 3403/3831 3397/3824 3414/3838
f 3403/3831 3420/3847 3415/3848 3398/3818
f 3414/3838 3397/3824 3407/3816 3424/3839
f 3398/3818 3415/3848 3416/3849 3399/3819
f 3424/3839 3407/3816 3406/3817 3423/3834
f 3878/4413 3879/4414 3399/3819 3416/3849
f 3423/3834 3406/3817 3405/3821 3422/3835
f 3417/3841 3400/3826 3879/4414 3878/4413
f 3422/3835 3405/3821 3404/3823 3421/3837
f 3400/3826 3417/3841 3418/3842 3401/3827
f 3421/3837 3404/3823 3408/3825 3425/3840
f 3425/3840 3408/3825 3409/3829 3426/3844
f 3413/3828 3430/3843 3426/3844 3409/3829
f 3401/3827 3418/3842 3419/3836 3402/3822
f 3430/3843 3413/3828 3798/4320 3799/4321
f 3429/3833 3412/3820 3402/3822 3419/3836
f 3799/4321 3798/4320 3861/4398 3862/4399
f 3862/3845 3861/3830 3410/3814 3427/3846
f 3427/3846 3410/3814 3411/3815 3428/3832
f 3428/3832 3411/3815 3412/3820 3429/3833
f 4353/4851 4311/4852 4312/4853 4354/4854
f 4358/4858 4308/4859 4311/4852 4353/4851
f 4375/4800 4266/4799 4308/4859 4358/4858
f 4376/4797 4265/4798 4266/4799 4375/4800
f 4354/4854 4312/4853 4310/4855 4359/4856
f 4359/4856 4310/4855 4309/4847 4355/4857
f 4356/4901 4355/4857 4309/4847 4347/4850
f 4347/4850 4307/4865 4357/4902 4356/4901
f 9372/10287 9381/10328 4357/4902 4307/4865
f 4377/4802 4263/4801 4265/4798 4376/4797
f 4373/4796 4264/4795 4263/4801 4377/4802
f 9381/10328 9372/10287 9339/10286 9380/10294
f 9383/10292 9380/10294 9339/10286 9340/10293
f 9379/10289 9383/10292 9340/10293 9342/10290
f 9378/10288 9379/10289 9342/10290 9341/10291
f 4374/4793 4261/4794 4264/4795 4373/4796
f 9382/10295 9378/10288 9341/10291 9338/10296
f 4378/4803 4262/4804 4261/4794 4374/4793
f 9397/10229 9382/10295 9338/10296 9297/10230
f 4378/4803 4372/4739 4199/4738 4262/4804
f 9398/10228 9397/10229 9297/10230 9296/10231
f 9399/10232 9398/10228 9296/10231 9294/10233
f 9395/10225 9399/10232 9294/10233 9295/10226
f 9396/10224 9395/10225 9295/10226 9292/10227
f 9400/10234 9396/10224 9292/10227 9293/10235
f 4369/4736 4207/4737 4199/4738 4372/4739
f 4190/4906 4366/4729 4207/4737 4369/4736
f 4191/4905 4367/4726 4366/4729 4190/4906
f 4192/4907 4368/4730 4367/4726 4191/4905
f 4193/4908 4370/4732 4368/4730 4192/4907
f 4194/4909 4371/4734 4370/4732 4193/4908
f 4195/4904 4364/4725 4371/4734 4194/4909
f 9400/10234 9293/10235 9237/10169 9394/10168
f 4196/4903 4365/4722 4364/4725 4195/4904
f 4196/10148 9234/10147 9387/10154 4365/10153
f 9391/10167 9394/10168 9237/10169 9244/10170
f 9229/10324 9391/10167 9244/10170 9388/10158
f 9230/10323 9229/10324 9388/10158 9389/10157
f 9231/10322 9230/10323 9389/10157 9390/10161
f 9232/10152 9231/10322 9390/10161 9392/10163
f 9233/10149 9232/10152 9392/10163 9393/10165
f 9234/10147 9233/10149 9393/10165 9387/10154
f 8927/9287 8495/9288 8478/9256 8926/9272
f 8495/9288 8496/9274 8479/9257 8478/9256
f 8496/9274 8497/9275 8480/9262 8479/9257
f 8865/9761 8927/9839 8926/9838 8864/9760
f 8497/9275 8487/9278 8470/9264 8480/9262
f 8469/9268 8470/9264 8487/9278 8486/9283
f 8468/9269 8469/9268 8486/9283 8485/9284
f 8485/9284 8943/9853 8944/9854 8468/9269
f 8943/9853 8484/9291 8467/9260 8944/9854
f 8466/9261 8467/9260 8484/9291 8483/9290
f 8471/9273 8466/9261 8483/9290 8488/9289
f 8488/9289 8482/9280 8465/9266 8471/9273
f 8482/9280 8492/9281 8475/9258 8465/9266
f 8498/9286 8865/9761 8864/9760 8481/9271
f 8492/9281 8491/9276 8474/9259 8475/9258
f 8481/9271 8477/9270 8494/9285 8498/9286
f 8491/9276 8490/9277 8473/9263 8474/9259
f 8493/9282 8494/9285 8477/9270 8476/9267
f 8490/9277 8489/9279 8472/9265 8473/9263
f 8489/9279 8493/9282 8476/9267 8472/9265
f 3437/3863 3420/3847 3414/3838 3431/3854
f 3420/3847 3437/3863 3432/3864 3415/3848
f 3431/3854 3414/3838 3424/3839 3441/3855
f 3415/3848 3432/3864 3433/3867 3416/3849
f 3441/3855 3424/3839 3423/3834 3440/3866
f 3416/3849 3433/3867 3877/4412 3878/4413
f 3440/3866 3423/3834 3422/3835 3439/3852
f 3878/4413 3877/4412 3434/3857 3417/3841
f 3439/3852 3422/3835 3421/3837 3438/3853
f 3417/3841 3434/3857 3435/3858 3418/3842
f 3438/3853 3421/3837 3425/3840 3442/3856
f 3418/3842 3435/3858 3436/3851 3419/3836
f 3442/3856 3425/3840 3426/3844 3443/3860
f 3430/3843 3447/3859 3443/3860 3426/3844
f 3447/3859 3430/3843 3799/4321 3800/4322
f 3446/3850 3429/3833 3419/3836 3436/3851
f 3800/4322 3799/4321 3862/4399 3863/4400
f 3445/3865 3428/3832 3429/3833 3446/3850
f 3863/3861 3862/3845 3427/3846 3444/3862
f 3444/3862 3427/3846 3428/3832 3445/3865
f 4308/4859 4314/4860 4317/4861 4311/4852
f 4311/4852 4317/4861 4318/4862 4312/4853
f 4312/4853 4318/4862 4316/4863 4310/4855
f 4266/4799 4272/4809 4314/4860 4308/4859
f 4265/4798 4271/4808 4272/4809 4266/4799
f 4263/4801 4269/4810 4271/4808 4265/4798
f 4310/4855 4316/4863 4315/4848 4309/4847
f 4309/4847 4315/4848 4348/4849 4347/4850
f 4347/4850 4348/4849 4313/4864 4307/4865
f 9372/10287 4307/4865 4313/4864 9373/10243
f 9339/10286 9372/10287 9373/10243 9344/10245
f 4264/4795 4270/4807 4269/4810 4263/4801
f 4261/4794 4267/4806 4270/4807 4264/4795
f 9340/10293 9339/10286 9344/10245 9345/10283
f 9342/10290 9340/10293 9345/10283 9347/10285
f 9341/10291 9342/10290 9347/10285 9346/10297
f 9338/10296 9341/10291 9346/10297 9343/10298
f 4262/4804 4268/4805 4267/4806 4261/4794
f 9297/10230 9338/10296 9343/10298 9303/10239
f 4199/4738 4208/4741 4268/4805 4262/4804
f 9296/10231 9297/10230 9303/10239 9302/10240
f 4207/4737 4209/4740 4208/4741 4199/4738
f 9294/10233 9296/10231 9302/10240 9300/10241
f 9295/10226 9294/10233 9300/10241 9301/10238
f 9292/10227 9295/10226 9301/10238 9298/10236
f 9293/10235 9292/10227 9298/10236 9299/10237
f 9237/10169 9293/10235 9299/10237 9245/10173
f 4366/4729 4200/4728 4209/4740 4207/4737
f 4367/4726 4201/4727 4200/4728 4366/4729
f 4368/4730 4202/4731 4201/4727 4367/4726
f 4370/4732 4203/4733 4202/4731 4368/4730
f 4371/4734 4204/4735 4203/4733 4370/4732
f 4364/4725 4205/4724 4204/4735 4371/4734
f 4365/4722 4206/4723 4205/4724 4364/4725
f 9244/10170 9237/10169 9245/10173 9246/10174
f 4365/10153 9387/10154 9243/10155 4206/10156
f 9387/10154 9393/10165 9242/10166 9243/10155
f 9388/10158 9244/10170 9246/10174 9238/10159
f 9389/10157 9388/10158 9238/10159 9239/10160
f 9390/10161 9389/10157 9239/10160 9240/10162
f 9392/10163 9390/10161 9240/10162 9241/10164
f 9393/10165 9392/10163 9241/10164 9242/10166
f 8928/9303 8512/9304 8495/9288 8927/9287
f 8866/9762 8928/9840 8927/9839 8865/9761
f 8512/9304 8513/9307 8496/9274 8495/9288
f 8513/9307 8514/9292 8497/9275 8496/9274
f 8514/9292 8504/9293 8487/9278 8497/9275
f 8515/9302 8866/9762 8865/9761 8498/9286
f 8486/9283 8487/9278 8504/9293 8503/9299
f 8485/9284 8486/9283 8503/9299 8502/9300
f 8943/9853 8485/9284 8502/9300 8942/9852
f 8484/9291 8943/9853 8942/9852 8501/9309
f 8483/9290 8484/9291 8501/9309 8500/9306
f 8488/9289 8483/9290 8500/9306 8505/9305
f 8505/9305 8499/9296 8482/9280 8488/9289
f 8499/9296 8509/9297 8492/9281 8482/9280
f 8509/9297 8508/9308 8491/9276 8492/9281
f 8498/9286 8494/9285 8511/9301 8515/9302
f 8508/9308 8507/9294 8490/9277 8491/9276
f 8510/9298 8511/9301 8494/9285 8493/9282
f 8507/9294 8506/9295 8489/9279 8490/9277
f 8506/9295 8510/9298 8493/9282 8489/9279
f 3454/3879 3437/3863 3431/3854 3448/3868
f 3437/3863 3454/3879 3449/3880 3432/3864
f 3448/3868 3431/3854 3441/3855 3458/3869
f 3432/3864 3449/3880 3450/3883 3433/3867
f 3458/3869 3441/3855 3440/3866 3457/3882
f 3875/4410 3877/4412 3433/3867 3450/3883
f 3457/3882 3440/3866 3439/3852 3456/3885
f 3451/3872 3434/3857 3877/4412 3875/4410
f 3456/3885 3439/3852 3438/3853 3455/3870
f 3434/3857 3451/3872 3452/3873 3435/3858
f 3455/3870 3438/3853 3442/3856 3459/3871
f 3435/3858 3452/3873 3453/3876 3436/3851
f 3459/3871 3442/3856 3443/3860 3460/3875
f 3463/3884 3446/3850 3436/3851 3453/3876
f 3447/3859 3464/3874 3460/3875 3443/3860
f 3464/3874 3447/3859 3800/4322 3801/4323
f 3801/4323 3800/4322 3863/4400 3864/4401
f 3462/3881 3445/3865 3446/3850 3463/3884
f 3864/3877 3863/3861 3444/3862 3461/3878
f 3461/3878 3444/3862 3445/3865 3462/3881
f 4272/4809 4278/4820 4320/4866 4314/4860
f 4323/4869 4317/4861 4314/4860 4320/4866
f 4324/4870 4318/4862 4317/4861 4323/4869
f 4322/4873 4316/4863 4318/4862 4324/4870
f 4321/4879 4315/4848 4316/4863 4322/4873
f 4271/4808 4277/4817 4278/4820 4272/4809
f 4277/4817 4271/4808 4269/4810 4275/4822
f 4270/4807 4276/4816 4275/4822 4269/4810
f 4349/4874 4348/4849 4315/4848 4321/4879
f 4348/4849 4349/4874 4319/4877 4313/4864
f 9374/10242 9373/10243 4313/4864 4319/4877
f 9373/10243 9374/10242 9349/10244 9344/10245
f 9344/10245 9349/10244 9350/10282 9345/10283
f 4276/4816 4270/4807 4267/4806 4273/4814
f 4268/4805 4274/4811 4273/4814 4267/4806
f 9345/10283 9350/10282 9352/10284 9347/10285
f 9347/10285 9352/10284 9351/10299 9346/10297
f 9346/10297 9351/10299 9348/10300 9343/10298
f 9348/10300 9309/10253 9303/10239 9343/10298
f 4208/4741 4217/4762 4274/4811 4268/4805
f 9308/10252 9302/10240 9303/10239 9309/10253
f 4217/4762 4208/4741 4209/4740 4225/4759
f 9302/10240 9308/10252 9306/10256 9300/10241
f 4200/4728 4210/4745 4225/4759 4209/4740
f 9307/10250 9301/10238 9300/10241 9306/10256
f 9301/10238 9307/10250 9304/10247 9298/10236
f 9305/10246 9299/10237 9298/10236 9304/10247
f 9253/10191 9245/10173 9299/10237 9305/10246
f 9245/10173 9253/10191 9260/10190 9246/10174
f 4201/4727 4211/4742 4210/4745 4200/4728
f 4202/4731 4212/4746 4211/4742 4201/4727
f 4203/4733 4213/4748 4212/4746 4202/4731
f 4204/4735 4214/4750 4213/4748 4203/4733
f 4205/4724 4215/4752 4214/4750 4204/4735
f 4206/4723 4216/4754 4215/4752 4205/4724
f 4206/10156 9243/10155 9252/10171 4216/10172
f 9238/10159 9246/10174 9260/10190 9247/10177
f 9252/10171 9243/10155 9242/10166 9251/10175
f 9251/10175 9242/10166 9241/10164 9250/10182
f 9248/10176 9239/10160 9238/10159 9247/10177
f 9249/10180 9240/10162 9239/10160 9248/10176
f 9250/10182 9241/10164 9240/10162 9249/10180
f 8929/9319 8529/9320 8512/9304 8928/9303
f 8867/9763 8929/9841 8928/9840 8866/9762
f 8529/9320 8530/9323 8513/9307 8512/9304
f 8532/9317 8867/9763 8866/9762 8515/9302
f 8530/9323 8531/9326 8514/9292 8513/9307
f 8531/9326 8521/9318 8504/9293 8514/9292
f 8503/9299 8504/9293 8521/9318 8520/9314
f 8515/9302 8511/9301 8528/9316 8532/9317
f 8502/9300 8503/9299 8520/9314 8519/9315
f 8519/9315 8940/9850 8942/9852 8502/9300
f 8940/9850 8518/9325 8501/9309 8942/9852
f 8500/9306 8501/9309 8518/9325 8517/9322
f 8505/9305 8500/9306 8517/9322 8522/9321
f 8522/9321 8516/9310 8499/9296 8505/9305
f 8516/9310 8526/9311 8509/9297 8499/9296
f 8526/9311 8525/9324 8508/9308 8509/9297
f 8525/9324 8524/9327 8507/9294 8508/9308
f 8527/9313 8528/9316 8511/9301 8510/9298
f 8524/9327 8523/9312 8506/9295 8507/9294
f 8523/9312 8527/9313 8510/9298 8506/9295
f 3471/3893 3454/3879 3448/3868 3465/3894
f 3454/3879 3471/3893 3466/3895 3449/3880
f 3465/3894 3448/3868 3458/3869 3475/3897
f 3449/3880 3466/3895 3467/3899 3450/3883
f 3475/3897 3458/3869 3457/3882 3474/3898
f 3450/3883 3467/3899 3876/4411 3875/4410
f 3474/3898 3457/3882 3456/3885 3473/3901
f 3875/4410 3876/4411 3468/3903 3451/3872
f 3473/3901 3456/3885 3455/3870 3472/3902
f 3451/3872 3468/3903 3469/3889 3452/3873
f 3472/3902 3455/3870 3459/3871 3476/3888
f 3452/3873 3469/3889 3470/3890 3453/3876
f 3476/3888 3459/3871 3460/3875 3477/3887
f 3480/3900 3463/3884 3453/3876 3470/3890
f 3464/3874 3481/3886 3477/3887 3460/3875
f 3479/3896 3462/3881 3463/3884 3480/3900
f 3481/3886 3464/3874 3801/4323 3802/4324
f 3802/4324 3801/4323 3864/4401 3865/4402
f 3865/3891 3864/3877 3461/3878 3478/3892
f 3478/3892 3461/3878 3462/3881 3479/3896
f 4277/4817 4283/4818 4284/4819 4278/4820
f 4278/4820 4284/4819 4326/4867 4320/4866
f 4320/4866 4326/4867 4329/4868 4323/4869
f 4323/4869 4329/4868 4330/4871 4324/4870
f 4324/4870 4330/4871 4328/4872 4322/4873
f 4322/4873 4328/4872 4327/4878 4321/4879
f 4321/4879 4327/4878 4350/4875 4349/4874
f 4275/4822 4281/4821 4283/4818 4277/4817
f 4276/4816 4282/4815 4281/4821 4275/4822
f 4273/4814 4279/4813 4282/4815 4276/4816
f 4349/4874 4350/4875 4325/4876 4319/4877
f 9374/10242 4319/4877 4325/4876 9375/10305
f 9349/10244 9374/10242 9375/10305 9354/10306
f 9350/10282 9349/10244 9354/10306 9355/10303
f 9352/10284 9350/10282 9355/10303 9357/10304
f 4274/4811 4280/4812 4279/4813 4273/4814
f 4217/4762 4226/4761 4280/4812 4274/4811
f 9351/10299 9352/10284 9357/10304 9356/10301
f 9348/10300 9351/10299 9356/10301 9353/10302
f 9309/10253 9348/10300 9353/10302 9315/10254
f 9308/10252 9309/10253 9315/10254 9314/10255
f 4225/4759 4234/4760 4226/4761 4217/4762
f 9306/10256 9308/10252 9314/10255 9312/10257
f 4210/4745 4218/4744 4234/4760 4225/4759
f 9307/10250 9306/10256 9312/10257 9313/10251
f 4211/4742 4219/4743 4218/4744 4210/4745
f 9304/10247 9307/10250 9313/10251 9310/10248
f 9305/10246 9304/10247 9310/10248 9311/10249
f 9253/10191 9305/10246 9311/10249 9261/10192
f 9260/10190 9253/10191 9261/10192 9268/10193
f 9247/10177 9260/10190 9268/10193 9254/10178
f 4212/4746 4220/4747 4219/4743 4211/4742
f 4213/4748 4221/4749 4220/4747 4212/4746
f 4214/4750 4222/4751 4221/4749 4213/4748
f 4215/4752 4223/4753 4222/4751 4214/4750
f 4216/4754 4224/4755 4223/4753 4215/4752
f 4216/10172 9252/10171 9259/10185 4224/10186
f 9252/10171 9251/10175 9258/10184 9259/10185
f 9248/10176 9247/10177 9254/10178 9255/10179
f 9251/10175 9250/10182 9257/10183 9258/10184
f 9250/10182 9249/10180 9256/10181 9257/10183
f 9249/10180 9248/10176 9255/10179 9256/10181
f 8930/9333 8546/9334 8529/9320 8929/9319
f 8868/9764 8930/9842 8929/9841 8867/9763
f 8546/9334 8547/9338 8530/9323 8529/9320
f 8549/9329 8868/9764 8867/9763 8532/9317
f 8547/9338 8548/9342 8531/9326 8530/9323
f 8532/9317 8528/9316 8545/9328 8549/9329
f 8548/9342 8538/9331 8521/9318 8531/9326
f 8520/9314 8521/9318 8538/9331 8537/9332
f 8519/9315 8520/9314 8537/9332 8536/9345
f 8544/9330 8545/9328 8528/9316 8527/9313
f 8940/9850 8519/9315 8536/9345 8941/9851
f 8518/9325 8940/9850 8941/9851 8535/9341
f 8517/9322 8518/9325 8535/9341 8534/9337
f 8522/9321 8517/9322 8534/9337 8539/9335
f 8539/9335 8533/9336 8516/9310 8522/9321
f 8533/9336 8543/9339 8526/9311 8516/9310
f 8543/9339 8542/9340 8525/9324 8526/9311
f 8542/9340 8541/9343 8524/9327 8525/9324
f 8541/9343 8540/9344 8523/9312 8524/9327
f 8540/9344 8544/9330 8527/9313 8523/9312
f 3488/3906 3471/3893 3465/3894 3482/3907
f 3471/3893 3488/3906 3483/3908 3466/3895
f 3482/3907 3465/3894 3475/3897 3492/3910
f 3466/3895 3483/3908 3484/3912 3467/3899
f 3492/3910 3475/3897 3474/3898 3491/3911
f 3467/3899 3484/3912 3774/4177 3876/4411
f 3491/3911 3474/3898 3473/3901 3490/3914
f 3876/4411 3774/4177 3485/3918 3468/3903
f 3490/3914 3473/3901 3472/3902 3489/3916
f 3468/3903 3485/3918 3486/3919 3469/3889
f 3489/3916 3472/3902 3476/3888 3493/3917
f 3469/3889 3486/3919 3487/3915 3470/3890
f 3493/3917 3476/3888 3477/3887 3494/3921
f 3497/3913 3480/3900 3470/3890 3487/3915
f 3481/3886 3498/3920 3494/3921 3477/3887
f 3496/3909 3479/3896 3480/3900 3497/3913
f 3498/3920 3481/3886 3802/4324 3803/4325
f 3495/3905 3478/3892 3479/3896 3496/3909
f 3803/4325 3802/4324 3865/4402 3866/4403
f 3866/3904 3865/3891 3478/3892 3495/3905
f 4283/4818 4289/4826 4290/4827 4284/4819
f 4281/4821 4287/4828 4289/4826 4283/4818
f 4284/4819 4290/4827 4332/4880 4326/4867
f 4326/4867 4332/4880 4335/4881 4329/4868
f 4329/4868 4335/4881 4336/4882 4330/4871
f 4330/4871 4336/4882 4334/4883 4328/4872
f 4328/4872 4334/4883 4333/4886 4327/4878
f 4327/4878 4333/4886 4351/4884 4350/4875
f 4350/4875 4351/4884 4331/4885 4325/4876
f 4282/4815 4288/4825 4287/4828 4281/4821
f 4279/4813 4285/4824 4288/4825 4282/4815
f 4280/4812 4286/4823 4285/4824 4279/4813
f 9375/10305 4325/4876 4331/4885 9376/10311
f 9354/10306 9375/10305 9376/10311 9359/10312
f 9355/10303 9354/10306 9359/10312 9360/10309
f 9357/10304 9355/10303 9360/10309 9362/10310
f 9356/10301 9357/10304 9362/10310 9361/10307
f 4226/4761 4235/4773 4286/4823 4280/4812
f 4234/4760 4243/4772 4235/4773 4226/4761
f 9353/10302 9356/10301 9361/10307 9358/10308
f 9315/10254 9353/10302 9358/10308 9321/10261
f 9314/10255 9315/10254 9321/10261 9320/10262
f 9312/10257 9314/10255 9320/10262 9318/10263
f 4218/4744 4227/4757 4243/4772 4234/4760
f 9313/10251 9312/10257 9318/10263 9319/10260
f 4219/4743 4228/4756 4227/4757 4218/4744
f 9310/10248 9313/10251 9319/10260 9316/10258
f 4220/4747 4229/4758 4228/4756 4219/4743
f 9311/10249 9310/10248 9316/10258 9317/10259
f 9261/10192 9311/10249 9317/10259 9269/10203
f 9268/10193 9261/10192 9269/10203 9276/10204
f 9254/10178 9268/10193 9276/10204 9262/10187
f 9255/10179 9254/10178 9262/10187 9263/10188
f 4221/4749 4230/4763 4229/4758 4220/4747
f 4222/4751 4231/4764 4230/4763 4221/4749
f 4223/4753 4232/4765 4231/4764 4222/4751
f 4224/4755 4233/4766 4232/4765 4223/4753
f 4224/10186 9259/10185 9267/10196 4233/10197
f 9259/10185 9258/10184 9266/10195 9267/10196
f 9258/10184 9257/10183 9265/10194 9266/10195
f 9256/10181 9255/10179 9263/10188 9264/10189
f 9257/10183 9256/10181 9264/10189 9265/10194
f 8931/9346 8563/9347 8546/9334 8930/9333
f 8869/9765 8931/9843 8930/9842 8868/9764
f 8563/9347 8564/9351 8547/9338 8546/9334
f 8566/9363 8869/9765 8868/9764 8549/9329
f 8564/9351 8565/9355 8548/9342 8547/9338
f 8549/9329 8545/9328 8562/9362 8566/9363
f 8565/9355 8555/9357 8538/9331 8548/9342
f 8561/9359 8562/9362 8545/9328 8544/9330
f 8537/9332 8538/9331 8555/9357 8554/9360
f 8536/9345 8537/9332 8554/9360 8553/9361
f 8941/9851 8536/9345 8553/9361 8841/9619
f 8557/9358 8561/9359 8544/9330 8540/9344
f 8535/9341 8941/9851 8841/9619 8552/9354
f 8534/9337 8535/9341 8552/9354 8551/9350
f 8539/9335 8534/9337 8551/9350 8556/9348
f 8556/9348 8550/9349 8533/9336 8539/9335
f 8550/9349 8560/9352 8543/9339 8533/9336
f 8560/9352 8559/9353 8542/9340 8543/9339
f 8559/9353 8558/9356 8541/9343 8542/9340
f 8558/9356 8557/9358 8540/9344 8541/9343
f 3505/3939 3488/3906 3482/3907 3499/3932
f 3488/3906 3505/3939 3500/3926 3483/3908
f 3499/3932 3482/3907 3492/3910 3509/3924
f 3483/3908 3500/3926 3501/3927 3484/3912
f 3509/3924 3492/3910 3491/3911 3508/3925
f 3484/3912 3501/3927 3769/4178 3774/4177
f 3508/3925 3491/3911 3490/3914 3507/3929
f 3774/4177 3769/4178 3502/3934 3485/3918
f 3507/3929 3490/3914 3489/3916 3506/3931
f 3485/3918 3502/3934 3503/3935 3486/3919
f 3506/3931 3489/3916 3493/3917 3510/3933
f 3486/3919 3503/3935 3504/3930 3487/3915
f 3510/3933 3493/3917 3494/3921 3511/3937
f 3514/3928 3497/3913 3487/3915 3504/3930
f 3498/3920 3515/3936 3511/3937 3494/3921
f 3513/3923 3496/3909 3497/3913 3514/3928
f 3515/3936 3498/3920 3803/4325 3804/4326
f 3512/3922 3495/3905 3496/3909 3513/3923
f 3804/4326 3803/4325 3866/4403 3867/4404
f 3867/3938 3866/3904 3495/3905 3512/3922
f 4289/4826 4295/4832 4296/4833 4290/4827
f 4287/4828 4293/4834 4295/4832 4289/4826
f 4290/4827 4296/4833 4338/4887 4332/4880
f 4288/4825 4294/4831 4293/4834 4287/4828
f 4332/4880 4338/4887 4341/4888 4335/4881
f 4335/4881 4341/4888 4342/4889 4336/4882
f 4336/4882 4342/4889 4340/4890 4334/4883
f 4334/4883 4340/4890 4339/4893 4333/4886
f 4333/4886 4339/4893 4352/4891 4351/4884
f 4351/4884 4352/4891 4337/4892 4331/4885
f 9376/10311 4331/4885 4337/4892 9377/10317
f 4285/4824 4291/4830 4294/4831 4288/4825
f 4286/4823 4292/4829 4291/4830 4285/4824
f 4235/4773 4244/4782 4292/4829 4286/4823
f 9359/10312 9376/10311 9377/10317 9364/10318
f 9360/10309 9359/10312 9364/10318 9365/10315
f 9362/10310 9360/10309 9365/10315 9367/10316
f 9361/10307 9362/10310 9367/10316 9366/10313
f 9358/10308 9361/10307 9366/10313 9363/10314
f 4243/4772 4252/4781 4244/4782 4235/4773
f 4227/4757 4236/4770 4252/4781 4243/4772
f 9321/10261 9358/10308 9363/10314 9327/10267
f 9320/10262 9321/10261 9327/10267 9326/10268
f 9318/10263 9320/10262 9326/10268 9324/10269
f 9319/10260 9318/10263 9324/10269 9325/10266
f 4228/4756 4237/4769 4236/4770 4227/4757
f 9316/10258 9319/10260 9325/10266 9322/10264
f 4229/4758 4238/4771 4237/4769 4228/4756
f 9317/10259 9316/10258 9322/10264 9323/10265
f 4230/4763 4239/4774 4238/4771 4229/4758
f 9269/10203 9317/10259 9323/10265 9277/10212
f 9276/10204 9269/10203 9277/10212 9284/10213
f 9262/10187 9276/10204 9284/10213 9270/10200
f 9263/10188 9262/10187 9270/10200 9271/10201
f 9264/10189 9263/10188 9271/10201 9272/10202
f 4231/4764 4240/4775 4239/4774 4230/4763
f 4232/4765 4241/4768 4240/4775 4231/4764
f 4233/4766 4242/4767 4241/4768 4232/4765
f 4233/10197 9267/10196 9275/10198 4242/10199
f 9267/10196 9266/10195 9274/10206 9275/10198
f 9266/10195 9265/10194 9273/10205 9274/10206
f 9265/10194 9264/10189 9272/10202 9273/10205
f 8932/9380 8580/9364 8563/9347 8931/9346
f 8870/9766 8932/9844 8931/9843 8869/9765
f 8580/9364 8581/9365 8564/9351 8563/9347
f 8583/9379 8870/9766 8869/9765 8566/9363
f 8581/9365 8582/9370 8565/9355 8564/9351
f 8566/9363 8562/9362 8579/9378 8583/9379
f 8582/9370 8572/9372 8555/9357 8565/9355
f 8578/9375 8579/9378 8562/9362 8561/9359
f 8554/9360 8555/9357 8572/9372 8571/9376
f 8574/9373 8578/9375 8561/9359 8557/9358
f 8553/9361 8554/9360 8571/9376 8570/9377
f 8841/9619 8553/9361 8570/9377 8836/9620
f 8552/9354 8841/9619 8836/9620 8569/9368
f 8575/9371 8574/9373 8557/9358 8558/9356
f 8551/9350 8552/9354 8569/9368 8568/9369
f 8556/9348 8551/9350 8568/9369 8573/9381
f 8573/9381 8567/9374 8550/9349 8556/9348
f 8567/9374 8577/9366 8560/9352 8550/9349
f 8577/9366 8576/9367 8559/9353 8560/9352
f 8576/9367 8575/9371 8558/9356 8559/9353
f 3522/3955 3505/3939 3499/3932 3516/3946
f 3505/3939 3522/3955 3517/3956 3500/3926
f 3516/3946 3499/3932 3509/3924 3526/3947
f 3500/3926 3517/3956 3518/3957 3501/3927
f 3526/3947 3509/3924 3508/3925 3525/3942
f 3770/4176 3769/4178 3501/3927 3518/3957
f 3525/3942 3508/3925 3507/3929 3524/3943
f 3519/3949 3502/3934 3769/4178 3770/4176
f 3524/3943 3507/3929 3506/3931 3523/3945
f 3502/3934 3519/3949 3520/3950 3503/3935
f 3523/3945 3506/3931 3510/3933 3527/3948
f 3503/3935 3520/3950 3521/3944 3504/3930
f 3527/3948 3510/3933 3511/3937 3528/3952
f 3531/3941 3514/3928 3504/3930 3521/3944
f 3515/3936 3532/3951 3528/3952 3511/3937
f 3530/3940 3513/3923 3514/3928 3531/3941
f 3532/3951 3515/3936 3804/4326 3805/4327
f 3529/3954 3512/3922 3513/3923 3530/3940
f 3805/4327 3804/4326 3867/4404 3868/4405
f 3868/3953 3867/3938 3512/3922 3529/3954
f 4295/4832 4301/4838 4302/4839 4296/4833
f 4293/4834 4299/4840 4301/4838 4295/4832
f 4296/4833 4302/4839 4343/4894 4338/4887
f 4294/4831 4300/4837 4299/4840 4293/4834
f 4338/4887 4343/4894 4345/4895 4341/4888
f 4291/4830 4297/4836 4300/4837 4294/4831
f 4341/4888 4345/4895 4346/4896 4342/4889
f 4340/4890 4342/4889 4346/4896 4344/4910
f 4339/4893 4340/4890 4363/4900 4362/4899
f 4352/4891 4339/4893 4362/4899 4361/4897
f 4361/4897 4360/4898 4337/4892 4352/4891
f 9384/10325 9377/10317 4337/4892 4360/4898
f 9377/10317 9384/10325 9385/10326 9364/10318
f 4292/4829 4298/4835 4297/4836 4291/4830
f 4244/4782 4253/4786 4298/4835 4292/4829
f 4252/4781 4258/4785 4253/4786 4244/4782
f 9364/10318 9385/10326 9386/10327 9365/10315
f 9365/10315 9369/10329 9371/10321 9367/10316
f 9366/10313 9367/10316 9371/10321 9370/10319
f 9363/10314 9366/10313 9370/10319 9368/10320
f 9327/10267 9363/10314 9368/10320 9333/10273
f 4236/4770 4245/4779 4258/4785 4252/4781
f 4237/4769 4246/4778 4245/4779 4236/4770
f 9326/10268 9327/10267 9333/10273 9332/10274
f 9324/10269 9326/10268 9332/10274 9330/10275
f 9325/10266 9324/10269 9330/10275 9331/10272
f 9322/10264 9325/10266 9331/10272 9328/10270
f 4238/4771 4247/4780 4246/4778 4237/4769
f 9323/10265 9322/10264 9328/10270 9329/10271
f 4239/4774 4248/4783 4247/4780 4238/4771
f 9277/10212 9323/10265 9329/10271 9285/10216
f 4240/4775 4249/4784 4248/4783 4239/4774
f 9284/10213 9277/10212 9285/10216 9289/10217
f 9270/10200 9284/10213 9289/10217 9278/10209
f 9271/10201 9270/10200 9278/10209 9279/10210
f 9272/10202 9271/10201 9279/10210 9280/10211
f 9273/10205 9272/10202 9280/10211 9281/10214
f 4241/4768 4250/4777 4249/4784 4240/4775
f 4242/4767 4251/4776 4250/4777 4241/4768
f 4242/10199 9275/10198 9283/10207 4251/10208
f 9275/10198 9274/10206 9282/10215 9283/10207
f 9274/10206 9273/10205 9281/10214 9282/10215
f 8933/9395 8597/9396 8580/9364 8932/9380
f 8871/9767 8933/9845 8932/9844 8870/9766
f 8597/9396 8598/9382 8581/9365 8580/9364
f 8600/9394 8871/9767 8870/9766 8583/9379
f 8598/9382 8599/9383 8582/9370 8581/9365
f 8583/9379 8579/9378 8596/9393 8600/9394
f 8599/9383 8589/9386 8572/9372 8582/9370
f 8595/9390 8596/9393 8579/9378 8578/9375
f 8571/9376 8572/9372 8589/9386 8588/9391
f 8591/9387 8595/9390 8578/9375 8574/9373
f 8570/9377 8571/9376 8588/9391 8587/9392
f 8592/9385 8591/9387 8574/9373 8575/9371
f 8587/9392 8837/9618 8836/9620 8570/9377
f 8837/9618 8586/9399 8569/9368 8836/9620
f 8568/9369 8569/9368 8586/9399 8585/9398
f 8593/9384 8592/9385 8575/9371 8576/9367
f 8573/9381 8568/9369 8585/9398 8590/9397
f 8590/9397 8584/9388 8567/9374 8573/9381
f 8584/9388 8594/9389 8577/9366 8567/9374
f 8594/9389 8593/9384 8576/9367 8577/9366
f 3539/3971 3522/3955 3516/3946 3533/3962
f 3522/3955 3539/3971 3534/3972 3517/3956
f 3533/3962 3516/3946 3526/3947 3543/3963
f 3517/3956 3534/3972 3535/3975 3518/3957
f 3543/3963 3526/3947 3525/3942 3542/3974
f 3518/3957 3535/3975 3771/4175 3770/4176
f 3542/3974 3525/3942 3524/3943 3541/3960
f 3770/4176 3771/4175 3536/3965 3519/3949
f 3541/3960 3524/3943 3523/3945 3540/3961
f 3519/3949 3536/3965 3537/3966 3520/3950
f 3540/3961 3523/3945 3527/3948 3544/3964
f 3520/3950 3537/3966 3538/3959 3521/3944
f 3544/3964 3527/3948 3528/3952 3545/3968
f 3548/3958 3531/3941 3521/3944 3538/3959
f 3532/3951 3549/3967 3545/3968 3528/3952
f 3547/3973 3530/3940 3531/3941 3548/3958
f 3549/3967 3532/3951 3805/4327 3806/4328
f 3546/3970 3529/3954 3530/3940 3547/3973
f 3806/4328 3805/4327 3868/4405 3869/4406
f 3869/3969 3868/3953 3529/3954 3546/3970
f 4382/4912 4381/4845 4302/4839 4301/4838
f 4301/4838 4299/4840 4305/4844 4382/4912
f 4302/4839 4381/4845 4380/4846 4343/4894
f 4300/4837 4306/4843 4305/4844 4299/4840
f 4379/4911 4345/4895 4343/4894 4380/4846
f 4297/4836 4303/4842 4306/4843 4300/4837
f 4298/4835 4304/4841 4303/4842 4297/4836
f 4253/4786 4259/4792 4304/4841 4298/4835
f 4258/4785 4260/4791 4259/4792 4253/4786
f 4260/4791 4258/4785 4245/4779 4254/4790
f 9401/10330 9402/10281 9368/10320 9370/10319
f 9333/10273 9368/10320 9402/10281 9403/10280
f 9404/10331 9332/10274 9333/10273 9403/10280
f 9332/10274 9404/10331 9336/10279 9330/10275
f 9331/10272 9330/10275 9336/10279 9337/10278
f 9328/10270 9331/10272 9337/10278 9334/10276
f 9329/10271 9328/10270 9334/10276 9335/10277
f 9285/10216 9329/10271 9335/10277 9290/10222
f 9289/10217 9285/10216 9290/10222 9291/10223
f 4250/4777 4256/4788 4255/4787 4249/4784
f 9291/10223 9286/10221 9278/10209 9289/10217
f 4251/4776 4257/4789 4256/4788 4250/4777
f 4251/10208 9283/10207 9288/10219 4257/10220
f 9283/10207 9282/10215 9287/10218 9288/10219
f 8934/9411 8614/9412 8597/9396 8933/9395
f 8872/9768 8934/9846 8933/9845 8871/9767
f 8614/9412 8615/9415 8598/9382 8597/9396
f 8617/9410 8872/9768 8871/9767 8600/9394
f 8615/9415 8616/9400 8599/9383 8598/9382
f 8600/9394 8596/9393 8613/9409 8617/9410
f 8616/9400 8606/9401 8589/9386 8599/9383
f 8612/9406 8613/9409 8596/9393 8595/9390
f 8588/9391 8589/9386 8606/9401 8605/9407
f 8608/9403 8612/9406 8595/9390 8591/9387
f 8587/9392 8588/9391 8605/9407 8604/9408
f 8609/9402 8608/9403 8591/9387 8592/9385
f 8837/9618 8587/9392 8604/9408 8838/9617
f 8610/9416 8609/9402 8592/9385 8593/9384
f 8586/9399 8837/9618 8838/9617 8603/9417
f 8585/9398 8586/9399 8603/9417 8602/9414
f 8590/9397 8585/9398 8602/9414 8607/9413
f 8611/9405 8610/9416 8593/9384 8594/9389
f 8607/9413 8601/9404 8584/9388 8590/9397
f 8601/9404 8611/9405 8594/9389 8584/9388
f 3894/3992 3539/3971 3533/3962 3885/3976
f 3539/3971 3894/3992 3895/3995 3534/3972
f 3885/3976 3533/3962 3543/3963 3884/3977
f 3534/3972 3895/3995 3898/3999 3535/3975
f 3884/3977 3543/3963 3542/3974 3897/3997
f 3535/3975 3898/3999 3901/4174 3771/4175
f 3897/3997 3542/3974 3541/3960 3900/4001
f 3901/4174 3889/3980 3536/3965 3771/4175
f 3900/4001 3541/3960 3540/3961 3887/3978
f 3536/3965 3889/3980 3888/3983 3537/3966
f 3887/3978 3540/3961 3544/3964 3886/3979
f 3537/3966 3888/3983 3892/3989 3538/3959
f 3886/3979 3544/3964 3545/3968 3890/3987
f 3899/4000 3548/3958 3538/3959 3892/3989
f 3549/3967 3891/3984 3890/3987 3545/3968
f 3896/3996 3547/3973 3548/3958 3899/4000
f 3891/3984 3549/3967 3806/4328 3902/4329
f 3893/3991 3546/3970 3547/3973 3896/3996
f 3902/4329 3806/4328 3869/4406 3903/4407
f 3903/3990 3869/3969 3546/3970 3893/3991
f 8968/9432 8958/9433 8614/9412 8934/9411
f 8967/9769 8968/9847 8934/9846 8872/9768
f 8958/9433 8961/9438 8615/9415 8614/9412
f 8956/9426 8967/9769 8872/9768 8617/9410
f 8961/9438 8964/9442 8616/9400 8615/9415
f 8617/9410 8613/9409 8955/9427 8956/9426
f 8964/9442 8957/9430 8606/9401 8616/9400
f 8951/9421 8955/9427 8613/9409 8612/9406
f 8605/9407 8606/9401 8957/9430 8953/9423
f 8952/9420 8951/9421 8612/9406 8608/9403
f 8604/9408 8605/9407 8953/9423 8954/9422
f 8965/9443 8952/9420 8608/9403 8609/9402
f 8966/9616 8838/9617 8604/9408 8954/9422
f 8962/9439 8965/9443 8609/9402 8610/9416
f 8603/9417 8838/9617 8966/9616 8963/9440
f 8949/9419 8962/9439 8610/9416 8611/9405
f 8602/9414 8603/9417 8963/9440 8960/9435
f 8607/9413 8602/9414 8960/9435 8959/9434
f 8959/9434 8950/9418 8601/9404 8607/9413
f 8950/9418 8949/9419 8611/9405 8601/9404
f 3894/3992 3556/3993 3551/3994 3895/3995
f 3556/3993 3894/3992 3885/3976 3550/4435
f 3550/4435 3885/3976 3884/3977 3560/4436
f 3895/3995 3551/3994 3552/3998 3898/3999
f 3560/4436 3884/3977 3897/3997 3559/4442
f 3898/3999 3552/3998 3772/4296 3901/4174
f 3559/4442 3897/3997 3900/4001 3558/4444
f 3772/4296 3553/3981 3889/3980 3901/4174
f 3558/4444 3900/4001 3887/3978 3557/4437
f 3889/3980 3553/3981 3554/3982 3888/3983
f 3557/4437 3887/3978 3886/3979 3561/4438
f 3888/3983 3554/3982 3555/3988 3892/3989
f 3561/4438 3886/3979 3890/3987 3562/3986
f 3565/4443 3899/4000 3892/3989 3555/3988
f 3891/3984 3566/3985 3562/3986 3890/3987
f 3564/4441 3896/3996 3899/4000 3565/4443
f 3566/3985 3891/3984 3902/4329 3807/4445
f 3563/4440 3893/3991 3896/3996 3564/4441
f 3807/4445 3902/4329 3903/4407 3870/4446
f 3870/4439 3903/3990 3893/3991 3563/4440
f 8935/9879 8631/9880 8958/9433 8968/9432
f 8873/9885 8935/9886 8968/9847 8967/9769
f 8631/9880 8632/9881 8961/9438 8958/9433
f 8634/9429 8873/9885 8967/9769 8956/9426
f 8632/9881 8633/9883 8964/9442 8961/9438
f 8956/9426 8955/9427 8630/9428 8634/9429
f 8633/9883 8623/9431 8957/9430 8964/9442
f 8629/9878 8630/9428 8955/9427 8951/9421
f 8953/9423 8957/9430 8623/9431 8622/9424
f 8625/9877 8629/9878 8951/9421 8952/9420
f 8954/9422 8953/9423 8622/9424 8621/9425
f 8626/9884 8625/9877 8952/9420 8965/9443
f 8839/9736 8966/9616 8954/9422 8621/9425
f 8627/9882 8626/9884 8965/9443 8962/9439
f 8963/9440 8966/9616 8839/9736 8620/9441
f 8628/9876 8627/9882 8962/9439 8949/9419
f 8960/9435 8963/9440 8620/9441 8619/9436
f 8618/9875 8628/9876 8949/9419 8950/9418
f 8959/9434 8960/9435 8619/9436 8624/9437
f 8624/9437 8618/9875 8950/9418 8959/9434
f 3913/4022 3914/4018 3551/4021 3556/4023
f 3556/4023 3550/4447 3912/4163 3913/4022
f 3914/4018 3915/4019 3552/4020 3551/4021
f 3550/4447 3560/4455 3911/4166 3912/4163
f 3560/4455 3559/4451 3910/4168 3911/4166
f 3915/4019 3923/4420 3772/4423 3552/4020
f 3559/4451 3558/4452 3909/4170 3910/4168
f 3923/4420 3922/4421 3553/4422 3772/4423
f 3558/4452 3557/4453 3908/4172 3909/4170
f 3922/4421 3921/4424 3554/4425 3553/4422
f 3557/4453 3561/4450 3907/4258 3908/4172
f 3921/4424 3920/4426 3555/4427 3554/4425
f 3561/4450 3562/4294 3906/4260 3907/4258
f 3565/4449 3555/4427 3920/4426 3919/4428
f 3905/4293 3906/4260 3562/4294 3566/4295
f 3564/4448 3565/4449 3919/4428 3918/4429
f 3904/4330 3905/4293 3566/4295 3807/4331
f 3563/4454 3564/4448 3918/4429 3917/4430
f 3916/4431 3904/4432 3807/4433 3870/4434
f 3870/4434 3563/4454 3917/4430 3916/4431
f 8981/9871 8935/9872 8873/9873 8969/9874
f 8935/9872 8981/9871 8982/9870 8631/9894
f 8631/9894 8982/9870 8983/9869 8632/9888
f 8969/9770 8873/9771 8634/9734 8970/9733
f 8632/9888 8983/9869 8984/9868 8633/9889
f 8970/9733 8634/9734 8630/9735 8971/9703
f 8633/9889 8984/9868 8985/9867 8623/9866
f 8629/9890 8972/9701 8971/9703 8630/9735
f 8986/9865 8622/9864 8623/9866 8985/9867
f 8625/9893 8973/9615 8972/9701 8629/9890
f 8987/9863 8621/9862 8622/9864 8986/9865
f 8626/9892 8974/9613 8973/9615 8625/9893
f 8988/9860 8839/9861 8621/9862 8987/9863
f 8627/9891 8975/9611 8974/9613 8626/9892
f 8980/9463 8620/9462 8839/9861 8988/9860
f 8628/9895 8976/9609 8975/9611 8627/9891
f 8979/9460 8619/9461 8620/9462 8980/9463
f 8618/9887 8977/9607 8976/9609 8628/9895
f 8978/9464 8624/9465 8619/9461 8979/9460
f 8624/9465 8978/9464 8977/9607 8618/9887
f 3913/4022 3912/4163 3573/4164 3574/4165
f 3574/4165 3567/4292 3914/4018 3913/4022
f 3567/4292 3570/4408 3915/4019 3914/4018
f 3912/4163 3911/4166 3572/4167 3573/4164
f 3570/4408 3568/4360 3923/4420 3915/4019
f 3911/4166 3910/4168 3571/4169 3572/4167
f 3910/4168 3909/4170 3575/4171 3571/4169
f 3568/4360 3687/4359 3922/4421 3923/4420
f 3909/4170 3908/4172 3583/4173 3575/4171
f 3687/4359 3773/4358 3921/4424 3922/4421
f 3908/4172 3907/4258 3576/4259 3583/4173
f 3773/4358 3685/4357 3920/4426 3921/4424
f 3907/4258 3906/4260 3808/4261 3576/4259
f 3919/4428 3920/4426 3685/4357 3686/4355
f 3873/4343 3808/4261 3906/4260 3905/4293
f 3918/4429 3919/4428 3686/4355 3684/4353
f 3683/4344 3873/4343 3905/4293 3904/4330
f 3917/4430 3918/4429 3684/4353 3682/4351
f 3681/4349 3683/4348 3904/4432 3916/4431
f 3916/4431 3917/4430 3682/4351 3681/4349
f 8981/9871 8749/9787 8750/9791 8982/9870
f 8749/9787 8981/9871 8969/9874 8751/9788
f 8751/9784 8969/9770 8970/9733 8938/9783
f 8982/9870 8750/9791 8752/9793 8983/9869
f 8983/9869 8752/9793 8754/9795 8984/9868
f 8938/9783 8970/9733 8971/9703 8874/9702
f 8984/9868 8754/9795 8753/9797 8985/9867
f 8972/9701 8644/9700 8874/9702 8971/9703
f 8840/9798 8986/9865 8985/9867 8753/9797
f 8973/9615 8651/9614 8644/9700 8972/9701
f 8755/9799 8987/9863 8986/9865 8840/9798
f 8974/9613 8643/9612 8651/9614 8973/9615
f 8636/9800 8988/9860 8987/9863 8755/9799
f 8975/9611 8639/9610 8643/9612 8974/9613
f 8638/9848 8980/9463 8988/9860 8636/9800
f 8976/9609 8640/9608 8639/9610 8975/9611
f 8635/9732 8979/9460 8980/9463 8638/9848
f 8977/9607 8641/9606 8640/9608 8976/9609
f 8642/9605 8978/9464 8979/9460 8635/9732
f 8978/9464 8642/9605 8641/9606 8977/9607
f 3239/3684 3229/4139 3574/4165 3573/4164
f 3573/4164 3572/4167 3228/3685 3239/3684
f 3229/4139 3223/4140 3567/4292 3574/4165
f 3223/4140 3232/4142 3570/4408 3567/4292
f 3232/4142 3679/4117 3568/4360 3570/4408
f 3572/4167 3571/4169 3231/3697 3228/3685
f 3679/4117 3827/4116 3687/4359 3568/4360
f 3230/4141 3231/3697 3571/4169 3575/4171
f 3227/4131 3230/4141 3575/4171 3583/4173
f 3827/4116 3569/4162 3773/4358 3687/4359
f 3583/4173 3576/4259 3233/3676 3227/4131
f 3569/4162 3680/4356 3685/4357 3773/4358
f 3236/3671 3233/3676 3576/4259 3808/4261
f 3680/4356 3652/4354 3686/4355 3685/4357
f 3855/3672 3236/3671 3808/4261 3873/4343
f 3652/4354 3655/4352 3684/4353 3686/4355
f 3855/3672 3873/4343 3683/4344 3234/4155
f 3655/4352 3658/4350 3682/4351 3684/4353
f 3661/4346 3234/4347 3683/4348 3681/4349
f 3658/4350 3661/4346 3681/4349 3682/4351
f 8729/9786 8749/9787 8751/9788 8302/9789
f 8726/9790 8750/9791 8749/9787 8729/9786
f 8723/9792 8752/9793 8750/9791 8726/9790
f 8920/9112 8302/9599 8751/9784 8938/9783
f 8920/9112 8938/9783 8874/9702 8304/9113
f 8720/9794 8754/9795 8752/9793 8723/9792
f 8748/9796 8753/9797 8754/9795 8720/9794
f 8304/9113 8874/9702 8644/9700 8301/9117
f 8637/9604 8840/9798 8753/9797 8748/9796
f 8651/9614 8295/9573 8301/9117 8644/9700
f 8893/9560 8755/9799 8840/9798 8637/9604
f 8295/9573 8651/9614 8643/9612 8298/9583
f 8747/9559 8636/9800 8755/9799 8893/9560
f 8298/9583 8643/9612 8639/9610 8299/9139
f 8300/9584 8638/9848 8636/9800 8747/9559
f 8640/9608 8296/9127 8299/9139 8639/9610
f 8291/9582 8635/9732 8638/9848 8300/9584
f 8641/9606 8307/9128 8296/9127 8640/9608
f 8297/9581 8642/9605 8635/9732 8291/9582
f 8307/9128 8641/9606 8642/9605 8297/9581
f 3668/3683 3239/3684 3228/3685 3672/3686
f 3239/3684 3668/3683 3667/3679 3229/4139
f 3229/4139 3667/3679 3676/3682 3223/4140
f 3672/3686 3228/3685 3231/3697 3664/3690
f 3223/4140 3676/3682 3673/3692 3232/4142
f 3673/3692 3826/4118 3679/4117 3232/4142
f 3217/4115 3827/4116 3679/4117 3826/4118
f 3230/4141 3669/3687 3664/3690 3231/3697
f 3201/4161 3569/4162 3827/4116 3217/4115
f 3227/4131 3663/3698 3669/3687 3230/4141
f 3663/3698 3227/4131 3233/3676 3674/3675
f 3644/4107 3569/4162 3201/4161 3202/4108
f 3644/4107 3835/4373 3680/4356 3569/4162
f 3666/3670 3674/3675 3233/3676 3236/3671
f 3652/4354 3680/4356 3835/4373 3833/4371
f 3871/3669 3666/3670 3236/3671 3855/3672
f 3833/4371 3831/4369 3655/4352 3652/4354
f 3665/4154 3871/3669 3855/3672 3234/4155
f 3655/4352 3831/4369 3670/4363 3658/4350
f 3665/4154 3234/4155 3241/4156 3677/4157
f 3661/4346 3828/4361 3241/4362 3234/4347
f 3658/4350 3670/4363 3828/4361 3661/4346
f 8729/9786 8302/9789 8309/9801 8894/9802
f 8726/9790 8729/9786 8894/9802 8738/9803
f 8733/9596 8745/9597 8309/9598 8302/9599
f 8733/9596 8302/9599 8920/9112 8936/9111
f 8723/9792 8726/9790 8738/9803 8897/9810
f 8899/9812 8720/9794 8723/9792 8897/9810
f 8936/9111 8920/9112 8304/9113 8734/9114
f 8734/9114 8304/9113 8301/9117 8742/9118
f 8720/9794 8899/9812 8901/9814 8748/9796
f 8712/9549 8637/9604 8748/9796 8901/9814
f 8731/9140 8742/9118 8301/9117 8295/9573
f 8269/9603 8285/9557 8893/9560 8637/9604
f 8712/9549 8270/9548 8269/9603 8637/9604
f 8295/9573 8298/9583 8737/9129 8731/9140
f 8285/9557 8892/9558 8747/9559 8893/9560
f 8298/9583 8299/9139 8732/9130 8737/9129
f 8741/9133 8300/9584 8747/9559 8892/9558
f 8740/9126 8732/9130 8299/9139 8296/9127
f 8291/9582 8300/9584 8741/9133 8744/9122
f 8736/9125 8740/9126 8296/9127 8307/9128
f 8297/9581 8291/9582 8744/9122 8735/9121
f 8307/9128 8297/9581 8735/9121 8736/9125
f 3668/3683 3176/3700 3247/3680 3667/3679
f 3176/3700 3668/3683 3672/3686 3248/4143
f 3248/4143 3672/3686 3664/3690 3240/3689
f 3667/3679 3247/3680 3253/3681 3676/3682
f 3676/3682 3253/3681 3196/3691 3673/3692
f 3669/3687 3246/3688 3240/3689 3664/3690
f 3826/4118 3673/3692 3196/3691 3824/4342
f 3218/4340 3217/4115 3826/4118 3824/4342
f 3217/4115 3218/4340 3237/4152 3675/4153
f 3201/4161 3217/4115 3675/4153 3172/4097
f 3663/3698 3252/3699 3246/3688 3669/3687
f 3202/4108 3201/4161 3172/4097 3173/4096
f 3252/3699 3663/3698 3674/3675 3219/4138
f 3220/4137 3219/4138 3674/3675 3666/3670
f 3203/4105 3645/4106 3644/4107 3202/4108
f 3836/4374 3835/4373 3644/4107 3645/4106
f 3203/4105 3202/4108 3173/4096 3193/4098
f 3833/4371 3835/4373 3836/4374 3834/4372
f 3871/3669 3874/4409 3220/4137 3666/3670
f 3831/4369 3833/4371 3834/4372 3832/4370
f 3665/4154 3242/4159 3874/4409 3871/3669
f 3670/4363 3831/4369 3832/4370 3830/4368
f 3677/4157 3171/4158 3242/4159 3665/4154
f 3830/4368 3829/4364 3828/4361 3670/4363
f 3677/4157 3241/4156 3235/4124 3671/4123
f 3241/4362 3828/4361 3829/4364 3235/4365
f 3671/4123 3179/4126 3171/4158 3677/4157
f 8745/9597 8739/9565 8303/9567 8309/9598
f 8309/9801 8303/9804 8895/9805 8894/9802
f 8896/9808 8738/9803 8894/9802 8895/9805
f 8738/9803 8896/9808 8898/9809 8897/9810
f 8745/9597 8733/9596 8310/9600 8239/9601
f 8733/9596 8936/9111 8939/9849 8310/9600
f 8739/9565 8745/9597 8239/9601 8247/9568
f 8936/9111 8734/9114 8288/9579 8939/9849
f 8897/9810 8898/9809 8900/9811 8899/9812
f 8899/9812 8900/9811 8902/9813 8901/9814
f 8288/9579 8734/9114 8742/9118 8287/9580
f 8320/9141 8287/9580 8742/9118 8731/9140
f 8902/9813 8713/9550 8712/9549 8901/9814
f 8271/9547 8270/9548 8712/9549 8713/9550
f 8731/9140 8737/9129 8314/9132 8320/9141
f 8270/9548 8241/9538 8240/9539 8269/9603
f 8269/9603 8240/9539 8743/9595 8285/9557
f 8285/9557 8743/9595 8305/9594 8286/9780
f 8286/9780 8890/9782 8892/9558 8285/9557
f 8271/9547 8261/9540 8241/9538 8270/9548
f 8737/9129 8732/9130 8308/9131 8314/9132
f 8892/9558 8890/9782 8264/9134 8741/9133
f 8316/9585 8308/9131 8732/9130 8740/9126
f 8744/9122 8741/9133 8264/9134 8321/9123
f 8244/9142 8316/9585 8740/9126 8736/9125
f 8735/9121 8744/9122 8321/9123 8315/9124
f 8736/9125 8735/9121 8315/9124 8244/9142
f 3198/3660 3215/3678 3247/3680 3176/3700
f 3176/3700 3248/4143 3214/3661 3198/3660
f 3215/3678 3199/3707 3253/3681 3247/3680
f 3248/4143 3240/3689 3224/3665 3214/3661
f 3216/3667 3224/3665 3240/3689 3246/3688
f 3199/3707 3206/4341 3196/3691 3253/3681
f 3206/4341 3825/4345 3824/4342 3196/3691
f 3200/3673 3216/3667 3246/3688 3252/3699
f 3824/4342 3825/4345 3821/4338 3218/4340
f 3218/4340 3821/4338 3180/4150 3237/4152
f 3237/4152 3180/4150 3638/4090 3639/4095
f 3639/4095 3640/4084 3675/4153 3237/4152
f 3640/4084 3636/4085 3172/4097 3675/4153
f 3173/4096 3172/4097 3636/4085 3637/4086
f 3207/3658 3200/3673 3252/3699 3219/4138
f 3193/4098 3173/4096 3637/4086 3635/4091
f 3210/3655 3207/3658 3219/4138 3220/4137
f 3220/4137 3874/4409 3208/3663 3210/3655
f 3204/4102 3646/4101 3645/4103 3203/4104
f 3204/4102 3203/4104 3193/4129 3194/4128
f 3648/4110 3836/4367 3645/4103 3646/4101
f 3834/4366 3836/4367 3648/4110 3650/4112
f 3194/4128 3193/4129 3635/4088 3642/4087
f 3650/4112 3653/4114 3832/4147 3834/4366
f 3197/4160 3208/3663 3874/4409 3242/4159
f 3653/4114 3656/4120 3830/4146 3832/4147
f 3190/4144 3197/4160 3242/4159 3171/4158
f 3656/4120 3659/4122 3829/4125 3830/4146
f 3171/4158 3179/4126 3678/4145 3190/4144
f 3671/4123 3235/4124 3829/4125 3659/4122
f 3179/4126 3671/4123 3659/4122 3660/4121
f 3187/3649 3678/4145 3179/4126 3660/4121
f 8739/9565 8727/9563 8895/9566 8303/9567
f 8247/9568 8728/9564 8727/9563 8739/9565
f 8724/9561 8896/9588 8895/9566 8727/9563
f 8721/9555 8898/9589 8896/9588 8724/9561
f 8718/9553 8900/9806 8898/9589 8721/9555
f 8258/9587 8239/9601 8310/9600 8265/9602
f 8265/9602 8310/9600 8939/9849 8276/9106
f 8239/9601 8258/9587 8746/9586 8247/9568
f 8288/9579 8278/9097 8276/9106 8939/9849
f 8255/9091 8728/9564 8247/9568 8746/9586
f 8278/9097 8288/9579 8287/9580 8275/9098
f 8900/9806 8718/9553 8716/9551 8902/9807
f 8716/9551 8714/9543 8713/9546 8902/9807
f 8275/9098 8287/9580 8320/9141 8268/9115
f 8268/9115 8320/9141 8314/9132 8284/9109
f 8272/9542 8271/9545 8713/9546 8714/9543
f 8272/9542 8262/9570 8261/9571 8271/9545
f 8284/9109 8314/9132 8308/9131 8292/9108
f 8241/9538 8705/9528 8704/9527 8240/9539
f 8261/9540 8703/9533 8705/9528 8241/9538
f 8708/9526 8743/9595 8240/9539 8704/9527
f 8707/9537 8305/9594 8743/9595 8708/9526
f 8305/9594 8707/9537 8706/9532 8248/9592
f 8286/9780 8305/9594 8248/9592 8887/9778
f 8890/9782 8286/9780 8887/9778 8891/9785
f 8274/9781 8264/9134 8890/9782 8891/9785
f 8262/9570 8710/9530 8703/9529 8261/9571
f 8316/9585 8282/9103 8292/9108 8308/9131
f 8267/9149 8321/9123 8264/9134 8274/9781
f 8244/9142 8266/9104 8282/9103 8316/9585
f 8283/9119 8315/9124 8321/9123 8267/9149
f 8266/9104 8244/9142 8315/9124 8283/9119
f 3250/3659 3198/3660 3214/3661 3244/3662
f 3198/3660 3250/3659 3243/3677 3215/3678
f 3215/3678 3243/3677 3249/3695 3199/3707
f 3244/3662 3214/3661 3224/3665 3225/3666
f 3251/3704 3206/4341 3199/3707 3249/3695
f 3216/3667 3226/3668 3225/3666 3224/3665
f 3200/3673 3245/3674 3226/3668 3216/3667
f 3825/4345 3206/4341 3251/3704 3177/3644
f 3177/3644 3161/3647 3821/4338 3825/4345
f 3245/3674 3200/3673 3207/3658 3188/3657
f 3821/4338 3822/4339 3820/4151 3180/4150
f 3161/3647 3837/4334 3822/4339 3821/4338
f 3180/4150 3820/4151 3641/4089 3638/4090
f 3641/4089 3631/4074 3628/4075 3638/4090
f 3638/4090 3628/4075 3629/4081 3639/4095
f 3639/4095 3629/4081 3630/4082 3640/4084
f 3640/4084 3630/4082 3626/4083 3636/4085
f 3636/4085 3626/4083 3627/4077 3637/4086
f 3625/4076 3635/4091 3637/4086 3627/4077
f 3210/3655 3192/3656 3188/3657 3207/3658
f 3632/4072 3642/4087 3635/4088 3625/4073
f 3192/3656 3210/3655 3208/3663 3189/3664
f 3208/3663 3197/4160 3209/3621 3189/3664
f 3205/4099 3647/4100 3646/4101 3204/4102
f 3205/4099 3204/4102 3194/4128 3211/4136
f 3647/4100 3649/4109 3648/4110 3646/4101
f 3211/4136 3194/4128 3642/4087 3634/4092
f 3649/4109 3651/4111 3650/4112 3648/4110
f 3651/4111 3654/4113 3653/4114 3650/4112
f 3642/4087 3632/4072 3624/4078 3634/4092
f 3654/4113 3657/4119 3656/4120 3653/4114
f 3209/3621 3197/4160 3190/4144 3191/3622
f 3657/4119 3660/4121 3659/4122 3656/4120
f 3191/3622 3190/4144 3678/4145 3662/3636
f 3160/3637 3662/3636 3678/4145 3187/3649
f 3660/4121 3657/4119 3185/3650 3187/3649
f 3187/3649 3185/3650 3221/3651 3160/3637
f 8725/9562 8724/9561 8727/9563 8728/9564
f 8728/9564 8255/9091 8253/9093 8725/9562
f 8722/9556 8721/9555 8724/9561 8725/9562
f 8719/9554 8718/9553 8721/9555 8722/9556
f 8717/9552 8716/9551 8718/9553 8719/9554
f 8259/9064 8730/9078 8746/9586 8258/9587
f 8277/9065 8259/9064 8258/9587 8265/9602
f 8276/9106 8257/9105 8277/9065 8265/9602
f 8260/9100 8257/9105 8276/9106 8278/9097
f 8228/9077 8255/9091 8746/9586 8730/9078
f 8278/9097 8275/9098 8256/9099 8260/9100
f 8255/9091 8228/9077 8289/9092 8253/9093
f 8313/9116 8256/9099 8275/9098 8268/9115
f 8715/9544 8714/9543 8716/9551 8717/9552
f 8273/9541 8272/9542 8714/9543 8715/9544
f 8268/9115 8284/9109 8294/9110 8313/9116
f 8284/9109 8292/9108 8293/9107 8294/9110
f 8273/9541 8279/9578 8262/9570 8272/9542
f 8279/9578 8702/9534 8710/9530 8262/9570
f 8312/9102 8293/9107 8292/9108 8282/9103
f 8704/9527 8705/9528 8695/9518 8694/9525
f 8693/9519 8695/9518 8705/9528 8703/9533
f 8708/9526 8704/9527 8694/9525 8698/9524
f 8700/9515 8693/9514 8703/9529 8710/9530
f 8707/9537 8708/9526 8698/9524 8697/9523
f 8706/9532 8707/9537 8697/9523 8696/9517
f 8709/9531 8706/9532 8696/9517 8699/9516
f 8248/9592 8706/9532 8709/9531 8886/9593
f 8887/9778 8248/9592 8886/9593 8888/9779
f 8245/9086 8891/9785 8887/9778 8229/9087
f 8229/9087 8887/9778 8888/9779 8903/9773
f 8891/9785 8245/9086 8319/9145 8274/9781
f 8319/9145 8317/9135 8267/9149 8274/9781
f 8710/9530 8702/9534 8692/9520 8700/9515
f 8318/9101 8312/9102 8282/9103 8266/9104
f 8283/9119 8267/9149 8317/9135 8311/9120
f 8266/9104 8283/9119 8311/9120 8318/9101
f 3250/3659 3166/4003 3254/3693 3243/3677
f 3166/4003 3250/3659 3244/3662 3222/3701
f 3222/3701 3244/3662 3225/3666 3174/3702
f 3243/3677 3254/3693 3175/3694 3249/3695
f 3249/3695 3175/3694 3162/3703 3251/3704
f 3226/3668 3579/4002 3174/3702 3225/3666
f 3158/3645 3177/3644 3251/3704 3162/3703
f 3245/3674 3213/3708 3579/4002 3226/3668
f 3188/3657 3581/3706 3213/3708 3245/3674
f 3177/3644 3158/3645 3135/3646 3161/3647
f 3161/3647 3135/3646 3817/4333 3837/4334
f 3582/3705 3581/3706 3188/3657 3192/3656
f 3212/4148 3820/4149 3822/4419 3823/4127
f 3837/4336 3178/3641 3823/4127 3822/4419
f 3643/4093 3641/4094 3820/4149 3212/4148
f 3138/4332 3163/4335 3837/4336 3817/4337
f 3164/3639 3178/3641 3837/4336 3163/4335
f 3643/4093 3633/4079 3631/4080 3641/4094
f 3631/4074 3621/4070 3618/4066 3628/4075
f 3633/4079 3623/4062 3621/4063 3631/4080
f 3628/4075 3618/4066 3619/4064 3629/4081
f 3629/4081 3619/4064 3620/4065 3630/4082
f 3630/4082 3620/4065 3616/4067 3626/4083
f 3626/4083 3616/4067 3617/4068 3627/4077
f 3615/4071 3625/4076 3627/4077 3617/4068
f 3622/4060 3632/4072 3625/4073 3615/4069
f 3192/3656 3189/3664 3159/4015 3582/3705
f 3632/4072 3622/4060 3614/4061 3624/4078
f 3189/3664 3209/3621 3154/3620 3159/4015
f 3154/3620 3209/3621 3191/3622 3156/3623
f 3178/3641 3181/3640 3205/4099 3823/4127
f 3647/4100 3205/4099 3181/3640 3183/3652
f 3823/4127 3205/4099 3211/4136 3212/4148
f 3183/3652 3182/3653 3649/4109 3647/4100
f 3212/4148 3211/4136 3634/4092 3643/4093
f 3651/4111 3649/4109 3182/3653 3184/3654
f 3633/4079 3643/4093 3634/4092 3624/4078
f 3654/4113 3651/4111 3184/3654 3186/4017
f 3186/4017 3185/3650 3657/4119 3654/4113
f 3623/4062 3633/4079 3624/4078 3614/4061
f 3157/3635 3156/3623 3191/3622 3662/3636
f 3151/3626 3157/3635 3662/3636 3160/3637
f 3160/3637 3221/3651 3149/3627 3151/3626
f 3170/4016 3221/3651 3185/3650 3186/4017
f 3221/3651 3170/4016 3150/4130 3149/3627
f 8254/9459 8722/9556 8725/9562 8253/9093
f 8238/9458 8254/9459 8253/9093 8289/9092
f 8722/9556 8254/9459 8252/9096 8719/9554
f 8719/9554 8252/9096 8250/9095 8717/9552
f 8251/9094 8715/9544 8717/9552 8250/9095
f 8222/9062 8224/9063 8259/9064 8277/9065
f 8225/9079 8730/9078 8259/9064 8224/9063
f 8219/9069 8228/9077 8730/9078 8225/9079
f 8257/9105 8227/9457 8222/9062 8277/9065
f 8260/9100 8650/9147 8227/9457 8257/9105
f 8650/9147 8260/9100 8256/9099 8649/9148
f 8228/9077 8219/9069 8217/9068 8289/9092
f 8256/9099 8313/9116 8281/9150 8649/9148
f 8289/9092 8217/9068 8218/9572 8238/9458
f 8313/9116 8294/9110 8647/9444 8281/9150
f 8715/9544 8251/9094 8249/9083 8273/9541
f 8246/9082 8889/9569 8273/9541 8249/9083
f 8889/9569 8280/9590 8279/9578 8273/9541
f 8294/9110 8293/9107 8242/9144 8647/9444
f 8290/9143 8242/9144 8293/9107 8312/9102
f 8280/9590 8711/9535 8702/9534 8279/9578
f 8701/9521 8692/9520 8702/9534 8711/9535
f 8234/9445 8290/9143 8312/9102 8318/9101
f 8683/9513 8685/9510 8695/9518 8693/9519
f 8694/9525 8695/9518 8685/9510 8684/9509
f 8698/9524 8694/9525 8684/9509 8688/9507
f 8690/9502 8683/9511 8693/9514 8700/9515
f 8697/9523 8698/9524 8688/9507 8687/9506
f 8700/9515 8692/9520 8682/9503 8690/9502
f 8696/9517 8697/9523 8687/9506 8686/9508
f 8699/9516 8696/9517 8686/9508 8689/9512
f 8711/9535 8709/9536 8699/9522 8701/9521
f 8711/9535 8280/9590 8886/9591 8709/9536
f 8701/9521 8699/9522 8689/9505 8691/9504
f 8280/9590 8889/9569 8888/9859 8886/9591
f 8903/9776 8888/9859 8889/9569 8246/9082
f 8245/9086 8229/9087 8203/9088 8226/9089
f 8226/9089 8230/9146 8319/9145 8245/9086
f 8229/9087 8903/9773 8883/9774 8203/9088
f 8206/9772 8883/9775 8903/9776 8231/9777
f 8232/9081 8231/9777 8903/9776 8246/9082
f 8317/9135 8319/9145 8230/9146 8243/9136
f 8311/9120 8317/9135 8243/9136 8322/9137
f 8691/9504 8682/9503 8692/9520 8701/9521
f 8318/9101 8311/9120 8322/9137 8234/9445
f 3142/4006 3140/4007 3254/3693 3166/4003
f 3166/4003 3222/3701 3141/4135 3142/4006
f 3254/3693 3140/4007 3109/3594 3577/4010
f 3577/4010 3578/4011 3175/3694 3254/3693
f 3195/3648 3238/3696 3222/3701 3174/3702
f 3141/4135 3222/3701 3238/3696 3110/3603
f 3148/4004 3146/4005 3174/3702 3579/4002
f 3174/3702 3146/4005 3115/3610 3195/3648
f 3162/3703 3175/3694 3134/4132 3136/4133
f 3134/4132 3175/3694 3578/4011 3102/3611
f 3162/3703 3136/4133 3133/4134 3158/3645
f 3579/4002 3213/3708 3147/4014 3148/4004
f 3158/3645 3133/4134 3101/3575 3129/3574
f 3129/3574 3103/3590 3135/3646 3158/3645
f 3213/3708 3581/3706 3580/4013 3255/3638
f 3147/4014 3213/3708 3255/3638 3116/3564
f 3581/3706 3152/4012 3121/3570 3580/4013
f 3155/4008 3152/4012 3581/3706 3582/3705
f 3103/3590 3104/3606 3817/4333 3135/3646
f 3138/4332 3817/4337 3104/3599 3131/3576
f 3582/3705 3159/4015 3153/4009 3155/4008
f 3165/3632 3181/3640 3178/3641 3164/3639
f 3138/4332 3131/3576 3812/3631 3137/3630
f 3138/4332 3137/3630 3164/3639 3163/4335
f 3165/3632 3164/3639 3137/3630 3139/3629
f 3623/4062 3613/4058 3611/4059 3621/4063
f 3621/4070 3611/4055 3608/4050 3618/4066
f 3618/4066 3608/4050 3609/4048 3619/4064
f 3613/4058 3623/4062 3614/4061 3604/4057
f 3619/4064 3609/4048 3610/4049 3620/4065
f 3620/4065 3610/4049 3606/4051 3616/4067
f 3616/4067 3606/4051 3607/4052 3617/4068
f 3605/4056 3615/4071 3617/4068 3607/4052
f 3612/4053 3622/4060 3615/4069 3605/4054
f 3622/4060 3612/4053 3604/4057 3614/4061
f 3159/4015 3154/3620 3123/3607 3130/3581
f 3130/3581 3122/3580 3153/4009 3159/4015
f 3124/3573 3123/3607 3154/3620 3156/3623
f 3157/3635 3815/3618 3816/3619 3156/3623
f 3132/3571 3124/3573 3156/3623 3816/3619
f 3168/3634 3183/3652 3181/3640 3165/3632
f 3183/3652 3168/3634 3167/3643 3182/3653
f 3169/3642 3184/3654 3182/3653 3167/3643
f 3186/4017 3184/3654 3169/3642 3170/4016
f 3151/3626 3819/3625 3815/3618 3157/3635
f 3819/3625 3151/3626 3149/3627 3810/3613
f 3150/4130 3811/3612 3810/3613 3149/3627
f 3170/4016 3169/3642 3145/3615 3150/4130
f 3811/3612 3150/4130 3145/3615 3814/3614
f 8254/9459 8238/9458 8237/9085 8252/9096
f 8238/9458 8218/9572 8213/9059 8237/9085
f 8237/9085 8235/9084 8250/9095 8252/9096
f 8251/9094 8250/9095 8235/9084 8236/9075
f 8236/9075 8233/9074 8249/9083 8251/9094
f 8192/9014 8224/9063 8222/9062 8191/9049
f 8227/9457 8198/9023 8191/9049 8222/9062
f 8225/9079 8224/9063 8882/9061 8881/9060
f 8200/9013 8882/9061 8224/9063 8192/9014
f 8219/9069 8225/9079 8881/9060 8885/9067
f 8885/9067 8876/9055 8217/9068 8219/9069
f 8650/9147 8223/9450 8221/9451 8227/9457
f 8198/9023 8227/9457 8221/9451 8190/9022
f 8223/9450 8650/9147 8649/9148 8220/9454
f 8649/9148 8648/9455 8189/9012 8220/9454
f 8281/9150 8323/9080 8648/9455 8649/9148
f 8218/9572 8217/9068 8876/9055 8877/9054
f 8647/9444 8216/9446 8215/9456 8281/9150
f 8215/9456 8184/9005 8323/9080 8281/9150
f 8877/9054 8880/9056 8213/9059 8218/9572
f 8216/9446 8647/9444 8242/9144 8214/9447
f 8233/9074 8232/9081 8246/9082 8249/9083
f 8242/9144 8263/9090 8183/9052 8214/9447
f 8263/9090 8242/9144 8290/9143 8306/9138
f 8234/9445 8210/9448 8209/9577 8290/9143
f 8209/9577 8178/9045 8306/9138 8290/9143
f 8210/9448 8234/9445 8322/9137 8208/9449
f 8680/9496 8673/9495 8683/9511 8690/9502
f 8673/9498 8675/9494 8685/9510 8683/9513
f 8684/9509 8685/9510 8675/9494 8674/9493
f 8688/9507 8684/9509 8674/9493 8678/9491
f 8687/9506 8688/9507 8678/9491 8677/9490
f 8690/9502 8682/9503 8672/9499 8680/9496
f 8686/9508 8687/9506 8677/9490 8676/9492
f 8681/9500 8672/9499 8682/9503 8691/9504
f 8689/9512 8686/9508 8676/9492 8679/9497
f 8691/9504 8689/9505 8679/9501 8681/9500
f 8197/9017 8226/9089 8203/9088 8171/9032
f 8171/9032 8203/9088 8883/9774 8172/9047
f 8230/9146 8226/9089 8201/9576 8204/9574
f 8226/9089 8197/9017 8169/9016 8201/9576
f 8230/9146 8204/9574 8202/9575 8243/9136
f 8206/9772 8199/9018 8172/9042 8883/9775
f 8206/9772 8205/9072 8878/9071 8199/9018
f 8206/9772 8231/9777 8232/9081 8205/9072
f 8233/9074 8207/9073 8205/9072 8232/9081
f 8645/9452 8322/9137 8243/9136 8646/9453
f 8202/9575 8170/9053 8646/9453 8243/9136
f 8322/9137 8645/9452 8177/9036 8208/9449
f 3142/4006 3141/4135 3110/3603 3111/3593
f 3111/3593 3109/3594 3140/4007 3142/4006
f 3111/3593 2132/2472 2102/2477 3109/3594
f 3577/4010 3109/3594 2102/2477 2833/2476
f 2793/2180 3578/4011 3577/4010 2833/2476
f 2793/2180 1911/2173 3102/3611 3578/4011
f 3195/3648 3115/3610 2294/2777 2872/2776
f 2832/2480 3238/3696 3195/3648 2872/2776
f 2832/2480 2103/2473 3110/3603 3238/3696
f 2132/2472 3111/3593 3110/3603 2103/2473
f 3148/4004 3147/4014 3116/3564 3117/3563
f 3117/3563 3115/3610 3146/4005 3148/4004
f 3117/3563 2324/2772 2294/2777 3115/3610
f 3136/4133 3134/4132 3102/3611 3105/3604
f 3105/3604 3101/3575 3133/4134 3136/4133
f 1940/2172 3105/3604 3102/3611 1911/2173
f 2794/2176 3129/3574 3101/3575 1910/2177
f 3105/3604 1940/2172 1910/2177 3101/3575
f 3129/3574 2794/2176 1913/3505 3103/3590
f 3103/3590 1913/3505 1921/3605 3104/3606
f 3580/4013 3121/3570 2486/3077 2911/3076
f 2871/2780 3255/3638 3580/4013 2911/3076
f 2871/2780 2295/2773 3116/3564 3255/3638
f 2324/2772 3117/3563 3116/3564 2295/2773
f 3125/3569 3121/3570 3152/4012 3155/4008
f 3125/3569 2516/3072 2486/3077 3121/3570
f 3155/4008 3153/4009 3122/3580 3125/3569
f 2947/3577 3131/3576 3104/3599 1921/3600
f 3131/3576 2947/3577 2037/3578 3107/3579
f 3131/3576 3107/3579 3106/3596 3812/3631
f 3165/3632 3139/3629 3144/3633 3168/3634
f 3818/3628 3139/3629 3137/3630 3812/3631
f 3108/3609 3818/3628 3812/3631 3106/3596
f 3139/3629 3818/3628 3809/3624 3144/3633
f 3603/4045 3613/4058 3604/4057 3594/4044
f 3613/4058 3603/4045 3601/4046 3611/4059
f 3611/4055 3601/4041 3598/4042 3608/4050
f 3608/4050 3598/4042 3599/4047 3609/4048
f 3609/4048 3599/4047 3600/4036 3610/4049
f 3612/4053 3602/4039 3594/4044 3604/4057
f 3610/4049 3600/4036 3596/4037 3606/4051
f 3606/4051 3596/4037 3597/4038 3607/4052
f 3595/4043 3605/4056 3607/4052 3597/4038
f 3602/4039 3612/4053 3605/4054 3595/4040
f 3124/3573 2493/3116 2488/3081 3123/3607
f 2910/3080 3130/3581 3123/3607 2488/3081
f 3130/3581 2910/3080 2487/3073 3122/3580
f 2516/3072 3125/3569 3122/3580 2487/3073
f 3132/3571 3070/3572 2493/3116 3124/3573
f 3815/3618 3127/3597 3126/3584 3816/3619
f 3819/3625 3120/3587 3127/3597 3815/3618
f 3132/3571 3816/3619 3126/3584 3128/3583
f 3070/3572 3132/3571 3128/3583 2641/3582
f 3168/3634 3144/3633 3143/3616 3167/3643
f 3145/3615 3169/3642 3167/3643 3143/3616
f 3120/3587 3819/3625 3810/3613 3118/3588
f 3811/3612 3119/3601 3118/3588 3810/3613
f 3119/3601 3811/3612 3814/3614 3114/3566
f 3814/3614 3145/3615 3143/3616 3813/3617
f 3114/3566 3814/3614 3813/3617 3112/3567
f 8213/9059 8211/9058 8235/9084 8237/9085
f 8880/9056 8879/9057 8211/9058 8213/9059
f 8236/9075 8235/9084 8211/9058 8212/9076
f 8233/9074 8236/9075 8212/9076 8207/9073
f 8200/9013 8192/9014 7561/8558 8138/9015
f 8192/9014 8191/9049 7556/8523 7561/8558
f 7978/8524 7556/8523 8191/9049 8198/9023
f 8198/9023 8190/9022 7555/8515 7978/8524
f 8881/9060 8882/9061 8194/9026 8195/9039
f 8200/9013 8196/9027 8194/9026 8882/9061
f 8885/9067 8881/9060 8195/9039 8188/9031
f 8138/9015 7709/9024 8196/9027 8200/9013
f 8188/9031 8186/9030 8876/9055 8885/9067
f 8877/9054 8876/9055 8186/9030 8187/9043
f 8223/9450 8193/9011 8190/9022 8221/9451
f 8193/9011 8223/9450 8220/9454 8189/9012
f 7584/8516 7555/8515 8190/9022 8193/9011
f 8648/9455 7979/8520 7554/8519 8189/9012
f 7939/8224 7979/8520 8648/9455 8323/9080
f 8193/9011 8189/9012 7554/8519 7584/8516
f 7939/8224 8323/9080 8184/9005 7363/8215
f 8187/9043 8182/9010 8880/9056 8877/9054
f 8216/9446 8185/9006 8184/9005 8215/9456
f 8185/9006 8216/9446 8214/9447 8183/9052
f 7392/8216 7363/8215 8184/9005 8185/9006
f 8182/9010 8180/9009 8879/9057 8880/9056
f 8263/9090 7940/8220 7362/8219 8183/9052
f 7900/7924 7940/8220 8263/9090 8306/9138
f 8185/9006 8183/9052 7362/8219 7392/8216
f 7900/7924 8306/9138 8178/9045 7171/7915
f 8210/9448 8179/9035 8178/9045 8209/9577
f 8179/9035 8210/9448 8208/9449 8177/9036
f 7200/7916 7171/7915 8178/9045 8179/9035
f 8670/9482 8663/9481 8673/9495 8680/9496
f 8680/9496 8672/9499 8662/9486 8670/9482
f 8663/9485 8665/9480 8675/9494 8673/9498
f 8674/9493 8675/9494 8665/9480 8664/9479
f 8678/9491 8674/9493 8664/9479 8668/9478
f 8677/9490 8678/9491 8668/9478 8667/9489
f 8676/9492 8677/9490 8667/9489 8666/9484
f 8671/9487 8662/9486 8672/9499 8681/9500
f 8679/9497 8676/9492 8666/9484 8669/9483
f 8681/9500 8679/9501 8669/9488 8671/9487
f 7862/7620 6978/7619 8169/9016 8197/9017
f 8197/9017 8171/9032 6981/8947 7862/7620
f 8171/9032 8172/9047 6989/9048 6981/8947
f 8015/9021 6989/9041 8172/9042 8199/9018
f 8173/9046 8204/9574 8201/9576 8169/9016
f 8204/9574 8173/9046 8170/9053 8202/9575
f 8173/9046 8169/9016 6978/7619 7008/7616
f 8199/9018 8175/9019 7105/9020 8015/9021
f 8199/9018 8878/9071 8174/9037 8175/9019
f 8884/9070 8878/9071 8205/9072 8207/9073
f 8176/9051 8174/9037 8878/9071 8884/9070
f 8207/9073 8212/9076 8875/9066 8884/9070
f 8645/9452 7901/7920 7170/7919 8177/9036
f 7861/7624 7901/7920 8645/9452 8646/9453
f 7861/7624 8646/9453 8170/9053 6979/7615
f 7008/7616 6979/7615 8170/9053 8173/9046
f 8179/9035 8177/9036 7170/7919 7200/7916
f 3271/2471 2132/2472 2103/2473 3305/2474
f 3306/2478 2102/2477 2132/2472 3271/2471
f 3275/2475 2833/2476 2102/2477 3306/2478
f 3307/2524 2105/3506 2833/2476 3275/2475
f 2833/2476 2105/3506 1912/2181 2793/2180
f 3267/2179 2793/2180 1912/2181 3259/2182
f 3258/2174 1911/2173 2793/2180 3267/2179
f 3262/2171 1940/2172 1911/2173 3258/2174
f 3290/2775 2872/2776 2294/2777 3287/2778
f 3287/2778 2294/2777 2324/2772 3294/2771
f 3286/2824 2297/3507 2872/2776 3290/2775
f 2872/2776 2297/3507 2104/2481 2832/2480
f 3274/2479 2832/2480 2104/2481 3304/2482
f 3305/2474 2103/2473 2832/2480 3274/2479
f 3294/2771 2324/2772 2295/2773 3296/2774
f 3257/2178 1910/2177 1940/2172 3262/2171
f 3266/2175 2794/2176 1910/2177 3257/2178
f 3256/2224 1913/3505 2794/2176 3266/2175
f 1921/3605 1913/3505 3256/2224 3261/2223
f 2947/3577 1921/3600 3261/2206 3268/2205
f 3303/3075 2911/3076 2486/3077 3292/3078
f 3292/3078 2486/3077 2516/3072 3301/3071
f 3293/3124 2489/3508 2911/3076 3303/3075
f 2911/3076 2489/3508 2296/2781 2871/2780
f 3291/2779 2871/2780 2296/2781 3297/2782
f 3296/2774 2295/2773 2871/2780 3291/2779
f 3301/3071 2516/3072 2487/3073 3279/3074
f 2037/3578 2947/3577 3268/2205 3264/2404
f 3107/3579 2037/3578 1945/3595 3106/3596
f 1945/3595 2037/3578 3264/2404 3263/2288
f 2065/3608 3108/3609 3106/3596 1945/3595
f 3144/3633 3809/3624 3813/3617 3143/3616
f 3818/3628 3108/3609 3113/3591 3809/3624
f 2229/3592 3113/3591 3108/3609 2065/3608
f 3809/3624 3113/3591 3112/3567 3813/3617
f 3593/4030 3603/4045 3594/4044 3584/4029
f 3603/4045 3593/4030 3591/4033 3601/4046
f 3602/4039 3592/4028 3584/4029 3594/4044
f 3601/4041 3591/4026 3588/4027 3598/4042
f 3598/4042 3588/4027 3589/4031 3599/4047
f 3599/4047 3589/4031 3590/4032 3600/4036
f 3600/4036 3590/4032 3586/4034 3596/4037
f 3592/4028 3602/4039 3595/4040 3585/4035
f 3596/4037 3586/4034 3587/4025 3597/4038
f 3585/4024 3595/4043 3597/4038 3587/4025
f 3308/3115 3278/3082 2488/3081 2493/3116
f 2493/3116 3070/3572 3298/3323 3308/3115
f 3302/3079 2910/3080 2488/3081 3278/3082
f 3279/3074 2487/3073 2910/3080 3302/3079
f 3070/3572 2641/3582 3310/3185 3298/3323
f 3127/3597 2613/3598 2521/3585 3126/3584
f 2613/3598 3127/3597 3120/3587 2449/3586
f 2641/3582 3128/3583 3126/3584 2521/3585
f 2449/3586 3120/3587 3118/3588 2329/3589
f 2641/3582 2521/3585 3300/3186 3310/3185
f 3119/3601 2421/3602 2329/3589 3118/3588
f 3114/3566 2257/3565 2421/3602 3119/3601
f 2257/3565 3114/3566 3112/3567 2137/3568
f 3113/3591 2229/3592 2137/3568 3112/3567
f 8212/9076 8211/9058 8879/9057 8875/9066
f 8875/9066 8879/9057 8180/9009 8181/9033
f 8376/8557 7561/8558 7556/8523 8346/8522
f 7561/8558 8376/8557 8366/8765 8138/9015
f 8138/9015 8366/8765 8378/8627 7709/9024
f 8370/8521 8346/8522 7556/8523 7978/8524
f 8347/8514 8370/8521 7978/8524 7555/8515
f 8369/8513 8347/8514 7555/8515 7584/8516
f 7709/9024 7589/9025 8194/9026 8196/9027
f 8195/9039 8194/9026 7589/9025 7681/9040
f 7681/9040 7517/9028 8188/9031 8195/9039
f 7517/9028 7397/9029 8186/9030 8188/9031
f 7709/9024 8378/8627 8368/8630 7589/9025
f 8187/9043 8186/9030 7397/9029 7489/9044
f 8182/9010 8187/9043 7489/9044 7325/9007
f 8360/8518 8369/8513 7584/8516 7554/8519
f 8371/8517 8360/8518 7554/8519 7979/8520
f 8361/8568 8371/8517 7979/8520 7557/8950
f 7979/8520 7939/8224 7364/8223 7557/8950
f 8359/8221 8365/8222 7364/8223 7939/8224
f 8364/8214 8359/8221 7939/8224 7363/8215
f 8362/8213 8364/8214 7363/8215 7392/8216
f 7325/9007 7205/9008 8180/9009 8182/9010
f 8355/8218 8362/8213 7392/8216 7362/8219
f 8181/9033 8180/9009 7205/9008 7297/9034
f 8358/8217 8355/8218 7362/8219 7940/8220
f 8354/8268 8358/8217 7940/8220 7365/8949
f 7940/8220 7900/7924 7172/7923 7365/8949
f 8342/7921 8372/7922 7172/7923 7900/7924
f 8373/7914 8342/7921 7900/7924 7171/7915
f 8339/7913 8373/7914 7171/7915 7200/7916
f 8374/7918 8339/7913 7200/7916 7170/7919
f 8660/9470 8653/9477 8663/9481 8670/9482
f 8670/9482 8662/9486 8652/9471 8660/9470
f 8653/9467 8655/9466 8665/9480 8663/9485
f 8661/9472 8652/9471 8662/9486 8671/9487
f 8664/9479 8665/9480 8655/9466 8654/9476
f 8668/9478 8664/9479 8654/9476 8658/9474
f 8667/9489 8668/9478 8658/9474 8657/9473
f 8666/9484 8667/9489 8657/9473 8656/9469
f 8669/9483 8666/9484 8656/9469 8659/9468
f 8671/9487 8669/9488 8659/9475 8661/9472
f 8334/7617 8325/7618 6978/7619 7862/7620
f 8324/7668 8334/7617 7862/7620 6981/8947
f 8325/7618 8330/7613 7008/7616 6978/7619
f 6989/9048 8329/7665 8324/7668 6981/8947
f 8015/9021 8336/7647 8329/7650 6989/9041
f 7105/9020 8332/7847 8336/7647 8015/9021
f 8330/7613 8326/7614 6979/7615 7008/7616
f 8175/9019 8174/9037 7013/9038 7105/9020
f 7013/9038 8331/7732 8332/7847 7105/9020
f 7133/9050 7013/9038 8174/9037 8176/9051
f 8884/9070 8875/9066 8181/9033 8176/9051
f 7297/9034 7133/9050 8176/9051 8181/9033
f 8343/7917 8374/7918 7170/7919 7901/7920
f 8375/7968 8343/7917 7901/7920 7173/8948
f 7901/7920 7861/7624 6980/7623 7173/8948
f 8335/7621 8327/7622 6980/7623 7861/7624
f 8326/7614 8335/7621 7861/7624 6979/7615
f 2106/2626 3306/2478 3271/2471 2133/2616
f 2133/2616 3271/2471 3305/2474 2101/2617
f 2101/2617 3305/2474 3274/2479 2835/2629
f 2834/2625 3275/2475 3306/2478 2106/2626
f 2099/2525 3307/2524 3275/2475 2834/2625
f 3272/2523 3307/2524 2099/2525 2114/2526
f 2113/3716 2105/3506 3307/2524 3272/2523
f 1917/2216 1912/2181 2105/3506 2113/3716
f 3260/2215 3259/2182 1912/2181 1917/2216
f 2796/2329 3267/2179 3259/2182 1908/2211
f 1909/2317 3258/2174 3267/2179 2796/2329
f 1918/2212 1908/2211 3259/2182 3260/2215
f 1941/2316 3262/2171 3258/2174 1909/2317
f 1914/2326 3257/2178 3262/2171 1941/2316
f 2873/2925 3290/2775 3287/2778 2298/2926
f 2291/2825 3286/2824 3290/2775 2873/2925
f 2298/2926 3287/2778 3294/2771 2325/2916
f 2325/2916 3294/2771 3296/2774 2293/2917
f 3285/2823 3286/2824 2291/2825 2306/2826
f 2305/3722 2297/3507 3286/2824 3285/2823
f 2109/2516 2104/2481 2297/3507 2305/3722
f 3273/2515 3304/2482 2104/2481 2109/2516
f 2835/2629 3274/2479 3304/2482 2100/2511
f 2110/2512 2100/2511 3304/2482 3273/2515
f 2293/2917 3296/2774 3291/2779 2874/2929
f 2795/2325 3266/2175 3257/2178 1914/2326
f 1907/2225 3256/2224 3266/2175 2795/2325
f 3261/2223 3256/2224 1907/2225 1922/2226
f 3268/2205 3261/2206 1922/2207 2948/2208
f 3264/2404 3268/2205 2948/2208 2038/2405
f 2912/3227 3303/3075 3292/3078 2490/3228
f 2483/3125 3293/3124 3303/3075 2912/3227
f 2490/3228 3292/3078 3301/3071 2517/3218
f 2517/3218 3301/3071 3279/3074 2485/3219
f 3309/3123 3293/3124 2483/3125 2498/3126
f 2497/3723 2489/3508 3293/3124 3309/3123
f 2301/2816 2296/2781 2489/3508 2497/3723
f 3284/2815 3297/2782 2296/2781 2301/2816
f 2874/2929 3291/2779 3297/2782 2292/2811
f 2302/2812 2292/2811 3297/2782 3284/2815
f 2485/3219 3279/3074 3302/3079 2913/3231
f 3263/2288 3264/2404 2038/2405 1946/2289
f 2065/3608 1945/3595 3263/2288 3265/2287
f 3265/2287 3263/2288 1946/2289 2060/2290
f 2953/3709 2065/3608 3265/2287 3269/2420
f 2986/3712 2229/3592 2065/3608 2953/3709
f 2229/3592 2986/3712 3281/2505 3277/2704
f 2137/3568 2229/3592 3277/2704 3270/2588
f 2764/3417 3593/4030 3584/4029 2715/3418
f 3593/4030 2764/3417 2722/3487 3591/4033
f 3592/4028 2752/3368 2715/3418 3584/4029
f 3591/4026 2722/3460 2719/3454 3588/4027
f 2752/3368 3592/4028 3585/4035 2716/3369
f 3588/4027 2719/3454 2720/3453 3589/4031
f 3589/4031 2720/3453 2721/3459 3590/4032
f 3590/4032 2721/3459 2717/3458 3586/4034
f 3586/4034 2717/3458 2718/3375 3587/4025
f 2716/3374 3585/4024 3587/4025 2718/3375
f 3308/3115 3298/3323 3071/3324 2494/3112
f 2494/3112 2484/3111 3278/3082 3308/3115
f 2913/3231 3302/3079 3278/3082 2484/3111
f 3298/3323 3310/3185 2636/3188 3071/3324
f 3310/3185 3300/3186 2522/3187 2636/3188
f 2521/3585 2613/3598 3311/3306 3300/3186
f 2613/3598 3064/3720 3299/3105 3311/3306
f 3064/3720 2613/3598 2449/3586 3031/3714
f 3031/3714 2449/3586 3289/2887 3283/3020
f 2449/3586 2329/3589 3295/2888 3289/2887
f 2329/3589 2421/3602 3288/3004 3295/2888
f 3300/3186 3311/3306 2614/3307 2522/3187
f 2421/3602 3025/3717 3282/2805 3288/3004
f 3025/3717 2421/3602 2257/3565 2992/3711
f 2992/3711 2257/3565 3276/2587 3280/2720
f 2257/3565 2137/3568 3270/2588 3276/2587
f 8376/8557 7562/8552 8139/8766 8366/8765
f 7562/8552 8376/8557 8346/8522 7552/8553
f 7981/8673 7552/8553 8346/8522 8370/8521
f 8366/8765 8139/8766 7704/8628 8378/8627
f 8378/8627 7704/8628 7590/8629 8368/8630
f 7553/8663 7981/8673 8370/8521 8347/8514
f 7585/8660 7553/8663 8347/8514 8369/8513
f 7558/8672 7585/8660 8369/8513 8360/8518
f 7589/9025 8368/8630 8379/8749 7681/9040
f 7681/9040 8379/8749 8367/8547 8132/9162
f 8132/9162 8099/9156 7517/9028 7681/9040
f 8099/9156 8351/8462 8357/8329 7517/9028
f 7517/9028 8357/8329 8363/8332 7397/9029
f 7397/9029 8363/8332 8356/8447 7489/9044
f 8368/8630 7590/8629 7682/8748 8379/8749
f 7489/9044 8356/8447 8350/8247 8093/9159
f 8093/9159 8060/9153 7325/9007 7489/9044
f 8060/9153 8348/8162 8344/8029 7325/9007
f 7325/9007 8344/8029 8338/8032 7205/9008
f 7980/8669 7558/8672 8360/8518 8371/8517
f 7551/8567 7980/8669 8371/8517 8361/8568
f 8377/8565 7566/8566 7551/8567 8361/8568
f 7565/9165 8377/8565 8361/8568 7557/8950
f 7369/8258 7565/9165 7557/8950 7364/8223
f 8352/8257 7369/8258 7364/8223 8365/8222
f 7942/8371 7360/8253 8365/8222 8359/8221
f 7361/8361 7942/8371 8359/8221 8364/8214
f 7370/8252 8352/8257 8365/8222 7360/8253
f 7393/8358 7361/8361 8364/8214 8362/8213
f 7366/8370 7393/8358 8362/8213 8355/8218
f 7205/9008 8338/8032 8345/8147 7297/9034
f 7941/8367 7366/8370 8355/8218 8358/8217
f 7297/9034 8345/8147 8349/7947 8054/9154
f 8054/9154 8021/9151 7133/9050 7297/9034
f 7359/8267 7941/8367 8358/8217 8354/8268
f 8353/8265 7374/8266 7359/8267 8354/8268
f 7373/9164 8353/8265 8354/8268 7365/8949
f 7177/7958 7373/9164 7365/8949 7172/7923
f 8341/7957 7177/7958 7172/7923 8372/7922
f 7903/8071 7168/7953 8372/7922 8342/7921
f 7169/8061 7903/8071 8342/7921 8373/7914
f 7178/7952 8341/7957 8372/7922 7168/7953
f 7201/8058 7169/8061 8373/7914 8339/7913
f 7174/8070 7201/8058 8339/7913 8374/7918
f 7902/8067 7174/8070 8374/7918 8343/7917
f 8660/9470 8652/9471 7783/8862 7820/8810
f 7820/8810 7784/8813 8653/9477 8660/9470
f 7784/8816 7786/8818 8655/9466 8653/9467
f 7832/8859 7783/8862 8652/9471 8661/9472
f 8654/9476 8655/9466 7786/8818 7785/8900
f 8661/9472 8659/9475 7790/8929 7832/8859
f 8658/9474 8654/9476 7785/8900 7789/8901
f 8657/9473 8658/9474 7789/8901 7788/8896
f 8656/9469 8657/9473 7788/8896 7787/8895
f 8659/9468 8656/9469 7787/8895 7790/8902
f 7863/7767 6982/7770 8325/7618 8334/7617
f 6975/7667 7863/7767 8334/7617 8324/7668
f 6982/7770 7009/7758 8330/7613 8325/7618
f 8329/7665 6990/7666 6975/7667 8324/7668
f 7009/7758 6977/7761 8326/7614 8330/7613
f 8336/7647 8016/7648 6990/7649 8329/7650
f 8332/7847 7106/7846 8016/7648 8336/7647
f 8331/7732 7014/7731 7106/7846 8332/7847
f 6977/7761 7864/7771 8335/7621 8326/7614
f 7133/9050 8333/7729 8331/7732 7013/9038
f 8333/7729 7128/7730 7014/7731 8331/7732
f 8021/9151 8337/7862 8333/7729 7133/9050
f 7167/7967 7902/8067 8343/7917 8375/7968
f 8340/7965 7182/7966 7167/7967 8375/7968
f 7181/9158 8340/7965 8375/7968 7173/8948
f 6985/7658 7181/9158 7173/8948 6980/7623
f 8328/7657 6985/7658 6980/7623 8327/7622
f 7864/7771 6976/7653 8327/7622 8335/7621
f 6986/7652 8328/7657 8327/7622 6976/7653
f 2834/2625 2106/2626 2157/2627 2842/2628
f 2106/2626 2133/2616 2161/2619 2157/2627
f 2133/2616 2101/2617 2156/2618 2161/2619
f 2101/2617 2835/2629 2843/2630 2156/2618
f 2835/2629 2100/2511 2155/2510 2843/2630
f 2099/2525 2834/2625 2842/2628 2160/2527
f 2160/2527 2159/2528 2114/2526 2099/2525
f 3281/2505 3272/2506 2114/2507 2987/2508
f 2986/3712 2113/3713 3272/2506 3281/2505
f 2987/2508 2114/2507 2159/2620 2996/2621
f 2953/3709 1917/3710 2113/3713 2986/3712
f 1917/3710 2953/3709 3269/2420 3260/3511
f 3260/3511 3269/2420 2954/2421 1918/3512
f 2796/2329 1908/2211 1963/2210 2804/2330
f 1909/2317 2796/2329 2804/2330 1964/2318
f 1966/2209 1963/2210 1908/2211 1918/2212
f 1941/2316 1909/2317 1964/2318 1969/2319
f 1918/3512 2954/2421 2972/2418 1966/3509
f 1914/2326 1941/2316 1969/2319 1965/2327
f 2795/2325 1914/2326 1965/2327 2803/2328
f 2873/2925 2298/2926 2349/2927 2881/2928
f 2291/2825 2873/2925 2881/2928 2352/2827
f 2298/2926 2325/2916 2353/2919 2349/2927
f 2352/2827 2351/2828 2306/2826 2291/2825
f 2325/2916 2293/2917 2348/2918 2353/2919
f 2293/2917 2874/2929 2882/2930 2348/2918
f 3282/2805 3285/2806 2306/2807 3026/2808
f 3025/3717 2305/3719 3285/2806 3282/2805
f 3026/2808 2306/2807 2351/2920 3035/2921
f 2992/3711 2109/3715 2305/3719 3025/3717
f 2109/3715 2992/3711 3280/2720 3273/3529
f 3273/3529 3280/2720 2993/2721 2110/3530
f 2158/2509 2155/2510 2100/2511 2110/2512
f 2110/3530 2993/2721 3011/2718 2158/3527
f 2874/2929 2292/2811 2347/2810 2882/2930
f 1907/2225 2795/2325 2803/2328 1968/2227
f 1968/2227 1967/2228 1922/2226 1907/2225
f 2948/2208 1922/2207 1967/2320 2957/2321
f 2038/2405 2948/2208 2957/2321 2043/2411
f 1946/2289 2038/2405 2043/2411 1970/2331
f 2912/3227 2490/3228 2541/3229 2920/3230
f 2483/3125 2912/3227 2920/3230 2544/3127
f 2490/3228 2517/3218 2545/3221 2541/3229
f 2544/3127 2543/3128 2498/3126 2483/3125
f 2517/3218 2485/3219 2540/3220 2545/3221
f 2485/3219 2913/3231 2921/3232 2540/3220
f 3299/3105 3309/3106 2498/3107 3065/3108
f 3064/3720 2497/3721 3309/3106 3299/3105
f 3065/3108 2498/3107 2543/3222 3074/3223
f 3031/3714 2301/3718 2497/3721 3064/3720
f 2301/3718 3031/3714 3283/3020 3284/3547
f 3284/3547 3283/3020 3032/3021 2302/3548
f 2350/2809 2347/2810 2292/2811 2302/2812
f 2302/3548 3032/3021 3050/3018 2350/3545
f 2913/3231 2484/3111 2539/3110 2921/3232
f 2060/2290 1946/2289 1970/2331 2057/2332
f 3269/2420 3265/2287 2060/2290 2954/2421
f 2954/2421 2060/2290 2057/2332 2972/2418
f 3277/2704 3281/2505 2987/2508 2230/2705
f 3270/2588 3277/2704 2230/2705 2138/2589
f 3276/2587 3270/2588 2138/2589 2252/2590
f 2764/3417 2715/3418 2690/3419 2765/3420
f 2722/3487 2764/3417 2765/3420 2672/3483
f 2715/3418 2752/3368 2747/3371 2690/3419
f 2672/3373 2668/3364 2719/3454 2722/3460
f 2752/3368 2716/3369 2671/3370 2747/3371
f 2669/3363 2720/3453 2719/3454 2668/3364
f 2716/3374 2718/3375 2667/3359 2671/3376
f 2688/3367 2721/3459 2720/3453 2669/3363
f 2670/3360 2717/3458 2721/3459 2688/3367
f 2667/3359 2718/3375 2717/3458 2670/3360
f 3071/3324 2636/3188 2633/3234 3089/3321
f 2494/3112 3071/3324 3089/3321 2542/3109
f 2542/3109 2539/3110 2484/3111 2494/3112
f 2636/3188 2522/3187 2546/3233 2633/3234
f 2522/3187 2614/3307 2619/3314 2546/3233
f 3311/3306 3299/3105 3065/3108 2614/3307
f 3289/2887 3295/2888 2330/2889 2444/2890
f 3283/3020 3289/2887 2444/2890 3032/3021
f 3295/2888 3288/3004 2422/3005 2330/2889
f 3288/3004 3282/2805 3026/2808 2422/3005
f 2614/3307 3065/3108 3074/3223 2619/3314
f 3280/2720 3276/2587 2252/2590 2993/2721
f 7610/8551 7562/8552 7552/8553 7607/8554
f 7562/8552 7610/8551 8157/8763 8139/8766
f 8139/8766 8157/8763 7701/8675 7704/8628
f 7981/8673 7989/8674 7607/8554 7552/8553
f 7553/8663 7608/8662 7989/8674 7981/8673
f 7704/8628 7701/8675 7614/8676 7590/8629
f 7590/8629 7614/8676 7687/8756 7682/8748
f 7585/8660 7613/8661 7608/8662 7553/8663
f 7558/8672 7609/8671 7613/8661 7585/8660
f 7980/8669 7988/8670 7609/8671 7558/8672
f 8379/8749 7682/8748 8133/8548 8367/8547
f 8367/8547 8133/8548 7566/8549 8377/8550
f 8132/9162 8367/8547 8377/8550 7565/9163
f 8099/9156 8132/9162 7565/9163 7369/9160
f 7369/9160 8352/8989 8351/8462 8099/9156
f 8351/8462 8100/8463 7512/8330 8357/8329
f 8352/8989 7370/8990 8100/8463 8351/8462
f 8357/8329 7512/8330 7398/8331 8363/8332
f 8363/8332 7398/8331 7490/8446 8356/8447
f 8356/8447 7490/8446 8094/8248 8350/8247
f 7682/8748 7687/8756 8142/8664 8133/8548
f 8350/8247 8094/8248 7374/8249 8353/8250
f 8093/9159 8350/8247 8353/8250 7373/9161
f 8060/9153 8093/9159 7373/9161 7177/9157
f 7177/9157 8341/8971 8348/8162 8060/9153
f 8348/8162 8061/8163 7320/8030 8344/8029
f 8341/8971 7178/8972 8061/8163 8348/8162
f 8344/8029 7320/8030 7206/8031 8338/8032
f 8338/8032 7206/8031 7298/8146 8345/8147
f 7551/8567 7612/8569 7988/8670 7980/8669
f 7612/8569 7551/8567 7566/8566 7611/8570
f 8133/8548 8142/8664 7611/8665 7566/8549
f 7942/8371 7950/8372 7415/8254 7360/8253
f 7361/8361 7416/8360 7950/8372 7942/8371
f 7418/8251 7370/8252 7360/8253 7415/8254
f 7393/8358 7421/8359 7416/8360 7361/8361
f 7370/8990 7418/8987 8118/8460 8100/8463
f 7366/8370 7417/8369 7421/8359 7393/8358
f 7941/8367 7949/8368 7417/8369 7366/8370
f 8345/8147 7298/8146 8055/7948 8349/7947
f 7359/8267 7420/8269 7949/8368 7941/8367
f 8349/7947 8055/7948 7182/7949 8340/7950
f 8054/9154 8349/7947 8340/7950 7181/9155
f 8021/9151 8054/9154 7181/9155 6985/9152
f 6985/9152 8328/8953 8337/7862 8021/9151
f 7420/8269 7359/8267 7374/8266 7419/8270
f 8094/8248 8103/8362 7419/8363 7374/8249
f 7903/8071 7911/8072 7223/7954 7168/7953
f 7169/8061 7224/8060 7911/8072 7903/8071
f 7226/7951 7178/7952 7168/7953 7223/7954
f 7201/8058 7229/8059 7224/8060 7169/8061
f 7178/8972 7226/8969 8079/8160 8061/8163
f 7174/8070 7225/8069 7229/8059 7201/8058
f 7902/8067 7910/8068 7225/8069 7174/8070
f 7167/7967 7228/7969 7910/8068 7902/8067
f 7832/8859 7833/8860 7758/8861 7783/8862
f 7783/8862 7758/8861 7815/8811 7820/8810
f 7820/8810 7815/8811 7739/8812 7784/8813
f 7784/8816 7739/8817 7735/8803 7786/8818
f 7735/8803 7738/8802 7785/8900 7786/8818
f 7790/8929 7740/8925 7833/8860 7832/8859
f 7738/8802 7756/8809 7789/8901 7785/8900
f 7740/8815 7790/8902 7787/8895 7736/8806
f 7756/8809 7737/8807 7788/8896 7789/8901
f 7737/8807 7736/8806 7787/8895 7788/8896
f 7863/7767 7871/7768 7033/7769 6982/7770
f 6975/7667 7036/7669 7871/7768 7863/7767
f 6982/7770 7033/7769 7037/7759 7009/7758
f 7036/7669 6975/7667 6990/7666 7035/7670
f 7009/7758 7037/7759 7032/7760 6977/7761
f 8016/7648 8025/7762 7035/7763 6990/7649
f 6977/7761 7032/7760 7872/7772 7864/7771
f 7106/7846 7111/7853 8025/7762 8016/7648
f 7014/7731 7038/7774 7111/7853 7106/7846
f 7128/7730 7125/7773 7038/7774 7014/7731
f 7864/7771 7872/7772 7031/7654 6976/7653
f 8337/7862 8022/7863 7128/7730 8333/7729
f 8022/7863 8040/7860 7125/7773 7128/7730
f 8328/8953 6986/8954 8022/7863 8337/7862
f 7228/7969 7167/7967 7182/7966 7227/7970
f 8055/7948 8064/8062 7227/8063 7182/7949
f 7034/7651 6986/7652 6976/7653 7031/7654
f 6986/8954 7034/8951 8040/7860 8022/7863
f 2157/2627 2161/2619 2193/2499 2201/2530
f 2842/2628 2157/2627 2201/2530 2854/2529
f 2160/2527 2842/2628 2854/2529 2192/2623
f 2161/2619 2156/2618 2200/2500 2193/2499
f 2156/2618 2843/2630 2855/2531 2200/2500
f 2843/2630 2155/2510 2199/2532 2855/2531
f 2202/2622 2199/2532 2155/2510 2158/2509
f 2192/2623 2191/2624 2159/2528 2160/2527
f 2996/2621 2159/2620 2191/2502 3000/2501
f 2230/2705 2987/2508 2996/2621 2235/2711
f 2235/2711 2996/2621 3000/2501 2239/2702
f 2010/2322 2007/2232 1963/2210 1966/2209
f 2804/2330 1963/2210 2007/2232 2816/2231
f 1964/2318 2804/2330 2816/2231 2008/2200
f 1969/2319 1964/2318 2008/2200 2001/2199
f 1966/3509 2972/2418 2970/2419 2010/3510
f 1965/2327 1969/2319 2001/2199 2009/2230
f 2972/2418 2057/2332 2055/2283 2970/2419
f 2803/2328 1965/2327 2009/2230 2815/2229
f 1968/2227 2803/2328 2815/2229 2000/2323
f 2349/2927 2353/2919 2385/2799 2393/2830
f 2881/2928 2349/2927 2393/2830 2893/2829
f 2352/2827 2881/2928 2893/2829 2384/2923
f 2384/2923 2383/2924 2351/2828 2352/2827
f 2353/2919 2348/2918 2392/2800 2385/2799
f 3035/2921 2351/2920 2383/2802 3039/2801
f 2348/2918 2882/2930 2894/2831 2392/2800
f 2882/2930 2347/2810 2391/2832 2894/2831
f 2422/3005 3026/2808 3035/2921 2427/3011
f 2427/3011 3035/2921 3039/2801 2431/3002
f 2993/2721 2252/2590 2249/2632 3011/2718
f 2158/3527 3011/2718 3009/2719 2202/3528
f 3011/2718 2249/2632 2247/2583 3009/2719
f 2394/2922 2391/2832 2347/2810 2350/2809
f 2000/2323 1999/2324 1967/2228 1968/2227
f 2957/2321 1967/2320 1999/2202 2961/2201
f 2043/2411 2957/2321 2961/2201 2047/2402
f 1970/2331 2043/2411 2047/2402 2002/2284
f 2057/2332 1970/2331 2002/2284 2055/2283
f 2541/3229 2545/3221 2577/3099 2585/3130
f 2920/3230 2541/3229 2585/3130 2932/3129
f 2544/3127 2920/3230 2932/3129 2576/3225
f 2576/3225 2575/3226 2543/3128 2544/3127
f 2545/3221 2540/3220 2584/3100 2577/3099
f 3074/3223 2543/3222 2575/3102 3078/3101
f 2540/3220 2921/3232 2933/3131 2584/3100
f 2921/3232 2539/3110 2583/3132 2933/3131
f 2619/3314 3074/3223 3078/3101 2623/3304
f 3032/3021 2444/2890 2441/2932 3050/3018
f 2350/3545 3050/3018 3048/3019 2394/3546
f 3050/3018 2441/2932 2439/2883 3048/3019
f 2586/3224 2583/3132 2539/3110 2542/3109
f 2138/2589 2230/2705 2235/2711 2162/2631
f 2252/2590 2138/2589 2162/2631 2249/2632
f 2765/3420 2690/3419 2727/3470 2758/3471
f 2690/3419 2747/3371 2754/3473 2727/3470
f 2672/3483 2765/3420 2758/3471 2725/3484
f 2725/3372 2724/3365 2668/3364 2672/3373
f 2747/3371 2671/3370 2730/3472 2754/3473
f 2729/3362 2669/3363 2668/3364 2724/3365
f 2671/3376 2667/3359 2728/3358 2730/3469
f 2726/3366 2688/3367 2669/3363 2729/3362
f 2728/3358 2667/3359 2670/3360 2723/3361
f 2723/3361 2670/3360 2688/3367 2726/3366
f 2633/3234 2546/3233 2578/3182 2631/3181
f 3089/3321 2633/3234 2631/3181 3087/3322
f 2542/3109 3089/3321 3087/3322 2586/3224
f 2546/3233 2619/3314 2623/3304 2578/3182
f 2444/2890 2330/2889 2354/2931 2441/2932
f 2330/2889 2422/3005 2427/3011 2354/2931
f 7654/8666 7610/8551 7607/8554 7651/8574
f 7610/8551 7654/8666 8155/8764 8157/8763
f 7989/8674 8001/8573 7651/8574 7607/8554
f 8157/8763 8155/8764 7699/8623 7701/8675
f 7701/8675 7699/8623 7646/8626 7614/8676
f 7608/8662 7652/8542 8001/8573 7989/8674
f 7613/8661 7645/8541 7652/8542 7608/8662
f 7614/8676 7646/8626 7691/8747 7687/8756
f 7687/8756 7691/8747 8146/8543 8142/8664
f 7609/8671 7653/8572 7645/8541 7613/8661
f 7988/8670 8000/8571 7653/8572 7609/8671
f 7612/8569 7644/8667 8000/8571 7988/8670
f 8100/8463 8118/8460 7509/8373 7512/8330
f 7512/8330 7509/8373 7422/8374 7398/8331
f 7398/8331 7422/8374 7495/8453 7490/8446
f 7490/8446 7495/8453 8103/8362 8094/8248
f 8142/8664 8146/8543 7643/8546 7611/8665
f 8061/8163 8079/8160 7317/8073 7320/8030
f 7320/8030 7317/8073 7230/8074 7206/8031
f 7206/8031 7230/8074 7303/8153 7298/8146
f 7298/8146 7303/8153 8064/8062 8055/7948
f 7644/8667 7612/8569 7611/8570 7643/8668
f 7950/8372 7962/8273 7459/8274 7415/8254
f 7416/8360 7460/8242 7962/8273 7950/8372
f 7462/8364 7418/8251 7415/8254 7459/8274
f 7421/8359 7453/8241 7460/8242 7416/8360
f 7418/8987 7462/8988 8116/8461 8118/8460
f 7417/8369 7461/8272 7453/8241 7421/8359
f 8118/8460 8116/8461 7507/8325 7509/8373
f 7949/8368 7961/8271 7461/8272 7417/8369
f 7420/8269 7452/8365 7961/8271 7949/8368
f 7452/8365 7420/8269 7419/8270 7451/8366
f 8103/8362 8107/8243 7451/8246 7419/8363
f 7495/8453 7499/8445 8107/8243 8103/8362
f 7911/8072 7923/7973 7267/7974 7223/7954
f 7224/8060 7268/7942 7923/7973 7911/8072
f 7270/8064 7226/7951 7223/7954 7267/7974
f 7229/8059 7261/7941 7268/7942 7224/8060
f 7226/8969 7270/8970 8077/8161 8079/8160
f 7225/8069 7269/7972 7261/7941 7229/8059
f 8079/8160 8077/8161 7315/8025 7317/8073
f 7910/8068 7922/7971 7269/7972 7225/8069
f 7228/7969 7260/8065 7922/7971 7910/8068
f 7260/8065 7228/7969 7227/7970 7259/8066
f 7833/8860 7826/8912 7795/8913 7758/8861
f 7740/8925 7793/8926 7826/8912 7833/8860
f 7758/8861 7795/8913 7822/8914 7815/8811
f 7815/8811 7822/8914 7798/8915 7739/8812
f 7739/8817 7798/8911 7796/8800 7735/8803
f 7796/8800 7791/8801 7738/8802 7735/8803
f 7791/8801 7794/8808 7756/8809 7738/8802
f 7793/8814 7740/8815 7736/8806 7792/8805
f 7794/8808 7797/8804 7737/8807 7756/8809
f 7797/8804 7792/8805 7736/8806 7737/8807
f 7871/7768 7883/7671 7077/7672 7033/7769
f 7036/7669 7068/7765 7883/7671 7871/7768
f 7033/7769 7077/7672 7069/7641 7037/7759
f 7068/7765 7036/7669 7035/7670 7067/7766
f 7037/7759 7069/7641 7076/7642 7032/7760
f 8025/7762 8029/7643 7067/7646 7035/7763
f 7032/7760 7076/7642 7884/7673 7872/7772
f 7111/7853 7115/7845 8029/7643 8025/7762
f 7872/7772 7884/7673 7075/7674 7031/7654
f 7038/7774 7070/7728 7115/7845 7111/7853
f 7125/7773 7123/7725 7070/7728 7038/7774
f 8040/7860 8038/7861 7123/7725 7125/7773
f 7078/7764 7034/7651 7031/7654 7075/7674
f 7034/8951 7078/8952 8038/7861 8040/7860
f 8064/8062 8068/7943 7259/7946 7227/8063
f 7303/8153 7307/8145 8068/7943 8064/8062
f 2193/2499 2200/2500 2096/2469 2131/2468
f 2201/2530 2193/2499 2131/2468 2095/2461
f 2854/2529 2201/2530 2095/2461 2831/2460
f 2192/2623 2854/2529 2831/2460 2098/2679
f 2098/2679 2107/2678 2191/2624 2192/2623
f 2200/2500 2855/2531 2830/2464 2096/2469
f 2855/2531 2199/2532 2097/2465 2830/2464
f 2111/2518 2097/2465 2199/2532 2202/2622
f 2202/3528 3009/2719 2991/2726 2111/3535
f 3000/2501 2191/2502 2107/2503 2985/2504
f 2239/2702 3000/2501 2985/2504 2228/2703
f 2162/2631 2235/2711 2239/2702 2194/2584
f 2194/2584 2239/2702 2228/2703 2136/2585
f 1919/2218 1905/2165 2007/2232 2010/2322
f 2010/3510 2970/2419 2952/2426 1919/3517
f 2816/2231 2007/2232 1905/2165 2791/2164
f 2008/2200 2816/2231 2791/2164 1904/2169
f 2001/2199 2008/2200 1904/2169 1939/2168
f 2009/2230 2001/2199 1939/2168 1903/2161
f 2970/2419 2055/2283 2066/2286 2952/2426
f 2815/2229 2009/2230 1903/2161 2792/2160
f 2055/2283 2002/2284 1944/2285 2066/2286
f 2000/2323 2815/2229 2792/2160 1906/2379
f 1906/2379 1915/2378 1999/2324 2000/2323
f 2385/2799 2392/2800 2288/2769 2323/2768
f 2393/2830 2385/2799 2323/2768 2287/2761
f 2893/2829 2393/2830 2287/2761 2870/2760
f 2384/2923 2893/2829 2870/2760 2290/2979
f 2290/2979 2299/2978 2383/2924 2384/2923
f 3039/2801 2383/2802 2299/2803 3024/2804
f 2392/2800 2894/2831 2869/2764 2288/2769
f 2431/3002 3039/2801 3024/2804 2420/3003
f 2894/2831 2391/2832 2289/2765 2869/2764
f 2303/2818 2289/2765 2391/2832 2394/2922
f 2354/2931 2427/3011 2431/3002 2386/2884
f 2386/2884 2431/3002 2420/3003 2328/2885
f 2249/2632 2162/2631 2194/2584 2247/2583
f 3009/2719 2247/2583 2258/2586 2991/2726
f 2247/2583 2194/2584 2136/2585 2258/2586
f 2394/3546 3048/3019 3030/3026 2303/3553
f 2961/2201 1999/2202 1915/2203 2946/2204
f 2047/2402 2961/2201 2946/2204 2036/2403
f 2002/2284 2047/2402 2036/2403 1944/2285
f 2577/3099 2584/3100 2480/3069 2515/3068
f 2585/3130 2577/3099 2515/3068 2479/3061
f 2932/3129 2585/3130 2479/3061 2909/3060
f 2576/3225 2932/3129 2909/3060 2482/3281
f 2482/3281 2491/3280 2575/3226 2576/3225
f 3078/3101 2575/3102 2491/3103 3063/3104
f 2584/3100 2933/3131 2908/3064 2480/3069
f 2623/3304 3078/3101 3063/3104 2612/3305
f 2933/3131 2583/3132 2481/3065 2908/3064
f 2495/3118 2481/3065 2583/3132 2586/3224
f 2578/3182 2623/3304 2612/3305 2520/3183
f 2441/2932 2354/2931 2386/2884 2439/2883
f 3048/3019 2439/2883 2450/2886 3030/3026
f 2439/2883 2386/2884 2328/2885 2450/2886
f 2586/3224 3087/3322 3069/3329 2495/3118
f 2758/3471 2727/3470 2735/3457 2757/3456
f 2727/3470 2754/3473 2755/3461 2735/3457
f 2725/3484 2758/3471 2757/3456 2733/3479
f 2754/3473 2730/3472 2738/3462 2755/3461
f 2733/3468 2732/3466 2724/3365 2725/3372
f 2737/3465 2729/3362 2724/3365 2732/3466
f 2730/3469 2728/3358 2736/3450 2738/3449
f 2734/3467 2726/3366 2729/3362 2737/3465
f 2736/3450 2728/3358 2723/3361 2731/3464
f 2731/3464 2723/3361 2726/3366 2734/3467
f 2631/3181 2578/3182 2520/3183 2642/3184
f 3087/3322 2631/3181 2642/3184 3069/3329
f 7563/8560 7654/8666 7651/8574 7549/8507
f 7654/8666 7563/8560 8137/8771 8155/8764
f 8001/8573 7976/8508 7549/8507 7651/8574
f 8155/8764 8137/8771 7710/8624 7699/8623
f 7652/8542 7548/8511 7976/8508 8001/8573
f 7699/8623 7710/8624 7588/8625 7646/8626
f 7646/8626 7588/8625 7680/8746 7691/8747
f 7645/8541 7583/8512 7548/8511 7652/8542
f 7653/8572 7547/8503 7583/8512 7645/8541
f 7691/8747 7680/8746 8131/8544 8146/8543
f 8146/8543 8131/8544 7559/8545 7643/8546
f 8000/8571 7977/8504 7547/8503 7653/8572
f 7644/8667 7550/8723 7977/8504 8000/8571
f 7550/8723 7644/8667 7643/8668 7559/8722
f 7509/8373 7507/8325 7454/8328 7422/8374
f 7422/8374 7454/8328 7499/8445 7495/8453
f 7317/8073 7315/8025 7262/8028 7230/8074
f 7230/8074 7262/8028 7307/8145 7303/8153
f 7962/8273 7937/8208 7357/8207 7459/8274
f 7460/8242 7356/8211 7937/8208 7962/8273
f 7371/8260 7462/8364 7459/8274 7357/8207
f 7453/8241 7391/8212 7356/8211 7460/8242
f 7462/8988 7371/8995 8098/8468 8116/8461
f 7461/8272 7355/8203 7391/8212 7453/8241
f 8116/8461 8098/8468 7518/8326 7507/8325
f 7961/8271 7938/8204 7355/8203 7461/8272
f 7507/8325 7518/8326 7396/8327 7454/8328
f 7452/8365 7358/8421 7938/8204 7961/8271
f 7358/8421 7452/8365 7451/8366 7367/8420
f 8107/8243 8092/8244 7367/8245 7451/8246
f 7499/8445 7488/8444 8092/8244 8107/8243
f 7454/8328 7396/8327 7488/8444 7499/8445
f 7923/7973 7898/7908 7165/7907 7267/7974
f 7268/7942 7164/7911 7898/7908 7923/7973
f 7179/7960 7270/8064 7267/7974 7165/7907
f 7261/7941 7199/7912 7164/7911 7268/7942
f 7270/8970 7179/8977 8059/8168 8077/8161
f 7269/7972 7163/7903 7199/7912 7261/7941
f 8077/8161 8059/8168 7326/8026 7315/8025
f 7922/7971 7899/7904 7163/7903 7269/7972
f 7315/8025 7326/8026 7204/8027 7262/8028
f 7260/8065 7166/8121 7899/7904 7922/7971
f 7166/8121 7260/8065 7259/8066 7175/8120
f 8068/7943 8053/7944 7175/7945 7259/7946
f 7826/8912 7825/8898 7803/8899 7795/8913
f 7793/8926 7801/8921 7825/8898 7826/8912
f 7795/8913 7803/8899 7823/8903 7822/8914
f 7801/8910 7793/8814 7792/8805 7800/8908
f 7822/8914 7823/8903 7806/8904 7798/8915
f 7798/8911 7806/8891 7804/8894 7796/8800
f 7804/8894 7799/8906 7791/8801 7796/8800
f 7799/8906 7802/8909 7794/8808 7791/8801
f 7802/8909 7805/8907 7797/8804 7794/8808
f 7805/8907 7800/8908 7792/8805 7797/8804
f 7883/7671 7860/7604 6971/7603 7077/7672
f 7068/7765 6974/7821 7860/7604 7883/7671
f 7077/7672 6971/7603 7007/7612 7069/7641
f 6974/7821 7068/7765 7067/7766 6983/7820
f 7069/7641 7007/7612 6972/7611 7076/7642
f 8029/7643 8014/7644 6983/7645 7067/7646
f 7076/7642 6972/7611 7859/7608 7884/7673
f 7115/7845 7104/7844 8014/7644 8029/7643
f 7884/7673 7859/7608 6973/7607 7075/7674
f 7070/7728 7012/7727 7104/7844 7115/7845
f 6987/7660 7078/7764 7075/7674 6973/7607
f 7123/7725 7134/7726 7012/7727 7070/7728
f 8038/7861 8020/7868 7134/7726 7123/7725
f 7078/8952 6987/8959 8020/7868 8038/7861
f 7307/8145 7296/8144 8053/7944 8068/7943
f 7262/8028 7204/8027 7296/8144 7307/8145
f 2163/2467 2131/2468 2096/2469 2165/2470
f 2165/2470 2096/2469 2830/2464 2852/2463
f 2198/2462 2095/2461 2131/2468 2163/2467
f 2853/2459 2831/2460 2095/2461 2198/2462
f 2197/2668 2098/2679 2831/2460 2853/2459
f 2107/2678 2098/2679 2197/2668 2196/2667
f 2985/2504 2107/2503 2196/2654 3001/2653
f 2852/2463 2830/2464 2097/2465 2166/2466
f 2164/2517 2166/2466 2097/2465 2111/2518
f 2111/3535 2991/2726 3008/2727 2164/3536
f 2991/2726 2258/2586 2246/2657 3008/2727
f 2228/2703 2985/2504 3001/2653 2240/2714
f 2136/2585 2228/2703 2240/2714 2195/2658
f 2258/2586 2136/2585 2195/2658 2246/2657
f 1972/2217 1974/2166 1905/2165 1919/2218
f 1919/3517 2952/2426 2969/2427 1972/3518
f 2813/2163 2791/2164 1905/2165 1974/2166
f 2952/2426 2066/2286 2054/2357 2969/2427
f 1973/2170 1904/2169 2791/2164 2813/2163
f 1971/2167 1939/2168 1904/2169 1973/2170
f 2006/2162 1903/2161 1939/2168 1971/2167
f 2814/2159 2792/2160 1903/2161 2006/2162
f 2066/2286 1944/2285 2003/2358 2054/2357
f 2005/2368 1906/2379 2792/2160 2814/2159
f 1944/2285 2036/2403 2048/2414 2003/2358
f 1915/2378 1906/2379 2005/2368 2004/2367
f 2946/2204 1915/2203 2004/2354 2962/2353
f 2355/2767 2323/2768 2288/2769 2357/2770
f 2357/2770 2288/2769 2869/2764 2891/2763
f 2390/2762 2287/2761 2323/2768 2355/2767
f 2892/2759 2870/2760 2287/2761 2390/2762
f 2389/2968 2290/2979 2870/2760 2892/2759
f 2299/2978 2290/2979 2389/2968 2388/2967
f 3024/2804 2299/2803 2388/2954 3040/2953
f 2420/3003 3024/2804 3040/2953 2432/3014
f 2891/2763 2869/2764 2289/2765 2358/2766
f 2328/2885 2420/3003 2432/3014 2387/2958
f 2356/2817 2358/2766 2289/2765 2303/2818
f 2303/3553 3030/3026 3047/3027 2356/3554
f 2450/2886 2328/2885 2387/2958 2438/2957
f 3030/3026 2450/2886 2438/2957 3047/3027
f 2036/2403 2946/2204 2962/2353 2048/2414
f 2547/3067 2515/3068 2480/3069 2549/3070
f 2549/3070 2480/3069 2908/3064 2930/3063
f 2582/3062 2479/3061 2515/3068 2547/3067
f 2931/3059 2909/3060 2479/3061 2582/3062
f 2581/3270 2482/3281 2909/3060 2931/3059
f 2491/3280 2482/3281 2581/3270 2580/3269
f 3063/3104 2491/3103 2580/3256 3079/3255
f 2612/3305 3063/3104 3079/3255 2624/3317
f 2930/3063 2908/3064 2481/3065 2550/3066
f 2520/3183 2612/3305 2624/3317 2579/3260
f 2548/3117 2550/3066 2481/3065 2495/3118
f 2495/3118 3069/3329 3086/3330 2548/3117
f 2642/3184 2520/3183 2579/3260 2630/3259
f 3069/3329 2642/3184 2630/3259 3086/3330
f 2757/3456 2735/3457 2714/3441 2762/3440
f 2735/3457 2755/3461 2753/3446 2714/3441
f 2733/3479 2757/3456 2762/3440 2711/3480
f 2755/3461 2738/3462 2712/3447 2753/3446
f 2711/3478 2709/3476 2732/3466 2733/3468
f 2738/3449 2736/3450 2708/3451 2712/3452
f 2710/3475 2737/3465 2732/3466 2709/3476
f 2713/3477 2734/3467 2737/3465 2710/3475
f 2708/3451 2736/3450 2731/3464 2707/3474
f 2707/3474 2731/3464 2734/3467 2713/3477
f 7616/8559 7563/8560 7549/8507 7618/8506
f 7563/8560 7616/8559 8154/8772 8137/8771
f 7998/8505 7618/8506 7549/8507 7976/8508
f 8137/8771 8154/8772 7698/8701 7710/8624
f 7617/8510 7998/8505 7976/8508 7548/8511
f 7710/8624 7698/8701 7647/8704 7588/8625
f 7615/8509 7617/8510 7548/8511 7583/8512
f 7588/8625 7647/8704 7692/8760 7680/8746
f 7680/8746 7692/8760 8147/8697 8131/8544
f 7650/8502 7615/8509 7583/8512 7547/8503
f 7999/8501 7650/8502 7547/8503 7977/8504
f 8131/8544 8147/8697 7648/8700 7559/8545
f 7559/8722 7648/8711 7649/8714 7550/8723
f 7649/8714 7999/8501 7977/8504 7550/8723
f 7959/8205 7426/8206 7357/8207 7937/8208
f 7425/8210 7959/8205 7937/8208 7356/8211
f 7424/8259 7371/8260 7357/8207 7426/8206
f 7423/8209 7425/8210 7356/8211 7391/8212
f 7371/8995 7424/8996 8115/8469 8098/8468
f 7458/8202 7423/8209 7391/8212 7355/8203
f 8098/8468 8115/8469 7506/8399 7518/8326
f 7960/8201 7458/8202 7355/8203 7938/8204
f 7518/8326 7506/8399 7455/8402 7396/8327
f 7457/8412 7960/8201 7938/8204 7358/8421
f 7396/8327 7455/8402 7500/8457 7488/8444
f 7367/8420 7456/8409 7457/8412 7358/8421
f 8092/8244 8108/8395 7456/8398 7367/8245
f 7488/8444 7500/8457 8108/8395 8092/8244
f 7920/7905 7234/7906 7165/7907 7898/7908
f 7233/7910 7920/7905 7898/7908 7164/7911
f 7232/7959 7179/7960 7165/7907 7234/7906
f 7231/7909 7233/7910 7164/7911 7199/7912
f 7179/8977 7232/8978 8076/8169 8059/8168
f 7266/7902 7231/7909 7199/7912 7163/7903
f 8059/8168 8076/8169 7314/8099 7326/8026
f 7921/7901 7266/7902 7163/7903 7899/7904
f 7326/8026 7314/8099 7263/8102 7204/8027
f 7265/8112 7921/7901 7899/7904 7166/8121
f 7204/8027 7263/8102 7308/8157 7296/8144
f 7175/8120 7264/8109 7265/8112 7166/8121
f 8053/7944 8069/8095 7264/8098 7175/7945
f 7296/8144 7308/8157 8069/8095 8053/7944
f 7825/8898 7830/8884 7782/8883 7803/8899
f 7801/8921 7779/8922 7830/8884 7825/8898
f 7803/8899 7782/8883 7821/8890 7823/8903
f 7779/8920 7801/8910 7800/8908 7777/8918
f 7823/8903 7821/8890 7780/8889 7806/8904
f 7778/8917 7777/8918 7800/8908 7805/8907
f 7806/8891 7780/8892 7776/8893 7804/8894
f 7776/8893 7775/8916 7799/8906 7804/8894
f 7775/8916 7781/8919 7802/8909 7799/8906
f 7781/8919 7778/8917 7805/8907 7802/8909
f 7882/7601 7074/7602 6971/7603 7860/7604
f 7073/7812 7882/7601 7860/7604 6974/7821
f 7074/7602 7039/7609 7007/7612 6971/7603
f 6983/7820 7072/7809 7073/7812 6974/7821
f 7039/7609 7041/7610 6972/7611 7007/7612
f 8014/7644 8030/7795 7072/7798 6983/7645
f 7041/7610 7881/7605 7859/7608 6972/7611
f 7104/7844 7116/7857 8030/7795 8014/7644
f 7881/7605 7042/7606 6973/7607 7859/7608
f 7012/7727 7071/7802 7116/7857 7104/7844
f 7040/7659 6987/7660 6973/7607 7042/7606
f 7134/7726 7122/7799 7071/7802 7012/7727
f 6987/8959 7040/8960 8037/7869 8020/7868
f 8020/7868 8037/7869 7122/7799 7134/7726
f 2168/2634 2163/2467 2165/2470 2183/2635
f 2184/2662 2198/2462 2163/2467 2168/2634
f 2183/2635 2165/2470 2852/2463 2844/2642
f 2844/2642 2852/2463 2166/2466 2185/2643
f 2845/2664 2853/2459 2198/2462 2184/2662
f 2186/2669 2197/2668 2853/2459 2845/2664
f 2196/2667 2197/2668 2186/2669 2169/2670
f 3001/2653 2196/2654 2169/2655 2997/2656
f 2240/2714 3001/2653 2997/2656 2236/2715
f 2170/2666 2185/2643 2166/2466 2164/2517
f 2164/3536 3008/2727 3017/2733 2170/3542
f 3008/2727 2246/2657 2254/2660 3017/2733
f 2246/2657 2195/2658 2167/2659 2254/2660
f 2195/2658 2240/2714 2236/2715 2167/2659
f 1978/2366 1993/2343 1974/2166 1972/2217
f 1972/3518 2969/2427 2978/2433 1978/3524
f 2805/2342 2813/2163 1974/2166 1993/2343
f 2969/2427 2054/2357 2062/2360 2978/2433
f 1991/2335 1973/2170 2813/2163 2805/2342
f 2054/2357 2003/2358 1975/2359 2062/2360
f 1976/2334 1971/2167 1973/2170 1991/2335
f 1992/2362 2006/2162 1971/2167 1976/2334
f 2806/2364 2814/2159 2006/2162 1992/2362
f 1994/2369 2005/2368 2814/2159 2806/2364
f 2003/2358 2048/2414 2044/2415 1975/2359
f 2004/2367 2005/2368 1994/2369 1977/2370
f 2048/2414 2962/2353 2958/2356 2044/2415
f 2962/2353 2004/2354 1977/2355 2958/2356
f 2360/2934 2355/2767 2357/2770 2375/2935
f 2376/2962 2390/2762 2355/2767 2360/2934
f 2375/2935 2357/2770 2891/2763 2883/2942
f 2883/2942 2891/2763 2358/2766 2377/2943
f 2884/2964 2892/2759 2390/2762 2376/2962
f 2378/2969 2389/2968 2892/2759 2884/2964
f 2388/2967 2389/2968 2378/2969 2361/2970
f 3040/2953 2388/2954 2361/2955 3036/2956
f 2432/3014 3040/2953 3036/2956 2428/3015
f 2387/2958 2432/3014 2428/3015 2359/2959
f 2362/2966 2377/2943 2358/2766 2356/2817
f 2438/2957 2387/2958 2359/2959 2446/2960
f 2356/3554 3047/3027 3056/3033 2362/3560
f 3047/3027 2438/2957 2446/2960 3056/3033
f 2552/3236 2547/3067 2549/3070 2567/3237
f 2568/3264 2582/3062 2547/3067 2552/3236
f 2567/3237 2549/3070 2930/3063 2922/3244
f 2922/3244 2930/3063 2550/3066 2569/3245
f 2923/3266 2931/3059 2582/3062 2568/3264
f 2570/3271 2581/3270 2931/3059 2923/3266
f 2580/3269 2581/3270 2570/3271 2553/3272
f 3079/3255 2580/3256 2553/3257 3075/3258
f 2624/3317 3079/3255 3075/3258 2620/3318
f 2579/3260 2624/3317 2620/3318 2551/3261
f 2554/3268 2569/3245 2550/3066 2548/3117
f 2630/3259 2579/3260 2551/3261 2638/3262
f 2548/3117 3086/3330 3095/3336 2554/3268
f 3086/3330 2630/3259 2638/3262 3095/3336
f 2788/3439 2762/3440 2714/3441 2781/3442
f 2781/3442 2714/3441 2753/3446 2787/3445
f 2779/3489 2711/3480 2762/3440 2788/3439
f 2787/3445 2753/3446 2712/3447 2785/3448
f 2711/3478 2779/3443 2780/3435 2709/3476
f 2785/3463 2712/3452 2708/3451 2786/3455
f 2709/3476 2780/3435 2783/3436 2710/3475
f 2707/3474 2782/3438 2786/3455 2708/3451
f 2710/3475 2783/3436 2784/3437 2713/3477
f 2713/3477 2784/3437 2782/3438 2707/3474
f 7622/8710 7616/8559 7618/8506 7637/8687
f 7616/8559 7622/8710 8163/8778 8154/8772
f 7990/8688 7637/8687 7618/8506 7998/8505
f 8154/8772 8163/8778 7706/8702 7698/8701
f 7635/8679 7990/8688 7998/8505 7617/8510
f 7698/8701 7706/8702 7619/8703 7647/8704
f 7620/8680 7635/8679 7617/8510 7615/8509
f 7647/8704 7619/8703 7688/8759 7692/8760
f 7636/8706 7620/8680 7615/8509 7650/8502
f 7692/8760 7688/8759 8143/8698 8147/8697
f 8147/8697 8143/8698 7621/8699 7648/8700
f 7991/8708 7636/8706 7650/8502 7999/8501
f 7638/8713 7991/8708 7999/8501 7649/8714
f 7648/8711 7621/8712 7638/8713 7649/8714
f 7951/8386 7445/8385 7426/8206 7959/8205
f 7443/8377 7951/8386 7959/8205 7425/8210
f 7430/8408 7424/8259 7426/8206 7445/8385
f 7428/8378 7443/8377 7425/8210 7423/8209
f 7424/8996 7430/9002 8124/8475 8115/8469
f 7444/8404 7428/8378 7423/8209 7458/8202
f 8115/8469 8124/8475 7514/8400 7506/8399
f 7952/8406 7444/8404 7458/8202 7960/8201
f 7506/8399 7514/8400 7427/8401 7455/8402
f 7446/8411 7952/8406 7960/8201 7457/8412
f 7455/8402 7427/8401 7496/8456 7500/8457
f 7456/8409 7429/8410 7446/8411 7457/8412
f 7500/8457 7496/8456 8104/8396 8108/8395
f 8108/8395 8104/8396 7429/8397 7456/8398
f 7912/8086 7253/8085 7234/7906 7920/7905
f 7251/8077 7912/8086 7920/7905 7233/7910
f 7238/8108 7232/7959 7234/7906 7253/8085
f 7236/8078 7251/8077 7233/7910 7231/7909
f 7232/8978 7238/8984 8085/8175 8076/8169
f 7252/8104 7236/8078 7231/7909 7266/7902
f 8076/8169 8085/8175 7322/8100 7314/8099
f 7913/8106 7252/8104 7266/7902 7921/7901
f 7314/8099 7322/8100 7235/8101 7263/8102
f 7254/8111 7913/8106 7921/7901 7265/8112
f 7263/8102 7235/8101 7304/8156 7308/8157
f 7264/8109 7237/8110 7254/8111 7265/8112
f 7308/8157 7304/8156 8065/8096 8069/8095
f 8069/8095 8065/8096 7237/8097 7264/8098
f 7856/8881 7849/8882 7782/8883 7830/8884
f 7847/8931 7856/8881 7830/8884 7779/8922
f 7849/8882 7855/8887 7821/8890 7782/8883
f 7779/8920 7777/8918 7848/8877 7847/8885
f 7855/8887 7853/8888 7780/8889 7821/8890
f 7777/8918 7778/8917 7851/8878 7848/8877
f 7853/8905 7854/8897 7776/8893 7780/8892
f 7778/8917 7781/8919 7852/8879 7851/8878
f 7775/8916 7776/8893 7854/8897 7850/8880
f 7781/8919 7775/8916 7850/8880 7852/8879
f 7874/7806 7060/7804 7074/7602 7882/7601
f 7062/7811 7874/7806 7882/7601 7073/7812
f 7060/7804 7044/7778 7039/7609 7074/7602
f 7072/7809 7045/7810 7062/7811 7073/7812
f 7044/7778 7059/7777 7041/7610 7039/7609
f 8030/7795 8026/7796 7045/7797 7072/7798
f 7059/7777 7873/7786 7881/7605 7041/7610
f 7116/7857 7112/7856 8026/7796 8030/7795
f 7873/7786 7061/7785 7042/7606 7881/7605
f 7071/7802 7043/7801 7112/7856 7116/7857
f 7046/7808 7040/7659 7042/7606 7061/7785
f 7122/7799 7130/7800 7043/7801 7071/7802
f 7040/8960 7046/8966 8046/7875 8037/7869
f 8037/7869 8046/7875 7130/7800 7122/7799
f 2189/2633 2168/2634 2183/2635 2188/2636
f 2181/2661 2184/2662 2168/2634 2189/2633
f 2188/2636 2183/2635 2844/2642 2849/2641
f 2850/2663 2845/2664 2184/2662 2181/2661
f 2849/2641 2844/2642 2185/2643 2187/2644
f 2190/2665 2187/2644 2185/2643 2170/2666
f 2182/2520 2186/2669 2845/2664 2850/2663
f 2169/2670 2186/2669 2182/2520 2180/2519
f 2997/2656 2169/2655 2180/2496 2998/2495
f 2236/2715 2997/2656 2998/2495 2237/2700
f 2167/2659 2236/2715 2237/2700 2179/2580
f 2170/3542 3017/2733 3016/2732 2190/3541
f 3017/2733 2254/2660 2256/2579 3016/2732
f 2254/2660 2167/2659 2179/2580 2256/2579
f 1998/2365 1995/2344 1993/2343 1978/2366
f 1978/3524 2978/2433 2977/2432 1998/3523
f 2810/2341 2805/2342 1993/2343 1995/2344
f 2978/2433 2062/2360 2064/2279 2977/2432
f 1996/2336 1991/2335 2805/2342 2810/2341
f 2062/2360 1975/2359 1987/2280 2064/2279
f 1997/2333 1976/2334 1991/2335 1996/2336
f 1975/2359 2044/2415 2045/2400 1987/2280
f 1989/2361 1992/2362 1976/2334 1997/2333
f 2811/2363 2806/2364 1992/2362 1989/2361
f 1990/2220 1994/2369 2806/2364 2811/2363
f 1977/2370 1994/2369 1990/2220 1988/2219
f 2044/2415 2958/2356 2959/2195 2045/2400
f 2958/2356 1977/2355 1988/2196 2959/2195
f 2381/2933 2360/2934 2375/2935 2380/2936
f 2373/2961 2376/2962 2360/2934 2381/2933
f 2380/2936 2375/2935 2883/2942 2888/2941
f 2889/2963 2884/2964 2376/2962 2373/2961
f 2888/2941 2883/2942 2377/2943 2379/2944
f 2382/2965 2379/2944 2377/2943 2362/2966
f 2374/2820 2378/2969 2884/2964 2889/2963
f 2361/2970 2378/2969 2374/2820 2372/2819
f 3036/2956 2361/2955 2372/2796 3037/2795
f 2428/3015 3036/2956 3037/2795 2429/3000
f 2359/2959 2428/3015 2429/3000 2371/2880
f 2446/2960 2359/2959 2371/2880 2448/2879
f 2362/3560 3056/3033 3055/3032 2382/3559
f 3056/3033 2446/2960 2448/2879 3055/3032
f 2573/3235 2552/3236 2567/3237 2572/3238
f 2565/3263 2568/3264 2552/3236 2573/3235
f 2572/3238 2567/3237 2922/3244 2927/3243
f 2928/3265 2923/3266 2568/3264 2565/3263
f 2927/3243 2922/3244 2569/3245 2571/3246
f 2574/3267 2571/3246 2569/3245 2554/3268
f 2566/3120 2570/3271 2923/3266 2928/3265
f 2553/3272 2570/3271 2566/3120 2564/3119
f 3075/3258 2553/3257 2564/3096 3076/3095
f 2620/3318 3075/3258 3076/3095 2621/3302
f 2551/3261 2620/3318 2621/3302 2563/3178
f 2638/3262 2551/3261 2563/3178 2640/3177
f 2554/3268 3095/3336 3094/3335 2574/3267
f 3095/3336 2638/3262 2640/3177 3094/3335
f 2763/3427 2788/3439 2781/3442 2699/3428
f 2702/3486 2779/3489 2788/3439 2763/3427
f 2699/3428 2781/3442 2787/3445 2751/3432
f 2751/3432 2787/3445 2785/3448 2701/3433
f 2779/3443 2702/3444 2704/3377 2780/3435
f 2701/3431 2785/3463 2786/3455 2705/3390
f 2780/3435 2704/3377 2703/3380 2783/3436
f 2782/3438 2706/3384 2705/3390 2786/3455
f 2783/3436 2703/3380 2700/3381 2784/3437
f 2784/3437 2700/3381 2706/3384 2782/3438
f 7642/8709 7622/8710 7637/8687 7639/8686
f 7622/8710 7642/8709 8162/8777 8163/8778
f 7995/8685 7639/8686 7637/8687 7990/8688
f 8163/8778 8162/8777 7708/8619 7706/8702
f 7640/8678 7995/8685 7990/8688 7635/8679
f 7706/8702 7708/8619 7631/8622 7619/8703
f 7641/8677 7640/8678 7635/8679 7620/8680
f 7619/8703 7631/8622 7689/8745 7688/8759
f 7633/8705 7641/8677 7620/8680 7636/8706
f 7688/8759 7689/8745 8144/8537 8143/8698
f 7996/8707 7633/8705 7636/8706 7991/8708
f 8143/8698 8144/8537 7632/8540 7621/8699
f 7621/8712 7632/8561 7634/8564 7638/8713
f 7634/8564 7996/8707 7991/8708 7638/8713
f 7956/8383 7447/8384 7445/8385 7951/8386
f 7448/8376 7956/8383 7951/8386 7443/8377
f 7450/8407 7430/8408 7445/8385 7447/8384
f 7449/8375 7448/8376 7443/8377 7428/8378
f 7430/9002 7450/9001 8123/8474 8124/8475
f 7441/8403 7449/8375 7428/8378 7444/8404
f 8124/8475 8123/8474 7516/8321 7514/8400
f 7957/8405 7441/8403 7444/8404 7952/8406
f 7514/8400 7516/8321 7439/8324 7427/8401
f 7442/8264 7957/8405 7952/8406 7446/8411
f 7427/8401 7439/8324 7497/8443 7496/8456
f 7429/8410 7440/8261 7442/8264 7446/8411
f 7496/8456 7497/8443 8105/8237 8104/8396
f 8104/8396 8105/8237 7440/8240 7429/8397
f 7917/8083 7255/8084 7253/8085 7912/8086
f 7256/8076 7917/8083 7912/8086 7251/8077
f 7258/8107 7238/8108 7253/8085 7255/8084
f 7257/8075 7256/8076 7251/8077 7236/8078
f 7238/8984 7258/8983 8084/8174 8085/8175
f 7249/8103 7257/8075 7236/8078 7252/8104
f 8085/8175 8084/8174 7324/8021 7322/8100
f 7918/8105 7249/8103 7252/8104 7913/8106
f 7322/8100 7324/8021 7247/8024 7235/8101
f 7250/7964 7918/8105 7913/8106 7254/8111
f 7235/8101 7247/8024 7305/8143 7304/8156
f 7237/8110 7248/7961 7250/7964 7254/8111
f 7304/8156 7305/8143 8066/7937 8065/8096
f 8065/8096 8066/7937 7248/7940 7237/8097
f 7831/8871 7767/8870 7849/8882 7856/8881
f 7770/8928 7831/8871 7856/8881 7847/8931
f 7767/8870 7819/8875 7855/8887 7849/8882
f 7847/8885 7848/8877 7772/8819 7770/8886
f 7819/8875 7769/8874 7853/8888 7855/8887
f 7848/8877 7851/8878 7771/8820 7772/8819
f 7769/8873 7773/8831 7854/8897 7853/8905
f 7851/8878 7852/8879 7768/8823 7771/8820
f 7850/8880 7854/8897 7773/8831 7774/8824
f 7852/8879 7850/8880 7774/8824 7768/8823
f 7879/7805 7057/7803 7060/7804 7874/7806
f 7058/7664 7879/7805 7874/7806 7062/7811
f 7057/7803 7065/7775 7044/7778 7060/7804
f 7045/7810 7056/7661 7058/7664 7062/7811
f 7065/7775 7064/7776 7059/7777 7044/7778
f 8026/7796 8027/7637 7056/7640 7045/7797
f 7064/7776 7878/7783 7873/7786 7059/7777
f 7112/7856 7113/7843 8027/7637 8026/7796
f 7878/7783 7063/7784 7061/7785 7873/7786
f 7043/7801 7055/7724 7113/7843 7112/7856
f 7066/7807 7046/7808 7061/7785 7063/7784
f 7130/7800 7132/7721 7055/7724 7043/7801
f 7046/8966 7066/8965 8045/7874 8046/7875
f 8046/7875 8045/7874 7132/7721 7130/7800
f 2130/2492 2189/2633 2188/2636 2093/2493
f 2094/2485 2181/2661 2189/2633 2130/2492
f 2093/2493 2188/2636 2849/2641 2829/2488
f 2828/2484 2850/2663 2181/2661 2094/2485
f 2829/2488 2849/2641 2187/2644 2092/2489
f 2091/2521 2182/2520 2850/2663 2828/2484
f 2112/2514 2092/2489 2187/2644 2190/2665
f 2190/3541 3016/2732 2990/2728 2112/3537
f 2180/2519 2182/2520 2091/2521 2108/2522
f 2998/2495 2180/2496 2108/2497 2984/2498
f 2237/2700 2998/2495 2984/2498 2227/2701
f 2179/2580 2237/2700 2227/2701 2135/2581
f 2256/2579 2179/2580 2135/2581 2259/2582
f 3016/2732 2256/2579 2259/2582 2990/2728
f 1920/2214 1900/2189 1995/2344 1998/2365
f 1998/3523 2977/2432 2951/2428 1920/3519
f 2790/2188 2810/2341 1995/2344 1900/2189
f 2977/2432 2064/2279 2067/2282 2951/2428
f 1901/2193 1996/2336 2810/2341 2790/2188
f 2064/2279 1987/2280 1943/2281 2067/2282
f 1938/2192 1997/2333 1996/2336 1901/2193
f 1987/2280 2045/2400 2035/2401 1943/2281
f 1902/2185 1989/2361 1997/2333 1938/2192
f 2045/2400 2959/2195 2945/2198 2035/2401
f 2789/2184 2811/2363 1989/2361 1902/2185
f 1899/2221 1990/2220 2811/2363 2789/2184
f 1988/2219 1990/2220 1899/2221 1916/2222
f 2959/2195 1988/2196 1916/2197 2945/2198
f 2322/2792 2381/2933 2380/2936 2285/2793
f 2286/2785 2373/2961 2381/2933 2322/2792
f 2285/2793 2380/2936 2888/2941 2868/2788
f 2867/2784 2889/2963 2373/2961 2286/2785
f 2868/2788 2888/2941 2379/2944 2284/2789
f 2283/2821 2374/2820 2889/2963 2867/2784
f 2304/2814 2284/2789 2379/2944 2382/2965
f 2382/3559 3055/3032 3029/3028 2304/3555
f 2372/2819 2374/2820 2283/2821 2300/2822
f 3037/2795 2372/2796 2300/2797 3023/2798
f 2429/3000 3037/2795 3023/2798 2419/3001
f 2371/2880 2429/3000 2419/3001 2327/2881
f 2448/2879 2371/2880 2327/2881 2451/2882
f 3055/3032 2448/2879 2451/2882 3029/3028
f 2514/3092 2573/3235 2572/3238 2477/3093
f 2478/3085 2565/3263 2573/3235 2514/3092
f 2477/3093 2572/3238 2927/3243 2907/3088
f 2906/3084 2928/3265 2565/3263 2478/3085
f 2907/3088 2927/3243 2571/3246 2476/3089
f 2475/3121 2566/3120 2928/3265 2906/3084
f 2496/3114 2476/3089 2571/3246 2574/3267
f 2574/3267 3094/3335 3068/3331 2496/3114
f 2564/3119 2566/3120 2475/3121 2492/3122
f 3076/3095 2564/3096 2492/3097 3062/3098
f 2621/3302 3076/3095 3062/3098 2611/3303
f 2563/3178 2621/3302 2611/3303 2519/3179
f 2640/3177 2563/3178 2519/3179 2643/3180
f 3094/3335 2640/3177 2643/3180 3068/3331
f 2759/3426 2763/3427 2699/3428 2739/3429
f 2742/3485 2702/3486 2763/3427 2759/3426
f 2739/3429 2699/3428 2751/3432 2756/3386
f 2702/3444 2742/3434 2743/3378 2704/3377
f 2756/3386 2751/3432 2701/3433 2740/3387
f 2740/3430 2701/3431 2705/3390 2746/3389
f 2704/3377 2743/3378 2741/3379 2703/3380
f 2706/3384 2745/3383 2746/3389 2705/3390
f 2703/3380 2741/3379 2744/3382 2700/3381
f 2700/3381 2744/3382 2745/3383 2706/3384
f 7564/8556 7642/8709 7639/8686 7544/8531
f 7642/8709 7564/8556 8136/8773 8162/8777
f 7975/8532 7544/8531 7639/8686 7995/8685
f 8162/8777 8136/8773 7711/8620 7708/8619
f 7545/8535 7975/8532 7995/8685 7640/8678
f 7708/8619 7711/8620 7587/8621 7631/8622
f 7582/8536 7545/8535 7640/8678 7641/8677
f 7631/8622 7587/8621 7679/8744 7689/8745
f 7546/8527 7582/8536 7641/8677 7633/8705
f 7689/8745 7679/8744 8130/8538 8144/8537
f 7974/8528 7546/8527 7633/8705 7996/8707
f 8144/8537 8130/8538 7560/8539 7632/8540
f 7543/8563 7974/8528 7996/8707 7634/8564
f 7632/8561 7560/8562 7543/8563 7634/8564
f 7936/8232 7352/8231 7447/8384 7956/8383
f 7353/8235 7936/8232 7956/8383 7448/8376
f 7372/8256 7450/8407 7447/8384 7352/8231
f 7390/8236 7353/8235 7448/8376 7449/8375
f 7450/9001 7372/8997 8097/8470 8123/8474
f 7354/8227 7390/8236 7449/8375 7441/8403
f 8123/8474 8097/8470 7519/8322 7516/8321
f 7935/8228 7354/8227 7441/8403 7957/8405
f 7516/8321 7519/8322 7395/8323 7439/8324
f 7351/8263 7935/8228 7957/8405 7442/8264
f 7439/8324 7395/8323 7487/8442 7497/8443
f 7440/8261 7368/8262 7351/8263 7442/8264
f 7497/8443 7487/8442 8091/8238 8105/8237
f 8105/8237 8091/8238 7368/8239 7440/8240
f 7897/7932 7160/7931 7255/8084 7917/8083
f 7161/7935 7897/7932 7917/8083 7256/8076
f 7180/7956 7258/8107 7255/8084 7160/7931
f 7198/7936 7161/7935 7256/8076 7257/8075
f 7258/8983 7180/8979 8058/8170 8084/8174
f 7162/7927 7198/7936 7257/8075 7249/8103
f 8084/8174 8058/8170 7327/8022 7324/8021
f 7896/7928 7162/7927 7249/8103 7918/8105
f 7324/8021 7327/8022 7203/8023 7247/8024
f 7159/7963 7896/7928 7918/8105 7250/7964
f 7247/8024 7203/8023 7295/8142 7305/8143
f 7248/7961 7176/7962 7159/7963 7250/7964
f 7305/8143 7295/8142 8052/7938 8066/7937
f 8066/7937 8052/7938 7176/7939 7248/7940
f 7827/8868 7807/8869 7767/8870 7831/8871
f 7810/8927 7827/8868 7831/8871 7770/8928
f 7807/8869 7824/8830 7819/8875 7767/8870
f 7770/8886 7772/8819 7811/8822 7810/8876
f 7824/8830 7808/8829 7769/8874 7819/8875
f 7772/8819 7771/8820 7809/8821 7811/8822
f 7808/8872 7814/8832 7773/8831 7769/8873
f 7771/8820 7768/8823 7812/8826 7809/8821
f 7774/8824 7773/8831 7814/8832 7813/8825
f 7768/8823 7774/8824 7813/8825 7812/8826
f 7857/7628 6970/7627 7057/7803 7879/7805
f 6967/7663 7857/7628 7879/7805 7058/7664
f 6970/7627 7006/7636 7065/7775 7057/7803
f 7056/7661 6984/7662 6967/7663 7058/7664
f 7006/7636 6969/7635 7064/7776 7065/7775
f 8027/7637 8013/7638 6984/7639 7056/7640
f 6969/7635 7858/7632 7878/7783 7064/7776
f 7113/7843 7103/7842 8013/7638 8027/7637
f 7858/7632 6968/7631 7063/7784 7878/7783
f 7055/7724 7011/7723 7103/7842 7113/7843
f 6988/7656 7066/7807 7063/7784 6968/7631
f 7132/7721 7135/7722 7011/7723 7055/7724
f 7066/8965 6988/8961 8019/7870 8045/7874
f 8045/7874 8019/7870 7135/7722 7132/7721
f 2206/2491 2130/2492 2093/2493 2209/2494
f 2203/2486 2094/2485 2130/2492 2206/2491
f 2209/2494 2093/2493 2829/2488 2857/2487
f 2856/2483 2828/2484 2094/2485 2203/2486
f 2857/2487 2829/2488 2092/2489 2204/2490
f 2208/2687 2091/2521 2828/2484 2856/2483
f 2205/2513 2204/2490 2092/2489 2112/2514
f 2108/2522 2091/2521 2208/2687 2210/2688
f 2112/3537 2990/2728 3010/2729 2205/3538
f 2990/2728 2259/2582 2245/2690 3010/2729
f 2984/2498 2108/2497 2210/2691 3002/2692
f 2227/2701 2984/2498 3002/2692 2241/2717
f 2135/2581 2227/2701 2241/2717 2207/2689
f 2259/2582 2135/2581 2207/2689 2245/2690
f 2013/2213 2012/2190 1900/2189 1920/2214
f 1920/3519 2951/2428 2971/2429 2013/3520
f 2818/2187 2790/2188 1900/2189 2012/2190
f 2951/2428 2067/2282 2053/2390 2971/2429
f 2017/2194 1901/2193 2790/2188 2818/2187
f 2067/2282 1943/2281 2015/2389 2053/2390
f 2014/2191 1938/2192 1901/2193 2017/2194
f 1943/2281 2035/2401 2049/2417 2015/2389
f 2011/2186 1902/2185 1938/2192 2014/2191
f 2035/2401 2945/2198 2963/2392 2049/2417
f 2817/2183 2789/2184 1902/2185 2011/2186
f 2945/2198 1916/2197 2018/2391 2963/2392
f 2016/2387 1899/2221 2789/2184 2817/2183
f 1916/2222 1899/2221 2016/2387 2018/2388
f 2398/2791 2322/2792 2285/2793 2401/2794
f 2395/2786 2286/2785 2322/2792 2398/2791
f 2401/2794 2285/2793 2868/2788 2896/2787
f 2895/2783 2867/2784 2286/2785 2395/2786
f 2896/2787 2868/2788 2284/2789 2396/2790
f 2400/2987 2283/2821 2867/2784 2895/2783
f 2397/2813 2396/2790 2284/2789 2304/2814
f 2300/2822 2283/2821 2400/2987 2402/2988
f 2304/3555 3029/3028 3049/3029 2397/3556
f 3029/3028 2451/2882 2437/2990 3049/3029
f 3023/2798 2300/2797 2402/2991 3041/2992
f 2419/3001 3023/2798 3041/2992 2433/3017
f 2327/2881 2419/3001 2433/3017 2399/2989
f 2451/2882 2327/2881 2399/2989 2437/2990
f 2590/3091 2514/3092 2477/3093 2593/3094
f 2587/3086 2478/3085 2514/3092 2590/3091
f 2593/3094 2477/3093 2907/3088 2935/3087
f 2934/3083 2906/3084 2478/3085 2587/3086
f 2935/3087 2907/3088 2476/3089 2588/3090
f 2592/3289 2475/3121 2906/3084 2934/3083
f 2589/3113 2588/3090 2476/3089 2496/3114
f 2492/3122 2475/3121 2592/3289 2594/3290
f 2496/3114 3068/3331 3088/3332 2589/3113
f 3068/3331 2643/3180 2629/3292 3088/3332
f 3062/3098 2492/3097 2594/3293 3080/3294
f 2611/3303 3062/3098 3080/3294 2625/3320
f 2519/3179 2611/3303 2625/3320 2591/3291
f 2643/3180 2519/3179 2591/3291 2629/3292
f 2760/3421 2759/3426 2739/3429 2698/3422
f 2695/3482 2742/3485 2759/3426 2760/3421
f 2698/3422 2739/3429 2756/3386 2750/3385
f 2742/3434 2695/3398 2693/3401 2743/3378
f 2750/3385 2756/3386 2740/3387 2696/3388
f 2743/3378 2693/3401 2694/3407 2741/3379
f 2696/3425 2740/3430 2746/3389 2692/3394
f 2745/3383 2691/3391 2692/3394 2746/3389
f 2741/3379 2694/3407 2697/3412 2744/3382
f 2744/3382 2697/3412 2691/3391 2745/3383
f 7657/8555 7564/8556 7544/8531 7656/8530
f 7564/8556 7657/8555 8156/8774 8136/8773
f 8003/8529 7656/8530 7544/8531 7975/8532
f 8136/8773 8156/8774 7697/8733 7711/8620
f 7661/8534 8003/8529 7975/8532 7545/8535
f 7711/8620 7697/8733 7659/8734 7587/8621
f 7658/8533 7661/8534 7545/8535 7582/8536
f 7587/8621 7659/8734 7693/8762 7679/8744
f 7655/8526 7658/8533 7582/8536 7546/8527
f 7679/8744 7693/8762 8148/8735 8130/8538
f 8002/8525 7655/8526 7546/8527 7974/8528
f 8130/8538 8148/8735 7662/8736 7560/8539
f 7660/8732 8002/8525 7974/8528 7543/8563
f 7560/8562 7662/8731 7660/8732 7543/8563
f 7964/8229 7464/8230 7352/8231 7936/8232
f 7469/8234 7964/8229 7936/8232 7353/8235
f 7465/8255 7372/8256 7352/8231 7464/8230
f 7466/8233 7469/8234 7353/8235 7390/8236
f 7372/8997 7465/8998 8117/8471 8097/8470
f 7463/8226 7466/8233 7390/8236 7354/8227
f 8097/8470 8117/8471 7505/8431 7519/8322
f 7963/8225 7463/8226 7354/8227 7935/8228
f 7519/8322 7505/8431 7467/8432 7395/8323
f 7468/8430 7963/8225 7935/8228 7351/8263
f 7395/8323 7467/8432 7501/8459 7487/8442
f 7368/8262 7470/8429 7468/8430 7351/8263
f 7487/8442 7501/8459 8109/8433 8091/8238
f 8091/8238 8109/8433 7470/8434 7368/8239
f 7925/7929 7272/7930 7160/7931 7897/7932
f 7277/7934 7925/7929 7897/7932 7161/7935
f 7273/7955 7180/7956 7160/7931 7272/7930
f 7274/7933 7277/7934 7161/7935 7198/7936
f 7180/8979 7273/8980 8078/8171 8058/8170
f 7271/7926 7274/7933 7198/7936 7162/7927
f 8058/8170 8078/8171 7313/8131 7327/8022
f 7924/7925 7271/7926 7162/7927 7896/7928
f 7327/8022 7313/8131 7275/8132 7203/8023
f 7276/8130 7924/7925 7896/7928 7159/7963
f 7203/8023 7275/8132 7309/8159 7295/8142
f 7176/7962 7278/8129 7276/8130 7159/7963
f 7295/8142 7309/8159 8070/8133 8052/7938
f 8052/7938 8070/8133 7278/8134 7176/7939
f 7828/8864 7766/8863 7807/8869 7827/8868
f 7763/8924 7828/8864 7827/8868 7810/8927
f 7766/8863 7818/8827 7824/8830 7807/8869
f 7810/8876 7811/8822 7761/8841 7763/8840
f 7818/8827 7764/8828 7808/8829 7824/8830
f 7811/8822 7809/8821 7762/8848 7761/8841
f 7764/8867 7760/8834 7814/8832 7808/8872
f 7809/8821 7812/8826 7765/8854 7762/8848
f 7813/8825 7814/8832 7760/8834 7759/8833
f 7812/8826 7813/8825 7759/8833 7765/8854
f 7885/7625 7079/7626 6970/7627 7857/7628
f 7084/7830 7885/7625 7857/7628 6967/7663
f 7079/7626 7082/7633 7006/7636 6970/7627
f 6984/7662 7086/7829 7084/7830 6967/7663
f 7082/7633 7085/7634 6969/7635 7006/7636
f 8013/7638 8031/7833 7086/7834 6984/7639
f 7085/7634 7886/7629 7858/7632 6969/7635
f 7103/7842 7117/7859 8031/7833 8013/7638
f 7886/7629 7080/7630 6968/7631 7858/7632
f 7011/7723 7083/7832 7117/7859 7103/7842
f 7081/7655 6988/7656 6968/7631 7080/7630
f 7135/7722 7121/7831 7083/7832 7011/7723
f 6988/8961 7081/8962 8039/7871 8019/7870
f 8019/7870 8039/7871 7121/7831 7135/7722
f 2214/2684 2206/2491 2209/2494 2217/2685
f 2211/2681 2203/2486 2206/2491 2214/2684
f 2217/2685 2209/2494 2857/2487 2859/2682
f 2858/2680 2856/2483 2203/2486 2211/2681
f 2859/2682 2857/2487 2204/2490 2212/2683
f 2216/2650 2208/2687 2856/2483 2858/2680
f 2213/2686 2212/2683 2204/2490 2205/2513
f 2210/2688 2208/2687 2216/2650 2218/2649
f 2205/3538 3010/2729 3007/2722 2213/3531
f 3002/2692 2210/2691 2218/2676 3003/2675
f 3010/2729 2245/2690 2244/2673 3007/2722
f 2245/2690 2207/2689 2215/2674 2244/2673
f 2241/2717 3002/2692 3003/2675 2242/2716
f 2207/2689 2241/2717 2242/2716 2215/2674
f 2021/2386 2020/2383 2012/2190 2013/2213
f 2013/3520 2971/2429 2968/2422 2021/3513
f 2820/2382 2818/2187 2012/2190 2020/2383
f 2971/2429 2053/2390 2052/2373 2968/2422
f 2025/2385 2017/2194 2818/2187 2820/2382
f 2053/2390 2015/2389 2023/2374 2052/2373
f 2022/2384 2014/2191 2017/2194 2025/2385
f 2015/2389 2049/2417 2050/2416 2023/2374
f 2019/2381 2011/2186 2014/2191 2022/2384
f 2049/2417 2963/2392 2964/2375 2050/2416
f 2819/2380 2817/2183 2011/2186 2019/2381
f 2963/2392 2018/2391 2026/2376 2964/2375
f 2024/2350 2016/2387 2817/2183 2819/2380
f 2018/2388 2016/2387 2024/2350 2026/2349
f 2406/2984 2398/2791 2401/2794 2409/2985
f 2403/2981 2395/2786 2398/2791 2406/2984
f 2409/2985 2401/2794 2896/2787 2898/2982
f 2897/2980 2895/2783 2395/2786 2403/2981
f 2898/2982 2896/2787 2396/2790 2404/2983
f 2408/2950 2400/2987 2895/2783 2897/2980
f 2405/2986 2404/2983 2396/2790 2397/2813
f 2402/2988 2400/2987 2408/2950 2410/2949
f 2397/3556 3049/3029 3046/3022 2405/3549
f 3041/2992 2402/2991 2410/2976 3042/2975
f 3049/3029 2437/2990 2436/2973 3046/3022
f 2437/2990 2399/2989 2407/2974 2436/2973
f 2433/3017 3041/2992 3042/2975 2434/3016
f 2399/2989 2433/3017 2434/3016 2407/2974
f 2598/3286 2590/3091 2593/3094 2601/3287
f 2595/3283 2587/3086 2590/3091 2598/3286
f 2601/3287 2593/3094 2935/3087 2937/3284
f 2936/3282 2934/3083 2587/3086 2595/3283
f 2937/3284 2935/3087 2588/3090 2596/3285
f 2600/3252 2592/3289 2934/3083 2936/3282
f 2597/3288 2596/3285 2588/3090 2589/3113
f 2594/3290 2592/3289 2600/3252 2602/3251
f 2589/3113 3088/3332 3085/3325 2597/3288
f 3080/3294 2594/3293 2602/3278 3081/3277
f 3088/3332 2629/3292 2628/3275 3085/3325
f 2629/3292 2591/3291 2599/3276 2628/3275
f 2625/3320 3080/3294 3081/3277 2626/3319
f 2591/3291 2625/3320 2626/3319 2599/3276
f 2766/3409 2760/3421 2698/3422 2678/3410
f 2677/3481 2695/3482 2760/3421 2766/3409
f 2678/3410 2698/3422 2750/3385 2748/3403
f 2695/3398 2677/3399 2676/3400 2693/3401
f 2748/3403 2750/3385 2696/3388 2675/3404
f 2693/3401 2676/3400 2679/3406 2694/3407
f 2675/3396 2696/3425 2692/3394 2673/3393
f 2694/3407 2679/3406 2680/3413 2697/3412
f 2691/3391 2674/3392 2673/3393 2692/3394
f 2697/3412 2680/3413 2674/3392 2691/3391
f 7665/8730 7657/8555 7656/8530 7664/8727
f 7657/8555 7665/8730 8153/8767 8156/8774
f 8005/8726 7664/8727 7656/8530 8003/8529
f 8156/8774 8153/8767 7696/8717 7697/8733
f 7669/8729 8005/8726 8003/8529 7661/8534
f 7697/8733 7696/8717 7667/8718 7659/8734
f 7666/8728 7669/8729 7661/8534 7658/8533
f 7659/8734 7667/8718 7694/8761 7693/8762
f 7663/8725 7666/8728 7658/8533 7655/8526
f 7693/8762 7694/8761 8149/8719 8148/8735
f 8004/8724 7663/8725 7655/8526 8002/8525
f 8148/8735 8149/8719 7670/8720 7662/8736
f 7668/8696 8004/8724 8002/8525 7660/8732
f 7662/8731 7670/8693 7668/8696 7660/8732
f 7966/8424 7472/8425 7464/8230 7964/8229
f 7477/8427 7966/8424 7964/8229 7469/8234
f 7473/8428 7465/8255 7464/8230 7472/8425
f 7474/8426 7477/8427 7469/8234 7466/8233
f 7465/8998 7473/8991 8114/8464 8117/8471
f 7471/8423 7474/8426 7466/8233 7463/8226
f 8117/8471 8114/8464 7504/8415 7505/8431
f 7965/8422 7471/8423 7463/8226 7963/8225
f 7505/8431 7504/8415 7475/8416 7467/8432
f 7476/8394 7965/8422 7963/8225 7468/8430
f 7467/8432 7475/8416 7502/8458 7501/8459
f 7470/8429 7478/8391 7476/8394 7468/8430
f 7501/8459 7502/8458 8110/8417 8109/8433
f 8109/8433 8110/8417 7478/8418 7470/8434
f 7927/8124 7280/8125 7272/7930 7925/7929
f 7285/8127 7927/8124 7925/7929 7277/7934
f 7281/8128 7273/7955 7272/7930 7280/8125
f 7282/8126 7285/8127 7277/7934 7274/7933
f 7273/8980 7281/8973 8075/8164 8078/8171
f 7279/8123 7282/8126 7274/7933 7271/7926
f 8078/8171 8075/8164 7312/8115 7313/8131
f 7926/8122 7279/8123 7271/7926 7924/7925
f 7313/8131 7312/8115 7283/8116 7275/8132
f 7284/8094 7926/8122 7924/7925 7276/8130
f 7275/8132 7283/8116 7310/8158 7309/8159
f 7278/8129 7286/8091 7284/8094 7276/8130
f 7309/8159 7310/8158 8071/8117 8070/8133
f 8070/8133 8071/8117 7286/8118 7278/8134
f 7834/8853 7746/8852 7766/8863 7828/8864
f 7745/8923 7834/8853 7828/8864 7763/8924
f 7746/8852 7816/8847 7818/8827 7766/8863
f 7763/8840 7761/8841 7744/8842 7745/8843
f 7816/8847 7743/8846 7764/8828 7818/8827
f 7761/8841 7762/8848 7747/8849 7744/8842
f 7743/8839 7741/8835 7760/8834 7764/8867
f 7762/8848 7765/8854 7748/8855 7747/8849
f 7759/8833 7760/8834 7741/8835 7742/8836
f 7765/8854 7759/8833 7742/8836 7748/8855
f 7887/7822 7087/7823 7079/7626 7885/7625
f 7092/7794 7887/7822 7885/7625 7084/7830
f 7087/7823 7090/7826 7082/7633 7079/7626
f 7086/7829 7094/7791 7092/7794 7084/7830
f 7090/7826 7093/7827 7085/7634 7082/7633
f 8031/7833 8032/7817 7094/7818 7086/7834
f 7093/7827 7888/7824 7886/7629 7085/7634
f 7117/7859 7118/7858 8032/7817 8031/7833
f 7888/7824 7088/7825 7080/7630 7886/7629
f 7083/7832 7091/7816 7118/7858 7117/7859
f 7089/7828 7081/7655 7080/7630 7088/7825
f 7121/7831 7120/7815 7091/7816 7083/7832
f 7081/8962 7089/8955 8036/7864 8039/7871
f 8039/7871 8036/7864 7120/7815 7121/7831
f 2177/2697 2214/2684 2217/2685 2174/2698
f 2171/2694 2211/2681 2214/2684 2177/2697
f 2174/2698 2217/2685 2859/2682 2847/2695
f 2848/2693 2858/2680 2211/2681 2171/2694
f 2847/2695 2859/2682 2212/2683 2173/2696
f 2172/2651 2216/2650 2858/2680 2848/2693
f 2175/2699 2173/2696 2212/2683 2213/2686
f 2218/2649 2216/2650 2172/2651 2176/2652
f 2213/3531 3007/2722 3014/2723 2175/3532
f 3003/2675 2218/2676 2176/2647 2999/2646
f 3007/2722 2244/2673 2253/2613 3014/2723
f 2242/2716 3003/2675 2999/2646 2238/2712
f 2244/2673 2215/2674 2178/2614 2253/2613
f 2215/2674 2242/2716 2238/2712 2178/2614
f 1983/2399 1981/2396 2020/2383 2021/2386
f 2021/3513 2968/2422 2975/2423 1983/3514
f 2808/2395 2820/2382 2020/2383 1981/2396
f 2968/2422 2052/2373 2061/2313 2975/2423
f 1982/2398 2025/2385 2820/2382 2808/2395
f 2052/2373 2023/2374 1986/2314 2061/2313
f 1985/2397 2022/2384 2025/2385 1982/2398
f 2023/2374 2050/2416 2046/2412 1986/2314
f 1979/2394 2019/2381 2022/2384 1985/2397
f 2050/2416 2964/2375 2960/2346 2046/2412
f 2809/2393 2819/2380 2019/2381 1979/2394
f 2964/2375 2026/2376 1984/2347 2960/2346
f 1980/2351 2024/2350 2819/2380 2809/2393
f 2026/2349 2024/2350 1980/2351 1984/2352
f 2369/2997 2406/2984 2409/2985 2366/2998
f 2363/2994 2403/2981 2406/2984 2369/2997
f 2366/2998 2409/2985 2898/2982 2886/2995
f 2887/2993 2897/2980 2403/2981 2363/2994
f 2886/2995 2898/2982 2404/2983 2365/2996
f 2364/2951 2408/2950 2897/2980 2887/2993
f 2367/2999 2365/2996 2404/2983 2405/2986
f 2410/2949 2408/2950 2364/2951 2368/2952
f 2405/3549 3046/3022 3053/3023 2367/3550
f 3042/2975 2410/2976 2368/2947 3038/2946
f 3046/3022 2436/2973 2445/2913 3053/3023
f 2434/3016 3042/2975 3038/2946 2430/3012
f 2436/2973 2407/2974 2370/2914 2445/2913
f 2407/2974 2434/3016 2430/3012 2370/2914
f 2561/3299 2598/3286 2601/3287 2558/3300
f 2555/3296 2595/3283 2598/3286 2561/3299
f 2558/3300 2601/3287 2937/3284 2925/3297
f 2926/3295 2936/3282 2595/3283 2555/3296
f 2925/3297 2937/3284 2596/3285 2557/3298
f 2556/3253 2600/3252 2936/3282 2926/3295
f 2559/3301 2557/3298 2596/3285 2597/3288
f 2602/3251 2600/3252 2556/3253 2560/3254
f 2597/3288 3085/3325 3092/3326 2559/3301
f 3081/3277 2602/3278 2560/3249 3077/3248
f 3085/3325 2628/3275 2637/3215 3092/3326
f 2626/3319 3081/3277 3077/3248 2622/3315
f 2628/3275 2599/3276 2562/3216 2637/3215
f 2599/3276 2626/3319 2622/3315 2562/3216
f 2761/3408 2766/3409 2678/3410 2681/3411
f 2684/3488 2677/3481 2766/3409 2761/3408
f 2681/3411 2678/3410 2748/3403 2749/3402
f 2677/3399 2684/3424 2686/3423 2676/3400
f 2749/3402 2748/3403 2675/3404 2683/3405
f 2676/3400 2686/3423 2685/3414 2679/3406
f 2683/3395 2675/3396 2673/3393 2687/3397
f 2679/3406 2685/3414 2682/3415 2680/3413
f 2674/3392 2689/3416 2687/3397 2673/3393
f 2680/3413 2682/3415 2689/3416 2674/3392
f 7627/8743 7665/8730 7664/8727 7625/8740
f 7665/8730 7627/8743 8160/8768 8153/8767
f 7993/8739 7625/8740 7664/8727 8005/8726
f 8153/8767 8160/8768 7705/8659 7696/8717
f 7626/8742 7993/8739 8005/8726 7669/8729
f 7696/8717 7705/8659 7630/8658 7667/8718
f 7629/8741 7626/8742 7669/8729 7666/8728
f 7667/8718 7630/8658 7690/8758 7694/8761
f 7623/8738 7629/8741 7666/8728 7663/8725
f 7694/8761 7690/8758 8145/8692 8149/8719
f 7994/8737 7623/8738 7663/8725 8004/8724
f 8149/8719 8145/8692 7628/8691 7670/8720
f 7624/8695 7994/8737 8004/8724 7668/8696
f 7670/8693 7628/8694 7624/8695 7668/8696
f 7954/8437 7433/8438 7472/8425 7966/8424
f 7434/8440 7954/8437 7966/8424 7477/8427
f 7435/8441 7473/8428 7472/8425 7433/8438
f 7437/8439 7434/8440 7477/8427 7474/8426
f 7473/8991 7435/8992 8121/8465 8114/8464
f 7431/8436 7437/8439 7474/8426 7471/8423
f 8114/8464 8121/8465 7513/8357 7504/8415
f 7955/8435 7431/8436 7471/8423 7965/8422
f 7504/8415 7513/8357 7438/8356 7475/8416
f 7432/8393 7955/8435 7965/8422 7476/8394
f 7475/8416 7438/8356 7498/8455 7502/8458
f 7478/8391 7436/8392 7432/8393 7476/8394
f 7502/8458 7498/8455 8106/8390 8110/8417
f 8110/8417 8106/8390 7436/8389 7478/8418
f 7915/8137 7241/8138 7280/8125 7927/8124
f 7242/8140 7915/8137 7927/8124 7285/8127
f 7243/8141 7281/8128 7280/8125 7241/8138
f 7245/8139 7242/8140 7285/8127 7282/8126
f 7281/8973 7243/8974 8082/8165 8075/8164
f 7239/8136 7245/8139 7282/8126 7279/8123
f 8075/8164 8082/8165 7321/8057 7312/8115
f 7916/8135 7239/8136 7279/8123 7926/8122
f 7312/8115 7321/8057 7246/8056 7283/8116
f 7240/8093 7916/8135 7926/8122 7284/8094
f 7283/8116 7246/8056 7306/8155 7310/8158
f 7286/8091 7244/8092 7240/8093 7284/8094
f 7310/8158 7306/8155 8067/8090 8071/8117
f 8071/8117 8067/8090 7244/8089 7286/8118
f 7829/8850 7749/8851 7746/8852 7834/8853
f 7752/8930 7829/8850 7834/8853 7745/8923
f 7749/8851 7817/8844 7816/8847 7746/8852
f 7745/8843 7744/8842 7754/8865 7752/8866
f 7817/8844 7751/8845 7743/8846 7816/8847
f 7744/8842 7747/8849 7753/8857 7754/8865
f 7751/8837 7755/8838 7741/8835 7743/8839
f 7747/8849 7748/8855 7750/8856 7753/8857
f 7742/8836 7741/8835 7755/8838 7757/8858
f 7748/8855 7742/8836 7757/8858 7750/8856
f 7877/7835 7047/7836 7087/7823 7887/7822
f 7048/7793 7877/7835 7887/7822 7092/7794
f 7047/7836 7053/7839 7090/7826 7087/7823
f 7094/7791 7052/7792 7048/7793 7092/7794
f 7053/7839 7050/7840 7093/7827 7090/7826
f 8032/7817 8028/7790 7052/7789 7094/7818
f 7050/7840 7876/7837 7888/7824 7093/7827
f 7118/7858 7114/7855 8028/7790 8032/7817
f 7876/7837 7049/7838 7088/7825 7888/7824
f 7091/7816 7054/7756 7114/7855 7118/7858
f 7051/7841 7089/7828 7088/7825 7049/7838
f 7120/7815 7129/7757 7054/7756 7091/7816
f 7089/8955 7051/8956 8043/7865 8036/7864
f 8036/7864 8043/7865 7129/7757 7120/7815
f 2177/2697 2278/2610 2276/2611 2171/2694
f 2174/2698 2277/2609 2278/2610 2177/2697
f 2847/2695 2865/2608 2277/2609 2174/2698
f 2171/2694 2276/2611 2866/2671 2848/2693
f 2173/2696 2274/2640 2865/2608 2847/2695
f 2848/2693 2866/2671 2280/2672 2172/2651
f 2175/2699 2273/2637 2274/2640 2173/2696
f 2279/2677 2176/2652 2172/2651 2280/2672
f 2273/3544 2175/3532 3014/2723 3022/2735
f 3021/2645 2999/2646 2176/2647 2279/2648
f 3022/2735 3014/2723 2253/2613 2282/2612
f 2281/2713 2238/2712 2999/2646 3021/2645
f 2282/2612 2253/2613 2178/2614 2275/2615
f 2275/2615 2178/2614 2238/2712 2281/2713
f 1983/2399 2081/2337 2082/2340 1981/2396
f 2081/3526 1983/3514 2975/2423 2983/2435
f 1981/2396 2082/2340 2826/2308 2808/2395
f 2983/2435 2975/2423 2061/2313 2090/2312
f 2808/2395 2826/2308 2085/2309 1982/2398
f 2090/2312 2061/2313 1986/2314 2083/2315
f 1982/2398 2085/2309 2086/2310 1985/2397
f 2083/2315 1986/2314 2046/2412 2089/2413
f 1985/2397 2086/2310 2084/2311 1979/2394
f 2089/2413 2046/2412 2960/2346 2982/2345
f 1979/2394 2084/2311 2827/2371 2809/2393
f 2982/2345 2960/2346 1984/2347 2087/2348
f 2809/2393 2827/2371 2088/2372 1980/2351
f 2087/2377 1984/2352 1980/2351 2088/2372
f 2369/2997 2470/2910 2468/2911 2363/2994
f 2366/2998 2469/2909 2470/2910 2369/2997
f 2886/2995 2904/2908 2469/2909 2366/2998
f 2363/2994 2468/2911 2905/2971 2887/2993
f 2365/2996 2466/2940 2904/2908 2886/2995
f 2887/2993 2905/2971 2472/2972 2364/2951
f 2367/2999 2465/2937 2466/2940 2365/2996
f 2471/2977 2368/2952 2364/2951 2472/2972
f 2465/3562 2367/3550 3053/3023 3061/3035
f 3060/2945 3038/2946 2368/2947 2471/2948
f 3061/3035 3053/3023 2445/2913 2474/2912
f 2473/3013 2430/3012 3038/2946 3060/2945
f 2474/2912 2445/2913 2370/2914 2467/2915
f 2467/2915 2370/2914 2430/3012 2473/3013
f 2561/3299 2662/3212 2660/3213 2555/3296
f 2558/3300 2661/3211 2662/3212 2561/3299
f 2925/3297 2943/3210 2661/3211 2558/3300
f 2555/3296 2660/3213 2944/3273 2926/3295
f 2557/3298 2658/3242 2943/3210 2925/3297
f 2926/3295 2944/3273 2664/3274 2556/3253
f 2559/3301 2657/3239 2658/3242 2557/3298
f 2663/3279 2560/3254 2556/3253 2664/3274
f 2657/3239 2559/3301 3092/3326 3100/3339
f 3099/3247 3077/3248 2560/3249 2663/3250
f 3100/3339 3092/3326 2637/3215 2666/3214
f 2665/3316 2622/3315 3077/3248 3099/3247
f 2666/3214 2637/3215 2562/3216 2659/3217
f 2659/3217 2562/3216 2622/3315 2665/3316
f 2776/3490 2761/3491 2681/3492 2768/3493
f 2761/3491 2776/3490 2770/3501 2684/3424
f 2749/3496 2775/3497 2768/3493 2681/3492
f 2684/3424 2770/3501 2772/3498 2686/3423
f 2775/3497 2749/3496 2683/3395 2769/3499
f 2686/3423 2772/3498 2771/3494 2685/3414
f 2769/3499 2683/3395 2687/3397 2773/3500
f 2685/3414 2771/3494 2767/3495 2682/3415
f 2689/3416 2774/3502 2773/3500 2687/3397
f 2682/3415 2767/3495 2774/3502 2689/3416
f 7627/8743 7625/8740 7726/8682 7725/8681
f 7725/8681 8168/8781 8160/8768 7627/8743
f 7625/8740 7993/8739 8011/8652 7726/8682
f 8168/8781 7734/8656 7705/8659 8160/8768
f 7993/8739 7626/8742 7729/8653 8011/8652
f 7734/8656 7727/8657 7630/8658 7705/8659
f 7626/8742 7629/8741 7730/8654 7729/8653
f 7727/8657 7733/8757 7690/8758 7630/8658
f 7629/8741 7623/8738 7728/8655 7730/8654
f 7733/8757 8167/8689 8145/8692 7690/8758
f 7623/8738 7994/8737 8012/8715 7728/8655
f 8167/8689 7731/8690 7628/8691 8145/8692
f 7994/8737 7624/8695 7732/8716 8012/8715
f 7731/8721 7732/8716 7624/8695 7628/8694
f 7954/8437 7434/8440 7537/8351 7972/8350
f 7433/8438 7954/8437 7972/8350 7534/8380
f 7435/8441 7433/8438 7534/8380 7533/8379
f 7434/8440 7437/8439 7538/8352 7537/8351
f 7533/9004 8129/8477 8121/8465 7435/8992
f 7437/8439 7431/8436 7536/8353 7538/8352
f 8129/8477 7542/8354 7513/8357 8121/8465
f 7431/8436 7955/8435 7973/8413 7536/8353
f 7542/8354 7535/8355 7438/8356 7513/8357
f 7955/8435 7432/8393 7540/8414 7973/8413
f 7535/8355 7541/8454 7498/8455 7438/8356
f 7539/8419 7540/8414 7432/8393 7436/8392
f 7541/8454 8128/8387 8106/8390 7498/8455
f 8128/8387 7539/8388 7436/8389 8106/8390
f 7915/8137 7242/8140 7345/8051 7933/8050
f 7241/8138 7915/8137 7933/8050 7342/8080
f 7243/8141 7241/8138 7342/8080 7341/8079
f 7242/8140 7245/8139 7346/8052 7345/8051
f 7341/8986 8090/8177 8082/8165 7243/8974
f 7245/8139 7239/8136 7344/8053 7346/8052
f 8090/8177 7350/8054 7321/8057 8082/8165
f 7239/8136 7916/8135 7934/8113 7344/8053
f 7350/8054 7343/8055 7246/8056 7321/8057
f 7916/8135 7240/8093 7348/8114 7934/8113
f 7343/8055 7349/8154 7306/8155 7246/8056
f 7347/8119 7348/8114 7240/8093 7244/8092
f 7349/8154 8089/8087 8067/8090 7306/8155
f 8089/8087 7347/8088 7244/8089 8067/8090
f 7844/8932 7836/8933 7749/8934 7829/8935
f 7829/8935 7752/8866 7838/8943 7844/8932
f 7817/8938 7749/8934 7836/8933 7843/8939
f 7752/8866 7754/8865 7840/8940 7838/8943
f 7843/8939 7837/8941 7751/8837 7817/8938
f 7754/8865 7753/8857 7839/8937 7840/8940
f 7837/8941 7841/8942 7755/8838 7751/8837
f 7753/8857 7750/8856 7835/8936 7839/8937
f 7757/8858 7755/8838 7841/8942 7842/8944
f 7750/8856 7757/8858 7842/8944 7835/8936
f 7877/7835 7048/7793 7156/7814 7895/7813
f 7047/7836 7877/7835 7895/7813 7152/7753
f 7053/7839 7047/7836 7152/7753 7154/7752
f 7155/7819 7156/7814 7048/7793 7052/7792
f 7050/7840 7053/7839 7154/7752 7153/7751
f 8050/7787 7155/7788 7052/7789 8028/7790
f 7876/7837 7050/7840 7153/7751 7894/7750
f 7157/7854 8050/7787 8028/7790 7114/7855
f 7049/7838 7876/7837 7894/7750 7150/7780
f 7151/7755 7157/7854 7114/7855 7054/7756
f 7051/7841 7049/7838 7150/7780 7149/7779
f 7158/7754 7151/7755 7054/7756 7129/7757
f 7149/8968 8051/7877 8043/7865 7051/8956
f 8051/7877 7158/7754 7129/7757 8043/7865
f 2278/2610 2148/2537 2154/2540 2276/2611
f 2277/2609 2151/2536 2148/2537 2278/2610
f 2276/2611 2154/2540 2846/2545 2866/2671
f 2865/2608 2851/2533 2151/2536 2277/2609
f 2274/2640 2152/2639 2851/2533 2865/2608
f 2866/2671 2846/2545 2153/2548 2280/2672
f 2273/2637 2150/2638 2152/2639 2274/2640
f 2149/2603 2279/2677 2280/2672 2153/2548
f 2150/3540 2273/3544 3022/2735 3015/2731
f 2995/2604 3021/2645 2279/2648 2149/2605
f 3015/2731 3022/2735 2282/2612 2255/2599
f 2234/2710 2281/2713 3021/2645 2995/2604
f 2255/2599 2282/2612 2275/2615 2147/2600
f 2147/2600 2275/2615 2281/2713 2234/2710
f 2081/2337 1958/2338 1960/2339 2082/2340
f 1958/3522 2081/3526 2983/2435 2976/2431
f 2082/2340 1960/2339 2812/2233 2826/2308
f 2976/2431 2983/2435 2090/2312 2063/2299
f 2826/2308 2812/2233 1959/2236 2085/2309
f 2063/2299 2090/2312 2083/2315 1955/2300
f 2085/2309 1959/2236 1956/2237 2086/2310
f 1955/2300 2083/2315 2089/2413 2042/2410
f 2086/2310 1956/2237 1962/2240 2084/2311
f 2042/2410 2089/2413 2982/2345 2956/2304
f 2084/2311 1962/2240 2807/2245 2827/2371
f 2956/2304 2982/2345 2087/2348 1957/2305
f 2827/2371 2807/2245 1961/2248 2088/2372
f 1957/2303 2087/2377 2088/2372 1961/2248
f 2470/2910 2340/2837 2346/2840 2468/2911
f 2469/2909 2343/2836 2340/2837 2470/2910
f 2468/2911 2346/2840 2885/2845 2905/2971
f 2904/2908 2890/2833 2343/2836 2469/2909
f 2466/2940 2344/2939 2890/2833 2904/2908
f 2905/2971 2885/2845 2345/2848 2472/2972
f 2465/2937 2342/2938 2344/2939 2466/2940
f 2341/2903 2471/2977 2472/2972 2345/2848
f 2342/3558 2465/3562 3061/3035 3054/3031
f 3034/2904 3060/2945 2471/2948 2341/2905
f 3054/3031 3061/3035 2474/2912 2447/2899
f 2426/3010 2473/3013 3060/2945 3034/2904
f 2447/2899 2474/2912 2467/2915 2339/2900
f 2339/2900 2467/2915 2473/3013 2426/3010
f 2662/3212 2532/3137 2538/3140 2660/3213
f 2661/3211 2535/3136 2532/3137 2662/3212
f 2660/3213 2538/3140 2924/3145 2944/3273
f 2943/3210 2929/3133 2535/3136 2661/3211
f 2658/3242 2536/3241 2929/3133 2943/3210
f 2944/3273 2924/3145 2537/3148 2664/3274
f 2657/3239 2534/3240 2536/3241 2658/3242
f 2533/3205 2663/3279 2664/3274 2537/3148
f 2534/3240 2657/3239 3100/3339 3093/3334
f 3073/3206 3099/3247 2663/3250 2533/3207
f 3093/3334 3100/3339 2666/3214 2639/3201
f 2618/3313 2665/3316 3099/3247 3073/3206
f 2639/3201 2666/3214 2659/3217 2531/3202
f 2531/3202 2659/3217 2665/3316 2618/3313
f 2776/3490 2768/3493 2778/3503 2770/3501
f 2775/3497 2769/3499 2778/3503 2768/3493
f 2778/3503 2777/3504 2772/3498 2770/3501
f 2777/3504 2767/3495 2771/3494 2772/3498
f 2769/3499 2773/3500 2777/3504 2778/3503
f 2767/3495 2777/3504 2773/3500 2774/3502
f 7725/8681 7726/8682 7604/8683 7602/8684
f 7726/8682 8011/8652 7997/8575 7604/8683
f 7602/8684 8161/8776 8168/8781 7725/8681
f 8161/8776 7707/8645 7734/8656 8168/8781
f 8011/8652 7729/8653 7603/8576 7997/8575
f 7707/8645 7599/8644 7727/8657 7734/8656
f 7729/8653 7730/8654 7600/8579 7603/8576
f 7599/8644 7686/8755 7733/8757 7727/8657
f 7730/8654 7728/8655 7606/8580 7600/8579
f 7686/8755 8141/8649 8167/8689 7733/8757
f 7728/8655 8012/8715 7992/8587 7606/8580
f 8141/8649 7601/8648 7731/8690 8167/8689
f 8012/8715 7732/8716 7605/8588 7992/8587
f 7601/8647 7605/8588 7732/8716 7731/8721
f 7972/8350 7537/8351 7411/8276 7958/8275
f 7537/8351 7538/8352 7408/8279 7411/8276
f 7534/8380 7972/8350 7958/8275 7412/8381
f 7533/8379 7534/8380 7412/8381 7410/8382
f 7410/9000 8122/8473 8129/8477 7533/9004
f 7538/8352 7536/8353 7414/8280 7408/8279
f 8122/8473 7515/8343 7542/8354 8129/8477
f 7536/8353 7973/8413 7953/8287 7414/8280
f 7515/8343 7407/8342 7535/8355 7542/8354
f 7973/8413 7540/8414 7413/8288 7953/8287
f 7407/8342 7494/8452 7541/8454 7535/8355
f 7409/8345 7413/8288 7540/8414 7539/8419
f 7494/8452 8102/8347 8128/8387 7541/8454
f 8102/8347 7409/8346 7539/8388 8128/8387
f 7933/8050 7345/8051 7219/7976 7919/7975
f 7345/8051 7346/8052 7216/7979 7219/7976
f 7342/8080 7933/8050 7919/7975 7220/8081
f 7341/8079 7342/8080 7220/8081 7218/8082
f 7218/8982 8083/8173 8090/8177 7341/8986
f 7346/8052 7344/8053 7222/7980 7216/7979
f 8083/8173 7323/8043 7350/8054 8090/8177
f 7344/8053 7934/8113 7914/7987 7222/7980
f 7323/8043 7215/8042 7343/8055 7350/8054
f 7934/8113 7348/8114 7221/7988 7914/7987
f 7215/8042 7302/8152 7349/8154 7343/8055
f 7217/8045 7221/7988 7348/8114 7347/8119
f 7302/8152 8063/8047 8089/8087 7349/8154
f 8063/8047 7217/8046 7347/8088 8089/8087
f 7844/8932 7838/8943 7846/8945 7836/8933
f 7843/8939 7836/8933 7846/8945 7837/8941
f 7846/8945 7838/8943 7840/8940 7845/8946
f 7845/8946 7840/8940 7839/8937 7835/8936
f 7837/8941 7846/8945 7845/8946 7841/8942
f 7835/8936 7842/8944 7841/8942 7845/8946
f 7895/7813 7156/7814 7029/7688 7875/7687
f 7025/7745 7029/7688 7156/7814 7155/7819
f 7152/7753 7895/7813 7875/7687 7030/7680
f 7154/7752 7152/7753 7030/7680 7024/7679
f 7153/7751 7154/7752 7024/7679 7027/7676
f 8024/7747 7025/7746 7155/7788 8050/7787
f 7894/7750 7153/7751 7027/7676 7880/7675
f 7110/7852 8024/7747 8050/7787 7157/7854
f 7150/7780 7894/7750 7880/7675 7028/7781
f 7023/7742 7110/7852 7157/7854 7151/7755
f 7149/7779 7150/7780 7028/7781 7026/7782
f 7131/7743 7023/7742 7151/7755 7158/7754
f 7026/8964 8044/7873 8051/7877 7149/8968
f 8044/7873 7131/7743 7158/7754 8051/7877
f 2148/2537 2224/2538 2225/2539 2154/2540
f 2151/2536 2221/2535 2224/2538 2148/2537
f 2154/2540 2225/2539 2861/2546 2846/2545
f 2851/2533 2860/2534 2221/2535 2151/2536
f 2846/2545 2861/2546 2226/2547 2153/2548
f 2152/2639 2223/2607 2860/2534 2851/2533
f 2150/2638 2222/2606 2223/2607 2152/2639
f 2220/2602 2149/2603 2153/2548 2226/2547
f 2222/3539 2150/3540 3015/2731 3004/2730
f 3006/2542 2995/2604 2149/2605 2220/2543
f 3004/2730 3015/2731 2255/2599 2248/2598
f 2243/2706 2234/2710 2995/2604 3006/2542
f 2248/2598 2255/2599 2147/2600 2219/2601
f 2219/2601 2147/2600 2234/2710 2243/2706
f 1958/2338 2030/2306 2031/2307 1960/2339
f 2030/3521 1958/3522 2976/2431 2965/2430
f 1960/2339 2031/2307 2821/2234 2812/2233
f 2965/2430 2976/2431 2063/2299 2056/2298
f 2812/2233 2821/2234 2029/2235 1959/2236
f 2056/2298 2063/2299 1955/2300 2027/2301
f 1959/2236 2029/2235 2032/2238 1956/2237
f 2027/2301 1955/2300 2042/2410 2051/2406
f 1956/2237 2032/2238 2033/2239 1962/2240
f 2051/2406 2042/2410 2956/2304 2967/2242
f 1962/2240 2033/2239 2822/2246 2807/2245
f 2967/2242 2956/2304 1957/2305 2028/2243
f 2807/2245 2822/2246 2034/2247 1961/2248
f 2028/2302 1957/2303 1961/2248 2034/2247
f 2340/2837 2416/2838 2417/2839 2346/2840
f 2343/2836 2413/2835 2416/2838 2340/2837
f 2346/2840 2417/2839 2900/2846 2885/2845
f 2890/2833 2899/2834 2413/2835 2343/2836
f 2885/2845 2900/2846 2418/2847 2345/2848
f 2344/2939 2415/2907 2899/2834 2890/2833
f 2342/2938 2414/2906 2415/2907 2344/2939
f 2412/2902 2341/2903 2345/2848 2418/2847
f 2414/3557 2342/3558 3054/3031 3043/3030
f 3045/2842 3034/2904 2341/2905 2412/2843
f 3043/3030 3054/3031 2447/2899 2440/2898
f 2435/3006 2426/3010 3034/2904 3045/2842
f 2440/2898 2447/2899 2339/2900 2411/2901
f 2411/2901 2339/2900 2426/3010 2435/3006
f 2532/3137 2608/3138 2609/3139 2538/3140
f 2535/3136 2605/3135 2608/3138 2532/3137
f 2538/3140 2609/3139 2939/3146 2924/3145
f 2929/3133 2938/3134 2605/3135 2535/3136
f 2924/3145 2939/3146 2610/3147 2537/3148
f 2536/3241 2607/3209 2938/3134 2929/3133
f 2534/3240 2606/3208 2607/3209 2536/3241
f 2604/3204 2533/3205 2537/3148 2610/3147
f 2606/3208 2534/3240 3093/3334 3082/3333
f 3084/3142 3073/3206 2533/3207 2604/3143
f 3082/3333 3093/3334 2639/3201 2632/3200
f 2627/3308 2618/3313 3073/3206 3084/3142
f 2632/3200 2639/3201 2531/3202 2603/3203
f 2603/3203 2531/3202 2618/3313 2627/3308
f 7602/8684 7604/8683 7675/8651 7674/8650
f 7604/8683 7997/8575 8006/8578 7675/8651
f 7674/8650 8150/8775 8161/8776 7602/8684
f 7997/8575 7603/8576 7673/8577 8006/8578
f 8150/8775 7700/8642 7707/8645 8161/8776
f 7700/8642 7671/8643 7599/8644 7707/8645
f 7603/8576 7600/8579 7676/8582 7673/8577
f 7671/8643 7695/8751 7686/8755 7599/8644
f 7600/8579 7606/8580 7677/8581 7676/8582
f 7695/8751 8152/8586 8141/8649 7686/8755
f 7606/8580 7992/8587 8007/8590 7677/8581
f 8152/8586 7672/8585 7601/8648 8141/8649
f 7992/8587 7605/8588 7678/8589 8007/8590
f 7672/8646 7678/8589 7605/8588 7601/8647
f 7958/8275 7411/8276 7481/8277 7967/8278
f 7411/8276 7408/8279 7484/8282 7481/8277
f 7412/8381 7958/8275 7967/8278 7483/8349
f 7408/8279 7414/8280 7485/8281 7484/8282
f 7410/8382 7412/8381 7483/8349 7482/8348
f 7482/8999 8111/8472 8122/8473 7410/9000
f 8111/8472 7508/8340 7515/8343 8122/8473
f 7414/8280 7953/8287 7968/8290 7485/8281
f 7508/8340 7479/8341 7407/8342 7515/8343
f 7953/8287 7413/8288 7486/8289 7968/8290
f 7479/8341 7503/8449 7494/8452 7407/8342
f 7480/8344 7486/8289 7413/8288 7409/8345
f 7503/8449 8113/8286 8102/8347 7494/8452
f 8113/8286 7480/8285 7409/8346 8102/8347
f 7919/7975 7219/7976 7289/7977 7928/7978
f 7219/7976 7216/7979 7292/7982 7289/7977
f 7220/8081 7919/7975 7928/7978 7291/8049
f 7216/7979 7222/7980 7293/7981 7292/7982
f 7218/8082 7220/8081 7291/8049 7290/8048
f 7290/8981 8072/8172 8083/8173 7218/8982
f 8072/8172 7316/8040 7323/8043 8083/8173
f 7222/7980 7914/7987 7929/7990 7293/7981
f 7316/8040 7287/8041 7215/8042 7323/8043
f 7914/7987 7221/7988 7294/7989 7929/7990
f 7287/8041 7311/8149 7302/8152 7215/8042
f 7288/8044 7294/7989 7221/7988 7217/8045
f 7311/8149 8074/7986 8063/8047 7302/8152
f 8074/7986 7288/7985 7217/8046 8063/8047
f 7875/7687 7029/7688 7102/7689 7890/7690
f 7096/7744 7102/7689 7029/7688 7025/7745
f 7030/7680 7875/7687 7890/7690 7101/7681
f 8035/7686 7096/7685 7025/7746 8024/7747
f 7024/7679 7030/7680 7101/7681 7100/7682
f 7027/7676 7024/7679 7100/7682 7097/7677
f 7880/7675 7027/7676 7097/7677 7889/7678
f 7119/7849 8035/7686 8024/7747 7110/7852
f 7028/7781 7880/7675 7889/7678 7099/7749
f 7095/7741 7119/7849 7110/7852 7023/7742
f 7026/7782 7028/7781 7099/7749 7098/7748
f 7124/7740 7095/7741 7023/7742 7131/7743
f 7098/8963 8033/7872 8044/7873 7026/8964
f 8033/7872 7124/7740 7131/7743 8044/7873
f 2221/2535 2142/2567 2145/2572 2224/2538
f 2224/2538 2145/2572 2139/2575 2225/2539
f 2225/2539 2139/2575 2841/2549 2861/2546
f 2860/2534 2840/2564 2142/2567 2221/2535
f 2861/2546 2841/2549 2140/2552 2226/2547
f 2223/2607 2141/2559 2840/2564 2860/2534
f 2144/2596 2220/2602 2226/2547 2140/2552
f 2222/2606 2143/2556 2141/2559 2223/2607
f 2143/3534 2222/3539 3004/2730 3013/2725
f 2994/2541 3006/2542 2220/2543 2144/2544
f 3013/2725 3004/2730 2248/2598 2250/2591
f 2233/2707 2243/2706 3006/2542 2994/2541
f 2250/2591 2248/2598 2219/2601 2146/2592
f 2146/2592 2219/2601 2243/2706 2233/2707
f 2030/2306 1951/2256 1949/2259 2031/2307
f 1951/3516 2030/3521 2965/2430 2974/2425
f 2031/2307 1949/2259 2801/2264 2821/2234
f 2974/2425 2965/2430 2056/2298 2058/2291
f 2821/2234 2801/2264 1950/2267 2029/2235
f 2058/2291 2056/2298 2027/2301 1954/2292
f 2029/2235 1950/2267 1953/2272 2032/2238
f 1954/2292 2027/2301 2051/2406 2041/2407
f 2032/2238 1953/2272 1947/2275 2033/2239
f 2041/2407 2051/2406 2967/2242 2955/2241
f 2033/2239 1947/2275 2802/2249 2822/2246
f 2955/2241 2967/2242 2028/2243 1952/2244
f 2822/2246 2802/2249 1948/2252 2034/2247
f 1952/2296 2028/2302 2034/2247 1948/2252
f 2413/2835 2334/2867 2337/2872 2416/2838
f 2416/2838 2337/2872 2331/2875 2417/2839
f 2417/2839 2331/2875 2880/2849 2900/2846
f 2899/2834 2879/2864 2334/2867 2413/2835
f 2900/2846 2880/2849 2332/2852 2418/2847
f 2415/2907 2333/2859 2879/2864 2899/2834
f 2336/2896 2412/2902 2418/2847 2332/2852
f 2414/2906 2335/2856 2333/2859 2415/2907
f 2335/3552 2414/3557 3043/3030 3052/3025
f 3033/2841 3045/2842 2412/2843 2336/2844
f 3052/3025 3043/3030 2440/2898 2442/2891
f 2425/3007 2435/3006 3045/2842 3033/2841
f 2442/2891 2440/2898 2411/2901 2338/2892
f 2338/2892 2411/2901 2435/3006 2425/3007
f 2605/3135 2526/3165 2529/3170 2608/3138
f 2608/3138 2529/3170 2523/3173 2609/3139
f 2609/3139 2523/3173 2919/3149 2939/3146
f 2938/3134 2918/3162 2526/3165 2605/3135
f 2939/3146 2919/3149 2524/3152 2610/3147
f 2607/3209 2525/3159 2918/3162 2938/3134
f 2528/3198 2604/3204 2610/3147 2524/3152
f 2606/3208 2527/3156 2525/3159 2607/3209
f 2527/3156 2606/3208 3082/3333 3091/3328
f 3072/3141 3084/3142 2604/3143 2528/3144
f 3091/3328 3082/3333 2632/3200 2634/3190
f 2617/3309 2627/3308 3084/3142 3072/3141
f 2634/3190 2632/3200 2603/3203 2530/3191
f 2530/3191 2603/3203 2627/3308 2617/3309
f 7674/8650 7675/8651 7593/8599 7595/8598
f 7675/8651 8006/8578 7986/8604 7593/8599
f 7595/8598 8159/8770 8150/8775 7674/8650
f 8006/8578 7673/8577 7594/8605 7986/8604
f 8159/8770 7702/8634 7700/8642 8150/8775
f 7673/8577 7676/8582 7597/8612 7594/8605
f 7702/8634 7598/8633 7671/8643 7700/8642
f 7598/8633 7685/8750 7695/8751 7671/8643
f 7676/8582 7677/8581 7591/8613 7597/8612
f 7685/8750 8140/8583 8152/8586 7695/8751
f 7677/8581 8007/8590 7987/8591 7591/8613
f 8140/8583 7596/8584 7672/8585 8152/8586
f 8007/8590 7678/8589 7592/8592 7987/8591
f 7596/8640 7592/8592 7678/8589 7672/8646
f 7967/8278 7481/8277 7402/8307 7947/8306
f 7481/8277 7484/8282 7405/8314 7402/8307
f 7483/8349 7967/8278 7947/8306 7401/8299
f 7484/8282 7485/8281 7399/8315 7405/8314
f 7482/8348 7483/8349 7401/8299 7403/8298
f 7485/8281 7968/8290 7948/8291 7399/8315
f 7403/8994 8120/8467 8111/8472 7482/8999
f 8120/8467 7510/8334 7508/8340 8111/8472
f 7510/8334 7406/8333 7479/8341 7508/8340
f 7968/8290 7486/8289 7400/8292 7948/8291
f 7406/8333 7493/8448 7503/8449 7479/8341
f 7404/8338 7400/8292 7486/8289 7480/8344
f 7493/8448 8101/8283 8113/8286 7503/8449
f 8101/8283 7404/8284 7480/8285 8113/8286
f 7928/7978 7289/7977 7210/8007 7908/8006
f 7289/7977 7292/7982 7213/8014 7210/8007
f 7291/8049 7928/7978 7908/8006 7209/7999
f 7292/7982 7293/7981 7207/8015 7213/8014
f 7290/8048 7291/8049 7209/7999 7211/7998
f 7293/7981 7929/7990 7909/7991 7207/8015
f 7211/8976 8081/8167 8072/8172 7290/8981
f 8081/8167 7318/8034 7316/8040 8072/8172
f 7318/8034 7214/8033 7287/8041 7316/8040
f 7929/7990 7294/7989 7208/7992 7909/7991
f 7214/8033 7301/8148 7311/8149 7287/8041
f 7212/8038 7208/7992 7294/7989 7288/8044
f 7301/8148 8062/7983 8074/7986 7311/8149
f 8062/7983 7212/7984 7288/7985 8074/7986
f 7890/7690 7102/7689 7016/7692 7870/7691
f 7020/7738 7016/7692 7102/7689 7096/7744
f 7101/7681 7890/7690 7870/7691 7015/7715
f 8023/7683 7020/7684 7096/7685 8035/7686
f 7100/7682 7101/7681 7015/7715 7021/7714
f 7109/7848 8023/7683 8035/7686 7119/7849
f 7097/7677 7100/7682 7021/7714 7018/7707
f 7889/7678 7097/7677 7018/7707 7869/7706
f 7099/7749 7889/7678 7869/7706 7017/7699
f 7022/7733 7109/7848 7119/7849 7095/7741
f 7098/7748 7099/7749 7017/7699 7019/7698
f 7126/7734 7022/7733 7095/7741 7124/7740
f 7019/8958 8042/7867 8033/7872 7098/8963
f 8042/7867 7126/7734 7124/7740 8033/7872
f 2840/2564 2837/2565 2121/2566 2142/2567
f 2142/2567 2121/2566 2122/2573 2145/2572
f 2145/2572 2122/2573 2116/2574 2139/2575
f 2139/2575 2116/2574 2836/2550 2841/2549
f 2841/2549 2836/2550 2115/2551 2140/2552
f 2141/2559 2118/2558 2837/2565 2840/2564
f 2117/2554 2144/2596 2140/2552 2115/2551
f 2143/2556 2119/2557 2118/2558 2141/2559
f 3005/2561 2994/2541 2144/2544 2117/2562
f 2119/3533 2143/3534 3013/2725 2988/2724
f 2988/2724 3013/2725 2250/2591 2260/2569
f 2231/2708 2233/2707 2994/2541 3005/2561
f 2260/2569 2250/2591 2146/2592 2120/2570
f 2120/2570 2146/2592 2233/2707 2231/2708
f 1951/2256 1927/2257 1926/2258 1949/2259
f 1927/3515 1951/3516 2974/2425 2949/2424
f 1949/2259 1926/2258 2798/2265 2801/2264
f 2949/2424 2974/2425 2058/2291 2068/2269
f 2801/2264 2798/2265 1929/2266 1950/2267
f 2068/2269 2058/2291 1954/2292 1928/2270
f 1950/2267 1929/2266 1930/2273 1953/2272
f 1928/2270 1954/2292 2041/2407 2039/2408
f 1953/2272 1930/2273 1924/2274 1947/2275
f 2039/2408 2041/2407 2955/2241 2966/2261
f 1947/2275 1924/2274 2797/2250 2802/2249
f 2966/2261 2955/2241 1952/2244 1925/2262
f 2802/2249 2797/2250 1923/2251 1948/2252
f 1925/2254 1952/2296 1948/2252 1923/2251
f 2879/2864 2876/2865 2313/2866 2334/2867
f 2334/2867 2313/2866 2314/2873 2337/2872
f 2337/2872 2314/2873 2308/2874 2331/2875
f 2331/2875 2308/2874 2875/2850 2880/2849
f 2880/2849 2875/2850 2307/2851 2332/2852
f 2333/2859 2310/2858 2876/2865 2879/2864
f 2309/2854 2336/2896 2332/2852 2307/2851
f 2335/2856 2311/2857 2310/2858 2333/2859
f 3044/2861 3033/2841 2336/2844 2309/2862
f 2311/3551 2335/3552 3052/3025 3027/3024
f 3027/3024 3052/3025 2442/2891 2452/2869
f 2423/3008 2425/3007 3033/2841 3044/2861
f 2452/2869 2442/2891 2338/2892 2312/2870
f 2312/2870 2338/2892 2425/3007 2423/3008
f 2918/3162 2915/3163 2505/3164 2526/3165
f 2526/3165 2505/3164 2506/3171 2529/3170
f 2529/3170 2506/3171 2500/3172 2523/3173
f 2523/3173 2500/3172 2914/3150 2919/3149
f 2919/3149 2914/3150 2499/3151 2524/3152
f 2525/3159 2502/3158 2915/3163 2918/3162
f 2501/3154 2528/3198 2524/3152 2499/3151
f 2527/3156 2503/3157 2502/3158 2525/3159
f 3083/3194 3072/3141 2528/3144 2501/3195
f 2503/3157 2527/3156 3091/3328 3066/3327
f 3066/3327 3091/3328 2634/3190 2644/3189
f 2615/3312 2617/3309 3072/3141 3083/3194
f 2644/3189 2634/3190 2530/3191 2504/3192
f 2504/3192 2530/3191 2617/3309 2615/3312
f 7595/8598 7593/8599 7570/8600 7571/8601
f 7593/8599 7986/8604 7983/8607 7570/8600
f 7571/8601 8134/8769 8159/8770 7595/8598
f 7986/8604 7594/8605 7573/8606 7983/8607
f 8134/8769 7712/8631 7702/8634 8159/8770
f 7594/8605 7597/8612 7574/8615 7573/8606
f 7712/8631 7572/8632 7598/8633 7702/8634
f 7597/8612 7591/8613 7568/8614 7574/8615
f 7572/8632 7683/8754 7685/8750 7598/8633
f 7683/8754 8151/8636 8140/8583 7685/8750
f 7591/8613 7987/8591 7982/8594 7568/8614
f 8151/8636 7569/8637 7596/8584 8140/8583
f 7987/8591 7592/8592 7567/8593 7982/8594
f 7569/8597 7567/8593 7592/8592 7596/8640
f 7947/8306 7402/8307 7381/8308 7944/8309
f 7402/8307 7405/8314 7382/8317 7381/8308
f 7401/8299 7947/8306 7944/8309 7378/8300
f 7405/8314 7399/8315 7376/8316 7382/8317
f 7403/8298 7401/8299 7378/8300 7379/8301
f 7399/8315 7948/8291 7943/8294 7376/8316
f 7379/8993 8095/8466 8120/8467 7403/8994
f 7948/8291 7400/8292 7375/8293 7943/8294
f 8095/8466 7520/8313 7510/8334 8120/8467
f 7520/8313 7380/8312 7406/8333 7510/8334
f 7380/8312 7491/8451 7493/8448 7406/8333
f 7377/8297 7375/8293 7400/8292 7404/8338
f 7491/8451 8112/8305 8101/8283 7493/8448
f 8112/8305 7377/8304 7404/8284 8101/8283
f 7908/8006 7210/8007 7189/8008 7905/8009
f 7210/8007 7213/8014 7190/8017 7189/8008
f 7209/7999 7908/8006 7905/8009 7186/8000
f 7213/8014 7207/8015 7184/8016 7190/8017
f 7211/7998 7209/7999 7186/8000 7187/8001
f 7207/8015 7909/7991 7904/7994 7184/8016
f 7187/8975 8056/8166 8081/8167 7211/8976
f 7909/7991 7208/7992 7183/7993 7904/7994
f 8056/8166 7328/8013 7318/8034 8081/8167
f 7328/8013 7188/8012 7214/8033 7318/8034
f 7188/8012 7299/8151 7301/8148 7214/8033
f 7185/7997 7183/7993 7208/7992 7212/8038
f 7299/8151 8073/8005 8062/7983 7301/8148
f 8073/8005 7185/8004 7212/7984 8062/7983
f 7870/7691 7016/7692 6991/7693 7865/7694
f 6993/7697 6991/7693 7016/7692 7020/7738
f 7015/7715 7870/7691 7865/7694 6992/7716
f 8034/7705 6993/7704 7020/7684 8023/7683
f 7021/7714 7015/7715 6992/7716 6998/7717
f 7107/7851 8034/7705 8023/7683 7109/7848
f 7018/7707 7021/7714 6998/7717 6997/7708
f 6996/7712 7107/7851 7109/7848 7022/7733
f 7869/7706 7018/7707 6997/7708 7866/7709
f 7017/7699 7869/7706 7866/7709 6994/7700
f 7019/7698 7017/7699 6994/7700 6995/7701
f 7136/7713 6996/7712 7022/7733 7126/7734
f 6995/8957 8017/7866 8042/7867 7019/8958
f 8017/7866 7136/7713 7126/7734 8042/7867
f 2837/2565 2839/2593 2127/2576 2121/2566
f 2118/2558 2128/2595 2839/2593 2837/2565
f 2121/2566 2127/2576 2124/2577 2122/2573
f 2122/2573 2124/2577 2134/2578 2116/2574
f 2116/2574 2134/2578 2838/2597 2836/2550
f 2836/2550 2838/2597 2129/2555 2115/2551
f 2125/2553 2117/2554 2115/2551 2129/2555
f 2119/2557 2126/2594 2128/2595 2118/2558
f 2989/2560 3005/2561 2117/2562 2125/2563
f 2126/3543 2119/3533 2988/2724 3012/2734
f 2232/2709 2231/2708 3005/2561 2989/2560
f 3012/2734 2988/2724 2260/2569 2251/2568
f 2251/2568 2260/2569 2120/2570 2123/2571
f 2123/2571 2120/2570 2231/2708 2232/2709
f 1927/2257 1934/2294 1936/2295 1926/2258
f 1934/3525 1927/3515 2949/2424 2973/2434
f 1926/2258 1936/2295 2800/2293 2798/2265
f 2973/2434 2949/2424 2068/2269 2059/2268
f 2798/2265 2800/2293 1935/2276 1929/2266
f 2059/2268 2068/2269 1928/2270 1931/2271
f 1929/2266 1935/2276 1932/2277 1930/2273
f 1931/2271 1928/2270 2039/2408 2040/2409
f 1930/2273 1932/2277 1942/2278 1924/2274
f 2040/2409 2039/2408 2966/2261 2950/2260
f 1924/2274 1942/2278 2799/2297 2797/2250
f 2950/2260 2966/2261 1925/2262 1933/2263
f 2797/2250 2799/2297 1937/2255 1923/2251
f 1933/2253 1925/2254 1923/2251 1937/2255
f 2876/2865 2878/2893 2319/2876 2313/2866
f 2310/2858 2320/2895 2878/2893 2876/2865
f 2313/2866 2319/2876 2316/2877 2314/2873
f 2314/2873 2316/2877 2326/2878 2308/2874
f 2308/2874 2326/2878 2877/2897 2875/2850
f 2875/2850 2877/2897 2321/2855 2307/2851
f 2317/2853 2309/2854 2307/2851 2321/2855
f 2311/2857 2318/2894 2320/2895 2310/2858
f 3028/2860 3044/2861 2309/2862 2317/2863
f 2318/3561 2311/3551 3027/3024 3051/3034
f 2424/3009 2423/3008 3044/2861 3028/2860
f 3051/3034 3027/3024 2452/2869 2443/2868
f 2443/2868 2452/2869 2312/2870 2315/2871
f 2315/2871 2312/2870 2423/3008 2424/3009
f 2915/3163 2917/3193 2511/3174 2505/3164
f 2502/3158 2512/3197 2917/3193 2915/3163
f 2505/3164 2511/3174 2508/3175 2506/3171
f 2506/3171 2508/3175 2518/3176 2500/3172
f 2500/3172 2518/3176 2916/3199 2914/3150
f 2914/3150 2916/3199 2513/3155 2499/3151
f 2509/3153 2501/3154 2499/3151 2513/3155
f 2503/3157 2510/3196 2512/3197 2502/3158
f 3067/3160 3083/3161 2501/3154 2509/3153
f 2510/3196 2503/3157 3066/3338 3090/3337
f 2616/3311 2615/3310 3083/3161 3067/3160
f 3090/3337 3066/3338 2644/3167 2635/3166
f 2635/3166 2644/3167 2504/3168 2507/3169
f 2507/3169 2504/3168 2615/3310 2616/3311
f 7571/8601 7570/8600 7580/8638 7578/8639
f 7570/8600 7983/8607 7985/8635 7580/8638
f 7578/8639 8158/8779 8134/8780 7571/8601
f 7983/8607 7573/8606 7579/8617 7985/8635
f 8158/8779 7703/8608 7712/8611 8134/8780
f 7573/8606 7574/8615 7576/8616 7579/8617
f 7703/8608 7575/8609 7572/8610 7712/8611
f 7574/8615 7568/8614 7586/8618 7576/8616
f 7575/8609 7684/8752 7683/8753 7572/8610
f 7568/8614 7982/8594 7984/8641 7586/8618
f 7684/8752 8135/8602 8151/8603 7683/8753
f 8135/8602 7577/8595 7569/8597 8151/8603
f 7982/8594 7567/8593 7581/8596 7984/8641
f 7577/8595 7581/8596 7567/8593 7569/8597
f 7381/8308 7382/8317 7384/8318 7387/8319
f 7944/8309 7381/8308 7387/8319 7946/8335
f 7378/8300 7944/8309 7946/8335 7388/8336
f 7382/8317 7376/8316 7394/8320 7384/8318
f 7379/8301 7378/8300 7388/8336 7386/8337
f 7376/8316 7943/8294 7945/8339 7394/8320
f 7386/9003 8119/8476 8095/8466 7379/8993
f 7943/8294 7375/8293 7389/8296 7945/8339
f 8119/8476 7511/8310 7520/8313 8095/8466
f 7385/8295 7389/8296 7375/8293 7377/8297
f 7511/8310 7383/8311 7380/8312 7520/8313
f 7383/8311 7492/8450 7491/8451 7380/8312
f 7492/8450 8096/8302 8112/8305 7491/8451
f 8096/8302 7385/8303 7377/8304 8112/8305
f 7189/8008 7190/8017 7192/8018 7195/8019
f 7905/8009 7189/8008 7195/8019 7907/8035
f 7186/8000 7905/8009 7907/8035 7196/8036
f 7190/8017 7184/8016 7202/8020 7192/8018
f 7187/8001 7186/8000 7196/8036 7194/8037
f 7184/8016 7904/7994 7906/8039 7202/8020
f 7194/8985 8080/8176 8056/8166 7187/8975
f 7904/7994 7183/7993 7197/7996 7906/8039
f 8080/8176 7319/8010 7328/8013 8056/8166
f 7193/7995 7197/7996 7183/7993 7185/7997
f 7319/8010 7191/8011 7188/8012 7328/8013
f 7191/8011 7300/8150 7299/8151 7188/8012
f 7300/8150 8057/8002 8073/8005 7299/8151
f 8057/8002 7193/8003 7185/8004 8073/8005
f 7001/7695 7005/7696 6991/7693 6993/7697
f 7865/7694 6991/7693 7005/7696 7867/7739
f 6992/7716 7865/7694 7867/7739 7010/7720
f 8018/7702 7001/7703 6993/7704 8034/7705
f 6998/7717 6992/7716 7010/7720 7000/7718
f 7108/7850 8018/7702 8034/7705 7107/7851
f 6997/7708 6998/7717 7000/7718 7003/7719
f 6999/7711 7108/7850 7107/7851 6996/7712
f 7866/7709 6997/7708 7003/7719 7868/7735
f 7127/7710 6999/7711 6996/7712 7136/7713
f 6994/7700 7866/7709 7868/7735 7004/7736
f 6995/7701 6994/7700 7004/7736 7002/7737
f 7002/8967 8041/7876 8017/7866 6995/8957
f 8041/7876 7127/7710 7136/7713 8017/7866
f 2839/2593 2862/2744 2265/2740 2127/2576
f 2128/2595 2266/2748 2862/2744 2839/2593
f 2127/2576 2265/2740 2261/2741 2124/2577
f 2126/2594 2264/2747 2266/2748 2128/2595
f 2124/2577 2261/2741 2268/2754 2134/2578
f 2134/2578 2268/2754 2863/2751 2838/2597
f 2838/2597 2863/2751 2267/2746 2129/2555
f 2263/2745 2125/2553 2129/2555 2267/2746
f 3018/2752 2989/2753 2125/2553 2263/2745
f 3012/2749 3019/2750 2264/2747 2126/2594
f 2269/2743 2232/2742 2989/2753 3018/2752
f 2251/2737 2270/2736 3019/2750 3012/2749
f 2232/2742 2269/2743 2262/2739 2123/2738
f 2270/2736 2251/2737 2123/2738 2262/2739
f 1934/2294 2072/2447 2074/2448 1936/2295
f 2973/2449 2980/2450 2072/2447 1934/2294
f 1936/2295 2074/2448 2823/2444 2800/2293
f 2059/2437 2078/2436 2980/2450 2973/2449
f 2800/2293 2823/2444 2073/2440 1935/2276
f 2078/2436 2059/2437 1931/2438 2070/2439
f 1935/2276 2073/2440 2069/2441 1932/2277
f 2040/2442 2077/2443 2070/2439 1931/2438
f 1932/2277 2069/2441 2076/2454 1942/2278
f 2077/2443 2040/2442 2950/2453 2979/2452
f 1942/2278 2076/2454 2824/2451 2799/2297
f 2979/2452 2950/2453 1933/2253 2071/2445
f 2799/2297 2824/2451 2075/2446 1937/2255
f 2071/2445 1933/2253 1937/2255 2075/2446
f 2878/2893 2901/3044 2457/3040 2319/2876
f 2320/2895 2458/3048 2901/3044 2878/2893
f 2319/2876 2457/3040 2453/3041 2316/2877
f 2318/2894 2456/3047 2458/3048 2320/2895
f 2316/2877 2453/3041 2460/3054 2326/2878
f 2326/2878 2460/3054 2902/3051 2877/2897
f 2877/2897 2902/3051 2459/3046 2321/2855
f 2455/3045 2317/2853 2321/2855 2459/3046
f 3057/3052 3028/3053 2317/2853 2455/3045
f 3051/3049 3058/3050 2456/3047 2318/2894
f 2461/3043 2424/3042 3028/3053 3057/3052
f 2443/3037 2462/3036 3058/3050 3051/3049
f 2424/3042 2461/3043 2454/3039 2315/3038
f 2462/3036 2443/3037 2315/3038 2454/3039
f 2917/3193 2940/3345 2649/3342 2511/3174
f 2512/3197 2650/3349 2940/3345 2917/3193
f 2511/3174 2649/3342 2645/3343 2508/3175
f 2510/3196 2648/3348 2650/3349 2512/3197
f 2508/3175 2645/3343 2652/3353 2518/3176
f 2518/3176 2652/3353 2941/3351 2916/3199
f 2916/3199 2941/3351 2651/3347 2513/3155
f 2647/3346 2509/3153 2513/3155 2651/3347
f 3096/3352 3067/3160 2509/3153 2647/3346
f 3090/3337 3097/3350 2648/3348 2510/3196
f 2653/3344 2616/3311 3067/3160 3096/3352
f 2635/3166 2654/3340 3097/3350 3090/3337
f 2616/3311 2653/3344 2646/3341 2507/3169
f 2654/3340 2635/3166 2507/3169 2646/3341
f 7578/8639 7580/8638 7718/8790 7716/8791
f 7580/8638 7985/8635 8008/8787 7718/8790
f 8158/8779 7578/8639 7716/8791 8165/8792
f 7985/8635 7579/8617 7717/8785 8008/8787
f 7703/8608 8158/8779 8165/8792 7722/8782
f 7579/8617 7576/8616 7713/8784 7717/8785
f 7722/8782 7714/8783 7575/8609 7703/8608
f 7576/8616 7586/8618 7720/8795 7713/8784
f 7684/8752 7575/8609 7714/8783 7721/8786
f 7586/8618 7984/8641 8009/8793 7720/8795
f 7721/8786 8164/8794 8135/8602 7684/8752
f 7984/8641 7581/8596 7719/8789 8009/8793
f 8164/8794 7715/8788 7577/8595 8135/8602
f 7715/8788 7719/8789 7581/8596 7577/8595
f 7387/8319 7384/8318 7521/8482 7525/8483
f 7384/8318 7394/8320 7528/8496 7521/8482
f 7946/8335 7387/8319 7525/8483 7969/8486
f 7388/8336 7946/8335 7969/8486 7526/8489
f 7386/8337 7388/8336 7526/8489 7524/8490
f 7394/8320 7945/8339 7970/8493 7528/8496
f 8119/8491 7386/8337 7524/8490 8126/8492
f 7945/8339 7389/8296 7527/8488 7970/8493
f 7511/8481 8119/8491 8126/8492 7530/8478
f 7523/8487 7527/8488 7389/8296 7385/8295
f 7530/8478 7522/8479 7383/8480 7511/8481
f 8125/8494 7523/8487 7385/8295 8096/8495
f 7492/8484 7383/8480 7522/8479 7529/8485
f 7529/8485 8125/8494 8096/8495 7492/8484
f 7195/8019 7192/8018 7329/8182 7333/8183
f 7192/8018 7202/8020 7336/8196 7329/8182
f 7907/8035 7195/8019 7333/8183 7930/8186
f 7196/8036 7907/8035 7930/8186 7334/8189
f 7194/8037 7196/8036 7334/8189 7332/8190
f 7202/8020 7906/8039 7931/8193 7336/8196
f 8080/8191 7194/8037 7332/8190 8087/8192
f 7906/8039 7197/7996 7335/8188 7931/8193
f 7319/8181 8080/8191 8087/8192 7338/8178
f 7331/8187 7335/8188 7197/7996 7193/7995
f 7338/8178 7330/8179 7191/8180 7319/8181
f 8086/8194 7331/8187 7193/7995 8057/8195
f 7300/8184 7191/8180 7330/8179 7337/8185
f 7337/8185 8086/8194 8057/8195 7300/8184
f 7139/7887 7143/7888 7005/7696 7001/7695
f 8047/7894 7139/7887 7001/7695 8018/7895
f 7867/7739 7005/7696 7143/7888 7892/7893
f 7010/7720 7867/7739 7892/7893 7144/7896
f 7000/7718 7010/7720 7144/7896 7137/7882
f 7145/7885 8047/7894 8018/7895 7108/7884
f 7003/7719 7000/7718 7137/7882 7141/7883
f 7108/7884 6999/7880 7138/7879 7145/7885
f 7868/7735 7003/7719 7141/7883 7891/7886
f 7146/7878 7138/7879 6999/7880 7127/7881
f 7004/7736 7868/7735 7891/7886 7142/7889
f 7127/7881 8041/7891 8048/7892 7146/7878
f 7002/7737 7004/7736 7142/7889 7140/7890
f 8041/7891 7002/7737 7140/7890 8048/7892
f 2864/2758 2261/2741 2265/2740 2862/2744
f 2271/2757 2864/2758 2862/2744 2266/2748
f 2272/2756 2271/2757 2266/2748 2264/2747
f 2261/2741 2864/2758 2863/2751 2268/2754
f 3019/2750 3020/2755 2272/2756 2264/2747
f 2864/2758 2271/2757 2267/2746 2863/2751
f 2263/2745 2267/2746 2271/2757 2272/2756
f 3018/2752 2263/2745 2272/2756 3020/2755
f 2269/2743 3018/2752 3020/2755 2262/2739
f 2270/2736 2262/2739 3020/2755 3019/2750
f 2980/2450 2981/2455 2080/2456 2072/2447
f 2080/2456 2079/2457 2074/2448 2072/2447
f 2079/2457 2825/2458 2823/2444 2074/2448
f 2078/2436 2070/2439 2981/2455 2980/2450
f 2825/2458 2069/2441 2073/2440 2823/2444
f 2077/2443 2979/2452 2981/2455 2070/2439
f 2069/2441 2825/2458 2824/2451 2076/2454
f 2979/2452 2071/2445 2080/2456 2981/2455
f 2825/2458 2079/2457 2075/2446 2824/2451
f 2071/2445 2075/2446 2079/2457 2080/2456
f 2903/3058 2453/3041 2457/3040 2901/3044
f 2463/3057 2903/3058 2901/3044 2458/3048
f 2464/3056 2463/3057 2458/3048 2456/3047
f 2453/3041 2903/3058 2902/3051 2460/3054
f 3058/3050 3059/3055 2464/3056 2456/3047
f 2903/3058 2463/3057 2459/3046 2902/3051
f 2455/3045 2459/3046 2463/3057 2464/3056
f 3057/3052 2455/3045 2464/3056 3059/3055
f 2461/3043 3057/3052 3059/3055 2454/3039
f 2462/3036 2454/3039 3059/3055 3058/3050
f 2942/3357 2645/3343 2649/3342 2940/3345
f 2655/3356 2942/3357 2940/3345 2650/3349
f 2656/3355 2655/3356 2650/3349 2648/3348
f 2645/3343 2942/3357 2941/3351 2652/3353
f 3097/3350 3098/3354 2656/3355 2648/3348
f 2942/3357 2655/3356 2651/3347 2941/3351
f 2647/3346 2651/3347 2655/3356 2656/3355
f 3096/3352 2647/3346 2656/3355 3098/3354
f 2653/3344 3096/3352 3098/3354 2646/3341
f 2654/3340 2646/3341 3098/3354 3097/3350
f 7724/8796 7716/8791 7718/8790 7723/8798
f 7723/8798 7718/8790 8008/8787 8010/8799
f 8165/8792 7716/8791 7724/8796 8166/8797
f 8010/8799 8008/8787 7717/8785 7713/8784
f 7722/8782 8165/8792 8166/8797 7714/8783
f 7713/8784 7720/8795 8009/8793 8010/8799
f 7721/8786 7714/8783 8166/8797 8164/8794
f 8010/8799 8009/8793 7719/8789 7723/8798
f 8164/8794 8166/8797 7724/8796 7715/8788
f 7715/8788 7724/8796 7723/8798 7719/8789
f 7971/8500 7969/8486 7525/8483 7521/8482
f 7521/8482 7528/8496 7970/8493 7971/8500
f 7531/8499 7526/8489 7969/8486 7971/8500
f 7532/8497 7524/8490 7526/8489 7531/8499
f 8126/8492 7524/8490 7532/8497 8127/8498
f 7971/8500 7970/8493 7527/8488 7531/8499
f 7530/8478 8126/8492 8127/8498 7522/8479
f 7523/8487 7532/8497 7531/8499 7527/8488
f 8125/8494 8127/8498 7532/8497 7523/8487
f 7529/8485 7522/8479 8127/8498 8125/8494
f 7932/8200 7930/8186 7333/8183 7329/8182
f 7329/8182 7336/8196 7931/8193 7932/8200
f 7339/8199 7334/8189 7930/8186 7932/8200
f 7340/8197 7332/8190 7334/8189 7339/8199
f 8087/8192 7332/8190 7340/8197 8088/8198
f 7932/8200 7931/8193 7335/8188 7339/8199
f 7338/8178 8087/8192 8088/8198 7330/8179
f 7331/8187 7340/8197 7339/8199 7335/8188
f 8086/8194 8088/8198 7340/8197 7331/8187
f 7337/8185 7330/8179 8088/8198 8086/8194
f 8047/7894 8049/7898 7148/7897 7139/7887
f 7139/7887 7148/7897 7147/7899 7143/7888
f 7893/7900 7892/7893 7143/7888 7147/7899
f 7145/7885 7138/7879 8049/7898 8047/7894
f 7137/7882 7144/7896 7892/7893 7893/7900
f 7893/7900 7891/7886 7141/7883 7137/7882
f 7146/7878 8048/7892 8049/7898 7138/7879
f 7147/7899 7142/7889 7891/7886 7893/7900
f 7148/7897 7140/7890 7142/7889 7147/7899
f 8048/7892 7140/7890 7148/7897 8049/7898
